from,to,fromName,toName,edgeWeight,edgeDirection,edgeType,fromOmic,toOmic
O95342,C13154,ABCB11,12-Dehydrocholic acid,NA,from_to,Enzyme–substrate/product,Protein,Metabolite
O15439,C13154,ABCC4,12-Dehydrocholic acid,NA,from_to,Enzyme–substrate/product,Protein,Metabolite
O15438,C13154,ABCC3,12-Dehydrocholic acid,NA,from_to,Enzyme–substrate/product,Protein,Metabolite
Q92887,C13154,ABCC2,12-Dehydrocholic acid,NA,from_to,Enzyme–substrate/product,Protein,Metabolite
Q86UW1,C13154,SLC51A,12-Dehydrocholic acid,NA,from_to,Enzyme–substrate/product,Protein,Metabolite
Q9Y6L6,C13154,SLCO1B1,12-Dehydrocholic acid,NA,from_to,Enzyme–substrate/product,Protein,Metabolite
Q9NPD5,C13154,SLCO1B3,12-Dehydrocholic acid,NA,from_to,Enzyme–substrate/product,Protein,Metabolite
Q86UW2,C13154,SLC51B,12-Dehydrocholic acid,NA,from_to,Enzyme–substrate/product,Protein,Metabolite
Q12908,C13154,SLC10A2,12-Dehydrocholic acid,NA,from_to,Enzyme–substrate/product,Protein,Metabolite
Q14973,C13154,SLC10A1,12-Dehydrocholic acid,NA,from_to,Enzyme–substrate/product,Protein,Metabolite
P20815,C13154,CYP3A5,12-Dehydrocholic acid,NA,from_to,Enzyme–substrate/product,Protein,Metabolite
P08684,C13154,CYP3A4,12-Dehydrocholic acid,NA,from_to,Enzyme–substrate/product,Protein,Metabolite
P15428,C13154,HPGD,12-Dehydrocholic acid,NA,from_to,Enzyme–substrate/product,Protein,Metabolite
Q9HAW9,C13154,UGT1A3,12-Dehydrocholic acid,NA,from_to,Enzyme–substrate/product,Protein,Metabolite
P35503,C13154,UGT1A3,12-Dehydrocholic acid,NA,from_to,Enzyme–substrate/product,Protein,Metabolite
P16662,C13154,UGT2B7,12-Dehydrocholic acid,NA,from_to,Enzyme–substrate/product,Protein,Metabolite
O60656,C13154,UGT1A9,12-Dehydrocholic acid,NA,from_to,Enzyme–substrate/product,Protein,Metabolite
P22310,C13154,UGT1A4,12-Dehydrocholic acid,NA,from_to,Enzyme–substrate/product,Protein,Metabolite
P06133,C13154,UGT2B4,12-Dehydrocholic acid,NA,from_to,Enzyme–substrate/product,Protein,Metabolite
P08686,C13154,CYP21A2,12-Dehydrocholic acid,NA,from_to,Enzyme–substrate/product,Protein,Metabolite
Q07973,C13154,CYP24A1,12-Dehydrocholic acid,NA,from_to,Enzyme–substrate/product,Protein,Metabolite
O15528,C13154,CYP27B1,12-Dehydrocholic acid,NA,from_to,Enzyme–substrate/product,Protein,Metabolite
Q6ZMR3,C13154,LDHAL6A,12-Dehydrocholic acid,NA,from_to,Enzyme–substrate/product,Protein,Metabolite
P07864,C13154,LDHC,12-Dehydrocholic acid,NA,from_to,Enzyme–substrate/product,Protein,Metabolite
Q9BYZ2,C13154,LDHAL6B,12-Dehydrocholic acid,NA,from_to,Enzyme–substrate/product,Protein,Metabolite
P07195,C13154,LDHB,12-Dehydrocholic acid,NA,from_to,Enzyme–substrate/product,Protein,Metabolite
P00338,C13154,LDHA,12-Dehydrocholic acid,NA,from_to,Enzyme–substrate/product,Protein,Metabolite
Q8IX04,C13154,UEVLD,12-Dehydrocholic acid,NA,from_to,Enzyme–substrate/product,Protein,Metabolite
P08183,C13154,ABCB1,12-Dehydrocholic acid,NA,from_to,Enzyme–substrate/product,Protein,Metabolite
P10632,C13154,CYP2C8,12-Dehydrocholic acid,NA,from_to,Enzyme–substrate/product,Protein,Metabolite
Q15166,C13154,PON3,12-Dehydrocholic acid,NA,from_to,Enzyme–substrate/product,Protein,Metabolite
O94956,C13154,SLCO2B1,12-Dehydrocholic acid,NA,from_to,Enzyme–substrate/product,Protein,Metabolite
Q8TCC7,C13154,SLC22A8,12-Dehydrocholic acid,NA,from_to,Enzyme–substrate/product,Protein,Metabolite
P24752,C13154,ACAT1,12-Dehydrocholic acid,NA,from_to,Enzyme–substrate/product,Protein,Metabolite
P14550,C13154,AKR1A1,12-Dehydrocholic acid,NA,from_to,Enzyme–substrate/product,Protein,Metabolite
P10635,C13154,CYP2D6,12-Dehydrocholic acid,NA,from_to,Enzyme–substrate/product,Protein,Metabolite
Q15067,C13154,ACOX1,12-Dehydrocholic acid,NA,from_to,Enzyme–substrate/product,Protein,Metabolite
Q13011,C13154,ECH1,12-Dehydrocholic acid,NA,from_to,Enzyme–substrate/product,Protein,Metabolite
Q08426,C13154,EHHADH,12-Dehydrocholic acid,NA,from_to,Enzyme–substrate/product,Protein,Metabolite
P55084,C13154,HADHB,12-Dehydrocholic acid,NA,from_to,Enzyme–substrate/product,Protein,Metabolite
P49748,C13154,ACADVL,12-Dehydrocholic acid,NA,from_to,Enzyme–substrate/product,Protein,Metabolite
P40939,C13154,HADHA,12-Dehydrocholic acid,NA,from_to,Enzyme–substrate/product,Protein,Metabolite
P51659,C13154,HSD17B4,12-Dehydrocholic acid,NA,from_to,Enzyme–substrate/product,Protein,Metabolite
P09110,C13154,ACAA1,12-Dehydrocholic acid,NA,from_to,Enzyme–substrate/product,Protein,Metabolite
Q9UNQ0,C13154,ABCG2,12-Dehydrocholic acid,NA,from_to,Enzyme–substrate/product,Protein,Metabolite
Q08477,C13154,CYP4F3,12-Dehydrocholic acid,NA,from_to,Enzyme–substrate/product,Protein,Metabolite
P78329,C13154,CYP4F2,12-Dehydrocholic acid,NA,from_to,Enzyme–substrate/product,Protein,Metabolite
P27338,C13154,MAOB,12-Dehydrocholic acid,NA,from_to,Enzyme–substrate/product,Protein,Metabolite
P21397,C13154,MAOA,12-Dehydrocholic acid,NA,from_to,Enzyme–substrate/product,Protein,Metabolite
P11117,C13154,ACP2,12-Dehydrocholic acid,NA,from_to,Enzyme–substrate/product,Protein,Metabolite
P13686,C13154,ACP5,12-Dehydrocholic acid,NA,from_to,Enzyme–substrate/product,Protein,Metabolite
Q9NPH0,C13154,ACP6,12-Dehydrocholic acid,NA,from_to,Enzyme–substrate/product,Protein,Metabolite
P15309,C13154,ACPP,12-Dehydrocholic acid,NA,from_to,Enzyme–substrate/product,Protein,Metabolite
P05181,C13154,CYP? 20.00,12-Dehydrocholic acid,NA,from_to,Enzyme–substrate/product,Protein,Metabolite
P11509,C13154,CYP2A6,12-Dehydrocholic acid,NA,from_to,Enzyme–substrate/product,Protein,Metabolite
P20853,C13154,CYP2A6,12-Dehydrocholic acid,NA,from_to,Enzyme–substrate/product,Protein,Metabolite
P50224,C13154,SULT1A3,12-Dehydrocholic acid,NA,from_to,Enzyme–substrate/product,Protein,Metabolite
P50225,C13154,SULT1A1,12-Dehydrocholic acid,NA,from_to,Enzyme–substrate/product,Protein,Metabolite
P50226,C13154,SULT1A2,12-Dehydrocholic acid,NA,from_to,Enzyme–substrate/product,Protein,Metabolite
Q9HBJ8,C13154,TMEM27,12-Dehydrocholic acid,NA,from_to,Enzyme–substrate/product,Protein,Metabolite
Q9NP91,C13154,SLC6A20,12-Dehydrocholic acid,NA,from_to,Enzyme–substrate/product,Protein,Metabolite
P33527,C13154,ABCC1,12-Dehydrocholic acid,NA,from_to,Enzyme–substrate/product,Protein,Metabolite
Q06520,C13154,SULT2A1,12-Dehydrocholic acid,NA,from_to,Enzyme–substrate/product,Protein,Metabolite
P49753,C13154,ACOT2,12-Dehydrocholic acid,NA,from_to,Enzyme–substrate/product,Protein,Metabolite
O00154,C13154,ACOT7,12-Dehydrocholic acid,NA,from_to,Enzyme–substrate/product,Protein,Metabolite
Q9NPJ3,C13154,ACOT13,12-Dehydrocholic acid,NA,from_to,Enzyme–substrate/product,Protein,Metabolite
O14734,C13154,ACOT8,12-Dehydrocholic acid,NA,from_to,Enzyme–substrate/product,Protein,Metabolite
P25874,C13154,UCP1,12-Dehydrocholic acid,NA,from_to,Enzyme–substrate/product,Protein,Metabolite
P02730,C13154,SLC4A1,12-Dehydrocholic acid,NA,from_to,Enzyme–substrate/product,Protein,Metabolite
P11712,C13154,CYP2C9,12-Dehydrocholic acid,NA,from_to,Enzyme–substrate/product,Protein,Metabolite
P33261,C13154,CYP2C19,12-Dehydrocholic acid,NA,from_to,Enzyme–substrate/product,Protein,Metabolite
Q96J66,C13154,ABCC11,12-Dehydrocholic acid,NA,from_to,Enzyme–substrate/product,Protein,Metabolite
Q9NPC4,C13154,A4GALT,12-Dehydrocholic acid,NA,from_to,Enzyme–substrate/product,Protein,Metabolite
Q9UNA3,C13154,A4GNT,12-Dehydrocholic acid,NA,from_to,Enzyme–substrate/product,Protein,Metabolite
P16442,C13154,ABO,12-Dehydrocholic acid,NA,from_to,Enzyme–substrate/product,Protein,Metabolite
Q8TDN7,C13154,ACER1,12-Dehydrocholic acid,NA,from_to,Enzyme–substrate/product,Protein,Metabolite
Q9NUN7,C13154,ACER3,12-Dehydrocholic acid,NA,from_to,Enzyme–substrate/product,Protein,Metabolite
Q5QJU3,C13154,ACER2,12-Dehydrocholic acid,NA,from_to,Enzyme–substrate/product,Protein,Metabolite
P22309,C13154,UGT1A8,12-Dehydrocholic acid,NA,from_to,Enzyme–substrate/product,Protein,Metabolite
P19224,C13154,UGT1A6,12-Dehydrocholic acid,NA,from_to,Enzyme–substrate/product,Protein,Metabolite
Q9NR45,C13154,NANS,12-Dehydrocholic acid,NA,from_to,Enzyme–substrate/product,Protein,Metabolite
O76082,C13154,SLC22A5,12-Dehydrocholic acid,NA,from_to,Enzyme–substrate/product,Protein,Metabolite
O43772,C13154,SLC25A20,12-Dehydrocholic acid,NA,from_to,Enzyme–substrate/product,Protein,Metabolite
Q9UKG9,C13154,CROT,12-Dehydrocholic acid,NA,from_to,Enzyme–substrate/product,Protein,Metabolite
Q8TCG5,C13154,CPT1C,12-Dehydrocholic acid,NA,from_to,Enzyme–substrate/product,Protein,Metabolite
Q92523,C13154,CPT1B,12-Dehydrocholic acid,NA,from_to,Enzyme–substrate/product,Protein,Metabolite
P50416,C13154,CPT1A,12-Dehydrocholic acid,NA,from_to,Enzyme–substrate/product,Protein,Metabolite
P23786,C13154,CPT2,12-Dehydrocholic acid,NA,from_to,Enzyme–substrate/product,Protein,Metabolite
Q9NY97,C13154,B3GNT2,12-Dehydrocholic acid,NA,from_to,Enzyme–substrate/product,Protein,Metabolite
O43505,C13154,B3GNT1,12-Dehydrocholic acid,NA,from_to,Enzyme–substrate/product,Protein,Metabolite
Q7Z7M8,C13154,B3GNT8,12-Dehydrocholic acid,NA,from_to,Enzyme–substrate/product,Protein,Metabolite
Q9Y2A9,C13154,B3GNT3,12-Dehydrocholic acid,NA,from_to,Enzyme–substrate/product,Protein,Metabolite
Q67FW5,C13154,B3GNTL1,12-Dehydrocholic acid,NA,from_to,Enzyme–substrate/product,Protein,Metabolite
Q9C0J1,C13154,B3GNT4,12-Dehydrocholic acid,NA,from_to,Enzyme–substrate/product,Protein,Metabolite
Q8NFL0,C13154,B3GNT7,12-Dehydrocholic acid,NA,from_to,Enzyme–substrate/product,Protein,Metabolite
Q86UL3,C13154,AGPAT6,12-Dehydrocholic acid,NA,from_to,Enzyme–substrate/product,Protein,Metabolite
Q9NRZ7,C13154,AGPAT3,12-Dehydrocholic acid,NA,from_to,Enzyme–substrate/product,Protein,Metabolite
Q9NUQ2,C13154,AGPAT5,12-Dehydrocholic acid,NA,from_to,Enzyme–substrate/product,Protein,Metabolite
Q9NRZ5,C13154,AGPAT4,12-Dehydrocholic acid,NA,from_to,Enzyme–substrate/product,Protein,Metabolite
Q99943,C13154,AGPAT1,12-Dehydrocholic acid,NA,from_to,Enzyme–substrate/product,Protein,Metabolite
O15120,C13154,AGPAT2,12-Dehydrocholic acid,NA,from_to,Enzyme–substrate/product,Protein,Metabolite
Q6ZWT7,C13154,MBOAT2,12-Dehydrocholic acid,NA,from_to,Enzyme–substrate/product,Protein,Metabolite
O00116,C13154,AGPS,12-Dehydrocholic acid,NA,from_to,Enzyme–substrate/product,Protein,Metabolite
P06865,C13154,HEXA,12-Dehydrocholic acid,NA,from_to,Enzyme–substrate/product,Protein,Metabolite
P07686,C13154,HEXB,12-Dehydrocholic acid,NA,from_to,Enzyme–substrate/product,Protein,Metabolite
Q96KN2,C13154,CNDP1,12-Dehydrocholic acid,NA,from_to,Enzyme–substrate/product,Protein,Metabolite
Q96KP4,C13154,CNDP2,12-Dehydrocholic acid,NA,from_to,Enzyme–substrate/product,Protein,Metabolite
P46059,C13154,SLC15A1,12-Dehydrocholic acid,NA,from_to,Enzyme–substrate/product,Protein,Metabolite
Q16348,C13154,SLC15A2,12-Dehydrocholic acid,NA,from_to,Enzyme–substrate/product,Protein,Metabolite
Q9UN76,C13154,SLC6A14,12-Dehydrocholic acid,NA,from_to,Enzyme–substrate/product,Protein,Metabolite
Q96N87,C13154,SLC6A18,12-Dehydrocholic acid,NA,from_to,Enzyme–substrate/product,Protein,Metabolite
P51648,C13154,ALDH3A2,12-Dehydrocholic acid,NA,from_to,Enzyme–substrate/product,Protein,Metabolite
P49419,C13154,ALDH7A1,12-Dehydrocholic acid,NA,from_to,Enzyme–substrate/product,Protein,Metabolite
P49189,C13154,ALDH9A1,12-Dehydrocholic acid,NA,from_to,Enzyme–substrate/product,Protein,Metabolite
P30837,C13154,ALDH1B1,12-Dehydrocholic acid,NA,from_to,Enzyme–substrate/product,Protein,Metabolite
P05091,C13154,ALDH2,12-Dehydrocholic acid,NA,from_to,Enzyme–substrate/product,Protein,Metabolite
P47989,C13154,XDH,12-Dehydrocholic acid,NA,from_to,Enzyme–substrate/product,Protein,Metabolite
Q06278,C13154,AOX1,12-Dehydrocholic acid,NA,from_to,Enzyme–substrate/product,Protein,Metabolite
O75342,C13154,ALOX12B,12-Dehydrocholic acid,NA,from_to,Enzyme–substrate/product,Protein,Metabolite
P16050,C13154,ALOX15,12-Dehydrocholic acid,NA,from_to,Enzyme–substrate/product,Protein,Metabolite
O15296,C13154,ALOX15B,12-Dehydrocholic acid,NA,from_to,Enzyme–substrate/product,Protein,Metabolite
P04745,C13154,AMY1A,12-Dehydrocholic acid,NA,from_to,Enzyme–substrate/product,Protein,Metabolite
P82251,C13154,SLC7A9,12-Dehydrocholic acid,NA,from_to,Enzyme–substrate/product,Protein,Metabolite
P19961,C13154,AMY2B,12-Dehydrocholic acid,NA,from_to,Enzyme–substrate/product,Protein,Metabolite
Q07837,C13154,SLC3A1,12-Dehydrocholic acid,NA,from_to,Enzyme–substrate/product,Protein,Metabolite
P08195,C13154,SLC3A2,12-Dehydrocholic acid,NA,from_to,Enzyme–substrate/product,Protein,Metabolite
P04746,C13154,AMY2A,12-Dehydrocholic acid,NA,from_to,Enzyme–substrate/product,Protein,Metabolite
O14939,C13154,PLD2,12-Dehydrocholic acid,NA,from_to,Enzyme–substrate/product,Protein,Metabolite
Q13393,C13154,PLD1,12-Dehydrocholic acid,NA,from_to,Enzyme–substrate/product,Protein,Metabolite
P15289,C13154,ARSA,12-Dehydrocholic acid,NA,from_to,Enzyme–substrate/product,Protein,Metabolite
Q13510,C13154,ASAH1,12-Dehydrocholic acid,NA,from_to,Enzyme–substrate/product,Protein,Metabolite
P53985,C13154,SLC16A1,12-Dehydrocholic acid,NA,from_to,Enzyme–substrate/product,Protein,Metabolite
Q9HAW7,C13154,UGT1A1,12-Dehydrocholic acid,NA,from_to,Enzyme–substrate/product,Protein,Metabolite
Q9NTJ4,C13154,MAN2C1,12-Dehydrocholic acid,NA,from_to,Enzyme–substrate/product,Protein,Metabolite
O00754,C13154,MAN2B1,12-Dehydrocholic acid,NA,from_to,Enzyme–substrate/product,Protein,Metabolite
Q9BYG0,C13154,B3GNT5,12-Dehydrocholic acid,NA,from_to,Enzyme–substrate/product,Protein,Metabolite
Q14032,C13154,BAAT,12-Dehydrocholic acid,NA,from_to,Enzyme–substrate/product,Protein,Metabolite
P31641,C13154,SLC6A6,12-Dehydrocholic acid,NA,from_to,Enzyme–substrate/product,Protein,Metabolite
Q9BT22,C13154,ALG1,12-Dehydrocholic acid,NA,from_to,Enzyme–substrate/product,Protein,Metabolite
P48065,C13154,SLC6A12,12-Dehydrocholic acid,NA,from_to,Enzyme–substrate/product,Protein,Metabolite
P16278,C13154,GLB1,12-Dehydrocholic acid,NA,from_to,Enzyme–substrate/product,Protein,Metabolite
Q92521,C13154,PIGB,12-Dehydrocholic acid,NA,from_to,Enzyme–substrate/product,Protein,Metabolite
P50747,C13154,HLCS,12-Dehydrocholic acid,NA,from_to,Enzyme–substrate/product,Protein,Metabolite
O00462,C13154,MANBA,12-Dehydrocholic acid,NA,from_to,Enzyme–substrate/product,Protein,Metabolite
P07108,C13154,DBI,12-Dehydrocholic acid,NA,from_to,Enzyme–substrate/product,Protein,Metabolite
Q15738,C13154,NSDHL,12-Dehydrocholic acid,NA,from_to,Enzyme–substrate/product,Protein,Metabolite
Q15800,C13154,MSMO1,12-Dehydrocholic acid,NA,from_to,Enzyme–substrate/product,Protein,Metabolite
Q9Y4X1,C13154,UGT2A1,12-Dehydrocholic acid,NA,from_to,Enzyme–substrate/product,Protein,Metabolite
Q6UWM9,C13154,UGT2A3,12-Dehydrocholic acid,NA,from_to,Enzyme–substrate/product,Protein,Metabolite
O14735,C13154,CDIPT,12-Dehydrocholic acid,NA,from_to,Enzyme–substrate/product,Protein,Metabolite
O95674,C13154,CDS2,12-Dehydrocholic acid,NA,from_to,Enzyme–substrate/product,Protein,Metabolite
Q92903,C13154,CDS1,12-Dehydrocholic acid,NA,from_to,Enzyme–substrate/product,Protein,Metabolite
Q4U2R8,C13154,SLC22A6,12-Dehydrocholic acid,NA,from_to,Enzyme–substrate/product,Protein,Metabolite
Q9Y345,C13154,SLC6A5,12-Dehydrocholic acid,NA,from_to,Enzyme–substrate/product,Protein,Metabolite
Q6P1M0,C13154,SLC27A4,12-Dehydrocholic acid,NA,from_to,Enzyme–substrate/product,Protein,Metabolite
Q9Y2P5,C13154,SLC27A5,12-Dehydrocholic acid,NA,from_to,Enzyme–substrate/product,Protein,Metabolite
Q6PCB7,C13154,SLC27A1,12-Dehydrocholic acid,NA,from_to,Enzyme–substrate/product,Protein,Metabolite
Q5K4L6,C13154,SLC27A3,12-Dehydrocholic acid,NA,from_to,Enzyme–substrate/product,Protein,Metabolite
O14975,C13154,SLC27A2,12-Dehydrocholic acid,NA,from_to,Enzyme–substrate/product,Protein,Metabolite
Q9Y2P4,C13154,SLC27A6,12-Dehydrocholic acid,NA,from_to,Enzyme–substrate/product,Protein,Metabolite
Q7RTT9,C13154,SLC29A4,12-Dehydrocholic acid,NA,from_to,Enzyme–substrate/product,Protein,Metabolite
O15244,C13154,SLC22A2,12-Dehydrocholic acid,NA,from_to,Enzyme–substrate/product,Protein,Metabolite
Q15311,C13154,RALBP1,12-Dehydrocholic acid,NA,from_to,Enzyme–substrate/product,Protein,Metabolite
Q8WUD6,C13154,CHPT1,12-Dehydrocholic acid,NA,from_to,Enzyme–substrate/product,Protein,Metabolite
Q9Y6K0,C13154,CEPT1,12-Dehydrocholic acid,NA,from_to,Enzyme–substrate/product,Protein,Metabolite
Q8TCT0,C13154,CERK,12-Dehydrocholic acid,NA,from_to,Enzyme–substrate/product,Protein,Metabolite
Q9Y5P4,C13154,COL4A3BP,12-Dehydrocholic acid,NA,from_to,Enzyme–substrate/product,Protein,Metabolite
O95992,C13154,CH25H,12-Dehydrocholic acid,NA,from_to,Enzyme–substrate/product,Protein,Metabolite
P46721,C13154,SLCO1A2,12-Dehydrocholic acid,NA,from_to,Enzyme–substrate/product,Protein,Metabolite
P35610,C13154,SOAT1,12-Dehydrocholic acid,NA,from_to,Enzyme–substrate/product,Protein,Metabolite
O75908,C13154,SOAT2,12-Dehydrocholic acid,NA,from_to,Enzyme–substrate/product,Protein,Metabolite
P38571,C13154,LIPA,12-Dehydrocholic acid,NA,from_to,Enzyme–substrate/product,Protein,Metabolite
Q13231,C13154,CHIT1,12-Dehydrocholic acid,NA,from_to,Enzyme–substrate/product,Protein,Metabolite
Q9BZP6,C13154,CHIA,12-Dehydrocholic acid,NA,from_to,Enzyme–substrate/product,Protein,Metabolite
Q9H8J5,C13154,MANSC1,12-Dehydrocholic acid,NA,from_to,Enzyme–substrate/product,Protein,Metabolite
P13569,C13154,CFTR,12-Dehydrocholic acid,NA,from_to,Enzyme–substrate/product,Protein,Metabolite
O43511,C13154,SLC26A4,12-Dehydrocholic acid,NA,from_to,Enzyme–substrate/product,Protein,Metabolite
Q9BXS9,C13154,SLC26A6,12-Dehydrocholic acid,NA,from_to,Enzyme–substrate/product,Protein,Metabolite
Q9UJA2,C13154,CRLS1,12-Dehydrocholic acid,NA,from_to,Enzyme–substrate/product,Protein,Metabolite
O00748,C13154,CES2,12-Dehydrocholic acid,NA,from_to,Enzyme–substrate/product,Protein,Metabolite
Q9NZJ6,C13154,COQ3,12-Dehydrocholic acid,NA,from_to,Enzyme–substrate/product,Protein,Metabolite
Q9Y2Z9,C13154,COQ6,12-Dehydrocholic acid,NA,from_to,Enzyme–substrate/product,Protein,Metabolite
Q99807,C13154,COQ7,12-Dehydrocholic acid,NA,from_to,Enzyme–substrate/product,Protein,Metabolite
O95395,C13154,GCNT3,12-Dehydrocholic acid,NA,from_to,Enzyme–substrate/product,Protein,Metabolite
Q02742,C13154,GCNT1,12-Dehydrocholic acid,NA,from_to,Enzyme–substrate/product,Protein,Metabolite
Q9P109,C13154,GCNT4,12-Dehydrocholic acid,NA,from_to,Enzyme–substrate/product,Protein,Metabolite
P43155,C13154,CRAT,12-Dehydrocholic acid,NA,from_to,Enzyme–substrate/product,Protein,Metabolite
P08236,C13154,GUSB,12-Dehydrocholic acid,NA,from_to,Enzyme–substrate/product,Protein,Metabolite
P28161,C13154,GSTM2,12-Dehydrocholic acid,NA,from_to,Enzyme–substrate/product,Protein,Metabolite
Q86XP1,C13154,DGKH,12-Dehydrocholic acid,NA,from_to,Enzyme–substrate/product,Protein,Metabolite
Q16760,C13154,DGKD,12-Dehydrocholic acid,NA,from_to,Enzyme–substrate/product,Protein,Metabolite
P49619,C13154,DGKG,12-Dehydrocholic acid,NA,from_to,Enzyme–substrate/product,Protein,Metabolite
P52824,C13154,DGKQ,12-Dehydrocholic acid,NA,from_to,Enzyme–substrate/product,Protein,Metabolite
Q9Y6T7,C13154,DGKB,12-Dehydrocholic acid,NA,from_to,Enzyme–substrate/product,Protein,Metabolite
O75912,C13154,DGKI,12-Dehydrocholic acid,NA,from_to,Enzyme–substrate/product,Protein,Metabolite
P23743,C13154,DGKA,12-Dehydrocholic acid,NA,from_to,Enzyme–substrate/product,Protein,Metabolite
Q13574,C13154,DGKZ,12-Dehydrocholic acid,NA,from_to,Enzyme–substrate/product,Protein,Metabolite
P52429,C13154,DGKE,12-Dehydrocholic acid,NA,from_to,Enzyme–substrate/product,Protein,Metabolite
Q6QHC5,C13154,DEGS2,12-Dehydrocholic acid,NA,from_to,Enzyme–substrate/product,Protein,Metabolite
O95864,C13154,FADS2,12-Dehydrocholic acid,NA,from_to,Enzyme–substrate/product,Protein,Metabolite
O00767,C13154,SCD,12-Dehydrocholic acid,NA,from_to,Enzyme–substrate/product,Protein,Metabolite
O60427,C13154,FADS1,12-Dehydrocholic acid,NA,from_to,Enzyme–substrate/product,Protein,Metabolite
O75907,C13154,DGAT1,12-Dehydrocholic acid,NA,from_to,Enzyme–substrate/product,Protein,Metabolite
Q96PD7,C13154,DGAT2,12-Dehydrocholic acid,NA,from_to,Enzyme–substrate/product,Protein,Metabolite
O15228,C13154,GNPAT,12-Dehydrocholic acid,NA,from_to,Enzyme–substrate/product,Protein,Metabolite
O15121,C13154,DEGS1,12-Dehydrocholic acid,NA,from_to,Enzyme–substrate/product,Protein,Metabolite
P33897,C13154,ABCD1,12-Dehydrocholic acid,NA,from_to,Enzyme–substrate/product,Protein,Metabolite
Q9UBJ2,C13154,ABCD2,12-Dehydrocholic acid,NA,from_to,Enzyme–substrate/product,Protein,Metabolite
Q96GR2,C13154,ACSBG1,12-Dehydrocholic acid,NA,from_to,Enzyme–substrate/product,Protein,Metabolite
Q5FVE4,C13154,ACSBG2,12-Dehydrocholic acid,NA,from_to,Enzyme–substrate/product,Protein,Metabolite
P04843,C13154,RPN1,12-Dehydrocholic acid,NA,from_to,Enzyme–substrate/product,Protein,Metabolite
P04844,C13154,RPN2,12-Dehydrocholic acid,NA,from_to,Enzyme–substrate/product,Protein,Metabolite
P61803,C13154,DAD1,12-Dehydrocholic acid,NA,from_to,Enzyme–substrate/product,Protein,Metabolite
P39656,C13154,DDOST,12-Dehydrocholic acid,NA,from_to,Enzyme–substrate/product,Protein,Metabolite
Q86YN1,C13154,DOLPP1,12-Dehydrocholic acid,NA,from_to,Enzyme–substrate/product,Protein,Metabolite
Q9Y672,C13154,ALG6,12-Dehydrocholic acid,NA,from_to,Enzyme–substrate/product,Protein,Metabolite
Q9BVK2,C13154,ALG8,12-Dehydrocholic acid,NA,from_to,Enzyme–substrate/product,Protein,Metabolite
Q5BKT4,C13154,ALG10,12-Dehydrocholic acid,NA,from_to,Enzyme–substrate/product,Protein,Metabolite
Q5I7T1,C13154,ALG10,12-Dehydrocholic acid,NA,from_to,Enzyme–substrate/product,Protein,Metabolite
Q92685,C13154,ALG3,12-Dehydrocholic acid,NA,from_to,Enzyme–substrate/product,Protein,Metabolite
Q9BV10,C13154,ALG12,12-Dehydrocholic acid,NA,from_to,Enzyme–substrate/product,Protein,Metabolite
O60762,C13154,DPM1,12-Dehydrocholic acid,NA,from_to,Enzyme–substrate/product,Protein,Metabolite
Q9P2X0,C13154,DPM3,12-Dehydrocholic acid,NA,from_to,Enzyme–substrate/product,Protein,Metabolite
O94777,C13154,DPM2,12-Dehydrocholic acid,NA,from_to,Enzyme–substrate/product,Protein,Metabolite
Q86TX2,C13154,ACOT1,12-Dehydrocholic acid,NA,from_to,Enzyme–substrate/product,Protein,Metabolite
Q8WXI4,C13154,ACOT11,12-Dehydrocholic acid,NA,from_to,Enzyme–substrate/product,Protein,Metabolite
Q8NFI3,C13154,ENGASE,12-Dehydrocholic acid,NA,from_to,Enzyme–substrate/product,Protein,Metabolite
P13804,C13154,ETFA,12-Dehydrocholic acid,NA,from_to,Enzyme–substrate/product,Protein,Metabolite
P38117,C13154,ETFB,12-Dehydrocholic acid,NA,from_to,Enzyme–substrate/product,Protein,Metabolite
Q16134,C13154,ETFDH,12-Dehydrocholic acid,NA,from_to,Enzyme–substrate/product,Protein,Metabolite
Q9NV23,C13154,OLAH,12-Dehydrocholic acid,NA,from_to,Enzyme–substrate/product,Protein,Metabolite
O95573,C13154,ACSL3,12-Dehydrocholic acid,NA,from_to,Enzyme–substrate/product,Protein,Metabolite
P33121,C13154,ACSL1,12-Dehydrocholic acid,NA,from_to,Enzyme–substrate/product,Protein,Metabolite
O60488,C13154,ACSL4,12-Dehydrocholic acid,NA,from_to,Enzyme–substrate/product,Protein,Metabolite
Q9H5J4,C13154,ELOVL6,12-Dehydrocholic acid,NA,from_to,Enzyme–substrate/product,Protein,Metabolite
Q9GZR5,C13154,ELOVL4,12-Dehydrocholic acid,NA,from_to,Enzyme–substrate/product,Protein,Metabolite
Q9NYP7,C13154,ELOVL5,12-Dehydrocholic acid,NA,from_to,Enzyme–substrate/product,Protein,Metabolite
Q9NXB9,C13154,ELOVL2,12-Dehydrocholic acid,NA,from_to,Enzyme–substrate/product,Protein,Metabolite
Q02928,C13154,CYP4A11,12-Dehydrocholic acid,NA,from_to,Enzyme–substrate/product,Protein,Metabolite
Q5TCH4,C13154,CYP4A11,12-Dehydrocholic acid,NA,from_to,Enzyme–substrate/product,Protein,Metabolite
P11310,C13154,ACADM,12-Dehydrocholic acid,NA,from_to,Enzyme–substrate/product,Protein,Metabolite
P42126,C13154,ECI1,12-Dehydrocholic acid,NA,from_to,Enzyme–substrate/product,Protein,Metabolite
O75521,C13154,ECI2,12-Dehydrocholic acid,NA,from_to,Enzyme–substrate/product,Protein,Metabolite
Q16698,C13154,DECR1,12-Dehydrocholic acid,NA,from_to,Enzyme–substrate/product,Protein,Metabolite
Q9NUI1,C13154,DECR2,12-Dehydrocholic acid,NA,from_to,Enzyme–substrate/product,Protein,Metabolite
P42765,C13154,ACAA2,12-Dehydrocholic acid,NA,from_to,Enzyme–substrate/product,Protein,Metabolite
Q16836,C13154,HADH,12-Dehydrocholic acid,NA,from_to,Enzyme–substrate/product,Protein,Metabolite
P30084,C13154,ECHS1,12-Dehydrocholic acid,NA,from_to,Enzyme–substrate/product,Protein,Metabolite
O15254,C13154,ACOX3,12-Dehydrocholic acid,NA,from_to,Enzyme–substrate/product,Protein,Metabolite
P16219,C13154,ACADS,12-Dehydrocholic acid,NA,from_to,Enzyme–substrate/product,Protein,Metabolite
Q9UJ83,C13154,HACL1,12-Dehydrocholic acid,NA,from_to,Enzyme–substrate/product,Protein,Metabolite
Q9ULC5,C13154,ACSL5,12-Dehydrocholic acid,NA,from_to,Enzyme–substrate/product,Protein,Metabolite
P11766,C13154,ADH5,12-Dehydrocholic acid,NA,from_to,Enzyme–substrate/product,Protein,Metabolite
P09972,C13154,ALDOC,12-Dehydrocholic acid,NA,from_to,Enzyme–substrate/product,Protein,Metabolite
P04075,C13154,ALDOA,12-Dehydrocholic acid,NA,from_to,Enzyme–substrate/product,Protein,Metabolite
P05062,C13154,ALDOB,12-Dehydrocholic acid,NA,from_to,Enzyme–substrate/product,Protein,Metabolite
Q9Y694,C13154,SLC22A7,12-Dehydrocholic acid,NA,from_to,Enzyme–substrate/product,Protein,Metabolite
Q05932,C13154,FPGS,12-Dehydrocholic acid,NA,from_to,Enzyme–substrate/product,Protein,Metabolite
O95749,C13154,GGPS1,12-Dehydrocholic acid,NA,from_to,Enzyme–substrate/product,Protein,Metabolite
Q9BTY2,C13154,FUCA2,12-Dehydrocholic acid,NA,from_to,Enzyme–substrate/product,Protein,Metabolite
P04066,C13154,FUCA1,12-Dehydrocholic acid,NA,from_to,Enzyme–substrate/product,Protein,Metabolite
P19526,C13154,FUT1,12-Dehydrocholic acid,NA,from_to,Enzyme–substrate/product,Protein,Metabolite
P21217,C13154,FUT3,12-Dehydrocholic acid,NA,from_to,Enzyme–substrate/product,Protein,Metabolite
Q9Y231,C13154,FUT9,12-Dehydrocholic acid,NA,from_to,Enzyme–substrate/product,Protein,Metabolite
Q9H553,C13154,ALG2,12-Dehydrocholic acid,NA,from_to,Enzyme–substrate/product,Protein,Metabolite
O60909,C13154,B4GALT2,12-Dehydrocholic acid,NA,from_to,Enzyme–substrate/product,Protein,Metabolite
O60512,C13154,B4GALT3,12-Dehydrocholic acid,NA,from_to,Enzyme–substrate/product,Protein,Metabolite
P15291,C13154,B4GALT1,12-Dehydrocholic acid,NA,from_to,Enzyme–substrate/product,Protein,Metabolite
O43286,C13154,B4GALT5,12-Dehydrocholic acid,NA,from_to,Enzyme–substrate/product,Protein,Metabolite
Q99999,C13154,GAL3ST1,12-Dehydrocholic acid,NA,from_to,Enzyme–substrate/product,Protein,Metabolite
P10619,C13154,CTSA,12-Dehydrocholic acid,NA,from_to,Enzyme–substrate/product,Protein,Metabolite
Q99519,C13154,NEU1,12-Dehydrocholic acid,NA,from_to,Enzyme–substrate/product,Protein,Metabolite
P34059,C13154,GALNS,12-Dehydrocholic acid,NA,from_to,Enzyme–substrate/product,Protein,Metabolite
P54803,C13154,GALC,12-Dehydrocholic acid,NA,from_to,Enzyme–substrate/product,Protein,Metabolite
Q00973,C13154,B4GALNT1,12-Dehydrocholic acid,NA,from_to,Enzyme–substrate/product,Protein,Metabolite
Q8N6G5,C13154,CSGALNACT2,12-Dehydrocholic acid,NA,from_to,Enzyme–substrate/product,Protein,Metabolite
Q8TDX6,C13154,CSGALNACT1,12-Dehydrocholic acid,NA,from_to,Enzyme–substrate/product,Protein,Metabolite
Q86X52,C13154,CHSY1,12-Dehydrocholic acid,NA,from_to,Enzyme–substrate/product,Protein,Metabolite
Q70JA7,C13154,CHSY3,12-Dehydrocholic acid,NA,from_to,Enzyme–substrate/product,Protein,Metabolite
Q8IZ52,C13154,CHPF,12-Dehydrocholic acid,NA,from_to,Enzyme–substrate/product,Protein,Metabolite
Q8NCW6,C13154,GALNT11,12-Dehydrocholic acid,NA,from_to,Enzyme–substrate/product,Protein,Metabolite
Q8IXK2,C13154,GALNT12,12-Dehydrocholic acid,NA,from_to,Enzyme–substrate/product,Protein,Metabolite
Q8NCL4,C13154,GALNT6,12-Dehydrocholic acid,NA,from_to,Enzyme–substrate/product,Protein,Metabolite
Q96FL9,C13154,GALNT14,12-Dehydrocholic acid,NA,from_to,Enzyme–substrate/product,Protein,Metabolite
Q8IUC8,C13154,GALNT13,12-Dehydrocholic acid,NA,from_to,Enzyme–substrate/product,Protein,Metabolite
Q9NY28,C13154,GALNT8,12-Dehydrocholic acid,NA,from_to,Enzyme–substrate/product,Protein,Metabolite
Q10471,C13154,GALNT2,12-Dehydrocholic acid,NA,from_to,Enzyme–substrate/product,Protein,Metabolite
Q86SR1,C13154,GALNT10,12-Dehydrocholic acid,NA,from_to,Enzyme–substrate/product,Protein,Metabolite
Q8N4A0,C13154,GALNT4,12-Dehydrocholic acid,NA,from_to,Enzyme–substrate/product,Protein,Metabolite
Q7Z7M9,C13154,GALNT5,12-Dehydrocholic acid,NA,from_to,Enzyme–substrate/product,Protein,Metabolite
Q9HCQ5,C13154,GALNT9,12-Dehydrocholic acid,NA,from_to,Enzyme–substrate/product,Protein,Metabolite
Q86SF2,C13154,GALNT7,12-Dehydrocholic acid,NA,from_to,Enzyme–substrate/product,Protein,Metabolite
Q14435,C13154,GALNT3,12-Dehydrocholic acid,NA,from_to,Enzyme–substrate/product,Protein,Metabolite
Q10472,C13154,GALNT1,12-Dehydrocholic acid,NA,from_to,Enzyme–substrate/product,Protein,Metabolite
Q8N3T1,C13154,GALNT15,12-Dehydrocholic acid,NA,from_to,Enzyme–substrate/product,Protein,Metabolite
O43451,C13154,MGAM,12-Dehydrocholic acid,NA,from_to,Enzyme–substrate/product,Protein,Metabolite
O00400,C13154,SLC33A1,12-Dehydrocholic acid,NA,from_to,Enzyme–substrate/product,Protein,Metabolite
P20933,C13154,AGA,12-Dehydrocholic acid,NA,from_to,Enzyme–substrate/product,Protein,Metabolite
P04062,C13154,GBA,12-Dehydrocholic acid,NA,from_to,Enzyme–substrate/product,Protein,Metabolite
Q9HCG7,C13154,GBA2,12-Dehydrocholic acid,NA,from_to,Enzyme–substrate/product,Protein,Metabolite
Q8N5D6,C13154,GBGT1,12-Dehydrocholic acid,NA,from_to,Enzyme–substrate/product,Protein,Metabolite
P09622,C13154,DLD,12-Dehydrocholic acid,NA,from_to,Enzyme–substrate/product,Protein,Metabolite
P23378,C13154,GLDC,12-Dehydrocholic acid,NA,from_to,Enzyme–substrate/product,Protein,Metabolite
P48728,C13154,AMT,12-Dehydrocholic acid,NA,from_to,Enzyme–substrate/product,Protein,Metabolite
P23434,C13154,GCSH,12-Dehydrocholic acid,NA,from_to,Enzyme–substrate/product,Protein,Metabolite
Q92820,C13154,GGH,12-Dehydrocholic acid,NA,from_to,Enzyme–substrate/product,Protein,Metabolite
O15488,C13154,GYG2,12-Dehydrocholic acid,NA,from_to,Enzyme–substrate/product,Protein,Metabolite
P13807,C13154,GYS1,12-Dehydrocholic acid,NA,from_to,Enzyme–substrate/product,Protein,Metabolite
P46976,C13154,GYG1,12-Dehydrocholic acid,NA,from_to,Enzyme–substrate/product,Protein,Metabolite
P54840,C13154,GYS2,12-Dehydrocholic acid,NA,from_to,Enzyme–substrate/product,Protein,Metabolite
P36269,C13154,GGT5,12-Dehydrocholic acid,NA,from_to,Enzyme–substrate/product,Protein,Metabolite
P06280,C13154,GLA,12-Dehydrocholic acid,NA,from_to,Enzyme–substrate/product,Protein,Metabolite
P07602,C13154,PSAP,12-Dehydrocholic acid,NA,from_to,Enzyme–substrate/product,Protein,Metabolite
Q04446,C13154,GBE1,12-Dehydrocholic acid,NA,from_to,Enzyme–substrate/product,Protein,Metabolite
O43820,C13154,HYAL3,12-Dehydrocholic acid,NA,from_to,Enzyme–substrate/product,Protein,Metabolite
O94923,C13154,GLCE,12-Dehydrocholic acid,NA,from_to,Enzyme–substrate/product,Protein,Metabolite
Q9P2E5,C13154,CHPF2,12-Dehydrocholic acid,NA,from_to,Enzyme–substrate/product,Protein,Metabolite
Q93063,C13154,EXT2,12-Dehydrocholic acid,NA,from_to,Enzyme–substrate/product,Protein,Metabolite
Q16394,C13154,EXT1,12-Dehydrocholic acid,NA,from_to,Enzyme–substrate/product,Protein,Metabolite
Q9P2W7,C13154,B3GAT1,12-Dehydrocholic acid,NA,from_to,Enzyme–substrate/product,Protein,Metabolite
Q9NPZ5,C13154,B3GAT2,12-Dehydrocholic acid,NA,from_to,Enzyme–substrate/product,Protein,Metabolite
O94766,C13154,B3GAT3,12-Dehydrocholic acid,NA,from_to,Enzyme–substrate/product,Protein,Metabolite
P54802,C13154,NAGLU,12-Dehydrocholic acid,NA,from_to,Enzyme–substrate/product,Protein,Metabolite
P52849,C13154,NDST2,12-Dehydrocholic acid,NA,from_to,Enzyme–substrate/product,Protein,Metabolite
Q9H3R1,C13154,NDST4,12-Dehydrocholic acid,NA,from_to,Enzyme–substrate/product,Protein,Metabolite
P52848,C13154,NDST1,12-Dehydrocholic acid,NA,from_to,Enzyme–substrate/product,Protein,Metabolite
O95803,C13154,NDST3,12-Dehydrocholic acid,NA,from_to,Enzyme–substrate/product,Protein,Metabolite
Q9H3H5,C13154,DPAGT1,12-Dehydrocholic acid,NA,from_to,Enzyme–substrate/product,Protein,Metabolite
O43909,C13154,EXTL3,12-Dehydrocholic acid,NA,from_to,Enzyme–substrate/product,Protein,Metabolite
Q9UBQ6,C13154,EXTL2,12-Dehydrocholic acid,NA,from_to,Enzyme–substrate/product,Protein,Metabolite
Q92935,C13154,EXTL1,12-Dehydrocholic acid,NA,from_to,Enzyme–substrate/product,Protein,Metabolite
P35573,C13154,AGL,12-Dehydrocholic acid,NA,from_to,Enzyme–substrate/product,Protein,Metabolite
P06737,C13154,PYGL,12-Dehydrocholic acid,NA,from_to,Enzyme–substrate/product,Protein,Metabolite
P11217,C13154,PYGM,12-Dehydrocholic acid,NA,from_to,Enzyme–substrate/product,Protein,Metabolite
P11216,C13154,PYGB,12-Dehydrocholic acid,NA,from_to,Enzyme–substrate/product,Protein,Metabolite
Q86WU2,C13154,LDHD,12-Dehydrocholic acid,NA,from_to,Enzyme–substrate/product,Protein,Metabolite
Q6IB77,C13154,GLYAT,12-Dehydrocholic acid,NA,from_to,Enzyme–substrate/product,Protein,Metabolite
P12955,C13154,PEPD,12-Dehydrocholic acid,NA,from_to,Enzyme–substrate/product,Protein,Metabolite
O14773,C13154,TPP1,12-Dehydrocholic acid,NA,from_to,Enzyme–substrate/product,Protein,Metabolite
P48067,C13154,SLC6A9,12-Dehydrocholic acid,NA,from_to,Enzyme–substrate/product,Protein,Metabolite
Q9HCL2,C13154,GPAM,12-Dehydrocholic acid,NA,from_to,Enzyme–substrate/product,Protein,Metabolite
Q53EU6,C13154,GPAT3,12-Dehydrocholic acid,NA,from_to,Enzyme–substrate/product,Protein,Metabolite
Q6NUI2,C13154,GPAT2,12-Dehydrocholic acid,NA,from_to,Enzyme–substrate/product,Protein,Metabolite
Q9NPB8,C13154,GPCPD1,12-Dehydrocholic acid,NA,from_to,Enzyme–substrate/product,Protein,Metabolite
Q7Z7B1,C13154,PIGW,12-Dehydrocholic acid,NA,from_to,Enzyme–substrate/product,Protein,Metabolite
Q75T13,C13154,PGAP1,12-Dehydrocholic acid,NA,from_to,Enzyme–substrate/product,Protein,Metabolite
Q9H3S5,C13154,PIGM,12-Dehydrocholic acid,NA,from_to,Enzyme–substrate/product,Protein,Metabolite
Q8TBF5,C13154,PIGX,12-Dehydrocholic acid,NA,from_to,Enzyme–substrate/product,Protein,Metabolite
O95427,C13154,PIGN,12-Dehydrocholic acid,NA,from_to,Enzyme–substrate/product,Protein,Metabolite
Q9NUD9,C13154,PIGV,12-Dehydrocholic acid,NA,from_to,Enzyme–substrate/product,Protein,Metabolite
Q8TEQ8,C13154,PIGO,12-Dehydrocholic acid,NA,from_to,Enzyme–substrate/product,Protein,Metabolite
Q07326,C13154,PIGF,12-Dehydrocholic acid,NA,from_to,Enzyme–substrate/product,Protein,Metabolite
Q86VD9,C13154,PIGZ,12-Dehydrocholic acid,NA,from_to,Enzyme–substrate/product,Protein,Metabolite
Q5H8A4,C13154,PIGG,12-Dehydrocholic acid,NA,from_to,Enzyme–substrate/product,Protein,Metabolite
Q96S52,C13154,PIGS,12-Dehydrocholic acid,NA,from_to,Enzyme–substrate/product,Protein,Metabolite
Q92643,C13154,PIGK,12-Dehydrocholic acid,NA,from_to,Enzyme–substrate/product,Protein,Metabolite
Q969N2,C13154,PIGT,12-Dehydrocholic acid,NA,from_to,Enzyme–substrate/product,Protein,Metabolite
Q9H490,C13154,PIGU,12-Dehydrocholic acid,NA,from_to,Enzyme–substrate/product,Protein,Metabolite
O43292,C13154,GPAA1,12-Dehydrocholic acid,NA,from_to,Enzyme–substrate/product,Protein,Metabolite
Q96H96,C13154,COQ2,12-Dehydrocholic acid,NA,from_to,Enzyme–substrate/product,Protein,Metabolite
P48751,C13154,SLC4A3,12-Dehydrocholic acid,NA,from_to,Enzyme–substrate/product,Protein,Metabolite
P04920,C13154,SLC4A2,12-Dehydrocholic acid,NA,from_to,Enzyme–substrate/product,Protein,Metabolite
Q96Q91,C13154,SLC4A9,12-Dehydrocholic acid,NA,from_to,Enzyme–substrate/product,Protein,Metabolite
Q15758,C13154,SLC1A5,12-Dehydrocholic acid,NA,from_to,Enzyme–substrate/product,Protein,Metabolite
P17900,C13154,GM2A,12-Dehydrocholic acid,NA,from_to,Enzyme–substrate/product,Protein,Metabolite
Q8IV16,C13154,GPIHBP1,12-Dehydrocholic acid,NA,from_to,Enzyme–substrate/product,Protein,Metabolite
P18827,C13154,SDC1,12-Dehydrocholic acid,NA,from_to,Enzyme–substrate/product,Protein,Metabolite
Q99685,C13154,MGLL,12-Dehydrocholic acid,NA,from_to,Enzyme–substrate/product,Protein,Metabolite
P98160,C13154,HSPG2,12-Dehydrocholic acid,NA,from_to,Enzyme–substrate/product,Protein,Metabolite
Q8N2K0,C13154,ABHD12,12-Dehydrocholic acid,NA,from_to,Enzyme–substrate/product,Protein,Metabolite
P06858,C13154,LPL,12-Dehydrocholic acid,NA,from_to,Enzyme–substrate/product,Protein,Metabolite
Q9BV23,C13154,ABHD6,12-Dehydrocholic acid,NA,from_to,Enzyme–substrate/product,Protein,Metabolite
Q9NST1,C13154,PNPLA3,12-Dehydrocholic acid,NA,from_to,Enzyme–substrate/product,Protein,Metabolite
P41247,C13154,PNPLA4,12-Dehydrocholic acid,NA,from_to,Enzyme–substrate/product,Protein,Metabolite
P16233,C13154,PNLIP,12-Dehydrocholic acid,NA,from_to,Enzyme–substrate/product,Protein,Metabolite
P54315,C13154,PNLIPRP1,12-Dehydrocholic acid,NA,from_to,Enzyme–substrate/product,Protein,Metabolite
P19835,C13154,CEL,12-Dehydrocholic acid,NA,from_to,Enzyme–substrate/product,Protein,Metabolite
Q8NCG7,C13154,DAGLB,12-Dehydrocholic acid,NA,from_to,Enzyme–substrate/product,Protein,Metabolite
P07098,C13154,LIPF,12-Dehydrocholic acid,NA,from_to,Enzyme–substrate/product,Protein,Metabolite
Q9Y4D2,C13154,DAGLA,12-Dehydrocholic acid,NA,from_to,Enzyme–substrate/product,Protein,Metabolite
Q96AD5,C13154,PNPLA2,12-Dehydrocholic acid,NA,from_to,Enzyme–substrate/product,Protein,Metabolite
Q17RR3,C13154,PNLIPRP3,12-Dehydrocholic acid,NA,from_to,Enzyme–substrate/product,Protein,Metabolite
Q05469,C13154,LIPE,12-Dehydrocholic acid,NA,from_to,Enzyme–substrate/product,Protein,Metabolite
Q9Y5X9,C13154,LIPG,12-Dehydrocholic acid,NA,from_to,Enzyme–substrate/product,Protein,Metabolite
P11150,C13154,LIPC,12-Dehydrocholic acid,NA,from_to,Enzyme–substrate/product,Protein,Metabolite
P22760,C13154,AADAC,12-Dehydrocholic acid,NA,from_to,Enzyme–substrate/product,Protein,Metabolite
Q8WTV0,C13154,SCARB1,12-Dehydrocholic acid,NA,from_to,Enzyme–substrate/product,Protein,Metabolite
Q9NZI5,C13154,GRHL1,12-Dehydrocholic acid,NA,from_to,Enzyme–substrate/product,Protein,Metabolite
Q96ST3,C13154,SIN3A,12-Dehydrocholic acid,NA,from_to,Enzyme–substrate/product,Protein,Metabolite
Q9Y618,C13154,NCOR2,12-Dehydrocholic acid,NA,from_to,Enzyme–substrate/product,Protein,Metabolite
Q9BYK8,C13154,HELZ2,12-Dehydrocholic acid,NA,from_to,Enzyme–substrate/product,Protein,Metabolite
Q15327,C13154,ANKRD1,12-Dehydrocholic acid,NA,from_to,Enzyme–substrate/product,Protein,Metabolite
Q86X55,C13154,CARM1,12-Dehydrocholic acid,NA,from_to,Enzyme–substrate/product,Protein,Metabolite
Q07869,C13154,PPARA,12-Dehydrocholic acid,NA,from_to,Enzyme–substrate/product,Protein,Metabolite
Q15788,C13154,NCOA1,12-Dehydrocholic acid,NA,from_to,Enzyme–substrate/product,Protein,Metabolite
O75182,C13154,SIN3B,12-Dehydrocholic acid,NA,from_to,Enzyme–substrate/product,Protein,Metabolite
Q14192,C13154,FHL2,12-Dehydrocholic acid,NA,from_to,Enzyme–substrate/product,Protein,Metabolite
P19793,C13154,RXRA,12-Dehydrocholic acid,NA,from_to,Enzyme–substrate/product,Protein,Metabolite
Q15648,C13154,MED1,12-Dehydrocholic acid,NA,from_to,Enzyme–substrate/product,Protein,Metabolite
Q6STE5,C13154,SMARCD3,12-Dehydrocholic acid,NA,from_to,Enzyme–substrate/product,Protein,Metabolite
P20393,C13154,NR1D1,12-Dehydrocholic acid,NA,from_to,Enzyme–substrate/product,Protein,Metabolite
O75376,C13154,NCOR1,12-Dehydrocholic acid,NA,from_to,Enzyme–substrate/product,Protein,Metabolite
Q9BZK7,C13154,TBL1XR1,12-Dehydrocholic acid,NA,from_to,Enzyme–substrate/product,Protein,Metabolite
P35398,C13154,RORA,12-Dehydrocholic acid,NA,from_to,Enzyme–substrate/product,Protein,Metabolite
Q15596,C13154,NCOA2,12-Dehydrocholic acid,NA,from_to,Enzyme–substrate/product,Protein,Metabolite
Q3L8U1,C13154,CHD9,12-Dehydrocholic acid,NA,from_to,Enzyme–substrate/product,Protein,Metabolite
Q92793,C13154,CREBBP,12-Dehydrocholic acid,NA,from_to,Enzyme–substrate/product,Protein,Metabolite
Q9Y6Q9,C13154,NCOA3,12-Dehydrocholic acid,NA,from_to,Enzyme–substrate/product,Protein,Metabolite
Q96RS0,C13154,TGS1,12-Dehydrocholic acid,NA,from_to,Enzyme–substrate/product,Protein,Metabolite
O15379,C13154,HDAC3,12-Dehydrocholic acid,NA,from_to,Enzyme–substrate/product,Protein,Metabolite
P07148,C13154,FABP1,12-Dehydrocholic acid,NA,from_to,Enzyme–substrate/product,Protein,Metabolite
O60907,C13154,TBL1X,12-Dehydrocholic acid,NA,from_to,Enzyme–substrate/product,Protein,Metabolite
Q14686,C13154,NCOA6,12-Dehydrocholic acid,NA,from_to,Enzyme–substrate/product,Protein,Metabolite
Q01581,C13154,HMGCS1,12-Dehydrocholic acid,NA,from_to,Enzyme–substrate/product,Protein,Metabolite
P27469,C13154,G0S2,12-Dehydrocholic acid,NA,from_to,Enzyme–substrate/product,Protein,Metabolite
O75509,C13154,TNFRSF21,12-Dehydrocholic acid,NA,from_to,Enzyme–substrate/product,Protein,Metabolite
Q9NZL6,C13154,RGL1,12-Dehydrocholic acid,NA,from_to,Enzyme–substrate/product,Protein,Metabolite
Q96RU7,C13154,TRIB3,12-Dehydrocholic acid,NA,from_to,Enzyme–substrate/product,Protein,Metabolite
Q99743,C13154,NPAS2,12-Dehydrocholic acid,NA,from_to,Enzyme–substrate/product,Protein,Metabolite
P48163,C13154,ME1,12-Dehydrocholic acid,NA,from_to,Enzyme–substrate/product,Protein,Metabolite
Q16881,C13154,TXNRD1,12-Dehydrocholic acid,NA,from_to,Enzyme–substrate/product,Protein,Metabolite
P48060,C13154,GLIPR1,12-Dehydrocholic acid,NA,from_to,Enzyme–substrate/product,Protein,Metabolite
Q8IVF5,C13154,TIAM2,12-Dehydrocholic acid,NA,from_to,Enzyme–substrate/product,Protein,Metabolite
Q99541,C13154,PLIN2,12-Dehydrocholic acid,NA,from_to,Enzyme–substrate/product,Protein,Metabolite
P04798,C13154,CYP1A1,12-Dehydrocholic acid,NA,from_to,Enzyme–substrate/product,Protein,Metabolite
P22680,C13154,CYP7A1,12-Dehydrocholic acid,NA,from_to,Enzyme–substrate/product,Protein,Metabolite
P37268,C13154,FDFT1,12-Dehydrocholic acid,NA,from_to,Enzyme–substrate/product,Protein,Metabolite
P04035,C13154,HMGCR,12-Dehydrocholic acid,NA,from_to,Enzyme–substrate/product,Protein,Metabolite
P54868,C13154,HMGCS2,12-Dehydrocholic acid,NA,from_to,Enzyme–substrate/product,Protein,Metabolite
P13196,C13154,ALAS1,12-Dehydrocholic acid,NA,from_to,Enzyme–substrate/product,Protein,Metabolite
O75192,C13154,PEX11A,12-Dehydrocholic acid,NA,from_to,Enzyme–substrate/product,Protein,Metabolite
O95477,C13154,ABCA1,12-Dehydrocholic acid,NA,from_to,Enzyme–substrate/product,Protein,Metabolite
P21439,C13154,ABCB4,12-Dehydrocholic acid,NA,from_to,Enzyme–substrate/product,Protein,Metabolite
P02647,C13154,APOA1,12-Dehydrocholic acid,NA,from_to,Enzyme–substrate/product,Protein,Metabolite
P02652,C13154,APOA2,12-Dehydrocholic acid,NA,from_to,Enzyme–substrate/product,Protein,Metabolite
Q6Q788,C13154,APOA5,12-Dehydrocholic acid,NA,from_to,Enzyme–substrate/product,Protein,Metabolite
P16671,C13154,CD36,12-Dehydrocholic acid,NA,from_to,Enzyme–substrate/product,Protein,Metabolite
P29279,C13154,CTGF,12-Dehydrocholic acid,NA,from_to,Enzyme–substrate/product,Protein,Metabolite
Q9BY76,C13154,ANGPTL4,12-Dehydrocholic acid,NA,from_to,Enzyme–substrate/product,Protein,Metabolite
P01019,C13154,AGT,12-Dehydrocholic acid,NA,from_to,Enzyme–substrate/product,Protein,Metabolite
P55157,C13154,MTTP,12-Dehydrocholic acid,NA,from_to,Enzyme–substrate/product,Protein,Metabolite
P83916,C13154,CBX1,12-Dehydrocholic acid,NA,from_to,Enzyme–substrate/product,Protein,Metabolite
O60240,C13154,PLIN1,12-Dehydrocholic acid,NA,from_to,Enzyme–substrate/product,Protein,Metabolite
O60543,C13154,CIDEA,12-Dehydrocholic acid,NA,from_to,Enzyme–substrate/product,Protein,Metabolite
Q13087,C13154,PDIA2,12-Dehydrocholic acid,NA,from_to,Enzyme–substrate/product,Protein,Metabolite
Q13085,C13154,ACACA,12-Dehydrocholic acid,NA,from_to,Enzyme–substrate/product,Protein,Metabolite
Q16654,C13154,PDK4,12-Dehydrocholic acid,NA,from_to,Enzyme–substrate/product,Protein,Metabolite
P25445,C13154,FAS,12-Dehydrocholic acid,NA,from_to,Enzyme–substrate/product,Protein,Metabolite
P49327,C13154,FASN,12-Dehydrocholic acid,NA,from_to,Enzyme–substrate/product,Protein,Metabolite
P21695,C13154,GPD1,12-Dehydrocholic acid,NA,from_to,Enzyme–substrate/product,Protein,Metabolite
P55058,C13154,PLTP,12-Dehydrocholic acid,NA,from_to,Enzyme–substrate/product,Protein,Metabolite
P36956,C13154,SREBF1,12-Dehydrocholic acid,NA,from_to,Enzyme–substrate/product,Protein,Metabolite
Q96Q06,C13154,PLIN4,12-Dehydrocholic acid,NA,from_to,Enzyme–substrate/product,Protein,Metabolite
A5D6W6,C13154,FITM1,12-Dehydrocholic acid,NA,from_to,Enzyme–substrate/product,Protein,Metabolite
Q96G97,C13154,BSCL2,12-Dehydrocholic acid,NA,from_to,Enzyme–substrate/product,Protein,Metabolite
O60664,C13154,PLIN3,12-Dehydrocholic acid,NA,from_to,Enzyme–substrate/product,Protein,Metabolite
Q8N6M3,C13154,FITM2,12-Dehydrocholic acid,NA,from_to,Enzyme–substrate/product,Protein,Metabolite
P22612,C13154,PRKACG,12-Dehydrocholic acid,NA,from_to,Enzyme–substrate/product,Protein,Metabolite
P22694,C13154,PRKACB,12-Dehydrocholic acid,NA,from_to,Enzyme–substrate/product,Protein,Metabolite
P17612,C13154,PRKACA,12-Dehydrocholic acid,NA,from_to,Enzyme–substrate/product,Protein,Metabolite
P15090,C13154,FABP4,12-Dehydrocholic acid,NA,from_to,Enzyme–substrate/product,Protein,Metabolite
P36873,C13154,PPP1CC,12-Dehydrocholic acid,NA,from_to,Enzyme–substrate/product,Protein,Metabolite
P62140,C13154,PPP1CB,12-Dehydrocholic acid,NA,from_to,Enzyme–substrate/product,Protein,Metabolite
P62136,C13154,PPP1CA,12-Dehydrocholic acid,NA,from_to,Enzyme–substrate/product,Protein,Metabolite
P12104,C13154,FABP2,12-Dehydrocholic acid,NA,from_to,Enzyme–substrate/product,Protein,Metabolite
A6NFH5,C13154,FABP12,12-Dehydrocholic acid,NA,from_to,Enzyme–substrate/product,Protein,Metabolite
Q01469,C13154,FABP5,12-Dehydrocholic acid,NA,from_to,Enzyme–substrate/product,Protein,Metabolite
P05413,C13154,FABP3,12-Dehydrocholic acid,NA,from_to,Enzyme–substrate/product,Protein,Metabolite
Q0Z7S8,C13154,FABP9,12-Dehydrocholic acid,NA,from_to,Enzyme–substrate/product,Protein,Metabolite
O15540,C13154,FABP7,12-Dehydrocholic acid,NA,from_to,Enzyme–substrate/product,Protein,Metabolite
P51161,C13154,FABP6,12-Dehydrocholic acid,NA,from_to,Enzyme–substrate/product,Protein,Metabolite
Q6NUN0,C13154,ACSM5,12-Dehydrocholic acid,NA,from_to,Enzyme–substrate/product,Protein,Metabolite
Q08AH3,C13154,ACSM2A,12-Dehydrocholic acid,NA,from_to,Enzyme–substrate/product,Protein,Metabolite
Q08AH1,C13154,ACSM1,12-Dehydrocholic acid,NA,from_to,Enzyme–substrate/product,Protein,Metabolite
P0C7M7,C13154,ACSM4,12-Dehydrocholic acid,NA,from_to,Enzyme–substrate/product,Protein,Metabolite
Q68CK6,C13154,ACSM2B,12-Dehydrocholic acid,NA,from_to,Enzyme–substrate/product,Protein,Metabolite
Q53FZ2,C13154,ACSM3,12-Dehydrocholic acid,NA,from_to,Enzyme–substrate/product,Protein,Metabolite
Q9UKU0,C13154,ACSL6,12-Dehydrocholic acid,NA,from_to,Enzyme–substrate/product,Protein,Metabolite
Q3I5F7,C13154,ACOT6,12-Dehydrocholic acid,NA,from_to,Enzyme–substrate/product,Protein,Metabolite
Q8N9L9,C13154,ACOT4,12-Dehydrocholic acid,NA,from_to,Enzyme–substrate/product,Protein,Metabolite
Q68DD2,C13154,PLA2G4F,12-Dehydrocholic acid,NA,from_to,Enzyme–substrate/product,Protein,Metabolite
Q9UP65,C13154,PLA2G4C,12-Dehydrocholic acid,NA,from_to,Enzyme–substrate/product,Protein,Metabolite
Q5R387,C13154,PLA2G2C,12-Dehydrocholic acid,NA,from_to,Enzyme–substrate/product,Protein,Metabolite
Q9BZM2,C13154,PLA2G2F,12-Dehydrocholic acid,NA,from_to,Enzyme–substrate/product,Protein,Metabolite
P53816,C13154,PLA2G16,12-Dehydrocholic acid,NA,from_to,Enzyme–substrate/product,Protein,Metabolite
Q9NZK7,C13154,PLA2G2E,12-Dehydrocholic acid,NA,from_to,Enzyme–substrate/product,Protein,Metabolite
P39877,C13154,PLA2G5,12-Dehydrocholic acid,NA,from_to,Enzyme–substrate/product,Protein,Metabolite
P0C869,C13154,JMJD7-PLA2G4B,12-Dehydrocholic acid,NA,from_to,Enzyme–substrate/product,Protein,Metabolite
O15496,C13154,PLA2G10,12-Dehydrocholic acid,NA,from_to,Enzyme–substrate/product,Protein,Metabolite
Q9BZM1,C13154,PLA2G12A,12-Dehydrocholic acid,NA,from_to,Enzyme–substrate/product,Protein,Metabolite
P47712,C13154,PLA2G4A,12-Dehydrocholic acid,NA,from_to,Enzyme–substrate/product,Protein,Metabolite
Q86XP0,C13154,PLA2G4D,12-Dehydrocholic acid,NA,from_to,Enzyme–substrate/product,Protein,Metabolite
Q6P1J6,C13154,PLB1,12-Dehydrocholic acid,NA,from_to,Enzyme–substrate/product,Protein,Metabolite
Q9UNK4,C13154,PLA2G2D,12-Dehydrocholic acid,NA,from_to,Enzyme–substrate/product,Protein,Metabolite
P04054,C13154,PLA2G1B,12-Dehydrocholic acid,NA,from_to,Enzyme–substrate/product,Protein,Metabolite
P14555,C13154,PLA2G2A,12-Dehydrocholic acid,NA,from_to,Enzyme–substrate/product,Protein,Metabolite
Q9NZ20,C13154,PLA2G3,12-Dehydrocholic acid,NA,from_to,Enzyme–substrate/product,Protein,Metabolite
Q9BX93,C13154,PLA2G12B,12-Dehydrocholic acid,NA,from_to,Enzyme–substrate/product,Protein,Metabolite
O60733,C13154,PLA2G6,12-Dehydrocholic acid,NA,from_to,Enzyme–substrate/product,Protein,Metabolite
Q6UWP7,C13154,LCLAT1,12-Dehydrocholic acid,NA,from_to,Enzyme–substrate/product,Protein,Metabolite
Q8WTS1,C13154,ABHD5,12-Dehydrocholic acid,NA,from_to,Enzyme–substrate/product,Protein,Metabolite
Q6ZNC8,C13154,MBOAT1,12-Dehydrocholic acid,NA,from_to,Enzyme–substrate/product,Protein,Metabolite
Q32NB8,C13154,PGS1,12-Dehydrocholic acid,NA,from_to,Enzyme–substrate/product,Protein,Metabolite
Q96PD6,C13154,MOGAT1,12-Dehydrocholic acid,NA,from_to,Enzyme–substrate/product,Protein,Metabolite
Q86VF5,C13154,MOGAT3,12-Dehydrocholic acid,NA,from_to,Enzyme–substrate/product,Protein,Metabolite
Q3SYC2,C13154,MOGAT2,12-Dehydrocholic acid,NA,from_to,Enzyme–substrate/product,Protein,Metabolite
Q9C0D9,C13154,EPT1,12-Dehydrocholic acid,NA,from_to,Enzyme–substrate/product,Protein,Metabolite
Q9UG56,C13154,PISD,12-Dehydrocholic acid,NA,from_to,Enzyme–substrate/product,Protein,Metabolite
Q8N2A8,C13154,PLD6,12-Dehydrocholic acid,NA,from_to,Enzyme–substrate/product,Protein,Metabolite
Q8IV08,C13154,PLD3,12-Dehydrocholic acid,NA,from_to,Enzyme–substrate/product,Protein,Metabolite
Q96BZ4,C13154,PLD4,12-Dehydrocholic acid,NA,from_to,Enzyme–substrate/product,Protein,Metabolite
Q7L5N7,C13154,LPCAT2,12-Dehydrocholic acid,NA,from_to,Enzyme–substrate/product,Protein,Metabolite
Q6P1A2,C13154,LPCAT3,12-Dehydrocholic acid,NA,from_to,Enzyme–substrate/product,Protein,Metabolite
Q643R3,C13154,LPCAT4,12-Dehydrocholic acid,NA,from_to,Enzyme–substrate/product,Protein,Metabolite
Q8NF37,C13154,LPCAT1,12-Dehydrocholic acid,NA,from_to,Enzyme–substrate/product,Protein,Metabolite
Q9UHV8,C13154,LGALS13,12-Dehydrocholic acid,NA,from_to,Enzyme–substrate/product,Protein,Metabolite
Q86U10,C13154,ASPG,12-Dehydrocholic acid,NA,from_to,Enzyme–substrate/product,Protein,Metabolite
O95372,C13154,LYPLA2,12-Dehydrocholic acid,NA,from_to,Enzyme–substrate/product,Protein,Metabolite
O75608,C13154,LYPLA1,12-Dehydrocholic acid,NA,from_to,Enzyme–substrate/product,Protein,Metabolite
Q9UBD9,C13154,CLCF1,12-Dehydrocholic acid,NA,from_to,Enzyme–substrate/product,Protein,Metabolite
Q05315,C13154,CLC,12-Dehydrocholic acid,NA,from_to,Enzyme–substrate/product,Protein,Metabolite
Q9NP80,C13154,PNPLA8,12-Dehydrocholic acid,NA,from_to,Enzyme–substrate/product,Protein,Metabolite
Q6ZV29,C13154,PNPLA7,12-Dehydrocholic acid,NA,from_to,Enzyme–substrate/product,Protein,Metabolite
Q8IY17,C13154,PNPLA6,12-Dehydrocholic acid,NA,from_to,Enzyme–substrate/product,Protein,Metabolite
Q8NCC3,C13154,PLA2G15,12-Dehydrocholic acid,NA,from_to,Enzyme–substrate/product,Protein,Metabolite
P04180,C13154,LCAT,12-Dehydrocholic acid,NA,from_to,Enzyme–substrate/product,Protein,Metabolite
Q9UBM1,C13154,PEMT,12-Dehydrocholic acid,NA,from_to,Enzyme–substrate/product,Protein,Metabolite
O75038,C13154,PLCH2,12-Dehydrocholic acid,NA,from_to,Enzyme–substrate/product,Protein,Metabolite
Q9P212,C13154,PLCE1,12-Dehydrocholic acid,NA,from_to,Enzyme–substrate/product,Protein,Metabolite
Q15147,C13154,PLCB4,12-Dehydrocholic acid,NA,from_to,Enzyme–substrate/product,Protein,Metabolite
P16885,C13154,PLCG2,12-Dehydrocholic acid,NA,from_to,Enzyme–substrate/product,Protein,Metabolite
P19174,C13154,PLCG1,12-Dehydrocholic acid,NA,from_to,Enzyme–substrate/product,Protein,Metabolite
Q15111,C13154,PLCL1,12-Dehydrocholic acid,NA,from_to,Enzyme–substrate/product,Protein,Metabolite
Q00722,C13154,PLCB2,12-Dehydrocholic acid,NA,from_to,Enzyme–substrate/product,Protein,Metabolite
Q9BRC7,C13154,PLCD4,12-Dehydrocholic acid,NA,from_to,Enzyme–substrate/product,Protein,Metabolite
Q01970,C13154,PLCB3,12-Dehydrocholic acid,NA,from_to,Enzyme–substrate/product,Protein,Metabolite
Q4KWH8,C13154,PLCH1,12-Dehydrocholic acid,NA,from_to,Enzyme–substrate/product,Protein,Metabolite
Q86YW0,C13154,PLCZ1,12-Dehydrocholic acid,NA,from_to,Enzyme–substrate/product,Protein,Metabolite
Q9NQ66,C13154,PLCB1,12-Dehydrocholic acid,NA,from_to,Enzyme–substrate/product,Protein,Metabolite
Q9UPR0,C13154,PLCL2,12-Dehydrocholic acid,NA,from_to,Enzyme–substrate/product,Protein,Metabolite
Q8N3E9,C13154,PLCD3,12-Dehydrocholic acid,NA,from_to,Enzyme–substrate/product,Protein,Metabolite
Q0VAA5,C13154,PLCXD2,12-Dehydrocholic acid,NA,from_to,Enzyme–substrate/product,Protein,Metabolite
P51178,C13154,PLCD1,12-Dehydrocholic acid,NA,from_to,Enzyme–substrate/product,Protein,Metabolite
Q53H12,C13154,AGK,12-Dehydrocholic acid,NA,from_to,Enzyme–substrate/product,Protein,Metabolite
Q9NR71,C13154,ASAH2,12-Dehydrocholic acid,NA,from_to,Enzyme–substrate/product,Protein,Metabolite
Q6ZMG9,C13154,CERS6,12-Dehydrocholic acid,NA,from_to,Enzyme–substrate/product,Protein,Metabolite
Q96G23,C13154,CERS2,12-Dehydrocholic acid,NA,from_to,Enzyme–substrate/product,Protein,Metabolite
Q8N5B7,C13154,CERS5,12-Dehydrocholic acid,NA,from_to,Enzyme–substrate/product,Protein,Metabolite
Q8IU89,C13154,CERS3,12-Dehydrocholic acid,NA,from_to,Enzyme–substrate/product,Protein,Metabolite
Q9HA82,C13154,CERS4,12-Dehydrocholic acid,NA,from_to,Enzyme–substrate/product,Protein,Metabolite
P27544,C13154,CERS1,12-Dehydrocholic acid,NA,from_to,Enzyme–substrate/product,Protein,Metabolite
Q16739,C13154,UGCG,12-Dehydrocholic acid,NA,from_to,Enzyme–substrate/product,Protein,Metabolite
Q9Y5Z6,C13154,B3GALT1,12-Dehydrocholic acid,NA,from_to,Enzyme–substrate/product,Protein,Metabolite
Q8WZA1,C13154,POMGNT1,12-Dehydrocholic acid,NA,from_to,Enzyme–substrate/product,Protein,Metabolite
Q8NHY0,C13154,B4GALNT2,12-Dehydrocholic acid,NA,from_to,Enzyme–substrate/product,Protein,Metabolite
Q9UBX8,C13154,B4GALT6,12-Dehydrocholic acid,NA,from_to,Enzyme–substrate/product,Protein,Metabolite
Q3V5L5,C13154,MGAT5B,12-Dehydrocholic acid,NA,from_to,Enzyme–substrate/product,Protein,Metabolite
Q9NYU1,C13154,UGGT2,12-Dehydrocholic acid,NA,from_to,Enzyme–substrate/product,Protein,Metabolite
Q6ZMB0,C13154,B3GNT6,12-Dehydrocholic acid,NA,from_to,Enzyme–substrate/product,Protein,Metabolite
Q6ZNI0,C13154,GCNT7,12-Dehydrocholic acid,NA,from_to,Enzyme–substrate/product,Protein,Metabolite
Q6P4F1,C13154,FUT10,12-Dehydrocholic acid,NA,from_to,Enzyme–substrate/product,Protein,Metabolite
Q9H1C3,C13154,GLT8D2,12-Dehydrocholic acid,NA,from_to,Enzyme–substrate/product,Protein,Metabolite
Q11130,C13154,FUT7,12-Dehydrocholic acid,NA,from_to,Enzyme–substrate/product,Protein,Metabolite
O60513,C13154,B4GALT4,12-Dehydrocholic acid,NA,from_to,Enzyme–substrate/product,Protein,Metabolite
Q9Y2C3,C13154,B3GALT5,12-Dehydrocholic acid,NA,from_to,Enzyme–substrate/product,Protein,Metabolite
Q76KP1,C13154,B4GALNT4,12-Dehydrocholic acid,NA,from_to,Enzyme–substrate/product,Protein,Metabolite
Q8TCJ2,C13154,STT3B,12-Dehydrocholic acid,NA,from_to,Enzyme–substrate/product,Protein,Metabolite
Q7Z4T8,C13154,GALNTL5,12-Dehydrocholic acid,NA,from_to,Enzyme–substrate/product,Protein,Metabolite
Q6Y288,C13154,B3GLCT,12-Dehydrocholic acid,NA,from_to,Enzyme–substrate/product,Protein,Metabolite
Q6GMV1,C13154,ALG1L,12-Dehydrocholic acid,NA,from_to,Enzyme–substrate/product,Protein,Metabolite
Q9NYU2,C13154,UGGT1,12-Dehydrocholic acid,NA,from_to,Enzyme–substrate/product,Protein,Metabolite
Q9UBV7,C13154,B4GALT7,12-Dehydrocholic acid,NA,from_to,Enzyme–substrate/product,Protein,Metabolite
P22083,C13154,FUT4,12-Dehydrocholic acid,NA,from_to,Enzyme–substrate/product,Protein,Metabolite
Q6L9W6,C13154,B4GALNT3,12-Dehydrocholic acid,NA,from_to,Enzyme–substrate/product,Protein,Metabolite
P46977,C13154,STT3A,12-Dehydrocholic acid,NA,from_to,Enzyme–substrate/product,Protein,Metabolite
Q495W5,C13154,FUT11,12-Dehydrocholic acid,NA,from_to,Enzyme–substrate/product,Protein,Metabolite
Q8NBL1,C13154,POGLUT1,12-Dehydrocholic acid,NA,from_to,Enzyme–substrate/product,Protein,Metabolite
Q6UX72,C13154,B3GNT9,12-Dehydrocholic acid,NA,from_to,Enzyme–substrate/product,Protein,Metabolite
Q8NCR0,C13154,B3GALNT2,12-Dehydrocholic acid,NA,from_to,Enzyme–substrate/product,Protein,Metabolite
Q68CQ7,C13154,GLT8D1,12-Dehydrocholic acid,NA,from_to,Enzyme–substrate/product,Protein,Metabolite
A6NG13,C13154,MGAT4D,12-Dehydrocholic acid,NA,from_to,Enzyme–substrate/product,Protein,Metabolite
O43825,C13154,B3GALT2,12-Dehydrocholic acid,NA,from_to,Enzyme–substrate/product,Protein,Metabolite
Q7Z4J2,C13154,GLT6D1,12-Dehydrocholic acid,NA,from_to,Enzyme–substrate/product,Protein,Metabolite
O15294,C13154,OGT,12-Dehydrocholic acid,NA,from_to,Enzyme–substrate/product,Protein,Metabolite
Q92539,C13154,LPIN2,12-Dehydrocholic acid,NA,from_to,Enzyme–substrate/product,Protein,Metabolite
O14494,C13154,PPAP2A,12-Dehydrocholic acid,NA,from_to,Enzyme–substrate/product,Protein,Metabolite
Q14693,C13154,LPIN1,12-Dehydrocholic acid,NA,from_to,Enzyme–substrate/product,Protein,Metabolite
O43688,C13154,PPAP2C,12-Dehydrocholic acid,NA,from_to,Enzyme–substrate/product,Protein,Metabolite
Q5VZY2,C13154,PLPP4,12-Dehydrocholic acid,NA,from_to,Enzyme–substrate/product,Protein,Metabolite
Q7Z2D5,C13154,PLPPR4,12-Dehydrocholic acid,NA,from_to,Enzyme–substrate/product,Protein,Metabolite
Q96GM1,C13154,PLPPR2,12-Dehydrocholic acid,NA,from_to,Enzyme–substrate/product,Protein,Metabolite
Q9BQK8,C13154,LPIN3,12-Dehydrocholic acid,NA,from_to,Enzyme–substrate/product,Protein,Metabolite
Q6T4P5,C13154,PLPPR3,12-Dehydrocholic acid,NA,from_to,Enzyme–substrate/product,Protein,Metabolite
O14495,C13154,PPAP2B,12-Dehydrocholic acid,NA,from_to,Enzyme–substrate/product,Protein,Metabolite
Q8NEB5,C13154,PLPP5,12-Dehydrocholic acid,NA,from_to,Enzyme–substrate/product,Protein,Metabolite
P17405,C13154,SMPD1,12-Dehydrocholic acid,NA,from_to,Enzyme–substrate/product,Protein,Metabolite
Q9NXE4,C13154,SMPD4,12-Dehydrocholic acid,NA,from_to,Enzyme–substrate/product,Protein,Metabolite
Q6UWV6,C13154,ENPP7,12-Dehydrocholic acid,NA,from_to,Enzyme–substrate/product,Protein,Metabolite
Q9NY59,C13154,SMPD3,12-Dehydrocholic acid,NA,from_to,Enzyme–substrate/product,Protein,Metabolite
O60906,C13154,SMPD2,12-Dehydrocholic acid,NA,from_to,Enzyme–substrate/product,Protein,Metabolite
Q8WVB3,C13154,HEXDC,12-Dehydrocholic acid,NA,from_to,Enzyme–substrate/product,Protein,Metabolite
Q9UNP4,C13154,ST3GAL5,12-Dehydrocholic acid,NA,from_to,Enzyme–substrate/product,Protein,Metabolite
Q9UQ49,C13154,NEU3,12-Dehydrocholic acid,NA,from_to,Enzyme–substrate/product,Protein,Metabolite
Q9Y3R4,C13154,NEU2,12-Dehydrocholic acid,NA,from_to,Enzyme–substrate/product,Protein,Metabolite
Q8WWR8,C13154,NEU4,12-Dehydrocholic acid,NA,from_to,Enzyme–substrate/product,Protein,Metabolite
Q92185,C13154,ST8SIA1,12-Dehydrocholic acid,NA,from_to,Enzyme–substrate/product,Protein,Metabolite
O15466,C13154,ST8SIA5,12-Dehydrocholic acid,NA,from_to,Enzyme–substrate/product,Protein,Metabolite
Q10981,C13154,FUT2,12-Dehydrocholic acid,NA,from_to,Enzyme–substrate/product,Protein,Metabolite
P51993,C13154,FUT6,12-Dehydrocholic acid,NA,from_to,Enzyme–substrate/product,Protein,Metabolite
Q11128,C13154,FUT5,12-Dehydrocholic acid,NA,from_to,Enzyme–substrate/product,Protein,Metabolite
Q8N118,C13154,CYP4X1,12-Dehydrocholic acid,NA,from_to,Enzyme–substrate/product,Protein,Metabolite
Q86W10,C13154,CYP4Z1,12-Dehydrocholic acid,NA,from_to,Enzyme–substrate/product,Protein,Metabolite
P33260,C13154,CYP2C18,12-Dehydrocholic acid,NA,from_to,Enzyme–substrate/product,Protein,Metabolite
Q96SQ9,C13154,CYP2S1,12-Dehydrocholic acid,NA,from_to,Enzyme–substrate/product,Protein,Metabolite
Q9HB55,C13154,CYP3A43,12-Dehydrocholic acid,NA,from_to,Enzyme–substrate/product,Protein,Metabolite
Q9HCS2,C13154,CYP4F12,12-Dehydrocholic acid,NA,from_to,Enzyme–substrate/product,Protein,Metabolite
Q16678,C13154,CYP1B1,12-Dehydrocholic acid,NA,from_to,Enzyme–substrate/product,Protein,Metabolite
P13584,C13154,CYP4B1,12-Dehydrocholic acid,NA,from_to,Enzyme–substrate/product,Protein,Metabolite
P05177,C13154,CYP1A2,12-Dehydrocholic acid,NA,from_to,Enzyme–substrate/product,Protein,Metabolite
P11511,C13154,CYP19A1,12-Dehydrocholic acid,NA,from_to,Enzyme–substrate/product,Protein,Metabolite
Q9HBI6,C13154,CYP4F11,12-Dehydrocholic acid,NA,from_to,Enzyme–substrate/product,Protein,Metabolite
Q16696,C13154,CYP2A13,12-Dehydrocholic acid,NA,from_to,Enzyme–substrate/product,Protein,Metabolite
P20813,C13154,CYP2B6,12-Dehydrocholic acid,NA,from_to,Enzyme–substrate/product,Protein,Metabolite
P51589,C13154,CYP2J2,12-Dehydrocholic acid,NA,from_to,Enzyme–substrate/product,Protein,Metabolite
P24903,C13154,CYP2F1,12-Dehydrocholic acid,NA,from_to,Enzyme–substrate/product,Protein,Metabolite
Q7Z449,C13154,CYP2U1,12-Dehydrocholic acid,NA,from_to,Enzyme–substrate/product,Protein,Metabolite
P24462,C13154,CYP3A7,12-Dehydrocholic acid,NA,from_to,Enzyme–substrate/product,Protein,Metabolite
P07099,C13154,EPHX1,12-Dehydrocholic acid,NA,from_to,Enzyme–substrate/product,Protein,Metabolite
P34913,C13154,EPHX2,12-Dehydrocholic acid,NA,from_to,Enzyme–substrate/product,Protein,Metabolite
Q9BTZ2,C13154,DHRS4,12-Dehydrocholic acid,NA,from_to,Enzyme–substrate/product,Protein,Metabolite
Q6PKH6,C13154,DHRS4,12-Dehydrocholic acid,NA,from_to,Enzyme–substrate/product,Protein,Metabolite
O75828,C13154,CBR3,12-Dehydrocholic acid,NA,from_to,Enzyme–substrate/product,Protein,Metabolite
P16152,C13154,CBR1,12-Dehydrocholic acid,NA,from_to,Enzyme–substrate/product,Protein,Metabolite
Q6NT55,C13154,CYP4F22,12-Dehydrocholic acid,NA,from_to,Enzyme–substrate/product,Protein,Metabolite
Q8TED1,C13154,GPX8,12-Dehydrocholic acid,NA,from_to,Enzyme–substrate/product,Protein,Metabolite
P36969,C13154,GPX4,12-Dehydrocholic acid,NA,from_to,Enzyme–substrate/product,Protein,Metabolite
P30041,C13154,PRDX6,12-Dehydrocholic acid,NA,from_to,Enzyme–substrate/product,Protein,Metabolite
P18283,C13154,GPX2,12-Dehydrocholic acid,NA,from_to,Enzyme–substrate/product,Protein,Metabolite
P07203,C13154,GPX1,12-Dehydrocholic acid,NA,from_to,Enzyme–substrate/product,Protein,Metabolite
P59796,C13154,GPX6,12-Dehydrocholic acid,NA,from_to,Enzyme–substrate/product,Protein,Metabolite
Q96SL4,C13154,GPX7,12-Dehydrocholic acid,NA,from_to,Enzyme–substrate/product,Protein,Metabolite
O75715,C13154,GPX5,12-Dehydrocholic acid,NA,from_to,Enzyme–substrate/product,Protein,Metabolite
P22352,C13154,GPX3,12-Dehydrocholic acid,NA,from_to,Enzyme–substrate/product,Protein,Metabolite
P35354,C13154,PTGS2,12-Dehydrocholic acid,NA,from_to,Enzyme–substrate/product,Protein,Metabolite
P23219,C13154,PTGS1,12-Dehydrocholic acid,NA,from_to,Enzyme–substrate/product,Protein,Metabolite
P09917,C13154,ALOX5,12-Dehydrocholic acid,NA,from_to,Enzyme–substrate/product,Protein,Metabolite
P18054,C13154,ALOX12,12-Dehydrocholic acid,NA,from_to,Enzyme–substrate/product,Protein,Metabolite
Q96CM8,C13154,ACSF2,12-Dehydrocholic acid,NA,from_to,Enzyme–substrate/product,Protein,Metabolite
Q4L235,C13154,AASDH,12-Dehydrocholic acid,NA,from_to,Enzyme–substrate/product,Protein,Metabolite
Q99714,C13154,HSD17B10,12-Dehydrocholic acid,NA,from_to,Enzyme–substrate/product,Protein,Metabolite
Q4G176,C13154,ACSF3,12-Dehydrocholic acid,NA,from_to,Enzyme–substrate/product,Protein,Metabolite
Q9UHK6,C13154,AMACR,12-Dehydrocholic acid,NA,from_to,Enzyme–substrate/product,Protein,Metabolite
Q53GQ0,C13154,HSD17B12,12-Dehydrocholic acid,NA,from_to,Enzyme–substrate/product,Protein,Metabolite
Q5HYJ1,C13154,TECRL,12-Dehydrocholic acid,NA,from_to,Enzyme–substrate/product,Protein,Metabolite
Q14914,C13154,PTGR1,12-Dehydrocholic acid,NA,from_to,Enzyme–substrate/product,Protein,Metabolite
O00519,C13154,FAAH,12-Dehydrocholic acid,NA,from_to,Enzyme–substrate/product,Protein,Metabolite
Q9UJ14,C13154,GGT7,12-Dehydrocholic acid,NA,from_to,Enzyme–substrate/product,Protein,Metabolite
P19440,C13154,GGT1,12-Dehydrocholic acid,NA,from_to,Enzyme–substrate/product,Protein,Metabolite
Q6P531,C13154,GGT6,12-Dehydrocholic acid,NA,from_to,Enzyme–substrate/product,Protein,Metabolite
P00325,C13154,ADH1B,12-Dehydrocholic acid,NA,from_to,Enzyme–substrate/product,Protein,Metabolite
P07327,C13154,ADH1A,12-Dehydrocholic acid,NA,from_to,Enzyme–substrate/product,Protein,Metabolite
P28332,C13154,ADH6,12-Dehydrocholic acid,NA,from_to,Enzyme–substrate/product,Protein,Metabolite
P40394,C13154,ADH7,12-Dehydrocholic acid,NA,from_to,Enzyme–substrate/product,Protein,Metabolite
Q8IWW8,C13154,ADHFE1,12-Dehydrocholic acid,NA,from_to,Enzyme–substrate/product,Protein,Metabolite
P08319,C13154,ADH4,12-Dehydrocholic acid,NA,from_to,Enzyme–substrate/product,Protein,Metabolite
Q16850,C13154,CYP51A1,12-Dehydrocholic acid,NA,from_to,Enzyme–substrate/product,Protein,Metabolite
Q96IV6,C13154,FAXDC2,12-Dehydrocholic acid,NA,from_to,Enzyme–substrate/product,Protein,Metabolite
P56937,C13154,HSD17B7,12-Dehydrocholic acid,NA,from_to,Enzyme–substrate/product,Protein,Metabolite
P14324,C13154,FDPS,12-Dehydrocholic acid,NA,from_to,Enzyme–substrate/product,Protein,Metabolite
Q14739,C13154,LBR,12-Dehydrocholic acid,NA,from_to,Enzyme–substrate/product,Protein,Metabolite
O76062,C13154,TM7SF2,12-Dehydrocholic acid,NA,from_to,Enzyme–substrate/product,Protein,Metabolite
Q02318,C13154,CYP27A1,12-Dehydrocholic acid,NA,from_to,Enzyme–substrate/product,Protein,Metabolite
Q9ULV0,C13154,MYO5B,12-Dehydrocholic acid,NA,from_to,Enzyme–substrate/product,Protein,Metabolite
P08842,C13154,STS,12-Dehydrocholic acid,NA,from_to,Enzyme–substrate/product,Protein,Metabolite
Q9NYL5,C13154,CYP39A1,12-Dehydrocholic acid,NA,from_to,Enzyme–substrate/product,Protein,Metabolite
Q9H2F3,C13154,HSD3B7,12-Dehydrocholic acid,NA,from_to,Enzyme–substrate/product,Protein,Metabolite
Q9UNU6,C13154,CYP8B1,12-Dehydrocholic acid,NA,from_to,Enzyme–substrate/product,Protein,Metabolite
P51857,C13154,AKR1D1,12-Dehydrocholic acid,NA,from_to,Enzyme–substrate/product,Protein,Metabolite
P17516,C13154,AKR1C4,12-Dehydrocholic acid,NA,from_to,Enzyme–substrate/product,Protein,Metabolite
O75881,C13154,CYP7B1,12-Dehydrocholic acid,NA,from_to,Enzyme–substrate/product,Protein,Metabolite
O60218,C13154,AKR1B10,12-Dehydrocholic acid,NA,from_to,Enzyme–substrate/product,Protein,Metabolite
P15121,C13154,AKR1B1,12-Dehydrocholic acid,NA,from_to,Enzyme–substrate/product,Protein,Metabolite
P14060,C13154,HSD3B1,12-Dehydrocholic acid,NA,from_to,Enzyme–substrate/product,Protein,Metabolite
P26439,C13154,HSD3B2,12-Dehydrocholic acid,NA,from_to,Enzyme–substrate/product,Protein,Metabolite
O00204,C13154,SULT2B1,12-Dehydrocholic acid,NA,from_to,Enzyme–substrate/product,Protein,Metabolite
P19099,C13154,CYP11B2,12-Dehydrocholic acid,NA,from_to,Enzyme–substrate/product,Protein,Metabolite
P07202,C13154,TPO,12-Dehydrocholic acid,NA,from_to,Enzyme–substrate/product,Protein,Metabolite
P05164,C13154,MPO,12-Dehydrocholic acid,NA,from_to,Enzyme–substrate/product,Protein,Metabolite
P11678,C13154,EPX,12-Dehydrocholic acid,NA,from_to,Enzyme–substrate/product,Protein,Metabolite
P22079,C13154,LPO,12-Dehydrocholic acid,NA,from_to,Enzyme–substrate/product,Protein,Metabolite
Q6ZWL3,C13154,CYP4V2,12-Dehydrocholic acid,NA,from_to,Enzyme–substrate/product,Protein,Metabolite
Q5VWC8,C13154,HACD4,12-Dehydrocholic acid,NA,from_to,Enzyme–substrate/product,Protein,Metabolite
Q9BW72,C13154,HIGD2A,12-Dehydrocholic acid,NA,from_to,Enzyme–substrate/product,Protein,Metabolite
Q9P035,C13154,HACD3,12-Dehydrocholic acid,NA,from_to,Enzyme–substrate/product,Protein,Metabolite
B0YJ81,C13154,HACD1,12-Dehydrocholic acid,NA,from_to,Enzyme–substrate/product,Protein,Metabolite
Q6Y1H2,C13154,HACD2,12-Dehydrocholic acid,NA,from_to,Enzyme–substrate/product,Protein,Metabolite
Q9NZ01,C13154,TECR,12-Dehydrocholic acid,NA,from_to,Enzyme–substrate/product,Protein,Metabolite
Q9HB03,C13154,ELOVL3,12-Dehydrocholic acid,NA,from_to,Enzyme–substrate/product,Protein,Metabolite
Q9BW60,C13154,ELOVL1,12-Dehydrocholic acid,NA,from_to,Enzyme–substrate/product,Protein,Metabolite
A1L3X0,C13154,ELOVL7,12-Dehydrocholic acid,NA,from_to,Enzyme–substrate/product,Protein,Metabolite
Q86SK9,C13154,SCD5,12-Dehydrocholic acid,NA,from_to,Enzyme–substrate/product,Protein,Metabolite
Q9Y5Q0,C13154,FADS3,12-Dehydrocholic acid,NA,from_to,Enzyme–substrate/product,Protein,Metabolite
Q99426,C13154,TBCB,12-Dehydrocholic acid,NA,from_to,Enzyme–substrate/product,Protein,Metabolite
Q8N8R3,C13154,SLC25A29,12-Dehydrocholic acid,NA,from_to,Enzyme–substrate/product,Protein,Metabolite
Q8IVM8,C13154,SLC22A9,12-Dehydrocholic acid,NA,from_to,Enzyme–substrate/product,Protein,Metabolite
O15245,C13154,SLC22A1,12-Dehydrocholic acid,NA,from_to,Enzyme–substrate/product,Protein,Metabolite
Q9H015,C13154,SLC22A4,12-Dehydrocholic acid,NA,from_to,Enzyme–substrate/product,Protein,Metabolite
Q99956,C13154,DUSP9,12-Dehydrocholic acid,NA,from_to,Enzyme–substrate/product,Protein,Metabolite
P51572,C13154,BCAP31,12-Dehydrocholic acid,NA,from_to,Enzyme–substrate/product,Protein,Metabolite
Q6P2M8,C13154,PNCK,12-Dehydrocholic acid,NA,from_to,Enzyme–substrate/product,Protein,Metabolite
Q9UPE1,C13154,SRPK3,12-Dehydrocholic acid,NA,from_to,Enzyme–substrate/product,Protein,Metabolite
P32004,C13154,L1CAM,12-Dehydrocholic acid,NA,from_to,Enzyme–substrate/product,Protein,Metabolite
Q9ULL4,C13154,PLXNB3,12-Dehydrocholic acid,NA,from_to,Enzyme–substrate/product,Protein,Metabolite
P51553,C13154,IDH3G,12-Dehydrocholic acid,NA,from_to,Enzyme–substrate/product,Protein,Metabolite
Q76G19,C13154,PDZD4,12-Dehydrocholic acid,NA,from_to,Enzyme–substrate/product,Protein,Metabolite
P51571,C13154,SSR4,12-Dehydrocholic acid,NA,from_to,Enzyme–substrate/product,Protein,Metabolite
P48029,C13154,SLC6A8,12-Dehydrocholic acid,NA,from_to,Enzyme–substrate/product,Protein,Metabolite
Q9H845,C13154,ACAD9,12-Dehydrocholic acid,NA,from_to,Enzyme–substrate/product,Protein,Metabolite
P28330,C13154,ACADL,12-Dehydrocholic acid,NA,from_to,Enzyme–substrate/product,Protein,Metabolite
P45954,C13154,ACADSB,12-Dehydrocholic acid,NA,from_to,Enzyme–substrate/product,Protein,Metabolite
Q5SY16,C13154,NOL9,12-Dehydrocholic acid,NA,from_to,Enzyme–substrate/product,Protein,Metabolite
Q96C11,C13154,FGGY,12-Dehydrocholic acid,NA,from_to,Enzyme–substrate/product,Protein,Metabolite
Q9HA64,C13154,FN3KRP,12-Dehydrocholic acid,NA,from_to,Enzyme–substrate/product,Protein,Metabolite
Q9H479,C13154,FN3K,12-Dehydrocholic acid,NA,from_to,Enzyme–substrate/product,Protein,Metabolite
O75063,C13154,FAM20B,12-Dehydrocholic acid,NA,from_to,Enzyme–substrate/product,Protein,Metabolite
Q96RP7,C13154,GAL3ST4,12-Dehydrocholic acid,NA,from_to,Enzyme–substrate/product,Protein,Metabolite
Q8NCG5,C13154,CHST4,12-Dehydrocholic acid,NA,from_to,Enzyme–substrate/product,Protein,Metabolite
Q7LGA3,C13154,HS2ST1,12-Dehydrocholic acid,NA,from_to,Enzyme–substrate/product,Protein,Metabolite
O00338,C13154,SULT1C2,12-Dehydrocholic acid,NA,from_to,Enzyme–substrate/product,Protein,Metabolite
Q9H2A9,C13154,CHST8,12-Dehydrocholic acid,NA,from_to,Enzyme–substrate/product,Protein,Metabolite
Q96MM7,C13154,HS6ST2,12-Dehydrocholic acid,NA,from_to,Enzyme–substrate/product,Protein,Metabolite
Q9GZX3,C13154,CHST6,12-Dehydrocholic acid,NA,from_to,Enzyme–substrate/product,Protein,Metabolite
O60243,C13154,HS6ST1,12-Dehydrocholic acid,NA,from_to,Enzyme–substrate/product,Protein,Metabolite
Q7L1S5,C13154,CHST9,12-Dehydrocholic acid,NA,from_to,Enzyme–substrate/product,Protein,Metabolite
O75897,C13154,SULT1C4,12-Dehydrocholic acid,NA,from_to,Enzyme–substrate/product,Protein,Metabolite
O43529,C13154,CHST10,12-Dehydrocholic acid,NA,from_to,Enzyme–substrate/product,Protein,Metabolite
Q9H3Q3,C13154,GAL3ST2,12-Dehydrocholic acid,NA,from_to,Enzyme–substrate/product,Protein,Metabolite
Q9Y2C2,C13154,UST,12-Dehydrocholic acid,NA,from_to,Enzyme–substrate/product,Protein,Metabolite
Q9GZS9,C13154,CHST5,12-Dehydrocholic acid,NA,from_to,Enzyme–substrate/product,Protein,Metabolite
Q96A11,C13154,GAL3ST3,12-Dehydrocholic acid,NA,from_to,Enzyme–substrate/product,Protein,Metabolite
Q9BR01,C13154,SULT4A1,12-Dehydrocholic acid,NA,from_to,Enzyme–substrate/product,Protein,Metabolite
Q9NS84,C13154,CHST7,12-Dehydrocholic acid,NA,from_to,Enzyme–substrate/product,Protein,Metabolite
Q9Y4C5,C13154,CHST2,12-Dehydrocholic acid,NA,from_to,Enzyme–substrate/product,Protein,Metabolite
O43704,C13154,SULT1B1,12-Dehydrocholic acid,NA,from_to,Enzyme–substrate/product,Protein,Metabolite
Q8IZP7,C13154,HS6ST3,12-Dehydrocholic acid,NA,from_to,Enzyme–substrate/product,Protein,Metabolite
P13497,C13154,BMP1,12-Dehydrocholic acid,NA,from_to,Enzyme–substrate/product,Protein,Metabolite
P01130,C13154,LDLR,12-Dehydrocholic acid,NA,from_to,Enzyme–substrate/product,Protein,Metabolite
Q9UBR2,C13154,CTSZ,12-Dehydrocholic acid,NA,from_to,Enzyme–substrate/product,Protein,Metabolite
P43234,C13154,CTSO,12-Dehydrocholic acid,NA,from_to,Enzyme–substrate/product,Protein,Metabolite
P25774,C13154,CTSS,12-Dehydrocholic acid,NA,from_to,Enzyme–substrate/product,Protein,Metabolite
P09668,C13154,CTSH,12-Dehydrocholic acid,NA,from_to,Enzyme–substrate/product,Protein,Metabolite
O60911,C13154,CTSV,12-Dehydrocholic acid,NA,from_to,Enzyme–substrate/product,Protein,Metabolite
P43235,C13154,CTSK,12-Dehydrocholic acid,NA,from_to,Enzyme–substrate/product,Protein,Metabolite
P14091,C13154,CTSE,12-Dehydrocholic acid,NA,from_to,Enzyme–substrate/product,Protein,Metabolite
P07711,C13154,CTSL,12-Dehydrocholic acid,NA,from_to,Enzyme–substrate/product,Protein,Metabolite
P53634,C13154,CTSC,12-Dehydrocholic acid,NA,from_to,Enzyme–substrate/product,Protein,Metabolite
P07858,C13154,CTSB,12-Dehydrocholic acid,NA,from_to,Enzyme–substrate/product,Protein,Metabolite
P07339,C13154,CTSD,12-Dehydrocholic acid,NA,from_to,Enzyme–substrate/product,Protein,Metabolite
Q99538,C13154,LGMN,12-Dehydrocholic acid,NA,from_to,Enzyme–substrate/product,Protein,Metabolite
O96009,C13154,NAPSA,12-Dehydrocholic acid,NA,from_to,Enzyme–substrate/product,Protein,Metabolite
P08311,C13154,CTSG,12-Dehydrocholic acid,NA,from_to,Enzyme–substrate/product,Protein,Metabolite
Q9UBX1,C13154,CTSF,12-Dehydrocholic acid,NA,from_to,Enzyme–substrate/product,Protein,Metabolite
P56202,C13154,CTSW,12-Dehydrocholic acid,NA,from_to,Enzyme–substrate/product,Protein,Metabolite
Q8IXJ6,C13154,SIRT2,12-Dehydrocholic acid,NA,from_to,Enzyme–substrate/product,Protein,Metabolite
Q96AB6,C13154,NTAN1,12-Dehydrocholic acid,NA,from_to,Enzyme–substrate/product,Protein,Metabolite
Q02083,C13154,NAAA,12-Dehydrocholic acid,NA,from_to,Enzyme–substrate/product,Protein,Metabolite
Q9NXA8,C13154,SIRT5,12-Dehydrocholic acid,NA,from_to,Enzyme–substrate/product,Protein,Metabolite
Q96HD9,C13154,ACY3,12-Dehydrocholic acid,NA,from_to,Enzyme–substrate/product,Protein,Metabolite
Q96HA8,C13154,WDYHV1,12-Dehydrocholic acid,NA,from_to,Enzyme–substrate/product,Protein,Metabolite
Q9BQ69,C13154,MACROD1,12-Dehydrocholic acid,NA,from_to,Enzyme–substrate/product,Protein,Metabolite
Q9NRC8,C13154,SIRT7,12-Dehydrocholic acid,NA,from_to,Enzyme–substrate/product,Protein,Metabolite
Q8N6T7,C13154,SIRT6,12-Dehydrocholic acid,NA,from_to,Enzyme–substrate/product,Protein,Metabolite
Q9NTG7,C13154,SIRT3,12-Dehydrocholic acid,NA,from_to,Enzyme–substrate/product,Protein,Metabolite
Q96EB6,C13154,SIRT1,12-Dehydrocholic acid,NA,from_to,Enzyme–substrate/product,Protein,Metabolite
Q9Y530,C13154,OARD1,12-Dehydrocholic acid,NA,from_to,Enzyme–substrate/product,Protein,Metabolite
A1Z1Q3,C13154,MACROD2,12-Dehydrocholic acid,NA,from_to,Enzyme–substrate/product,Protein,Metabolite
Q9Y234,C13154,LIPT1,12-Dehydrocholic acid,NA,from_to,Enzyme–substrate/product,Protein,Metabolite
A6NK58,C13154,LIPT2,12-Dehydrocholic acid,NA,from_to,Enzyme–substrate/product,Protein,Metabolite
Q7LBE3,C13154,SLC26A9,12-Dehydrocholic acid,NA,from_to,Enzyme–substrate/product,Protein,Metabolite
Q8TE54,C13154,SLC26A7,12-Dehydrocholic acid,NA,from_to,Enzyme–substrate/product,Protein,Metabolite
P50443,C13154,SLC26A2,12-Dehydrocholic acid,NA,from_to,Enzyme–substrate/product,Protein,Metabolite
Q96RN1,C13154,SLC26A8,12-Dehydrocholic acid,NA,from_to,Enzyme–substrate/product,Protein,Metabolite
Q5T9C9,C13154,PIP5KL1,12-Dehydrocholic acid,NA,from_to,Enzyme–substrate/product,Protein,Metabolite
O60331,C13154,PIP5K1C,12-Dehydrocholic acid,NA,from_to,Enzyme–substrate/product,Protein,Metabolite
O14986,C13154,PIP5K1B,12-Dehydrocholic acid,NA,from_to,Enzyme–substrate/product,Protein,Metabolite
Q99755,C13154,PIP5K1A,12-Dehydrocholic acid,NA,from_to,Enzyme–substrate/product,Protein,Metabolite
P60484,C13154,PTEN,12-Dehydrocholic acid,NA,from_to,Enzyme–substrate/product,Protein,Metabolite
Q6XPS3,C13154,TPTE2,12-Dehydrocholic acid,NA,from_to,Enzyme–substrate/product,Protein,Metabolite
P50120,C13154,RBP2,12-Dehydrocholic acid,NA,from_to,Enzyme–substrate/product,Protein,Metabolite
P09455,C13154,RBP1,12-Dehydrocholic acid,NA,from_to,Enzyme–substrate/product,Protein,Metabolite
Q6E213,C13154,AWAT2,12-Dehydrocholic acid,NA,from_to,Enzyme–substrate/product,Protein,Metabolite
O95237,C13154,LRAT,12-Dehydrocholic acid,NA,from_to,Enzyme–substrate/product,Protein,Metabolite
Q58HT5,C13154,AWAT1,12-Dehydrocholic acid,NA,from_to,Enzyme–substrate/product,Protein,Metabolite
P02753,C13154,RBP4,12-Dehydrocholic acid,NA,from_to,Enzyme–substrate/product,Protein,Metabolite
Q6NT32,C13154,CES5A,12-Dehydrocholic acid,NA,from_to,Enzyme–substrate/product,Protein,Metabolite
Q6UWW8,C13154,CES3,12-Dehydrocholic acid,NA,from_to,Enzyme–substrate/product,Protein,Metabolite
P23141,C13154,CES1,12-Dehydrocholic acid,NA,from_to,Enzyme–substrate/product,Protein,Metabolite
Q16518,C13154,RPE65,12-Dehydrocholic acid,NA,from_to,Enzyme–substrate/product,Protein,Metabolite
Q9NR63,C13154,CYP26B1,12-Dehydrocholic acid,NA,from_to,Enzyme–substrate/product,Protein,Metabolite
P36537,C13154,UGT2B10,12-Dehydrocholic acid,NA,from_to,Enzyme–substrate/product,Protein,Metabolite
P35504,C13154,UGT1A5,12-Dehydrocholic acid,NA,from_to,Enzyme–substrate/product,Protein,Metabolite
Q9BY64,C13154,UGT2B28,12-Dehydrocholic acid,NA,from_to,Enzyme–substrate/product,Protein,Metabolite
O75795,C13154,UGT2B17,12-Dehydrocholic acid,NA,from_to,Enzyme–substrate/product,Protein,Metabolite
P54855,C13154,UGT2B15,12-Dehydrocholic acid,NA,from_to,Enzyme–substrate/product,Protein,Metabolite
Q9HAW8,C13154,UGT1A10,12-Dehydrocholic acid,NA,from_to,Enzyme–substrate/product,Protein,Metabolite
O75310,C13154,UGT2B11,12-Dehydrocholic acid,NA,from_to,Enzyme–substrate/product,Protein,Metabolite
Q6NUS8,C13154,UGT3A1,12-Dehydrocholic acid,NA,from_to,Enzyme–substrate/product,Protein,Metabolite
Q3SY77,C13154,UGT3A2,12-Dehydrocholic acid,NA,from_to,Enzyme–substrate/product,Protein,Metabolite
P55073,C13154,DIO3,12-Dehydrocholic acid,NA,from_to,Enzyme–substrate/product,Protein,Metabolite
Q92813,C13154,DIO2,12-Dehydrocholic acid,NA,from_to,Enzyme–substrate/product,Protein,Metabolite
P49895,C13154,DIO1,12-Dehydrocholic acid,NA,from_to,Enzyme–substrate/product,Protein,Metabolite
Q5HYK3,C13154,COQ5,12-Dehydrocholic acid,NA,from_to,Enzyme–substrate/product,Protein,Metabolite
P09210,C13154,GSTA2,12-Dehydrocholic acid,NA,from_to,Enzyme–substrate/product,Protein,Metabolite
Q16772,C13154,GSTA3,12-Dehydrocholic acid,NA,from_to,Enzyme–substrate/product,Protein,Metabolite
O14880,C13154,MGST3,12-Dehydrocholic acid,NA,from_to,Enzyme–substrate/product,Protein,Metabolite
P09211,C13154,GSTP1,12-Dehydrocholic acid,NA,from_to,Enzyme–substrate/product,Protein,Metabolite
O15217,C13154,GSTA4,12-Dehydrocholic acid,NA,from_to,Enzyme–substrate/product,Protein,Metabolite
Q9H4Y5,C13154,GSTO2,12-Dehydrocholic acid,NA,from_to,Enzyme–substrate/product,Protein,Metabolite
Q03013,C13154,GSTM4,12-Dehydrocholic acid,NA,from_to,Enzyme–substrate/product,Protein,Metabolite
P78417,C13154,GSTO1,12-Dehydrocholic acid,NA,from_to,Enzyme–substrate/product,Protein,Metabolite
Q99735,C13154,MGST2,12-Dehydrocholic acid,NA,from_to,Enzyme–substrate/product,Protein,Metabolite
P08263,C13154,GSTA1,12-Dehydrocholic acid,NA,from_to,Enzyme–substrate/product,Protein,Metabolite
P21266,C13154,GSTM3,12-Dehydrocholic acid,NA,from_to,Enzyme–substrate/product,Protein,Metabolite
P30711,C13154,GSTT1,12-Dehydrocholic acid,NA,from_to,Enzyme–substrate/product,Protein,Metabolite
P10620,C13154,MGST1,12-Dehydrocholic acid,NA,from_to,Enzyme–substrate/product,Protein,Metabolite
P09488,C13154,GSTM1,12-Dehydrocholic acid,NA,from_to,Enzyme–substrate/product,Protein,Metabolite
P46439,C13154,GSTM5,12-Dehydrocholic acid,NA,from_to,Enzyme–substrate/product,Protein,Metabolite
Q7RTV2,C13154,GSTA5,12-Dehydrocholic acid,NA,from_to,Enzyme–substrate/product,Protein,Metabolite
P0CG30,C13154,GSTT2,12-Dehydrocholic acid,NA,from_to,Enzyme–substrate/product,Protein,Metabolite
P0CG29,C13154,GSTT2,12-Dehydrocholic acid,NA,from_to,Enzyme–substrate/product,Protein,Metabolite
Q9Y2Q3,C13154,GSTK1,12-Dehydrocholic acid,NA,from_to,Enzyme–substrate/product,Protein,Metabolite
P42330,C13154,AKR1C3,12-Dehydrocholic acid,NA,from_to,Enzyme–substrate/product,Protein,Metabolite
Q9UQ10,C13154,DHDH,12-Dehydrocholic acid,NA,from_to,Enzyme–substrate/product,Protein,Metabolite
Q04828,C13154,AKR1C1,12-Dehydrocholic acid,NA,from_to,Enzyme–substrate/product,Protein,Metabolite
P52895,C13154,AKR1C2,12-Dehydrocholic acid,NA,from_to,Enzyme–substrate/product,Protein,Metabolite
Q9NNW7,C13154,TXNRD2,12-Dehydrocholic acid,NA,from_to,Enzyme–substrate/product,Protein,Metabolite
P32929,C13154,CTH,12-Dehydrocholic acid,NA,from_to,Enzyme–substrate/product,Protein,Metabolite
Q96I15,C13154,SCLY,12-Dehydrocholic acid,NA,from_to,Enzyme–substrate/product,Protein,Metabolite
Q9UHG3,C13154,PCYOX1,12-Dehydrocholic acid,NA,from_to,Enzyme–substrate/product,Protein,Metabolite
Q92535,C13154,PIGC,12-Dehydrocholic acid,NA,from_to,Enzyme–substrate/product,Protein,Metabolite
Q14442,C13154,PIGH,12-Dehydrocholic acid,NA,from_to,Enzyme–substrate/product,Protein,Metabolite
Q96I23,C13154,PYURF,12-Dehydrocholic acid,NA,from_to,Enzyme–substrate/product,Protein,Metabolite
P37287,C13154,PIGA,12-Dehydrocholic acid,NA,from_to,Enzyme–substrate/product,Protein,Metabolite
P57054,C13154,PIGP,12-Dehydrocholic acid,NA,from_to,Enzyme–substrate/product,Protein,Metabolite
Q3MUY2,C13154,PIGY,12-Dehydrocholic acid,NA,from_to,Enzyme–substrate/product,Protein,Metabolite
Q9BRB3,C13154,PIGQ,12-Dehydrocholic acid,NA,from_to,Enzyme–substrate/product,Protein,Metabolite
P80108,C13154,GPLD1,12-Dehydrocholic acid,NA,from_to,Enzyme–substrate/product,Protein,Metabolite
Q09328,C13154,MGAT5,12-Dehydrocholic acid,NA,from_to,Enzyme–substrate/product,Protein,Metabolite
Q9BZW2,C13154,SLC13A1,12-Dehydrocholic acid,NA,from_to,Enzyme–substrate/product,Protein,Metabolite
Q6UWQ5,C13154,LYZL1,12-Dehydrocholic acid,NA,from_to,Enzyme–substrate/product,Protein,Metabolite
P48147,C13154,PREP,12-Dehydrocholic acid,NA,from_to,Enzyme–substrate/product,Protein,Metabolite
Q9HAT2,C13154,SIAE,12-Dehydrocholic acid,NA,from_to,Enzyme–substrate/product,Protein,Metabolite
P04118,C13154,CLPS,12-Dehydrocholic acid,NA,from_to,Enzyme–substrate/product,Protein,Metabolite
Q96JW4,C13154,SLC41A2,12-Dehydrocholic acid,NA,from_to,Enzyme–substrate/product,Protein,Metabolite
Q8IVJ1,C13154,SLC41A1,12-Dehydrocholic acid,NA,from_to,Enzyme–substrate/product,Protein,Metabolite
O15431,C13154,SLC31A1,12-Dehydrocholic acid,NA,from_to,Enzyme–substrate/product,Protein,Metabolite
Q9NSD5,C13154,SLC6A13,12-Dehydrocholic acid,NA,from_to,Enzyme–substrate/product,Protein,Metabolite
P30531,C13154,SLC6A1,12-Dehydrocholic acid,NA,from_to,Enzyme–substrate/product,Protein,Metabolite
P48066,C13154,SLC6A11,12-Dehydrocholic acid,NA,from_to,Enzyme–substrate/product,Protein,Metabolite
Q99884,C13154,SLC6A7,12-Dehydrocholic acid,NA,from_to,Enzyme–substrate/product,Protein,Metabolite
Q9GZV3,C13154,SLC5A7,12-Dehydrocholic acid,NA,from_to,Enzyme–substrate/product,Protein,Metabolite
P51688,C13154,SGSH,12-Dehydrocholic acid,NA,from_to,Enzyme–substrate/product,Protein,Metabolite
P35475,C13154,IDUA,12-Dehydrocholic acid,NA,from_to,Enzyme–substrate/product,Protein,Metabolite
Q9UHW9,C13154,SLC12A6,12-Dehydrocholic acid,NA,from_to,Enzyme–substrate/product,Protein,Metabolite
Q9UP95,C13154,SLC12A4,12-Dehydrocholic acid,NA,from_to,Enzyme–substrate/product,Protein,Metabolite
Q9Y666,C13154,SLC12A7,12-Dehydrocholic acid,NA,from_to,Enzyme–substrate/product,Protein,Metabolite
Q9H2X9,C13154,SLC12A5,12-Dehydrocholic acid,NA,from_to,Enzyme–substrate/product,Protein,Metabolite
P50053,C13154,KHK,12-Dehydrocholic acid,NA,from_to,Enzyme–substrate/product,Protein,Metabolite
P28838,C13154,LAP3,12-Dehydrocholic acid,NA,from_to,Enzyme–substrate/product,Protein,Metabolite
Q9P0Z9,C13154,PIPOX,12-Dehydrocholic acid,NA,from_to,Enzyme–substrate/product,Protein,Metabolite
P49641,C13154,MAN2A2,12-Dehydrocholic acid,NA,from_to,Enzyme–substrate/product,Protein,Metabolite
Q16706,C13154,MAN2A1,12-Dehydrocholic acid,NA,from_to,Enzyme–substrate/product,Protein,Metabolite
P26572,C13154,MGAT1,12-Dehydrocholic acid,NA,from_to,Enzyme–substrate/product,Protein,Metabolite
Q9UQ53,C13154,MGAT4B,12-Dehydrocholic acid,NA,from_to,Enzyme–substrate/product,Protein,Metabolite
Q9UM21,C13154,MGAT4A,12-Dehydrocholic acid,NA,from_to,Enzyme–substrate/product,Protein,Metabolite
Q10469,C13154,MGAT2,12-Dehydrocholic acid,NA,from_to,Enzyme–substrate/product,Protein,Metabolite
Q9UKM7,C13154,MAN1B1,12-Dehydrocholic acid,NA,from_to,Enzyme–substrate/product,Protein,Metabolite
Q13724,C13154,MOGS,12-Dehydrocholic acid,NA,from_to,Enzyme–substrate/product,Protein,Metabolite
O60476,C13154,MAN1A2,12-Dehydrocholic acid,NA,from_to,Enzyme–substrate/product,Protein,Metabolite
P33908,C13154,MAN1A1,12-Dehydrocholic acid,NA,from_to,Enzyme–substrate/product,Protein,Metabolite
Q9NR34,C13154,MAN1C1,12-Dehydrocholic acid,NA,from_to,Enzyme–substrate/product,Protein,Metabolite
P15559,C13154,NQO1,12-Dehydrocholic acid,NA,from_to,Enzyme–substrate/product,Protein,Metabolite
P17050,C13154,NAGA,12-Dehydrocholic acid,NA,from_to,Enzyme–substrate/product,Protein,Metabolite
Q2Y0W8,C13154,SLC4A8,12-Dehydrocholic acid,NA,from_to,Enzyme–substrate/product,Protein,Metabolite
Q6U841,C13154,SLC4A10,12-Dehydrocholic acid,NA,from_to,Enzyme–substrate/product,Protein,Metabolite
P55017,C13154,SLC12A3,12-Dehydrocholic acid,NA,from_to,Enzyme–substrate/product,Protein,Metabolite
P55011,C13154,SLC12A2,12-Dehydrocholic acid,NA,from_to,Enzyme–substrate/product,Protein,Metabolite
Q13621,C13154,SLC12A1,12-Dehydrocholic acid,NA,from_to,Enzyme–substrate/product,Protein,Metabolite
O75106,C13154,AOC2,12-Dehydrocholic acid,NA,from_to,Enzyme–substrate/product,Protein,Metabolite
Q16853,C13154,AOC3,12-Dehydrocholic acid,NA,from_to,Enzyme–substrate/product,Protein,Metabolite
P14410,C13154,SI,12-Dehydrocholic acid,NA,from_to,Enzyme–substrate/product,Protein,Metabolite
P12694,C13154,BCKDHA,12-Dehydrocholic acid,NA,from_to,Enzyme–substrate/product,Protein,Metabolite
P21953,C13154,BCKDHB,12-Dehydrocholic acid,NA,from_to,Enzyme–substrate/product,Protein,Metabolite
O60312,C13154,ATP10A,12-Dehydrocholic acid,NA,from_to,Enzyme–substrate/product,Protein,Metabolite
O43520,C13154,ATP8B1,12-Dehydrocholic acid,NA,from_to,Enzyme–substrate/product,Protein,Metabolite
P98198,C13154,ATP8B2,12-Dehydrocholic acid,NA,from_to,Enzyme–substrate/product,Protein,Metabolite
P98196,C13154,ATP11A,12-Dehydrocholic acid,NA,from_to,Enzyme–substrate/product,Protein,Metabolite
Q8NB49,C13154,ATP11C,12-Dehydrocholic acid,NA,from_to,Enzyme–substrate/product,Protein,Metabolite
Q9Y2Q0,C13154,ATP8A1,12-Dehydrocholic acid,NA,from_to,Enzyme–substrate/product,Protein,Metabolite
Q99758,C13154,ABCA3,12-Dehydrocholic acid,NA,from_to,Enzyme–substrate/product,Protein,Metabolite
Q8WUK0,C13154,PTPMT1,12-Dehydrocholic acid,NA,from_to,Enzyme–substrate/product,Protein,Metabolite
Q9BYF1,C13154,ACE2,12-Dehydrocholic acid,NA,from_to,Enzyme–substrate/product,Protein,Metabolite
O14832,C13154,PHYH,12-Dehydrocholic acid,NA,from_to,Enzyme–substrate/product,Protein,Metabolite
O00459,C13154,PIK3R2,12-Dehydrocholic acid,NA,from_to,Enzyme–substrate/product,Protein,Metabolite
P27986,C13154,PIK3R1,12-Dehydrocholic acid,NA,from_to,Enzyme–substrate/product,Protein,Metabolite
O75747,C13154,PIK3C2G,12-Dehydrocholic acid,NA,from_to,Enzyme–substrate/product,Protein,Metabolite
P42336,C13154,PIK3CA,12-Dehydrocholic acid,NA,from_to,Enzyme–substrate/product,Protein,Metabolite
Q9UBK5,C13154,HCST,12-Dehydrocholic acid,NA,from_to,Enzyme–substrate/product,Protein,Metabolite
O00329,C13154,PIK3CD,12-Dehydrocholic acid,NA,from_to,Enzyme–substrate/product,Protein,Metabolite
O00443,C13154,PIK3C2A,12-Dehydrocholic acid,NA,from_to,Enzyme–substrate/product,Protein,Metabolite
Q8WYR1,C13154,PIK3R5,12-Dehydrocholic acid,NA,from_to,Enzyme–substrate/product,Protein,Metabolite
Q92569,C13154,PIK3R3,12-Dehydrocholic acid,NA,from_to,Enzyme–substrate/product,Protein,Metabolite
O00750,C13154,PIK3C2B,12-Dehydrocholic acid,NA,from_to,Enzyme–substrate/product,Protein,Metabolite
Q8NEB9,C13154,PIK3C3,12-Dehydrocholic acid,NA,from_to,Enzyme–substrate/product,Protein,Metabolite
P48736,C13154,PIK3CG,12-Dehydrocholic acid,NA,from_to,Enzyme–substrate/product,Protein,Metabolite
P42338,C13154,PIK3CB,12-Dehydrocholic acid,NA,from_to,Enzyme–substrate/product,Protein,Metabolite
P42356,C13154,PI4KA,12-Dehydrocholic acid,NA,from_to,Enzyme–substrate/product,Protein,Metabolite
Q9UBF8,C13154,PI4KB,12-Dehydrocholic acid,NA,from_to,Enzyme–substrate/product,Protein,Metabolite
Q9BTU6,C13154,PI4K2A,12-Dehydrocholic acid,NA,from_to,Enzyme–substrate/product,Protein,Metabolite
Q15005,C13154,SPCS2,12-Dehydrocholic acid,NA,from_to,Enzyme–substrate/product,Protein,Metabolite
P67812,C13154,SEC11A,12-Dehydrocholic acid,NA,from_to,Enzyme–substrate/product,Protein,Metabolite
Q9Y6A9,C13154,SPCS1,12-Dehydrocholic acid,NA,from_to,Enzyme–substrate/product,Protein,Metabolite
P61009,C13154,SPCS3,12-Dehydrocholic acid,NA,from_to,Enzyme–substrate/product,Protein,Metabolite
Q9BY50,C13154,SEC11C,12-Dehydrocholic acid,NA,from_to,Enzyme–substrate/product,Protein,Metabolite
P28288,C13154,ABCD3,12-Dehydrocholic acid,NA,from_to,Enzyme–substrate/product,Protein,Metabolite
P48651,C13154,PTDSS1,12-Dehydrocholic acid,NA,from_to,Enzyme–substrate/product,Protein,Metabolite
Q9BVG9,C13154,PTDSS2,12-Dehydrocholic acid,NA,from_to,Enzyme–substrate/product,Protein,Metabolite
Q92781,C13154,RDH5,12-Dehydrocholic acid,NA,from_to,Enzyme–substrate/product,Protein,Metabolite
P50914,C13154,RPL14,12-Dehydrocholic acid,NA,from_to,Enzyme–substrate/product,Protein,Metabolite
Q9Y4K0,C13154,LOXL2,12-Dehydrocholic acid,NA,from_to,Enzyme–substrate/product,Protein,Metabolite
Q9BW66,C13154,CINP,12-Dehydrocholic acid,NA,from_to,Enzyme–substrate/product,Protein,Metabolite
Q9BW71,C13154,HIRIP3,12-Dehydrocholic acid,NA,from_to,Enzyme–substrate/product,Protein,Metabolite
P19801,C13154,AOC1,12-Dehydrocholic acid,NA,from_to,Enzyme–substrate/product,Protein,Metabolite
Q9BYT8,C13154,NLN,12-Dehydrocholic acid,NA,from_to,Enzyme–substrate/product,Protein,Metabolite
P78356,C13154,PIP4K2B,12-Dehydrocholic acid,NA,from_to,Enzyme–substrate/product,Protein,Metabolite
Q8TBX8,C13154,PIP4K2C,12-Dehydrocholic acid,NA,from_to,Enzyme–substrate/product,Protein,Metabolite
P48426,C13154,PIP4K2A,12-Dehydrocholic acid,NA,from_to,Enzyme–substrate/product,Protein,Metabolite
O43708,C13154,GSTZ1,12-Dehydrocholic acid,NA,from_to,Enzyme–substrate/product,Protein,Metabolite
P61457,C13154,PCBD1,12-Dehydrocholic acid,NA,from_to,Enzyme–substrate/product,Protein,Metabolite
Q9H0N5,C13154,PCBD2,12-Dehydrocholic acid,NA,from_to,Enzyme–substrate/product,Protein,Metabolite
O43174,C13154,CYP26A1,12-Dehydrocholic acid,NA,from_to,Enzyme–substrate/product,Protein,Metabolite
Q8N159,C13154,NAGS,12-Dehydrocholic acid,NA,from_to,Enzyme–substrate/product,Protein,Metabolite
P23946,C13154,CMA1,12-Dehydrocholic acid,NA,from_to,Enzyme–substrate/product,Protein,Metabolite
Q8N4T0,C13154,CPA6,12-Dehydrocholic acid,NA,from_to,Enzyme–substrate/product,Protein,Metabolite
P15085,C13154,CPA1,12-Dehydrocholic acid,NA,from_to,Enzyme–substrate/product,Protein,Metabolite
Q8WXQ8,C13154,CPA5,12-Dehydrocholic acid,NA,from_to,Enzyme–substrate/product,Protein,Metabolite
P48052,C13154,CPA2,12-Dehydrocholic acid,NA,from_to,Enzyme–substrate/product,Protein,Metabolite
P20231,C13154,TPSAB1,12-Dehydrocholic acid,NA,from_to,Enzyme–substrate/product,Protein,Metabolite
Q15661,C13154,TPSAB1,12-Dehydrocholic acid,NA,from_to,Enzyme–substrate/product,Protein,Metabolite
Q9BZJ3,C13154,TPSD1,12-Dehydrocholic acid,NA,from_to,Enzyme–substrate/product,Protein,Metabolite
Q9UKU6,C13154,TRHDE,12-Dehydrocholic acid,NA,from_to,Enzyme–substrate/product,Protein,Metabolite
P41227,C13154,NAA10,12-Dehydrocholic acid,NA,from_to,Enzyme–substrate/product,Protein,Metabolite
P12821,C13154,ACE,12-Dehydrocholic acid,NA,from_to,Enzyme–substrate/product,Protein,Metabolite
Q9HCC0,C13154,MCCC2,12-Dehydrocholic acid,NA,from_to,Enzyme–substrate/product,Protein,Metabolite
Q96RQ3,C13154,MCCC1,12-Dehydrocholic acid,NA,from_to,Enzyme–substrate/product,Protein,Metabolite
Q9UEF7,C13154,KL,12-Dehydrocholic acid,NA,from_to,Enzyme–substrate/product,Protein,Metabolite
Q16880,C13154,UGT8,12-Dehydrocholic acid,NA,from_to,Enzyme–substrate/product,Protein,Metabolite
Q99424,C13154,ACOX2,12-Dehydrocholic acid,NA,from_to,Enzyme–substrate/product,Protein,Metabolite
P30838,C13154,ALDH3A1,12-Dehydrocholic acid,NA,from_to,Enzyme–substrate/product,Protein,Metabolite
P14679,C13154,TYR,12-Dehydrocholic acid,NA,from_to,Enzyme–substrate/product,Protein,Metabolite
Q15185,C13154,PTGES3,12-Dehydrocholic acid,NA,from_to,Enzyme–substrate/product,Protein,Metabolite
Q11201,C13154,ST3GAL1,12-Dehydrocholic acid,NA,from_to,Enzyme–substrate/product,Protein,Metabolite
Q16842,C13154,ST3GAL2,12-Dehydrocholic acid,NA,from_to,Enzyme–substrate/product,Protein,Metabolite
Q11206,C13154,ST3GAL4,12-Dehydrocholic acid,NA,from_to,Enzyme–substrate/product,Protein,Metabolite
Q11203,C13154,ST3GAL3,12-Dehydrocholic acid,NA,from_to,Enzyme–substrate/product,Protein,Metabolite
P22304,C13154,IDS,12-Dehydrocholic acid,NA,from_to,Enzyme–substrate/product,Protein,Metabolite
Q9Y661,C13154,HS3ST4,12-Dehydrocholic acid,NA,from_to,Enzyme–substrate/product,Protein,Metabolite
Q8IZT8,C13154,HS3ST5,12-Dehydrocholic acid,NA,from_to,Enzyme–substrate/product,Protein,Metabolite
O14792,C13154,HS3ST1,12-Dehydrocholic acid,NA,from_to,Enzyme–substrate/product,Protein,Metabolite
Q9Y278,C13154,HS3ST2,12-Dehydrocholic acid,NA,from_to,Enzyme–substrate/product,Protein,Metabolite
Q9Y662,C13154,HS3ST3B1,12-Dehydrocholic acid,NA,from_to,Enzyme–substrate/product,Protein,Metabolite
Q96QI5,C13154,HS3ST6,12-Dehydrocholic acid,NA,from_to,Enzyme–substrate/product,Protein,Metabolite
Q9Y663,C13154,HS3ST3A1,12-Dehydrocholic acid,NA,from_to,Enzyme–substrate/product,Protein,Metabolite
Q8NET6,C13154,CHST13,12-Dehydrocholic acid,NA,from_to,Enzyme–substrate/product,Protein,Metabolite
Q9NPF2,C13154,CHST11,12-Dehydrocholic acid,NA,from_to,Enzyme–substrate/product,Protein,Metabolite
Q9NRB3,C13154,CHST12,12-Dehydrocholic acid,NA,from_to,Enzyme–substrate/product,Protein,Metabolite
Q8NCH0,C13154,CHST14,12-Dehydrocholic acid,NA,from_to,Enzyme–substrate/product,Protein,Metabolite
P15848,C13154,ARSB,12-Dehydrocholic acid,NA,from_to,Enzyme–substrate/product,Protein,Metabolite
Q7LGC8,C13154,CHST3,12-Dehydrocholic acid,NA,from_to,Enzyme–substrate/product,Protein,Metabolite
O43916,C13154,CHST1,12-Dehydrocholic acid,NA,from_to,Enzyme–substrate/product,Protein,Metabolite
P15586,C13154,GNS,12-Dehydrocholic acid,NA,from_to,Enzyme–substrate/product,Protein,Metabolite
O95340,C13154,PAPSS2,12-Dehydrocholic acid,NA,from_to,Enzyme–substrate/product,Protein,Metabolite
O43252,C13154,PAPSS1,12-Dehydrocholic acid,NA,from_to,Enzyme–substrate/product,Protein,Metabolite
P22307,C13154,SCP2,12-Dehydrocholic acid,NA,from_to,Enzyme–substrate/product,Protein,Metabolite
Q86VZ5,C13154,SGMS1,12-Dehydrocholic acid,NA,from_to,Enzyme–substrate/product,Protein,Metabolite
Q8NHU3,C13154,SGMS2,12-Dehydrocholic acid,NA,from_to,Enzyme–substrate/product,Protein,Metabolite
Q9NYA1,C13154,SPHK1,12-Dehydrocholic acid,NA,from_to,Enzyme–substrate/product,Protein,Metabolite
Q9Y274,C13154,ST3GAL6,12-Dehydrocholic acid,NA,from_to,Enzyme–substrate/product,Protein,Metabolite
Q9UJ37,C13154,ST6GALNAC2,12-Dehydrocholic acid,NA,from_to,Enzyme–substrate/product,Protein,Metabolite
Q9Y673,C13154,ALG5,12-Dehydrocholic acid,NA,from_to,Enzyme–substrate/product,Protein,Metabolite
Q8TD30,C13154,GPT2,12-Dehydrocholic acid,NA,from_to,Enzyme–substrate/product,Protein,Metabolite
P24298,C13154,GPT,12-Dehydrocholic acid,NA,from_to,Enzyme–substrate/product,Protein,Metabolite
P02768,C13154,ALB,12-Dehydrocholic acid,NA,from_to,Enzyme–substrate/product,Protein,Metabolite
P01011,C13154,SERPINA3,12-Dehydrocholic acid,NA,from_to,Enzyme–substrate/product,Protein,Metabolite
P01009,C13154,SERPINA1,12-Dehydrocholic acid,NA,from_to,Enzyme–substrate/product,Protein,Metabolite
P04114,C13154,APOB,12-Dehydrocholic acid,NA,from_to,Enzyme–substrate/product,Protein,Metabolite
P02654,C13154,APOC1,12-Dehydrocholic acid,NA,from_to,Enzyme–substrate/product,Protein,Metabolite
P02655,C13154,APOC4-APOC2,12-Dehydrocholic acid,NA,from_to,Enzyme–substrate/product,Protein,Metabolite
P02656,C13154,APOC3,12-Dehydrocholic acid,NA,from_to,Enzyme–substrate/product,Protein,Metabolite
P00747,C13154,PLG,12-Dehydrocholic acid,NA,from_to,Enzyme–substrate/product,Protein,Metabolite
P00734,C13154,F2,12-Dehydrocholic acid,NA,from_to,Enzyme–substrate/product,Protein,Metabolite
P02649,C13154,APOE,12-Dehydrocholic acid,NA,from_to,Enzyme–substrate/product,Protein,Metabolite
Q9NWU1,C13154,OXSM,12-Dehydrocholic acid,NA,from_to,Enzyme–substrate/product,Protein,Metabolite
O15440,C13154,ABCC5,12-Dehydrocholic acid,NA,from_to,Enzyme–substrate/product,Protein,Metabolite
Q63ZE4,C13154,SLC22A10,12-Dehydrocholic acid,NA,from_to,Enzyme–substrate/product,Protein,Metabolite
Q6ZMR3,C03465,LDHAL6A,3-Methyl-2-Oxovaleric Acid,NA,from_to,Enzyme–substrate/product,Protein,Metabolite
P07864,C03465,LDHC,3-Methyl-2-Oxovaleric Acid,NA,from_to,Enzyme–substrate/product,Protein,Metabolite
Q9BYZ2,C03465,LDHAL6B,3-Methyl-2-Oxovaleric Acid,NA,from_to,Enzyme–substrate/product,Protein,Metabolite
P07195,C03465,LDHB,3-Methyl-2-Oxovaleric Acid,NA,from_to,Enzyme–substrate/product,Protein,Metabolite
P00338,C03465,LDHA,3-Methyl-2-Oxovaleric Acid,NA,from_to,Enzyme–substrate/product,Protein,Metabolite
Q8IX04,C03465,UEVLD,3-Methyl-2-Oxovaleric Acid,NA,from_to,Enzyme–substrate/product,Protein,Metabolite
P09622,C03465,DLD,3-Methyl-2-Oxovaleric Acid,NA,from_to,Enzyme–substrate/product,Protein,Metabolite
P54687,C03465,BCAT1,3-Methyl-2-Oxovaleric Acid,NA,from_to,Enzyme–substrate/product,Protein,Metabolite
O15382,C03465,BCAT2,3-Methyl-2-Oxovaleric Acid,NA,from_to,Enzyme–substrate/product,Protein,Metabolite
P12694,C03465,BCKDHA,3-Methyl-2-Oxovaleric Acid,NA,from_to,Enzyme–substrate/product,Protein,Metabolite
P21953,C03465,BCKDHB,3-Methyl-2-Oxovaleric Acid,NA,from_to,Enzyme–substrate/product,Protein,Metabolite
P11182,C03465,DBT,3-Methyl-2-Oxovaleric Acid,NA,from_to,Enzyme–substrate/product,Protein,Metabolite
Q6ZNR0,C03465,TMEM91,3-Methyl-2-Oxovaleric Acid,NA,from_to,Enzyme–substrate/product,Protein,Metabolite
O95342,HMDB0000619,ABCB11,Cholic acid,NA,from_to,Enzyme–substrate/product,Protein,Metabolite
O15438,HMDB0000619,ABCC3,Cholic acid,NA,from_to,Enzyme–substrate/product,Protein,Metabolite
Q9Y6L6,HMDB0000619,SLCO1B1,Cholic acid,NA,from_to,Enzyme–substrate/product,Protein,Metabolite
Q12908,HMDB0000619,SLC10A2,Cholic acid,NA,from_to,Enzyme–substrate/product,Protein,Metabolite
Q14973,HMDB0000619,SLC10A1,Cholic acid,NA,from_to,Enzyme–substrate/product,Protein,Metabolite
P08684,HMDB0000619,CYP3A4,Cholic acid,NA,from_to,Enzyme–substrate/product,Protein,Metabolite
Q06520,HMDB0000619,SULT2A1,Cholic acid,NA,from_to,Enzyme–substrate/product,Protein,Metabolite
P49753,HMDB0000619,ACOT2,Cholic acid,NA,from_to,Enzyme–substrate/product,Protein,Metabolite
O00154,HMDB0000619,ACOT7,Cholic acid,NA,from_to,Enzyme–substrate/product,Protein,Metabolite
O14734,HMDB0000619,ACOT8,Cholic acid,NA,from_to,Enzyme–substrate/product,Protein,Metabolite
Q14032,HMDB0000619,BAAT,Cholic acid,NA,from_to,Enzyme–substrate/product,Protein,Metabolite
Q9Y4X1,HMDB0000619,UGT2A1,Cholic acid,NA,from_to,Enzyme–substrate/product,Protein,Metabolite
Q9Y2P5,HMDB0000619,SLC27A5,Cholic acid,NA,from_to,Enzyme–substrate/product,Protein,Metabolite
O14975,HMDB0000619,SLC27A2,Cholic acid,NA,from_to,Enzyme–substrate/product,Protein,Metabolite
P46721,HMDB0000619,SLCO1A2,Cholic acid,NA,from_to,Enzyme–substrate/product,Protein,Metabolite
Q86TX2,HMDB0000619,ACOT1,Cholic acid,NA,from_to,Enzyme–substrate/product,Protein,Metabolite
P22680,HMDB0000619,CYP7A1,Cholic acid,NA,from_to,Enzyme–substrate/product,Protein,Metabolite
Q3I5F7,HMDB0000619,ACOT6,Cholic acid,NA,from_to,Enzyme–substrate/product,Protein,Metabolite
Q8N9L9,HMDB0000619,ACOT4,Cholic acid,NA,from_to,Enzyme–substrate/product,Protein,Metabolite
Q92887,HMDB0000518,ABCC2,Chenodeoxycholic acid,NA,from_to,Enzyme–substrate/product,Protein,Metabolite
Q14973,HMDB0000518,SLC10A1,Chenodeoxycholic acid,NA,from_to,Enzyme–substrate/product,Protein,Metabolite
P08684,HMDB0000518,CYP3A4,Chenodeoxycholic acid,NA,from_to,Enzyme–substrate/product,Protein,Metabolite
Q9HAW9,HMDB0000518,UGT1A3,Chenodeoxycholic acid,NA,from_to,Enzyme–substrate/product,Protein,Metabolite
P35503,HMDB0000518,UGT1A3,Chenodeoxycholic acid,NA,from_to,Enzyme–substrate/product,Protein,Metabolite
P16662,HMDB0000518,UGT2B7,Chenodeoxycholic acid,NA,from_to,Enzyme–substrate/product,Protein,Metabolite
Q06520,HMDB0000518,SULT2A1,Chenodeoxycholic acid,NA,from_to,Enzyme–substrate/product,Protein,Metabolite
P49753,HMDB0000518,ACOT2,Chenodeoxycholic acid,NA,from_to,Enzyme–substrate/product,Protein,Metabolite
O00154,HMDB0000518,ACOT7,Chenodeoxycholic acid,NA,from_to,Enzyme–substrate/product,Protein,Metabolite
O14734,HMDB0000518,ACOT8,Chenodeoxycholic acid,NA,from_to,Enzyme–substrate/product,Protein,Metabolite
Q14032,HMDB0000518,BAAT,Chenodeoxycholic acid,NA,from_to,Enzyme–substrate/product,Protein,Metabolite
Q9Y4X1,HMDB0000518,UGT2A1,Chenodeoxycholic acid,NA,from_to,Enzyme–substrate/product,Protein,Metabolite
Q6UWM9,HMDB0000518,UGT2A3,Chenodeoxycholic acid,NA,from_to,Enzyme–substrate/product,Protein,Metabolite
Q9Y2P5,HMDB0000518,SLC27A5,Chenodeoxycholic acid,NA,from_to,Enzyme–substrate/product,Protein,Metabolite
O14975,HMDB0000518,SLC27A2,Chenodeoxycholic acid,NA,from_to,Enzyme–substrate/product,Protein,Metabolite
P46721,HMDB0000518,SLCO1A2,Chenodeoxycholic acid,NA,from_to,Enzyme–substrate/product,Protein,Metabolite
Q86TX2,HMDB0000518,ACOT1,Chenodeoxycholic acid,NA,from_to,Enzyme–substrate/product,Protein,Metabolite
Q3I5F7,HMDB0000518,ACOT6,Chenodeoxycholic acid,NA,from_to,Enzyme–substrate/product,Protein,Metabolite
Q8N9L9,HMDB0000518,ACOT4,Chenodeoxycholic acid,NA,from_to,Enzyme–substrate/product,Protein,Metabolite
O95342,HMDB0000626,ABCB11,Deoxycholic acid,NA,from_to,Enzyme–substrate/product,Protein,Metabolite
O15438,HMDB0000626,ABCC3,Deoxycholic acid,NA,from_to,Enzyme–substrate/product,Protein,Metabolite
P08684,HMDB0000626,CYP3A4,Deoxycholic acid,NA,from_to,Enzyme–substrate/product,Protein,Metabolite
P16662,HMDB0000626,UGT2B7,Deoxycholic acid,NA,from_to,Enzyme–substrate/product,Protein,Metabolite
Q06520,HMDB0000626,SULT2A1,Deoxycholic acid,NA,from_to,Enzyme–substrate/product,Protein,Metabolite
Q96J66,HMDB0000626,ABCC11,Deoxycholic acid,NA,from_to,Enzyme–substrate/product,Protein,Metabolite
Q9Y4X1,HMDB0000626,UGT2A1,Deoxycholic acid,NA,from_to,Enzyme–substrate/product,Protein,Metabolite
Q9Y2P5,HMDB0000626,SLC27A5,Deoxycholic acid,NA,from_to,Enzyme–substrate/product,Protein,Metabolite
P22680,HMDB0000626,CYP7A1,Deoxycholic acid,NA,from_to,Enzyme–substrate/product,Protein,Metabolite
Q9UNU6,HMDB0000626,CYP8B1,Deoxycholic acid,NA,from_to,Enzyme–substrate/product,Protein,Metabolite
Q8TCC7,HMDB0001448,SLC22A8,Sulfate,NA,from_to,Enzyme–substrate/product,Protein,Metabolite
P02730,HMDB0001448,SLC4A1,Sulfate,NA,from_to,Enzyme–substrate/product,Protein,Metabolite
P06865,HMDB0001448,HEXA,Sulfate,NA,from_to,Enzyme–substrate/product,Protein,Metabolite
P07686,HMDB0001448,HEXB,Sulfate,NA,from_to,Enzyme–substrate/product,Protein,Metabolite
P15289,HMDB0001448,ARSA,Sulfate,NA,from_to,Enzyme–substrate/product,Protein,Metabolite
P16278,HMDB0001448,GLB1,Sulfate,NA,from_to,Enzyme–substrate/product,Protein,Metabolite
Q4U2R8,HMDB0001448,SLC22A6,Sulfate,NA,from_to,Enzyme–substrate/product,Protein,Metabolite
Q9BXS9,HMDB0001448,SLC26A6,Sulfate,NA,from_to,Enzyme–substrate/product,Protein,Metabolite
Q9NSA0,HMDB0001448,SLC22A11,Sulfate,NA,from_to,Enzyme–substrate/product,Protein,Metabolite
Q9Y694,HMDB0001448,SLC22A7,Sulfate,NA,from_to,Enzyme–substrate/product,Protein,Metabolite
Q9UBX3,HMDB0001448,SLC25A10,Sulfate,NA,from_to,Enzyme–substrate/product,Protein,Metabolite
P10619,HMDB0001448,CTSA,Sulfate,NA,from_to,Enzyme–substrate/product,Protein,Metabolite
Q99519,HMDB0001448,NEU1,Sulfate,NA,from_to,Enzyme–substrate/product,Protein,Metabolite
P34059,HMDB0001448,GALNS,Sulfate,NA,from_to,Enzyme–substrate/product,Protein,Metabolite
P08842,HMDB0001448,STS,Sulfate,NA,from_to,Enzyme–substrate/product,Protein,Metabolite
Q7LBE3,HMDB0001448,SLC26A9,Sulfate,NA,from_to,Enzyme–substrate/product,Protein,Metabolite
Q8TE54,HMDB0001448,SLC26A7,Sulfate,NA,from_to,Enzyme–substrate/product,Protein,Metabolite
P50443,HMDB0001448,SLC26A2,Sulfate,NA,from_to,Enzyme–substrate/product,Protein,Metabolite
Q96RN1,HMDB0001448,SLC26A8,Sulfate,NA,from_to,Enzyme–substrate/product,Protein,Metabolite
Q9BZW2,HMDB0001448,SLC13A1,Sulfate,NA,from_to,Enzyme–substrate/product,Protein,Metabolite
Q9H2B4,HMDB0001448,SLC26A1,Sulfate,NA,from_to,Enzyme–substrate/product,Protein,Metabolite
P51688,HMDB0001448,SGSH,Sulfate,NA,from_to,Enzyme–substrate/product,Protein,Metabolite
P40879,HMDB0001448,SLC26A3,Sulfate,NA,from_to,Enzyme–substrate/product,Protein,Metabolite
P22304,HMDB0001448,IDS,Sulfate,NA,from_to,Enzyme–substrate/product,Protein,Metabolite
P15848,HMDB0001448,ARSB,Sulfate,NA,from_to,Enzyme–substrate/product,Protein,Metabolite
P15586,HMDB0001448,GNS,Sulfate,NA,from_to,Enzyme–substrate/product,Protein,Metabolite
O95340,HMDB0001448,PAPSS2,Sulfate,NA,from_to,Enzyme–substrate/product,Protein,Metabolite
O43252,HMDB0001448,PAPSS1,Sulfate,NA,from_to,Enzyme–substrate/product,Protein,Metabolite
Q86WA9,HMDB0001448,SLC26A11,Sulfate,NA,from_to,Enzyme–substrate/product,Protein,Metabolite
Q9UKG4,HMDB0001448,SLC13A4,Sulfate,NA,from_to,Enzyme–substrate/product,Protein,Metabolite
P51687,HMDB0001448,SUOX,Sulfate,NA,from_to,Enzyme–substrate/product,Protein,Metabolite
O76082,HMDB0000201,SLC22A5,L-Acetylcarnitine,NA,from_to,Enzyme–substrate/product,Protein,Metabolite
O43772,HMDB0000201,SLC25A20,L-Acetylcarnitine,NA,from_to,Enzyme–substrate/product,Protein,Metabolite
P43155,HMDB0000201,CRAT,L-Acetylcarnitine,NA,from_to,Enzyme–substrate/product,Protein,Metabolite
P00813,HMDB0000195,ADA,Inosine,NA,from_to,Enzyme–substrate/product,Protein,Metabolite
Q9BZD2,HMDB0000195,SLC29A3,Inosine,NA,from_to,Enzyme–substrate/product,Protein,Metabolite
Q14542,HMDB0000195,SLC29A2,Inosine,NA,from_to,Enzyme–substrate/product,Protein,Metabolite
Q99808,HMDB0000195,SLC29A1,Inosine,NA,from_to,Enzyme–substrate/product,Protein,Metabolite
Q9HAS3,HMDB0000195,SLC28A3,Inosine,NA,from_to,Enzyme–substrate/product,Protein,Metabolite
O43868,HMDB0000195,SLC28A2,Inosine,NA,from_to,Enzyme–substrate/product,Protein,Metabolite
Q9BXI3,HMDB0000195,NT5C1A,Inosine,NA,from_to,Enzyme–substrate/product,Protein,Metabolite
Q9H0P0,HMDB0000195,NT5C3A,Inosine,NA,from_to,Enzyme–substrate/product,Protein,Metabolite
Q96P26,HMDB0000195,NT5C1B,Inosine,NA,from_to,Enzyme–substrate/product,Protein,Metabolite
P49902,HMDB0000195,NT5C2,Inosine,NA,from_to,Enzyme–substrate/product,Protein,Metabolite
P21589,HMDB0000195,NT5E,Inosine,NA,from_to,Enzyme–substrate/product,Protein,Metabolite
P00491,HMDB0000195,PNP,Inosine,NA,from_to,Enzyme–substrate/product,Protein,Metabolite
O94788,HMDB0000197,ALDH1A2,Indoleacetic acid,NA,from_to,Enzyme–substrate/product,Protein,Metabolite
P00352,HMDB0000197,ALDH1A1,Indoleacetic acid,NA,from_to,Enzyme–substrate/product,Protein,Metabolite
P51648,HMDB0000197,ALDH3A2,Indoleacetic acid,NA,from_to,Enzyme–substrate/product,Protein,Metabolite
P49419,HMDB0000197,ALDH7A1,Indoleacetic acid,NA,from_to,Enzyme–substrate/product,Protein,Metabolite
P49189,HMDB0000197,ALDH9A1,Indoleacetic acid,NA,from_to,Enzyme–substrate/product,Protein,Metabolite
P30038,HMDB0000197,ALDH4A1,Indoleacetic acid,NA,from_to,Enzyme–substrate/product,Protein,Metabolite
P30837,HMDB0000197,ALDH1B1,Indoleacetic acid,NA,from_to,Enzyme–substrate/product,Protein,Metabolite
P05091,HMDB0000197,ALDH2,Indoleacetic acid,NA,from_to,Enzyme–substrate/product,Protein,Metabolite
Q6GMR7,HMDB0000197,FAAH2,Indoleacetic acid,NA,from_to,Enzyme–substrate/product,Protein,Metabolite
O76082,HMDB0000182,SLC22A5,L-Lysine,NA,from_to,Enzyme–substrate/product,Protein,Metabolite
Q9UN76,HMDB0000182,SLC6A14,L-Lysine,NA,from_to,Enzyme–substrate/product,Protein,Metabolite
P82251,HMDB0000182,SLC7A9,L-Lysine,NA,from_to,Enzyme–substrate/product,Protein,Metabolite
Q07837,HMDB0000182,SLC3A1,L-Lysine,NA,from_to,Enzyme–substrate/product,Protein,Metabolite
P08195,HMDB0000182,SLC3A2,L-Lysine,NA,from_to,Enzyme–substrate/product,Protein,Metabolite
Q92536,HMDB0000182,SLC7A6,L-Lysine,NA,from_to,Enzyme–substrate/product,Protein,Metabolite
P43251,HMDB0000182,BTD,L-Lysine,NA,from_to,Enzyme–substrate/product,Protein,Metabolite
P10619,HMDB0000182,CTSA,L-Lysine,NA,from_to,Enzyme–substrate/product,Protein,Metabolite
O15488,HMDB0000182,GYG2,L-Lysine,NA,from_to,Enzyme–substrate/product,Protein,Metabolite
P46976,HMDB0000182,GYG1,L-Lysine,NA,from_to,Enzyme–substrate/product,Protein,Metabolite
O14773,HMDB0000182,TPP1,L-Lysine,NA,from_to,Enzyme–substrate/product,Protein,Metabolite
P02647,HMDB0000182,APOA1,L-Lysine,NA,from_to,Enzyme–substrate/product,Protein,Metabolite
Q15046,HMDB0000182,KARS,L-Lysine,NA,from_to,Enzyme–substrate/product,Protein,Metabolite
Q9UBR2,HMDB0000182,CTSZ,L-Lysine,NA,from_to,Enzyme–substrate/product,Protein,Metabolite
P43234,HMDB0000182,CTSO,L-Lysine,NA,from_to,Enzyme–substrate/product,Protein,Metabolite
P25774,HMDB0000182,CTSS,L-Lysine,NA,from_to,Enzyme–substrate/product,Protein,Metabolite
P09668,HMDB0000182,CTSH,L-Lysine,NA,from_to,Enzyme–substrate/product,Protein,Metabolite
O60911,HMDB0000182,CTSV,L-Lysine,NA,from_to,Enzyme–substrate/product,Protein,Metabolite
P43235,HMDB0000182,CTSK,L-Lysine,NA,from_to,Enzyme–substrate/product,Protein,Metabolite
P14091,HMDB0000182,CTSE,L-Lysine,NA,from_to,Enzyme–substrate/product,Protein,Metabolite
P07711,HMDB0000182,CTSL,L-Lysine,NA,from_to,Enzyme–substrate/product,Protein,Metabolite
P53634,HMDB0000182,CTSC,L-Lysine,NA,from_to,Enzyme–substrate/product,Protein,Metabolite
P07858,HMDB0000182,CTSB,L-Lysine,NA,from_to,Enzyme–substrate/product,Protein,Metabolite
P07339,HMDB0000182,CTSD,L-Lysine,NA,from_to,Enzyme–substrate/product,Protein,Metabolite
Q99538,HMDB0000182,LGMN,L-Lysine,NA,from_to,Enzyme–substrate/product,Protein,Metabolite
O96009,HMDB0000182,NAPSA,L-Lysine,NA,from_to,Enzyme–substrate/product,Protein,Metabolite
P08311,HMDB0000182,CTSG,L-Lysine,NA,from_to,Enzyme–substrate/product,Protein,Metabolite
Q9UBX1,HMDB0000182,CTSF,L-Lysine,NA,from_to,Enzyme–substrate/product,Protein,Metabolite
P56202,HMDB0000182,CTSW,L-Lysine,NA,from_to,Enzyme–substrate/product,Protein,Metabolite
Q8WY07,HMDB0000182,SLC7A3,L-Lysine,NA,from_to,Enzyme–substrate/product,Protein,Metabolite
P30825,HMDB0000182,SLC7A1,L-Lysine,NA,from_to,Enzyme–substrate/product,Protein,Metabolite
P52569,HMDB0000182,SLC7A2,L-Lysine,NA,from_to,Enzyme–substrate/product,Protein,Metabolite
Q969I6,HMDB0000182,SLC38A4,L-Lysine,NA,from_to,Enzyme–substrate/product,Protein,Metabolite
Q9Y619,HMDB0000182,SLC25A15,L-Lysine,NA,from_to,Enzyme–substrate/product,Protein,Metabolite
Q9BXI2,HMDB0000182,SLC25A2,L-Lysine,NA,from_to,Enzyme–substrate/product,Protein,Metabolite
Q9UM01,HMDB0000182,SLC7A7,L-Lysine,NA,from_to,Enzyme–substrate/product,Protein,Metabolite
Q9UDR5,HMDB0000182,AASS,L-Lysine,NA,from_to,Enzyme–substrate/product,Protein,Metabolite
P02768,HMDB0000182,ALB,L-Lysine,NA,from_to,Enzyme–substrate/product,Protein,Metabolite
P01011,HMDB0000182,SERPINA3,L-Lysine,NA,from_to,Enzyme–substrate/product,Protein,Metabolite
P01009,HMDB0000182,SERPINA1,L-Lysine,NA,from_to,Enzyme–substrate/product,Protein,Metabolite
P04114,HMDB0000182,APOB,L-Lysine,NA,from_to,Enzyme–substrate/product,Protein,Metabolite
O14561,HMDB0000182,NDUFAB1,L-Lysine,NA,from_to,Enzyme–substrate/product,Protein,Metabolite
P02654,HMDB0000182,APOC1,L-Lysine,NA,from_to,Enzyme–substrate/product,Protein,Metabolite
P02655,HMDB0000182,APOC4-APOC2,L-Lysine,NA,from_to,Enzyme–substrate/product,Protein,Metabolite
P02656,HMDB0000182,APOC3,L-Lysine,NA,from_to,Enzyme–substrate/product,Protein,Metabolite
P02671,HMDB0000182,FGA,L-Lysine,NA,from_to,Enzyme–substrate/product,Protein,Metabolite
P00747,HMDB0000182,PLG,L-Lysine,NA,from_to,Enzyme–substrate/product,Protein,Metabolite
P00734,HMDB0000182,F2,L-Lysine,NA,from_to,Enzyme–substrate/product,Protein,Metabolite
P02786,HMDB0000182,TFRC,L-Lysine,NA,from_to,Enzyme–substrate/product,Protein,Metabolite
P02649,HMDB0000182,APOE,L-Lysine,NA,from_to,Enzyme–substrate/product,Protein,Metabolite
P10599,HMDB0000182,TXN,L-Lysine,NA,from_to,Enzyme–substrate/product,Protein,Metabolite
Q99757,HMDB0000182,TXN2,L-Lysine,NA,from_to,Enzyme–substrate/product,Protein,Metabolite
Q9HBJ8,HMDB0000159,TMEM27,L-Phenylalanine,NA,from_to,Enzyme–substrate/product,Protein,Metabolite
Q9UN76,HMDB0000159,SLC6A14,L-Phenylalanine,NA,from_to,Enzyme–substrate/product,Protein,Metabolite
Q96N87,HMDB0000159,SLC6A18,L-Phenylalanine,NA,from_to,Enzyme–substrate/product,Protein,Metabolite
P82251,HMDB0000159,SLC7A9,L-Phenylalanine,NA,from_to,Enzyme–substrate/product,Protein,Metabolite
P08195,HMDB0000159,SLC3A2,L-Phenylalanine,NA,from_to,Enzyme–substrate/product,Protein,Metabolite
Q92536,HMDB0000159,SLC7A6,L-Phenylalanine,NA,from_to,Enzyme–substrate/product,Protein,Metabolite
Q9UHI5,HMDB0000159,SLC7A8,L-Phenylalanine,NA,from_to,Enzyme–substrate/product,Protein,Metabolite
P10619,HMDB0000159,CTSA,L-Phenylalanine,NA,from_to,Enzyme–substrate/product,Protein,Metabolite
O15488,HMDB0000159,GYG2,L-Phenylalanine,NA,from_to,Enzyme–substrate/product,Protein,Metabolite
P46976,HMDB0000159,GYG1,L-Phenylalanine,NA,from_to,Enzyme–substrate/product,Protein,Metabolite
O14773,HMDB0000159,TPP1,L-Phenylalanine,NA,from_to,Enzyme–substrate/product,Protein,Metabolite
Q01650,HMDB0000159,SLC7A5,L-Phenylalanine,NA,from_to,Enzyme–substrate/product,Protein,Metabolite
P02647,HMDB0000159,APOA1,L-Phenylalanine,NA,from_to,Enzyme–substrate/product,Protein,Metabolite
P30041,HMDB0000159,PRDX6,L-Phenylalanine,NA,from_to,Enzyme–substrate/product,Protein,Metabolite
P11678,HMDB0000159,EPX,L-Phenylalanine,NA,from_to,Enzyme–substrate/product,Protein,Metabolite
P22079,HMDB0000159,LPO,L-Phenylalanine,NA,from_to,Enzyme–substrate/product,Protein,Metabolite
Q9NSD9,HMDB0000159,FARSB,L-Phenylalanine,NA,from_to,Enzyme–substrate/product,Protein,Metabolite
O95363,HMDB0000159,FARS2,L-Phenylalanine,NA,from_to,Enzyme–substrate/product,Protein,Metabolite
Q9Y285,HMDB0000159,FARSA,L-Phenylalanine,NA,from_to,Enzyme–substrate/product,Protein,Metabolite
Q9UBR2,HMDB0000159,CTSZ,L-Phenylalanine,NA,from_to,Enzyme–substrate/product,Protein,Metabolite
P43234,HMDB0000159,CTSO,L-Phenylalanine,NA,from_to,Enzyme–substrate/product,Protein,Metabolite
P25774,HMDB0000159,CTSS,L-Phenylalanine,NA,from_to,Enzyme–substrate/product,Protein,Metabolite
P09668,HMDB0000159,CTSH,L-Phenylalanine,NA,from_to,Enzyme–substrate/product,Protein,Metabolite
O60911,HMDB0000159,CTSV,L-Phenylalanine,NA,from_to,Enzyme–substrate/product,Protein,Metabolite
P43235,HMDB0000159,CTSK,L-Phenylalanine,NA,from_to,Enzyme–substrate/product,Protein,Metabolite
P14091,HMDB0000159,CTSE,L-Phenylalanine,NA,from_to,Enzyme–substrate/product,Protein,Metabolite
P07711,HMDB0000159,CTSL,L-Phenylalanine,NA,from_to,Enzyme–substrate/product,Protein,Metabolite
P53634,HMDB0000159,CTSC,L-Phenylalanine,NA,from_to,Enzyme–substrate/product,Protein,Metabolite
P07858,HMDB0000159,CTSB,L-Phenylalanine,NA,from_to,Enzyme–substrate/product,Protein,Metabolite
P07339,HMDB0000159,CTSD,L-Phenylalanine,NA,from_to,Enzyme–substrate/product,Protein,Metabolite
Q99538,HMDB0000159,LGMN,L-Phenylalanine,NA,from_to,Enzyme–substrate/product,Protein,Metabolite
O96009,HMDB0000159,NAPSA,L-Phenylalanine,NA,from_to,Enzyme–substrate/product,Protein,Metabolite
P08311,HMDB0000159,CTSG,L-Phenylalanine,NA,from_to,Enzyme–substrate/product,Protein,Metabolite
Q9UBX1,HMDB0000159,CTSF,L-Phenylalanine,NA,from_to,Enzyme–substrate/product,Protein,Metabolite
P56202,HMDB0000159,CTSW,L-Phenylalanine,NA,from_to,Enzyme–substrate/product,Protein,Metabolite
A1KZ92,HMDB0000159,PXDNL,L-Phenylalanine,NA,from_to,Enzyme–substrate/product,Protein,Metabolite
Q92626,HMDB0000159,PXDN,L-Phenylalanine,NA,from_to,Enzyme–substrate/product,Protein,Metabolite
P20711,HMDB0000159,DDC,L-Phenylalanine,NA,from_to,Enzyme–substrate/product,Protein,Metabolite
Q8WY07,HMDB0000159,SLC7A3,L-Phenylalanine,NA,from_to,Enzyme–substrate/product,Protein,Metabolite
P30825,HMDB0000159,SLC7A1,L-Phenylalanine,NA,from_to,Enzyme–substrate/product,Protein,Metabolite
P52569,HMDB0000159,SLC7A2,L-Phenylalanine,NA,from_to,Enzyme–substrate/product,Protein,Metabolite
Q969I6,HMDB0000159,SLC38A4,L-Phenylalanine,NA,from_to,Enzyme–substrate/product,Protein,Metabolite
P17174,HMDB0000159,GOT1,L-Phenylalanine,NA,from_to,Enzyme–substrate/product,Protein,Metabolite
P00505,HMDB0000159,GOT2,L-Phenylalanine,NA,from_to,Enzyme–substrate/product,Protein,Metabolite
P17735,HMDB0000159,TAT,L-Phenylalanine,NA,from_to,Enzyme–substrate/product,Protein,Metabolite
P00439,HMDB0000159,PAH,L-Phenylalanine,NA,from_to,Enzyme–substrate/product,Protein,Metabolite
Q695T7,HMDB0000159,SLC6A19,L-Phenylalanine,NA,from_to,Enzyme–substrate/product,Protein,Metabolite
Q9H2H9,HMDB0000159,SLC38A1,L-Phenylalanine,NA,from_to,Enzyme–substrate/product,Protein,Metabolite
Q9BYF1,HMDB0000159,ACE2,L-Phenylalanine,NA,from_to,Enzyme–substrate/product,Protein,Metabolite
Q96QD8,HMDB0000159,SLC38A2,L-Phenylalanine,NA,from_to,Enzyme–substrate/product,Protein,Metabolite
O75387,HMDB0000159,SLC43A1,L-Phenylalanine,NA,from_to,Enzyme–substrate/product,Protein,Metabolite
Q8N370,HMDB0000159,SLC43A2,L-Phenylalanine,NA,from_to,Enzyme–substrate/product,Protein,Metabolite
Q8TF71,HMDB0000159,SLC16A10,L-Phenylalanine,NA,from_to,Enzyme–substrate/product,Protein,Metabolite
Q9UM01,HMDB0000159,SLC7A7,L-Phenylalanine,NA,from_to,Enzyme–substrate/product,Protein,Metabolite
P23946,HMDB0000159,CMA1,L-Phenylalanine,NA,from_to,Enzyme–substrate/product,Protein,Metabolite
P02768,HMDB0000159,ALB,L-Phenylalanine,NA,from_to,Enzyme–substrate/product,Protein,Metabolite
P01011,HMDB0000159,SERPINA3,L-Phenylalanine,NA,from_to,Enzyme–substrate/product,Protein,Metabolite
P01009,HMDB0000159,SERPINA1,L-Phenylalanine,NA,from_to,Enzyme–substrate/product,Protein,Metabolite
P04114,HMDB0000159,APOB,L-Phenylalanine,NA,from_to,Enzyme–substrate/product,Protein,Metabolite
O14561,HMDB0000159,NDUFAB1,L-Phenylalanine,NA,from_to,Enzyme–substrate/product,Protein,Metabolite
P02654,HMDB0000159,APOC1,L-Phenylalanine,NA,from_to,Enzyme–substrate/product,Protein,Metabolite
P02655,HMDB0000159,APOC4-APOC2,L-Phenylalanine,NA,from_to,Enzyme–substrate/product,Protein,Metabolite
P02656,HMDB0000159,APOC3,L-Phenylalanine,NA,from_to,Enzyme–substrate/product,Protein,Metabolite
P02671,HMDB0000159,FGA,L-Phenylalanine,NA,from_to,Enzyme–substrate/product,Protein,Metabolite
P00747,HMDB0000159,PLG,L-Phenylalanine,NA,from_to,Enzyme–substrate/product,Protein,Metabolite
P00734,HMDB0000159,F2,L-Phenylalanine,NA,from_to,Enzyme–substrate/product,Protein,Metabolite
P02786,HMDB0000159,TFRC,L-Phenylalanine,NA,from_to,Enzyme–substrate/product,Protein,Metabolite
P02649,HMDB0000159,APOE,L-Phenylalanine,NA,from_to,Enzyme–substrate/product,Protein,Metabolite
P10599,HMDB0000159,TXN,L-Phenylalanine,NA,from_to,Enzyme–substrate/product,Protein,Metabolite
Q99757,HMDB0000159,TXN2,L-Phenylalanine,NA,from_to,Enzyme–substrate/product,Protein,Metabolite
O95342,HMDB0000138,ABCB11,Glycocholic acid,NA,from_to,Enzyme–substrate/product,Protein,Metabolite
O15438,HMDB0000138,ABCC3,Glycocholic acid,NA,from_to,Enzyme–substrate/product,Protein,Metabolite
Q9Y6L6,HMDB0000138,SLCO1B1,Glycocholic acid,NA,from_to,Enzyme–substrate/product,Protein,Metabolite
Q9NPD5,HMDB0000138,SLCO1B3,Glycocholic acid,NA,from_to,Enzyme–substrate/product,Protein,Metabolite
Q12908,HMDB0000138,SLC10A2,Glycocholic acid,NA,from_to,Enzyme–substrate/product,Protein,Metabolite
Q14973,HMDB0000138,SLC10A1,Glycocholic acid,NA,from_to,Enzyme–substrate/product,Protein,Metabolite
Q06520,HMDB0000138,SULT2A1,Glycocholic acid,NA,from_to,Enzyme–substrate/product,Protein,Metabolite
Q96J66,HMDB0000138,ABCC11,Glycocholic acid,NA,from_to,Enzyme–substrate/product,Protein,Metabolite
Q14032,HMDB0000138,BAAT,Glycocholic acid,NA,from_to,Enzyme–substrate/product,Protein,Metabolite
P46721,HMDB0000138,SLCO1A2,Glycocholic acid,NA,from_to,Enzyme–substrate/product,Protein,Metabolite
O95342,HMDB0000036,ABCB11,Taurocholic acid,NA,from_to,Enzyme–substrate/product,Protein,Metabolite
O15438,HMDB0000036,ABCC3,Taurocholic acid,NA,from_to,Enzyme–substrate/product,Protein,Metabolite
Q9Y6L6,HMDB0000036,SLCO1B1,Taurocholic acid,NA,from_to,Enzyme–substrate/product,Protein,Metabolite
Q9NPD5,HMDB0000036,SLCO1B3,Taurocholic acid,NA,from_to,Enzyme–substrate/product,Protein,Metabolite
Q12908,HMDB0000036,SLC10A2,Taurocholic acid,NA,from_to,Enzyme–substrate/product,Protein,Metabolite
Q14973,HMDB0000036,SLC10A1,Taurocholic acid,NA,from_to,Enzyme–substrate/product,Protein,Metabolite
Q06520,HMDB0000036,SULT2A1,Taurocholic acid,NA,from_to,Enzyme–substrate/product,Protein,Metabolite
Q96J66,HMDB0000036,ABCC11,Taurocholic acid,NA,from_to,Enzyme–substrate/product,Protein,Metabolite
Q14032,HMDB0000036,BAAT,Taurocholic acid,NA,from_to,Enzyme–substrate/product,Protein,Metabolite
P46721,HMDB0000036,SLCO1A2,Taurocholic acid,NA,from_to,Enzyme–substrate/product,Protein,Metabolite
O94911,HMDB0000036,ABCA8,Taurocholic acid,NA,from_to,Enzyme–substrate/product,Protein,Metabolite
Q96BD0,HMDB0000036,SLCO4A1,Taurocholic acid,NA,from_to,Enzyme–substrate/product,Protein,Metabolite
P30043,HMDB0001008,BLVRB,Biliverdin,NA,from_to,Enzyme–substrate/product,Protein,Metabolite
P53004,HMDB0001008,BLVRA,Biliverdin,NA,from_to,Enzyme–substrate/product,Protein,Metabolite
P09601,HMDB0001008,HMOX1,Biliverdin,NA,from_to,Enzyme–substrate/product,Protein,Metabolite
P30519,HMDB0001008,HMOX2,Biliverdin,NA,from_to,Enzyme–substrate/product,Protein,Metabolite
O95342,HMDB0000896,ABCB11,Taurodeoxycholic acid,NA,from_to,Enzyme–substrate/product,Protein,Metabolite
O15438,HMDB0000896,ABCC3,Taurodeoxycholic acid,NA,from_to,Enzyme–substrate/product,Protein,Metabolite
Q06520,HMDB0000896,SULT2A1,Taurodeoxycholic acid,NA,from_to,Enzyme–substrate/product,Protein,Metabolite
Q96J66,HMDB0000896,ABCC11,Taurodeoxycholic acid,NA,from_to,Enzyme–substrate/product,Protein,Metabolite
Q14032,HMDB0000896,BAAT,Taurodeoxycholic acid,NA,from_to,Enzyme–substrate/product,Protein,Metabolite
Q6ZMR3,HMDB0002329,LDHAL6A,Oxalic acid,NA,from_to,Enzyme–substrate/product,Protein,Metabolite
P07864,HMDB0002329,LDHC,Oxalic acid,NA,from_to,Enzyme–substrate/product,Protein,Metabolite
Q9BYZ2,HMDB0002329,LDHAL6B,Oxalic acid,NA,from_to,Enzyme–substrate/product,Protein,Metabolite
P07195,HMDB0002329,LDHB,Oxalic acid,NA,from_to,Enzyme–substrate/product,Protein,Metabolite
P00338,HMDB0002329,LDHA,Oxalic acid,NA,from_to,Enzyme–substrate/product,Protein,Metabolite
Q8IX04,HMDB0002329,UEVLD,Oxalic acid,NA,from_to,Enzyme–substrate/product,Protein,Metabolite
Q9BXS9,HMDB0002329,SLC26A6,Oxalic acid,NA,from_to,Enzyme–substrate/product,Protein,Metabolite
Q9UBX3,HMDB0002329,SLC25A10,Oxalic acid,NA,from_to,Enzyme–substrate/product,Protein,Metabolite
Q86WU2,HMDB0002329,LDHD,Oxalic acid,NA,from_to,Enzyme–substrate/product,Protein,Metabolite
Q9NYQ3,HMDB0002329,HAO2,Oxalic acid,NA,from_to,Enzyme–substrate/product,Protein,Metabolite
Q9UJM8,HMDB0002329,HAO1,Oxalic acid,NA,from_to,Enzyme–substrate/product,Protein,Metabolite
P50443,HMDB0002329,SLC26A2,Oxalic acid,NA,from_to,Enzyme–substrate/product,Protein,Metabolite
Q9H2B4,HMDB0002329,SLC26A1,Oxalic acid,NA,from_to,Enzyme–substrate/product,Protein,Metabolite
P40879,HMDB0002329,SLC26A3,Oxalic acid,NA,from_to,Enzyme–substrate/product,Protein,Metabolite
P53007,HMDB0002329,SLC25A1,Oxalic acid,NA,from_to,Enzyme–substrate/product,Protein,Metabolite
O00748,HMDB0001870,CES2,Benzoic acid,NA,from_to,Enzyme–substrate/product,Protein,Metabolite
Q6NT32,HMDB0001870,CES5A,Benzoic acid,NA,from_to,Enzyme–substrate/product,Protein,Metabolite
Q6UWW8,HMDB0001870,CES3,Benzoic acid,NA,from_to,Enzyme–substrate/product,Protein,Metabolite
P23141,HMDB0001870,CES1,Benzoic acid,NA,from_to,Enzyme–substrate/product,Protein,Metabolite
P11117,HMDB0000296,ACP2,Uridine,NA,from_to,Enzyme–substrate/product,Protein,Metabolite
P13686,HMDB0000296,ACP5,Uridine,NA,from_to,Enzyme–substrate/product,Protein,Metabolite
Q9NPH0,HMDB0000296,ACP6,Uridine,NA,from_to,Enzyme–substrate/product,Protein,Metabolite
P15309,HMDB0000296,ACPP,Uridine,NA,from_to,Enzyme–substrate/product,Protein,Metabolite
P32320,HMDB0000296,CDA,Uridine,NA,from_to,Enzyme–substrate/product,Protein,Metabolite
Q9GZX7,HMDB0000296,AICDA,Uridine,NA,from_to,Enzyme–substrate/product,Protein,Metabolite
Q9HA47,HMDB0000296,UCK1,Uridine,NA,from_to,Enzyme–substrate/product,Protein,Metabolite
Q9NWZ5,HMDB0000296,UCKL1,Uridine,NA,from_to,Enzyme–substrate/product,Protein,Metabolite
Q9BZX2,HMDB0000296,UCK2,Uridine,NA,from_to,Enzyme–substrate/product,Protein,Metabolite
Q9BZD2,HMDB0000296,SLC29A3,Uridine,NA,from_to,Enzyme–substrate/product,Protein,Metabolite
Q14542,HMDB0000296,SLC29A2,Uridine,NA,from_to,Enzyme–substrate/product,Protein,Metabolite
Q99808,HMDB0000296,SLC29A1,Uridine,NA,from_to,Enzyme–substrate/product,Protein,Metabolite
Q9HAS3,HMDB0000296,SLC28A3,Uridine,NA,from_to,Enzyme–substrate/product,Protein,Metabolite
O43868,HMDB0000296,SLC28A2,Uridine,NA,from_to,Enzyme–substrate/product,Protein,Metabolite
Q9H0P0,HMDB0000296,NT5C3A,Uridine,NA,from_to,Enzyme–substrate/product,Protein,Metabolite
P21589,HMDB0000296,NT5E,Uridine,NA,from_to,Enzyme–substrate/product,Protein,Metabolite
Q9NPB1,HMDB0000296,NT5M,Uridine,NA,from_to,Enzyme–substrate/product,Protein,Metabolite
Q16831,HMDB0000296,UPP1,Uridine,NA,from_to,Enzyme–substrate/product,Protein,Metabolite
O95045,HMDB0000296,UPP2,Uridine,NA,from_to,Enzyme–substrate/product,Protein,Metabolite
O00337,HMDB0000296,SLC28A1,Uridine,NA,from_to,Enzyme–substrate/product,Protein,Metabolite
O95342,HMDB0000496,ABCB11,Deoxycholic acid 3-glucuronide,NA,from_to,Enzyme–substrate/product,Protein,Metabolite
O15438,HMDB0000496,ABCC3,Deoxycholic acid 3-glucuronide,NA,from_to,Enzyme–substrate/product,Protein,Metabolite
Q92887,HMDB0000496,ABCC2,Deoxycholic acid 3-glucuronide,NA,from_to,Enzyme–substrate/product,Protein,Metabolite
P16662,HMDB0000496,UGT2B7,Deoxycholic acid 3-glucuronide,NA,from_to,Enzyme–substrate/product,Protein,Metabolite
Q9UNQ0,HMDB0000496,ABCG2,Deoxycholic acid 3-glucuronide,NA,from_to,Enzyme–substrate/product,Protein,Metabolite
Q9Y4X1,HMDB0000496,UGT2A1,Deoxycholic acid 3-glucuronide,NA,from_to,Enzyme–substrate/product,Protein,Metabolite
P04843,HMDB0001513,RPN1,Dolichyl diphosphate,NA,from_to,Enzyme–substrate/product,Protein,Metabolite
P04844,HMDB0001513,RPN2,Dolichyl diphosphate,NA,from_to,Enzyme–substrate/product,Protein,Metabolite
P61803,HMDB0001513,DAD1,Dolichyl diphosphate,NA,from_to,Enzyme–substrate/product,Protein,Metabolite
P39656,HMDB0001513,DDOST,Dolichyl diphosphate,NA,from_to,Enzyme–substrate/product,Protein,Metabolite
Q86YN1,HMDB0001513,DOLPP1,Dolichyl diphosphate,NA,from_to,Enzyme–substrate/product,Protein,Metabolite
Q00973,C06299,B4GALNT1,Gt3,NA,from_to,Enzyme–substrate/product,Protein,Metabolite
O00400,C06299,SLC33A1,Gt3,NA,from_to,Enzyme–substrate/product,Protein,Metabolite
Q92185,C06299,ST8SIA1,Gt3,NA,from_to,Enzyme–substrate/product,Protein,Metabolite
O15466,C06299,ST8SIA5,Gt3,NA,from_to,Enzyme–substrate/product,Protein,Metabolite
P33527,HMDB0002580,ABCC1,Taurolithocholic acid 3-sulfate,NA,from_to,Enzyme–substrate/product,Protein,Metabolite
Q06520,HMDB0002580,SULT2A1,Taurolithocholic acid 3-sulfate,NA,from_to,Enzyme–substrate/product,Protein,Metabolite
P46721,HMDB0002580,SLCO1A2,Taurolithocholic acid 3-sulfate,NA,from_to,Enzyme–substrate/product,Protein,Metabolite
Q3KNW5,HMDB0002580,SLC10A6,Taurolithocholic acid 3-sulfate,NA,from_to,Enzyme–substrate/product,Protein,Metabolite
Q9HBJ8,HMDB0000929,TMEM27,L-Tryptophan,NA,from_to,Enzyme–substrate/product,Protein,Metabolite
Q9UN76,HMDB0000929,SLC6A14,L-Tryptophan,NA,from_to,Enzyme–substrate/product,Protein,Metabolite
Q96N87,HMDB0000929,SLC6A18,L-Tryptophan,NA,from_to,Enzyme–substrate/product,Protein,Metabolite
P82251,HMDB0000929,SLC7A9,L-Tryptophan,NA,from_to,Enzyme–substrate/product,Protein,Metabolite
Q92536,HMDB0000929,SLC7A6,L-Tryptophan,NA,from_to,Enzyme–substrate/product,Protein,Metabolite
P10619,HMDB0000929,CTSA,L-Tryptophan,NA,from_to,Enzyme–substrate/product,Protein,Metabolite
O15488,HMDB0000929,GYG2,L-Tryptophan,NA,from_to,Enzyme–substrate/product,Protein,Metabolite
P46976,HMDB0000929,GYG1,L-Tryptophan,NA,from_to,Enzyme–substrate/product,Protein,Metabolite
O14773,HMDB0000929,TPP1,L-Tryptophan,NA,from_to,Enzyme–substrate/product,Protein,Metabolite
Q01650,HMDB0000929,SLC7A5,L-Tryptophan,NA,from_to,Enzyme–substrate/product,Protein,Metabolite
P02647,HMDB0000929,APOA1,L-Tryptophan,NA,from_to,Enzyme–substrate/product,Protein,Metabolite
P23381,HMDB0000929,WARS,L-Tryptophan,NA,from_to,Enzyme–substrate/product,Protein,Metabolite
Q9UGM6,HMDB0000929,WARS2,L-Tryptophan,NA,from_to,Enzyme–substrate/product,Protein,Metabolite
Q9UBR2,HMDB0000929,CTSZ,L-Tryptophan,NA,from_to,Enzyme–substrate/product,Protein,Metabolite
P43234,HMDB0000929,CTSO,L-Tryptophan,NA,from_to,Enzyme–substrate/product,Protein,Metabolite
P25774,HMDB0000929,CTSS,L-Tryptophan,NA,from_to,Enzyme–substrate/product,Protein,Metabolite
P09668,HMDB0000929,CTSH,L-Tryptophan,NA,from_to,Enzyme–substrate/product,Protein,Metabolite
O60911,HMDB0000929,CTSV,L-Tryptophan,NA,from_to,Enzyme–substrate/product,Protein,Metabolite
P43235,HMDB0000929,CTSK,L-Tryptophan,NA,from_to,Enzyme–substrate/product,Protein,Metabolite
P14091,HMDB0000929,CTSE,L-Tryptophan,NA,from_to,Enzyme–substrate/product,Protein,Metabolite
P07711,HMDB0000929,CTSL,L-Tryptophan,NA,from_to,Enzyme–substrate/product,Protein,Metabolite
P53634,HMDB0000929,CTSC,L-Tryptophan,NA,from_to,Enzyme–substrate/product,Protein,Metabolite
P07858,HMDB0000929,CTSB,L-Tryptophan,NA,from_to,Enzyme–substrate/product,Protein,Metabolite
P07339,HMDB0000929,CTSD,L-Tryptophan,NA,from_to,Enzyme–substrate/product,Protein,Metabolite
Q99538,HMDB0000929,LGMN,L-Tryptophan,NA,from_to,Enzyme–substrate/product,Protein,Metabolite
O96009,HMDB0000929,NAPSA,L-Tryptophan,NA,from_to,Enzyme–substrate/product,Protein,Metabolite
P08311,HMDB0000929,CTSG,L-Tryptophan,NA,from_to,Enzyme–substrate/product,Protein,Metabolite
Q9UBX1,HMDB0000929,CTSF,L-Tryptophan,NA,from_to,Enzyme–substrate/product,Protein,Metabolite
P56202,HMDB0000929,CTSW,L-Tryptophan,NA,from_to,Enzyme–substrate/product,Protein,Metabolite
P20711,HMDB0000929,DDC,L-Tryptophan,NA,from_to,Enzyme–substrate/product,Protein,Metabolite
Q695T7,HMDB0000929,SLC6A19,L-Tryptophan,NA,from_to,Enzyme–substrate/product,Protein,Metabolite
Q9BYF1,HMDB0000929,ACE2,L-Tryptophan,NA,from_to,Enzyme–substrate/product,Protein,Metabolite
Q8TF71,HMDB0000929,SLC16A10,L-Tryptophan,NA,from_to,Enzyme–substrate/product,Protein,Metabolite
Q8IWU9,HMDB0000929,TPH2,L-Tryptophan,NA,from_to,Enzyme–substrate/product,Protein,Metabolite
P17752,HMDB0000929,TPH1,L-Tryptophan,NA,from_to,Enzyme–substrate/product,Protein,Metabolite
P14902,HMDB0000929,IDO1,L-Tryptophan,NA,from_to,Enzyme–substrate/product,Protein,Metabolite
P48775,HMDB0000929,TDO2,L-Tryptophan,NA,from_to,Enzyme–substrate/product,Protein,Metabolite
Q6ZQW0,HMDB0000929,IDO2,L-Tryptophan,NA,from_to,Enzyme–substrate/product,Protein,Metabolite
Q6YBV0,HMDB0000929,SLC36A4,L-Tryptophan,NA,from_to,Enzyme–substrate/product,Protein,Metabolite
P02768,HMDB0000929,ALB,L-Tryptophan,NA,from_to,Enzyme–substrate/product,Protein,Metabolite
P01011,HMDB0000929,SERPINA3,L-Tryptophan,NA,from_to,Enzyme–substrate/product,Protein,Metabolite
P01009,HMDB0000929,SERPINA1,L-Tryptophan,NA,from_to,Enzyme–substrate/product,Protein,Metabolite
P04114,HMDB0000929,APOB,L-Tryptophan,NA,from_to,Enzyme–substrate/product,Protein,Metabolite
P02654,HMDB0000929,APOC1,L-Tryptophan,NA,from_to,Enzyme–substrate/product,Protein,Metabolite
P02655,HMDB0000929,APOC4-APOC2,L-Tryptophan,NA,from_to,Enzyme–substrate/product,Protein,Metabolite
P02656,HMDB0000929,APOC3,L-Tryptophan,NA,from_to,Enzyme–substrate/product,Protein,Metabolite
P02671,HMDB0000929,FGA,L-Tryptophan,NA,from_to,Enzyme–substrate/product,Protein,Metabolite
P00747,HMDB0000929,PLG,L-Tryptophan,NA,from_to,Enzyme–substrate/product,Protein,Metabolite
P00734,HMDB0000929,F2,L-Tryptophan,NA,from_to,Enzyme–substrate/product,Protein,Metabolite
P02786,HMDB0000929,TFRC,L-Tryptophan,NA,from_to,Enzyme–substrate/product,Protein,Metabolite
P02649,HMDB0000929,APOE,L-Tryptophan,NA,from_to,Enzyme–substrate/product,Protein,Metabolite
P10599,HMDB0000929,TXN,L-Tryptophan,NA,from_to,Enzyme–substrate/product,Protein,Metabolite
Q99757,HMDB0000929,TXN2,L-Tryptophan,NA,from_to,Enzyme–substrate/product,Protein,Metabolite
P08686,HMDB0000063,CYP21A2,Cortisol,NA,from_to,Enzyme–substrate/product,Protein,Metabolite
P14060,HMDB0000063,HSD3B1,Cortisol,NA,from_to,Enzyme–substrate/product,Protein,Metabolite
P26439,HMDB0000063,HSD3B2,Cortisol,NA,from_to,Enzyme–substrate/product,Protein,Metabolite
P28845,HMDB0000063,HSD11B1,Cortisol,NA,from_to,Enzyme–substrate/product,Protein,Metabolite
P80365,HMDB0000063,HSD11B2,Cortisol,NA,from_to,Enzyme–substrate/product,Protein,Metabolite
P15538,HMDB0000063,CYP11B1,Cortisol,NA,from_to,Enzyme–substrate/product,Protein,Metabolite
P05093,HMDB0000063,CYP17A1,Cortisol,NA,from_to,Enzyme–substrate/product,Protein,Metabolite
P04040,HMDB0004078,CAT,Cinnavalininate,NA,from_to,Enzyme–substrate/product,Protein,Metabolite
Q6GMR7,HMDB0000209,FAAH2,Phenylacetic acid,NA,from_to,Enzyme–substrate/product,Protein,Metabolite
P30838,HMDB0000209,ALDH3A1,Phenylacetic acid,NA,from_to,Enzyme–substrate/product,Protein,Metabolite
P48448,HMDB0000209,ALDH3B2,Phenylacetic acid,NA,from_to,Enzyme–substrate/product,Protein,Metabolite
P47895,HMDB0000209,ALDH1A3,Phenylacetic acid,NA,from_to,Enzyme–substrate/product,Protein,Metabolite
P43353,HMDB0000209,ALDH3B1,Phenylacetic acid,NA,from_to,Enzyme–substrate/product,Protein,Metabolite
Q96FL8,HMDB0000562,SLC47A1,Creatinine,NA,from_to,Enzyme–substrate/product,Protein,Metabolite
Q86VL8,HMDB0000562,SLC47A2,Creatinine,NA,from_to,Enzyme–substrate/product,Protein,Metabolite
O15439,HMDB0000289,ABCC4,Uric acid,NA,from_to,Enzyme–substrate/product,Protein,Metabolite
P47989,HMDB0000289,XDH,Uric acid,NA,from_to,Enzyme–substrate/product,Protein,Metabolite
P30041,HMDB0000289,PRDX6,Uric acid,NA,from_to,Enzyme–substrate/product,Protein,Metabolite
P07202,HMDB0000289,TPO,Uric acid,NA,from_to,Enzyme–substrate/product,Protein,Metabolite
P05164,HMDB0000289,MPO,Uric acid,NA,from_to,Enzyme–substrate/product,Protein,Metabolite
P22079,HMDB0000289,LPO,Uric acid,NA,from_to,Enzyme–substrate/product,Protein,Metabolite
Q96S37,HMDB0000289,SLC22A12,Uric acid,NA,from_to,Enzyme–substrate/product,Protein,Metabolite
P47989,HMDB0000157,XDH,Hypoxanthine,NA,from_to,Enzyme–substrate/product,Protein,Metabolite
Q9BZD2,HMDB0000157,SLC29A3,Hypoxanthine,NA,from_to,Enzyme–substrate/product,Protein,Metabolite
P00492,HMDB0000157,HPRT1,Hypoxanthine,NA,from_to,Enzyme–substrate/product,Protein,Metabolite
Q14542,HMDB0000157,SLC29A2,Hypoxanthine,NA,from_to,Enzyme–substrate/product,Protein,Metabolite
P00491,HMDB0000157,PNP,Hypoxanthine,NA,from_to,Enzyme–substrate/product,Protein,Metabolite
O95477,HMDB0002815,ABCA1,LysoPC(18:1(11Z)),NA,from_to,Enzyme–substrate/product,Protein,Metabolite
P21439,HMDB0002815,ABCB4,LysoPC(18:1(11Z)),NA,from_to,Enzyme–substrate/product,Protein,Metabolite
Q9BZM2,HMDB0002815,PLA2G2F,LysoPC(18:1(11Z)),NA,from_to,Enzyme–substrate/product,Protein,Metabolite
P39877,HMDB0002815,PLA2G5,LysoPC(18:1(11Z)),NA,from_to,Enzyme–substrate/product,Protein,Metabolite
Q9BZM1,HMDB0002815,PLA2G12A,LysoPC(18:1(11Z)),NA,from_to,Enzyme–substrate/product,Protein,Metabolite
P47712,HMDB0002815,PLA2G4A,LysoPC(18:1(11Z)),NA,from_to,Enzyme–substrate/product,Protein,Metabolite
P14555,HMDB0002815,PLA2G2A,LysoPC(18:1(11Z)),NA,from_to,Enzyme–substrate/product,Protein,Metabolite
Q9NZ20,HMDB0002815,PLA2G3,LysoPC(18:1(11Z)),NA,from_to,Enzyme–substrate/product,Protein,Metabolite
O60733,HMDB0002815,PLA2G6,LysoPC(18:1(11Z)),NA,from_to,Enzyme–substrate/product,Protein,Metabolite
P0C869,HMDB0002815,PLA2G4B,LysoPC(18:1(11Z)),NA,from_to,Enzyme–substrate/product,Protein,Metabolite
P04180,HMDB0002815,LCAT,LysoPC(18:1(11Z)),NA,from_to,Enzyme–substrate/product,Protein,Metabolite
O60312,HMDB0002815,ATP10A,LysoPC(18:1(11Z)),NA,from_to,Enzyme–substrate/product,Protein,Metabolite
O43520,HMDB0002815,ATP8B1,LysoPC(18:1(11Z)),NA,from_to,Enzyme–substrate/product,Protein,Metabolite
P98198,HMDB0002815,ATP8B2,LysoPC(18:1(11Z)),NA,from_to,Enzyme–substrate/product,Protein,Metabolite
O14734,HMDB0000893,ACOT8,Suberic acid,NA,from_to,Enzyme–substrate/product,Protein,Metabolite
O43451,HMDB0000258,MGAM,Sucrose,NA,from_to,Enzyme–substrate/product,Protein,Metabolite
P14410,HMDB0000258,SI,Sucrose,NA,from_to,Enzyme–substrate/product,Protein,Metabolite
P51857,HMDB0000063,AKR1D1,Cortisol,NA,from_to,Enzyme–substrate/product,Protein,Metabolite
P19099,HMDB0000063,CYP11B2,Cortisol,NA,from_to,Enzyme–substrate/product,Protein,Metabolite
Q7Z5J1,HMDB0000063,HSD11B1L,Cortisol,NA,from_to,Enzyme–substrate/product,Protein,Metabolite
P19971,HMDB0000157,TYMP,Hypoxanthine,NA,from_to,Enzyme–substrate/product,Protein,Metabolite
Q8IV20,HMDB0000157,LACC1,Hypoxanthine,NA,from_to,Enzyme–substrate/product,Protein,Metabolite
Q96RQ9,HMDB0000929,IL4I1,L-Tryptophan,NA,from_to,Enzyme–substrate/product,Protein,Metabolite
Q16773,HMDB0000159,KYAT1,L-Phenylalanine,NA,from_to,Enzyme–substrate/product,Protein,Metabolite
Q6YP21,HMDB0000159,KYAT3,L-Phenylalanine,NA,from_to,Enzyme–substrate/product,Protein,Metabolite
Q96RQ9,HMDB0000159,IL4I1,L-Phenylalanine,NA,from_to,Enzyme–substrate/product,Protein,Metabolite
Q8NHS2,HMDB0000159,GOT1L1,L-Phenylalanine,NA,from_to,Enzyme–substrate/product,Protein,Metabolite
Q6IB77,HMDB0000714,GLYAT,Benzoylaminoacetic acid,NA,from_to,Enzyme–substrate/product,Protein,Metabolite
Q5R387,HMDB0002815,PLA2G2C,LysoPC(18:1(11Z)),NA,from_to,Enzyme–substrate/product,Protein,Metabolite
Q9BX93,HMDB0002815,PLA2G12B,LysoPC(18:1(11Z)),NA,from_to,Enzyme–substrate/product,Protein,Metabolite
Q9NZK7,HMDB0002815,PLA2G2E,LysoPC(18:1(11Z)),NA,from_to,Enzyme–substrate/product,Protein,Metabolite
O15496,HMDB0002815,PLA2G10,LysoPC(18:1(11Z)),NA,from_to,Enzyme–substrate/product,Protein,Metabolite
P04054,HMDB0002815,PLA2G1B,LysoPC(18:1(11Z)),NA,from_to,Enzyme–substrate/product,Protein,Metabolite
Q9UNK4,HMDB0002815,PLA2G2D,LysoPC(18:1(11Z)),NA,from_to,Enzyme–substrate/product,Protein,Metabolite
O75608,HMDB0002815,LYPLA1,LysoPC(18:1(11Z)),NA,from_to,Enzyme–substrate/product,Protein,Metabolite
Q8NCC3,HMDB0002815,PLA2G15,LysoPC(18:1(11Z)),NA,from_to,Enzyme–substrate/product,Protein,Metabolite
O95372,HMDB0002815,LYPLA2,LysoPC(18:1(11Z)),NA,from_to,Enzyme–substrate/product,Protein,Metabolite
Q86U10,HMDB0002815,ASPG,LysoPC(18:1(11Z)),NA,from_to,Enzyme–substrate/product,Protein,Metabolite
Q05315,HMDB0002815,CLC,LysoPC(18:1(11Z)),NA,from_to,Enzyme–substrate/product,Protein,Metabolite
Q7L5N7,HMDB0002815,LPCAT2,LysoPC(18:1(11Z)),NA,from_to,Enzyme–substrate/product,Protein,Metabolite
Q8NF37,HMDB0002815,LPCAT1,LysoPC(18:1(11Z)),NA,from_to,Enzyme–substrate/product,Protein,Metabolite
Q643R3,HMDB0002815,LPCAT4,LysoPC(18:1(11Z)),NA,from_to,Enzyme–substrate/product,Protein,Metabolite
Q6P1A2,HMDB0002815,LPCAT3,LysoPC(18:1(11Z)),NA,from_to,Enzyme–substrate/product,Protein,Metabolite
Q6P1J6,HMDB0002815,PLB1,LysoPC(18:1(11Z)),NA,from_to,Enzyme–substrate/product,Protein,Metabolite
Q8IY17,HMDB0002815,PNPLA6,LysoPC(18:1(11Z)),NA,from_to,Enzyme–substrate/product,Protein,Metabolite
Q6ZV29,HMDB0002815,PNPLA7,LysoPC(18:1(11Z)),NA,from_to,Enzyme–substrate/product,Protein,Metabolite
Q9UP65,HMDB0002815,PLA2G4C,LysoPC(18:1(11Z)),NA,from_to,Enzyme–substrate/product,Protein,Metabolite
Q86XP0,HMDB0002815,PLA2G4D,LysoPC(18:1(11Z)),NA,from_to,Enzyme–substrate/product,Protein,Metabolite
Q68DD2,HMDB0002815,PLA2G4F,LysoPC(18:1(11Z)),NA,from_to,Enzyme–substrate/product,Protein,Metabolite
P53816,HMDB0002815,PLA2G16,LysoPC(18:1(11Z)),NA,from_to,Enzyme–substrate/product,Protein,Metabolite
Q9NWW9,HMDB0002815,PLAAT2,LysoPC(18:1(11Z)),NA,from_to,Enzyme–substrate/product,Protein,Metabolite
Q9BY64,HMDB0000496,UGT2B28,Deoxycholic acid 3-glucuronide,NA,from_to,Enzyme–substrate/product,Protein,Metabolite
P19224,HMDB0000496,UGT1A6,Deoxycholic acid 3-glucuronide,NA,from_to,Enzyme–substrate/product,Protein,Metabolite
Q6UWM9,HMDB0000496,UGT2A3,Deoxycholic acid 3-glucuronide,NA,from_to,Enzyme–substrate/product,Protein,Metabolite
O75795,HMDB0000496,UGT2B17,Deoxycholic acid 3-glucuronide,NA,from_to,Enzyme–substrate/product,Protein,Metabolite
Q9HAW8,HMDB0000496,UGT1A10,Deoxycholic acid 3-glucuronide,NA,from_to,Enzyme–substrate/product,Protein,Metabolite
P06133,HMDB0000496,UGT2B4,Deoxycholic acid 3-glucuronide,NA,from_to,Enzyme–substrate/product,Protein,Metabolite
Q9HAW9,HMDB0000496,UGT1A3,Deoxycholic acid 3-glucuronide,NA,from_to,Enzyme–substrate/product,Protein,Metabolite
P35503,HMDB0000496,UGT1A3,Deoxycholic acid 3-glucuronide,NA,from_to,Enzyme–substrate/product,Protein,Metabolite
P54855,HMDB0000496,UGT2B15,Deoxycholic acid 3-glucuronide,NA,from_to,Enzyme–substrate/product,Protein,Metabolite
P35504,HMDB0000496,UGT1A5,Deoxycholic acid 3-glucuronide,NA,from_to,Enzyme–substrate/product,Protein,Metabolite
P36537,HMDB0000496,UGT2B10,Deoxycholic acid 3-glucuronide,NA,from_to,Enzyme–substrate/product,Protein,Metabolite
P22310,HMDB0000496,UGT1A4,Deoxycholic acid 3-glucuronide,NA,from_to,Enzyme–substrate/product,Protein,Metabolite
Q9HAW7,HMDB0000496,UGT1A7,Deoxycholic acid 3-glucuronide,NA,from_to,Enzyme–substrate/product,Protein,Metabolite
O60656,HMDB0000496,UGT1A9,Deoxycholic acid 3-glucuronide,NA,from_to,Enzyme–substrate/product,Protein,Metabolite
P22309,HMDB0000496,UGT1A8,Deoxycholic acid 3-glucuronide,NA,from_to,Enzyme–substrate/product,Protein,Metabolite
O75310,HMDB0000496,UGT2B11,Deoxycholic acid 3-glucuronide,NA,from_to,Enzyme–substrate/product,Protein,Metabolite
P08236,HMDB0000496,GUSB,Deoxycholic acid 3-glucuronide,NA,from_to,Enzyme–substrate/product,Protein,Metabolite
Q9UEF7,HMDB0000496,KL,Deoxycholic acid 3-glucuronide,NA,from_to,Enzyme–substrate/product,Protein,Metabolite
Q9BY64,HMDB0060464,UGT2B28,Codeine-6-glucuronide,NA,from_to,Enzyme–substrate/product,Protein,Metabolite
P19224,HMDB0060464,UGT1A6,Codeine-6-glucuronide,NA,from_to,Enzyme–substrate/product,Protein,Metabolite
Q6UWM9,HMDB0060464,UGT2A3,Codeine-6-glucuronide,NA,from_to,Enzyme–substrate/product,Protein,Metabolite
O75795,HMDB0060464,UGT2B17,Codeine-6-glucuronide,NA,from_to,Enzyme–substrate/product,Protein,Metabolite
Q9HAW8,HMDB0060464,UGT1A10,Codeine-6-glucuronide,NA,from_to,Enzyme–substrate/product,Protein,Metabolite
P06133,HMDB0060464,UGT2B4,Codeine-6-glucuronide,NA,from_to,Enzyme–substrate/product,Protein,Metabolite
Q9HAW9,HMDB0060464,UGT1A3,Codeine-6-glucuronide,NA,from_to,Enzyme–substrate/product,Protein,Metabolite
P35503,HMDB0060464,UGT1A3,Codeine-6-glucuronide,NA,from_to,Enzyme–substrate/product,Protein,Metabolite
P16662,HMDB0060464,UGT2B7,Codeine-6-glucuronide,NA,from_to,Enzyme–substrate/product,Protein,Metabolite
P54855,HMDB0060464,UGT2B15,Codeine-6-glucuronide,NA,from_to,Enzyme–substrate/product,Protein,Metabolite
P35504,HMDB0060464,UGT1A5,Codeine-6-glucuronide,NA,from_to,Enzyme–substrate/product,Protein,Metabolite
P36537,HMDB0060464,UGT2B10,Codeine-6-glucuronide,NA,from_to,Enzyme–substrate/product,Protein,Metabolite
P22310,HMDB0060464,UGT1A4,Codeine-6-glucuronide,NA,from_to,Enzyme–substrate/product,Protein,Metabolite
Q9HAW7,HMDB0060464,UGT1A7,Codeine-6-glucuronide,NA,from_to,Enzyme–substrate/product,Protein,Metabolite
Q9Y4X1,HMDB0060464,UGT2A2,Codeine-6-glucuronide,NA,from_to,Enzyme–substrate/product,Protein,Metabolite
O60656,HMDB0060464,UGT1A9,Codeine-6-glucuronide,NA,from_to,Enzyme–substrate/product,Protein,Metabolite
P22309,HMDB0060464,UGT1A8,Codeine-6-glucuronide,NA,from_to,Enzyme–substrate/product,Protein,Metabolite
O75310,HMDB0060464,UGT2B11,Codeine-6-glucuronide,NA,from_to,Enzyme–substrate/product,Protein,Metabolite
Q8TCD5,HMDB0000296,NT5C,Uridine,NA,from_to,Enzyme–substrate/product,Protein,Metabolite
Q96P26,HMDB0000296,NT5C1B-RDH14,Uridine,NA,from_to,Enzyme–substrate/product,Protein,Metabolite
Q9BXI3,HMDB0000296,NT5C1A,Uridine,NA,from_to,Enzyme–substrate/product,Protein,Metabolite
P49902,HMDB0000296,NT5C2,Uridine,NA,from_to,Enzyme–substrate/product,Protein,Metabolite
Q86YG4,HMDB0000296,NT5DC4,Uridine,NA,from_to,Enzyme–substrate/product,Protein,Metabolite
P14621,HMDB0001870,ACYP2,Benzoic acid,NA,from_to,Enzyme–substrate/product,Protein,Metabolite
P07311,HMDB0001870,ACYP1,Benzoic acid,NA,from_to,Enzyme–substrate/product,Protein,Metabolite
Q9NPB1,HMDB0000195,NT5M,Inosine,NA,from_to,Enzyme–substrate/product,Protein,Metabolite
Q8TCD5,HMDB0000195,NT5C,Inosine,NA,from_to,Enzyme–substrate/product,Protein,Metabolite
P15309,HMDB0000195,ACPP,Inosine,NA,from_to,Enzyme–substrate/product,Protein,Metabolite
Q9NZK5,HMDB0000195,ADA2,Inosine,NA,from_to,Enzyme–substrate/product,Protein,Metabolite
Q8IV20,HMDB0000195,LACC1,Inosine,NA,from_to,Enzyme–substrate/product,Protein,Metabolite
Q86YG4,HMDB0000195,NT5DC4,Inosine,NA,from_to,Enzyme–substrate/product,Protein,Metabolite
P06280,HMDB0000258,GLA,Sucrose,NA,from_to,Enzyme–substrate/product,Protein,Metabolite
P10253,HMDB0000258,GAA,Sucrose,NA,from_to,Enzyme–substrate/product,Protein,Metabolite
Q8TET4,HMDB0000258,GANC,Sucrose,NA,from_to,Enzyme–substrate/product,Protein,Metabolite
A5YM72,HMDB0000182,CARNS1,L-Lysine,NA,from_to,Enzyme–substrate/product,Protein,Metabolite
P46977,HMDB0001513,STT3A,Dolichyl diphosphate,NA,from_to,Enzyme–substrate/product,Protein,Metabolite
Q8TCJ2,HMDB0001513,STT3B,Dolichyl diphosphate,NA,from_to,Enzyme–substrate/product,Protein,Metabolite
P04798,HMDB0001847,CYP1A1,"1,3,7-Trimethylxanthine",NA,from_to,Enzyme–substrate/product,Protein,Metabolite
P05177,HMDB0001847,CYP1A2,"1,3,7-Trimethylxanthine",NA,from_to,Enzyme–substrate/product,Protein,Metabolite
Q16678,HMDB0001847,CYP1B1,"1,3,7-Trimethylxanthine",NA,from_to,Enzyme–substrate/product,Protein,Metabolite
P24903,HMDB0001847,CYP2F1,"1,3,7-Trimethylxanthine",NA,from_to,Enzyme–substrate/product,Protein,Metabolite
P51589,HMDB0001847,CYP2J2,"1,3,7-Trimethylxanthine",NA,from_to,Enzyme–substrate/product,Protein,Metabolite
Q96SQ9,HMDB0001847,CYP2S1,"1,3,7-Trimethylxanthine",NA,from_to,Enzyme–substrate/product,Protein,Metabolite
P13584,HMDB0001847,CYP4B1,"1,3,7-Trimethylxanthine",NA,from_to,Enzyme–substrate/product,Protein,Metabolite
Q8N118,HMDB0001847,CYP4X1,"1,3,7-Trimethylxanthine",NA,from_to,Enzyme–substrate/product,Protein,Metabolite
Q86W10,HMDB0001847,CYP4Z1,"1,3,7-Trimethylxanthine",NA,from_to,Enzyme–substrate/product,Protein,Metabolite
Q16696,HMDB0001847,CYP2A13,"1,3,7-Trimethylxanthine",NA,from_to,Enzyme–substrate/product,Protein,Metabolite
Q02928,HMDB0001847,CYP4A22,"1,3,7-Trimethylxanthine",NA,from_to,Enzyme–substrate/product,Protein,Metabolite
Q5TCH4,HMDB0001847,CYP4A22,"1,3,7-Trimethylxanthine",NA,from_to,Enzyme–substrate/product,Protein,Metabolite
P20815,HMDB0001847,CYP3A5,"1,3,7-Trimethylxanthine",NA,from_to,Enzyme–substrate/product,Protein,Metabolite
P24462,HMDB0001847,CYP3A7-CYP3A51P,"1,3,7-Trimethylxanthine",NA,from_to,Enzyme–substrate/product,Protein,Metabolite
Q9HB55,HMDB0001847,CYP3A43,"1,3,7-Trimethylxanthine",NA,from_to,Enzyme–substrate/product,Protein,Metabolite
P10635,HMDB0001847,CYP2D6,"1,3,7-Trimethylxanthine",NA,from_to,Enzyme–substrate/product,Protein,Metabolite
P10632,HMDB0001847,CYP2C8,"1,3,7-Trimethylxanthine",NA,from_to,Enzyme–substrate/product,Protein,Metabolite
P33260,HMDB0001847,CYP2C18,"1,3,7-Trimethylxanthine",NA,from_to,Enzyme–substrate/product,Protein,Metabolite
Q9HBI6,HMDB0001847,CYP4F11,"1,3,7-Trimethylxanthine",NA,from_to,Enzyme–substrate/product,Protein,Metabolite
Q9HCS2,HMDB0001847,CYP4F12,"1,3,7-Trimethylxanthine",NA,from_to,Enzyme–substrate/product,Protein,Metabolite
Q9UNU6,HMDB0000619,CYP8B1,Cholic acid,NA,from_to,Enzyme–substrate/product,Protein,Metabolite
Q9UNU6,HMDB0000518,CYP8B1,Chenodeoxycholic acid,NA,from_to,Enzyme–substrate/product,Protein,Metabolite
P23921,HMDB0060520,RRM1,Reduced trypanothione,NA,from_to,Enzyme–substrate/product,Protein,Metabolite
Q7LG56,HMDB0060520,RRM2B,Reduced trypanothione,NA,from_to,Enzyme–substrate/product,Protein,Metabolite
P31350,HMDB0060520,RRM2,Reduced trypanothione,NA,from_to,Enzyme–substrate/product,Protein,Metabolite
P23921,HMDB0060521,RRM1,Oxidized trypanothione,NA,from_to,Enzyme–substrate/product,Protein,Metabolite
Q7LG56,HMDB0060521,RRM2B,Oxidized trypanothione,NA,from_to,Enzyme–substrate/product,Protein,Metabolite
P31350,HMDB0060521,RRM2,Oxidized trypanothione,NA,from_to,Enzyme–substrate/product,Protein,Metabolite
O43813,HMDB0001448,LANCL1,Sulfate,NA,from_to,Enzyme–substrate/product,Protein,Metabolite
Q9H4Y5,HMDB0001448,GSTO2,Sulfate,NA,from_to,Enzyme–substrate/product,Protein,Metabolite
Q7RTV2,HMDB0001448,GSTA5,Sulfate,NA,from_to,Enzyme–substrate/product,Protein,Metabolite
O60760,HMDB0001448,HPGDS,Sulfate,NA,from_to,Enzyme–substrate/product,Protein,Metabolite
P09210,HMDB0001448,GSTA1,Sulfate,NA,from_to,Enzyme–substrate/product,Protein,Metabolite
P08263,HMDB0001448,GSTA1,Sulfate,NA,from_to,Enzyme–substrate/product,Protein,Metabolite
Q16772,HMDB0001448,GSTA3,Sulfate,NA,from_to,Enzyme–substrate/product,Protein,Metabolite
O15217,HMDB0001448,GSTA4,Sulfate,NA,from_to,Enzyme–substrate/product,Protein,Metabolite
P09488,HMDB0001448,GSTM1,Sulfate,NA,from_to,Enzyme–substrate/product,Protein,Metabolite
P28161,HMDB0001448,GSTM2,Sulfate,NA,from_to,Enzyme–substrate/product,Protein,Metabolite
P21266,HMDB0001448,GSTM3,Sulfate,NA,from_to,Enzyme–substrate/product,Protein,Metabolite
Q03013,HMDB0001448,GSTM4,Sulfate,NA,from_to,Enzyme–substrate/product,Protein,Metabolite
P46439,HMDB0001448,GSTM5,Sulfate,NA,from_to,Enzyme–substrate/product,Protein,Metabolite
P09211,HMDB0001448,GSTP1,Sulfate,NA,from_to,Enzyme–substrate/product,Protein,Metabolite
P30711,HMDB0001448,GSTT1,Sulfate,NA,from_to,Enzyme–substrate/product,Protein,Metabolite
P0CG30,HMDB0001448,GSTT2,Sulfate,NA,from_to,Enzyme–substrate/product,Protein,Metabolite
P0CG29,HMDB0001448,GSTT2,Sulfate,NA,from_to,Enzyme–substrate/product,Protein,Metabolite
Q9Y2Q3,HMDB0001448,GSTK1,Sulfate,NA,from_to,Enzyme–substrate/product,Protein,Metabolite
P10620,HMDB0001448,MGST1,Sulfate,NA,from_to,Enzyme–substrate/product,Protein,Metabolite
Q99735,HMDB0001448,MGST2,Sulfate,NA,from_to,Enzyme–substrate/product,Protein,Metabolite
O14880,HMDB0001448,MGST3,Sulfate,NA,from_to,Enzyme–substrate/product,Protein,Metabolite
P78417,HMDB0001448,GSTO1,Sulfate,NA,from_to,Enzyme–substrate/product,Protein,Metabolite
Q11201,METPA1576,ST3GAL1,Gm1B,NA,from_to,Enzyme–substrate/product,Protein,Metabolite
Q11201,METPA1554,ST3GAL1,Monosialylgalactosylgloboside,NA,from_to,Enzyme–substrate/product,Protein,Metabolite
Q11201,METPA1553,ST3GAL1,Galactosylgloboside,NA,from_to,Enzyme–substrate/product,Protein,Metabolite
Q9Y274,G00088,ST3GAL6,Vi3Neuac-Nlc6Cer,NA,from_to,Enzyme–substrate/product,Protein,Metabolite
Q9NY97,METPA1528,B3GNT2,Nlc7Cer,NA,from_to,Enzyme–substrate/product,Protein,Metabolite
O43505,METPA1528,B3GNT1,Nlc7Cer,NA,from_to,Enzyme–substrate/product,Protein,Metabolite
Q9NY97,G00067,B3GNT2,Nlc6Cer,NA,from_to,Enzyme–substrate/product,Protein,Metabolite
O43505,G00067,B3GNT1,Nlc6Cer,NA,from_to,Enzyme–substrate/product,Protein,Metabolite
P15291,G00067,B4GALT1,Nlc6Cer,NA,from_to,Enzyme–substrate/product,Protein,Metabolite
Q9Y274,G00067,ST3GAL6,Nlc6Cer,NA,from_to,Enzyme–substrate/product,Protein,Metabolite
Q9NSC7,METPA1499,ST6GALNAC1,Sialyl-Tn Antigen,NA,from_to,Enzyme–substrate/product,Protein,Metabolite
Q9NSC7,METPA1494,ST6GALNAC1,Disialyl-T Antigen,NA,from_to,Enzyme–substrate/product,Protein,Metabolite
Q10471,METPA1490,GALNT2,Tn Antigen,NA,from_to,Enzyme–substrate/product,Protein,Metabolite
Q7Z7M9,METPA1490,GALNT5,Tn Antigen,NA,from_to,Enzyme–substrate/product,Protein,Metabolite
Q86SF2,METPA1490,GALNT7,Tn Antigen,NA,from_to,Enzyme–substrate/product,Protein,Metabolite
Q10472,METPA1490,GALNT1,Tn Antigen,NA,from_to,Enzyme–substrate/product,Protein,Metabolite
P17050,METPA1490,NAGA,Tn Antigen,NA,from_to,Enzyme–substrate/product,Protein,Metabolite
Q9NSC7,METPA1490,ST6GALNAC1,Tn Antigen,NA,from_to,Enzyme–substrate/product,Protein,Metabolite
Q9BTY2,METPA1485,FUCA2,Pa6,NA,from_to,Enzyme–substrate/product,Protein,Metabolite
P04066,METPA1485,FUCA1,Pa6,NA,from_to,Enzyme–substrate/product,Protein,Metabolite
P15907,METPA1485,ST6GAL1,Pa6,NA,from_to,Enzyme–substrate/product,Protein,Metabolite
P15291,METPA1484,B4GALT1,"{[Galactosyl-(1,4)-N-Acetyl-Glucosaminyl-(1,2)-Mannosyl-(1,3)-],[N-Acetyl-Glucosaminyl-(1,2)-Mannosyl-(1,6)-]Mannosyl-(1,4)-N-Acetyl-Glucosaminyl-(1,4)-[Fucosyl-(1,6)]-N-Acetyl-Glucosaminyl}Asparagine",NA,from_to,Enzyme–substrate/product,Protein,Metabolite
P15907,METPA1484,ST6GAL1,"{[Galactosyl-(1,4)-N-Acetyl-Glucosaminyl-(1,2)-Mannosyl-(1,3)-],[N-Acetyl-Glucosaminyl-(1,2)-Mannosyl-(1,6)-]Mannosyl-(1,4)-N-Acetyl-Glucosaminyl-(1,4)-[Fucosyl-(1,6)]-N-Acetyl-Glucosaminyl}Asparagine",NA,from_to,Enzyme–substrate/product,Protein,Metabolite
P15291,METPA1483,B4GALT1,"N4-{N-Acetyl-Beta-D-Glucosaminyl-(1,2)-Alpha-D-Mannosyl-(1,3)-[N-Acetyl-Beta-D-Glucosaminyl-(1,2)-Alpha-D-Mannosyl-(1,6)]-Beta-D-Mannosyl-(1,4)-N-Acetyl-Beta-D-Glucosaminyl-(1,4)-[Alpha-L-Fucosyl-(1,6)]-N-Acetyl-Beta-D-Glucosaminyl}Asparagine",NA,from_to,Enzyme–substrate/product,Protein,Metabolite
P04843,METPA1476,RPN1,"(Alpha-D-Glucosyl)3-(Alpha-D-Mannosyl)8-Beta-D-Mannosyl-Diacetylchitobiosyldiphosphodolichol, Human Liver Homolog",NA,from_to,Enzyme–substrate/product,Protein,Metabolite
Q08426,DB01095,EHHADH,Fluvastatin,NA,from_to,Enzyme–substrate/product,Protein,Metabolite
P51659,DB01095,HSD17B4,Fluvastatin,NA,from_to,Enzyme–substrate/product,Protein,Metabolite
P09110,DB01095,ACAA1,Fluvastatin,NA,from_to,Enzyme–substrate/product,Protein,Metabolite
P33260,D01599,CYP2C18,Gliclazide,NA,from_to,Enzyme–substrate/product,Protein,Metabolite
P08319,D00265,ADH4,Chloral hydrate,NA,from_to,Enzyme–substrate/product,Protein,Metabolite
P00325,D00265,ADH1B,Chloral hydrate,NA,from_to,Enzyme–substrate/product,Protein,Metabolite
P13686,HMDB0000230,ACP5,N-Acetylneuraminic acid,NA,from_to,Enzyme–substrate/product,Protein,Metabolite
P10619,HMDB0000230,CTSA,N-Acetylneuraminic acid,NA,from_to,Enzyme–substrate/product,Protein,Metabolite
P30041,HMDB0001050,PRDX6,HClO,NA,from_to,Enzyme–substrate/product,Protein,Metabolite
P05164,HMDB0001050,MPO,HClO,NA,from_to,Enzyme–substrate/product,Protein,Metabolite
Q9UHG3,HMDB0011627,PCYOX1,Farnesylcysteine,NA,from_to,Enzyme–substrate/product,Protein,Metabolite
P33260,HMDB0060422,CYP2C18,"7,12-Dimethylbenz[A]Anthracene 5,6-Oxide",NA,from_to,Enzyme–substrate/product,Protein,Metabolite
P33260,C19594,CYP2C18,"Aflatoxin-M1-8,9-Epoxide",NA,from_to,Enzyme–substrate/product,Protein,Metabolite
P09211,HMDB0006558,GSTP1,"2,3-Epoxyaflatoxin B1",NA,from_to,Enzyme–substrate/product,Protein,Metabolite
P78417,HMDB0006558,GSTO1,"2,3-Epoxyaflatoxin B1",NA,from_to,Enzyme–substrate/product,Protein,Metabolite
P30711,HMDB0006558,GSTT1,"2,3-Epoxyaflatoxin B1",NA,from_to,Enzyme–substrate/product,Protein,Metabolite
P33260,HMDB0030753,CYP2C18,Aflatoxin Q1,NA,from_to,Enzyme–substrate/product,Protein,Metabolite
P16152,HMDB0041809,CBR1,4-(Methylnitrosamino)-1-(3-Pyridyl)-1-Butanol,NA,from_to,Enzyme–substrate/product,Protein,Metabolite
P33260,HMDB0062382,CYP2C18,4-[(Hydroxymethyl)nitrosoamino]-1-(3-pyridinyl)-1-butanone,NA,from_to,Enzyme–substrate/product,Protein,Metabolite
P33260,HMDB0062223,CYP2C18,"(1aalpha,2beta,3alpha,11calpha)-1a,2,3,11c-Tetrahydro-6,11-dimethylbenzo[6,7]phenanthro[3,4-b]oxirene-2,3-diol",NA,from_to,Enzyme–substrate/product,Protein,Metabolite
P33260,HMDB0060517,CYP2C18,"trans-3,4-Dihydro-3,4-dihydroxy-7,12-dimethylbenz[a]anthracene",NA,from_to,Enzyme–substrate/product,Protein,Metabolite
P33260,HMDB0062429,CYP2C18,"7,12-Dimethylbenz[a]anthracene",NA,from_to,Enzyme–substrate/product,Protein,Metabolite
Q96SQ9,HMDB0062429,CYP2S1,"7,12-Dimethylbenz[a]anthracene",NA,from_to,Enzyme–substrate/product,Protein,Metabolite
P09917,HMDB0062222,ALOX5,"18R-hydroxy-5Z,8Z,11Z,14Z,16E-eicosapentaenoic acid",NA,from_to,Enzyme–substrate/product,Protein,Metabolite
P07148,HMDB0000947,FABP1,Undecanoic acid,NA,from_to,Enzyme–substrate/product,Protein,Metabolite
P51161,HMDB0000947,FABP6,Undecanoic acid,NA,from_to,Enzyme–substrate/product,Protein,Metabolite
P07148,HMDB0000666,FABP1,Heptanoic acid,NA,from_to,Enzyme–substrate/product,Protein,Metabolite
P51161,HMDB0000666,FABP6,Heptanoic acid,NA,from_to,Enzyme–substrate/product,Protein,Metabolite
P07148,HMDB0000910,FABP1,Tridecanoic acid,NA,from_to,Enzyme–substrate/product,Protein,Metabolite
P51161,HMDB0000910,FABP6,Tridecanoic acid,NA,from_to,Enzyme–substrate/product,Protein,Metabolite
P33260,HMDB0030479,CYP2C18,Aflatoxin M1,NA,from_to,Enzyme–substrate/product,Protein,Metabolite
Q02809,HMDB0000450,PLOD1,5-Hydroxylysine,NA,from_to,Enzyme–substrate/product,Protein,Metabolite
Q02809,C16740,PLOD1,Procollagen L-Lysine,NA,from_to,Enzyme–substrate/product,Protein,Metabolite
P09110,HMDB0062220,ACAA1,"13Z,16Z-Docosadienoyl Coenzyme A",NA,from_to,Enzyme–substrate/product,Protein,Metabolite
P07148,HMDB0031046,FABP1,(Z)-9-Heptadecenoic acid,NA,from_to,Enzyme–substrate/product,Protein,Metabolite
P51161,HMDB0031046,FABP6,(Z)-9-Heptadecenoic acid,NA,from_to,Enzyme–substrate/product,Protein,Metabolite
P07148,HMDB0000772,FABP1,Nonadecanoic acid,NA,from_to,Enzyme–substrate/product,Protein,Metabolite
P51161,HMDB0000772,FABP6,Nonadecanoic acid,NA,from_to,Enzyme–substrate/product,Protein,Metabolite
P07148,HMDB0061714,FABP1,"13Z,16Z-docosadienoic acid",NA,from_to,Enzyme–substrate/product,Protein,Metabolite
P51161,HMDB0061714,FABP6,"13Z,16Z-docosadienoic acid",NA,from_to,Enzyme–substrate/product,Protein,Metabolite
Q08426,HMDB0060237,EHHADH,Nervonyl CoA,NA,from_to,Enzyme–substrate/product,Protein,Metabolite
P51659,HMDB0060237,HSD17B4,Nervonyl CoA,NA,from_to,Enzyme–substrate/product,Protein,Metabolite
P09110,HMDB0060237,ACAA1,Nervonyl CoA,NA,from_to,Enzyme–substrate/product,Protein,Metabolite
P09110,HMDB0062217,ACAA1,13Z-docosenoyl-CoA,NA,from_to,Enzyme–substrate/product,Protein,Metabolite
Q08426,HMDB0006526,EHHADH,Tetracosanoyl-CoA,NA,from_to,Enzyme–substrate/product,Protein,Metabolite
P51659,HMDB0006526,HSD17B4,Tetracosanoyl-CoA,NA,from_to,Enzyme–substrate/product,Protein,Metabolite
P09110,HMDB0006526,ACAA1,Tetracosanoyl-CoA,NA,from_to,Enzyme–substrate/product,Protein,Metabolite
P07148,HMDB0002231,FABP1,Eicosenoic acid,NA,from_to,Enzyme–substrate/product,Protein,Metabolite
P51161,HMDB0002231,FABP6,Eicosenoic acid,NA,from_to,Enzyme–substrate/product,Protein,Metabolite
P07148,HMDB0005060,FABP1,Eicosadienoic acid,NA,from_to,Enzyme–substrate/product,Protein,Metabolite
P51161,HMDB0005060,FABP6,Eicosadienoic acid,NA,from_to,Enzyme–substrate/product,Protein,Metabolite
P07148,HMDB0060039,FABP1,"11,14,17-Eicosatrienoic acid",NA,from_to,Enzyme–substrate/product,Protein,Metabolite
P51161,HMDB0060039,FABP6,"11,14,17-Eicosatrienoic acid",NA,from_to,Enzyme–substrate/product,Protein,Metabolite
P16152,HMDB0011603,CBR1,4-(Methylnitrosamino)-1-(3-pyridyl)-1-butanone,NA,from_to,Enzyme–substrate/product,Protein,Metabolite
P33260,HMDB0011603,CYP2C18,4-(Methylnitrosamino)-1-(3-pyridyl)-1-butanone,NA,from_to,Enzyme–substrate/product,Protein,Metabolite
Q08426,HMDB0006260,EHHADH,"Trans-2-all-cis-6,9,12,15,18,21-tetracosaheptaenoyl-CoA",NA,from_to,Enzyme–substrate/product,Protein,Metabolite
Q08426,HMDB0006529,EHHADH,trans-Octadec-2-enoyl-CoA,NA,from_to,Enzyme–substrate/product,Protein,Metabolite
Q08426,HMDB0006498,EHHADH,3-Oxooctadecanoyl-CoA,NA,from_to,Enzyme–substrate/product,Protein,Metabolite
P51659,HMDB0006498,HSD17B4,3-Oxooctadecanoyl-CoA,NA,from_to,Enzyme–substrate/product,Protein,Metabolite
P09110,HMDB0006498,ACAA1,3-Oxooctadecanoyl-CoA,NA,from_to,Enzyme–substrate/product,Protein,Metabolite
P10619,HMDB0006498,CTSA,3-Oxooctadecanoyl-CoA,NA,from_to,Enzyme–substrate/product,Protein,Metabolite
P09110,METPA1253,ACAA1,"(11Z,14Z)-Icosadienoyl Coenzyme A",NA,from_to,Enzyme–substrate/product,Protein,Metabolite
P09110,METPA1252,ACAA1,"11Z,14Z,17Z-Eicosatrienoyl Coenzyme A",NA,from_to,Enzyme–substrate/product,Protein,Metabolite
Q08426,HMDB0006513,EHHADH,"Docosa-4,7,10,13,16-pentaenoyl CoA",NA,from_to,Enzyme–substrate/product,Protein,Metabolite
P51659,HMDB0006513,HSD17B4,"Docosa-4,7,10,13,16-pentaenoyl CoA",NA,from_to,Enzyme–substrate/product,Protein,Metabolite
P09110,HMDB0006513,ACAA1,"Docosa-4,7,10,13,16-pentaenoyl CoA",NA,from_to,Enzyme–substrate/product,Protein,Metabolite
Q08426,C16172,EHHADH,"Tetracosapentaenoyl coenzyme A, n-6",NA,from_to,Enzyme–substrate/product,Protein,Metabolite
P51659,C16172,HSD17B4,"Tetracosapentaenoyl coenzyme A, n-6",NA,from_to,Enzyme–substrate/product,Protein,Metabolite
P09110,C16172,ACAA1,"Tetracosapentaenoyl coenzyme A, n-6",NA,from_to,Enzyme–substrate/product,Protein,Metabolite
Q08426,HMDB0006516,EHHADH,Tetracosatetraenoyl CoA,NA,from_to,Enzyme–substrate/product,Protein,Metabolite
P51659,HMDB0006516,HSD17B4,Tetracosatetraenoyl CoA,NA,from_to,Enzyme–substrate/product,Protein,Metabolite
P09110,HMDB0006516,ACAA1,Tetracosatetraenoyl CoA,NA,from_to,Enzyme–substrate/product,Protein,Metabolite
Q08426,METPA1251,EHHADH,Adrenyl coenzyme A,NA,from_to,Enzyme–substrate/product,Protein,Metabolite
P51659,METPA1251,HSD17B4,Adrenyl coenzyme A,NA,from_to,Enzyme–substrate/product,Protein,Metabolite
P09110,METPA1251,ACAA1,Adrenyl coenzyme A,NA,from_to,Enzyme–substrate/product,Protein,Metabolite
Q08426,METPA1250,EHHADH,Cervonyl Coenzyme A,NA,from_to,Enzyme–substrate/product,Protein,Metabolite
P51659,METPA1250,HSD17B4,Cervonyl Coenzyme A,NA,from_to,Enzyme–substrate/product,Protein,Metabolite
P09110,METPA1250,ACAA1,Cervonyl Coenzyme A,NA,from_to,Enzyme–substrate/product,Protein,Metabolite
Q08426,HMDB0006243,EHHADH,Tetracosahexaenoyl CoA,NA,from_to,Enzyme–substrate/product,Protein,Metabolite
P51659,HMDB0006243,HSD17B4,Tetracosahexaenoyl CoA,NA,from_to,Enzyme–substrate/product,Protein,Metabolite
P09110,HMDB0006243,ACAA1,Tetracosahexaenoyl CoA,NA,from_to,Enzyme–substrate/product,Protein,Metabolite
Q08426,HMDB0060222,EHHADH,"(9Z,12Z,15Z,18Z,21Z)-Tetracosapentaenoyl Coenzyme A",NA,from_to,Enzyme–substrate/product,Protein,Metabolite
P51659,HMDB0060222,HSD17B4,"(9Z,12Z,15Z,18Z,21Z)-Tetracosapentaenoyl Coenzyme A",NA,from_to,Enzyme–substrate/product,Protein,Metabolite
P09110,HMDB0060222,ACAA1,"(9Z,12Z,15Z,18Z,21Z)-Tetracosapentaenoyl Coenzyme A",NA,from_to,Enzyme–substrate/product,Protein,Metabolite
Q08426,HMDB0060311,EHHADH,"(5Z,8Z,11Z,14Z,17Z)-Icosapentaenoyl-CoA",NA,from_to,Enzyme–substrate/product,Protein,Metabolite
P51659,HMDB0060311,HSD17B4,"(5Z,8Z,11Z,14Z,17Z)-Icosapentaenoyl-CoA",NA,from_to,Enzyme–substrate/product,Protein,Metabolite
P09110,HMDB0060311,ACAA1,"(5Z,8Z,11Z,14Z,17Z)-Icosapentaenoyl-CoA",NA,from_to,Enzyme–substrate/product,Protein,Metabolite
P09110,C16164,ACAA1,Eicosatetranoyl coenzyme A,NA,from_to,Enzyme–substrate/product,Protein,Metabolite
Q08426,HMDB0006519,EHHADH,Stearidonoyl CoA,NA,from_to,Enzyme–substrate/product,Protein,Metabolite
P51659,HMDB0006519,HSD17B4,Stearidonoyl CoA,NA,from_to,Enzyme–substrate/product,Protein,Metabolite
P09110,HMDB0006519,ACAA1,Stearidonoyl CoA,NA,from_to,Enzyme–substrate/product,Protein,Metabolite
P09110,HMDB0006290,ACAA1,Alpha-Linolenoyl-CoA,NA,from_to,Enzyme–substrate/product,Protein,Metabolite
Q93070,C16011,ART4,Protein-Omega-N-(Adenosine-5'-Diphosphate-D-Ribosyl)-L-Arginine,NA,from_to,Enzyme–substrate/product,Protein,Metabolite
Q13508,C16011,ART3,Protein-Omega-N-(Adenosine-5'-Diphosphate-D-Ribosyl)-L-Arginine,NA,from_to,Enzyme–substrate/product,Protein,Metabolite
P80108,HMDB0011668,GPLD1,6-(alpha-D-Glucosaminyl)-1D-myo-inositol,NA,from_to,Enzyme–substrate/product,Protein,Metabolite
Q8IV08,HMDB0011155,PLD3,"PA(P-16:0e/18:2(9Z,12Z))",NA,from_to,Enzyme–substrate/product,Protein,Metabolite
Q96BZ4,HMDB0011155,PLD4,"PA(P-16:0e/18:2(9Z,12Z))",NA,from_to,Enzyme–substrate/product,Protein,Metabolite
Q13822,HMDB0011154,ENPP2,LysoPA(P-16:0e/0:0),NA,from_to,Enzyme–substrate/product,Protein,Metabolite
P09211,HMDB0060507,GSTP1,S-(Formylmethyl)glutathione,NA,from_to,Enzyme–substrate/product,Protein,Metabolite
P78417,HMDB0060507,GSTO1,S-(Formylmethyl)glutathione,NA,from_to,Enzyme–substrate/product,Protein,Metabolite
P30711,HMDB0060507,GSTT1,S-(Formylmethyl)glutathione,NA,from_to,Enzyme–substrate/product,Protein,Metabolite
P09211,HMDB0060504,GSTP1,"S-(1,2-Dichlorovinyl)glutathione",NA,from_to,Enzyme–substrate/product,Protein,Metabolite
P78417,HMDB0060504,GSTO1,"S-(1,2-Dichlorovinyl)glutathione",NA,from_to,Enzyme–substrate/product,Protein,Metabolite
P30711,HMDB0060504,GSTT1,"S-(1,2-Dichlorovinyl)glutathione",NA,from_to,Enzyme–substrate/product,Protein,Metabolite
P33260,HMDB0250081,CYP2C18,Chloral,NA,from_to,Enzyme–substrate/product,Protein,Metabolite
P09211,HMDB0060342,GSTP1,2-(S-Glutathionyl)acetyl chloride,NA,from_to,Enzyme–substrate/product,Protein,Metabolite
P78417,HMDB0060342,GSTO1,2-(S-Glutathionyl)acetyl chloride,NA,from_to,Enzyme–substrate/product,Protein,Metabolite
P30711,HMDB0060342,GSTT1,2-(S-Glutathionyl)acetyl chloride,NA,from_to,Enzyme–substrate/product,Protein,Metabolite
P09211,HMDB0060505,GSTP1,S-(2-Chloroacetyl)glutathione,NA,from_to,Enzyme–substrate/product,Protein,Metabolite
P78417,HMDB0060505,GSTO1,S-(2-Chloroacetyl)glutathione,NA,from_to,Enzyme–substrate/product,Protein,Metabolite
P30711,HMDB0060505,GSTT1,S-(2-Chloroacetyl)glutathione,NA,from_to,Enzyme–substrate/product,Protein,Metabolite
P09211,HMDB0060343,GSTP1,2-(S-Glutathionyl)acetyl glutathione,NA,from_to,Enzyme–substrate/product,Protein,Metabolite
P78417,HMDB0060343,GSTO1,2-(S-Glutathionyl)acetyl glutathione,NA,from_to,Enzyme–substrate/product,Protein,Metabolite
P30711,HMDB0060343,GSTT1,2-(S-Glutathionyl)acetyl glutathione,NA,from_to,Enzyme–substrate/product,Protein,Metabolite
P09211,HMDB0060506,GSTP1,"S-(2,2-Dichloro-1-hydroxy)ethyl glutathione",NA,from_to,Enzyme–substrate/product,Protein,Metabolite
P78417,HMDB0060506,GSTO1,"S-(2,2-Dichloro-1-hydroxy)ethyl glutathione",NA,from_to,Enzyme–substrate/product,Protein,Metabolite
P30711,HMDB0060506,GSTT1,"S-(2,2-Dichloro-1-hydroxy)ethyl glutathione",NA,from_to,Enzyme–substrate/product,Protein,Metabolite
P09211,HMDB0060423,GSTP1,"7,8-Dihydro-7-hydroxy-8-S-glutathionyl-benzo[a]pyrene",NA,from_to,Enzyme–substrate/product,Protein,Metabolite
P78417,HMDB0060423,GSTO1,"7,8-Dihydro-7-hydroxy-8-S-glutathionyl-benzo[a]pyrene",NA,from_to,Enzyme–substrate/product,Protein,Metabolite
P30711,HMDB0060423,GSTT1,"7,8-Dihydro-7-hydroxy-8-S-glutathionyl-benzo[a]pyrene",NA,from_to,Enzyme–substrate/product,Protein,Metabolite
P09211,HMDB0060391,GSTP1,"4,5-Dihydro-4-hydroxy-5-S-glutathionyl-benzo[a]pyrene",NA,from_to,Enzyme–substrate/product,Protein,Metabolite
P78417,HMDB0060391,GSTO1,"4,5-Dihydro-4-hydroxy-5-S-glutathionyl-benzo[a]pyrene",NA,from_to,Enzyme–substrate/product,Protein,Metabolite
P30711,HMDB0060391,GSTT1,"4,5-Dihydro-4-hydroxy-5-S-glutathionyl-benzo[a]pyrene",NA,from_to,Enzyme–substrate/product,Protein,Metabolite
P33260,HMDB0062439,CYP2C18,"9-Hydroxybenzo[a]pyrene-4,5-oxide",NA,from_to,Enzyme–substrate/product,Protein,Metabolite
P33260,HMDB0062470,CYP2C18,"Benzo[a]pyrene-7,8-dihydrodiol-9,10-oxide",NA,from_to,Enzyme–substrate/product,Protein,Metabolite
P33260,HMDB0060438,CYP2C18,"Benzo[A]Pyrene-7,8-Diol",NA,from_to,Enzyme–substrate/product,Protein,Metabolite
P09211,HMDB0060438,GSTP1,"Benzo[A]Pyrene-7,8-Diol",NA,from_to,Enzyme–substrate/product,Protein,Metabolite
P78417,HMDB0060438,GSTO1,"Benzo[A]Pyrene-7,8-Diol",NA,from_to,Enzyme–substrate/product,Protein,Metabolite
P30711,HMDB0060438,GSTT1,"Benzo[A]Pyrene-7,8-Diol",NA,from_to,Enzyme–substrate/product,Protein,Metabolite
P33260,HMDB0060091,CYP2C18,"Benzo[A]Pyrene-4,5-Oxide",NA,from_to,Enzyme–substrate/product,Protein,Metabolite
P09211,HMDB0060091,GSTP1,"Benzo[A]Pyrene-4,5-Oxide",NA,from_to,Enzyme–substrate/product,Protein,Metabolite
P78417,HMDB0060091,GSTO1,"Benzo[A]Pyrene-4,5-Oxide",NA,from_to,Enzyme–substrate/product,Protein,Metabolite
P30711,HMDB0060091,GSTT1,"Benzo[A]Pyrene-4,5-Oxide",NA,from_to,Enzyme–substrate/product,Protein,Metabolite
P33260,HMDB0060439,CYP2C18,"Benzo[A]Pyrene-7,8-Oxide",NA,from_to,Enzyme–substrate/product,Protein,Metabolite
P33260,HMDB0060090,CYP2C18,"Benzo[A]Pyrene-9,10-Oxide",NA,from_to,Enzyme–substrate/product,Protein,Metabolite
P09211,HMDB0060358,GSTP1,"2,3-Dihydro-2-S-glutathionyl-3-hydroxy bromobenzene",NA,from_to,Enzyme–substrate/product,Protein,Metabolite
P78417,HMDB0060358,GSTO1,"2,3-Dihydro-2-S-glutathionyl-3-hydroxy bromobenzene",NA,from_to,Enzyme–substrate/product,Protein,Metabolite
P30711,HMDB0060358,GSTT1,"2,3-Dihydro-2-S-glutathionyl-3-hydroxy bromobenzene",NA,from_to,Enzyme–substrate/product,Protein,Metabolite
P09211,HMDB0060381,GSTP1,"3,4-Dihydro-3-hydroxy-4-S-glutathionyl bromobenzene",NA,from_to,Enzyme–substrate/product,Protein,Metabolite
P78417,HMDB0060381,GSTO1,"3,4-Dihydro-3-hydroxy-4-S-glutathionyl bromobenzene",NA,from_to,Enzyme–substrate/product,Protein,Metabolite
P30711,HMDB0060381,GSTT1,"3,4-Dihydro-3-hydroxy-4-S-glutathionyl bromobenzene",NA,from_to,Enzyme–substrate/product,Protein,Metabolite
P33260,HMDB0060446,CYP2C18,"Bromobenzene-2,3-Oxide",NA,from_to,Enzyme–substrate/product,Protein,Metabolite
P09211,HMDB0060446,GSTP1,"Bromobenzene-2,3-Oxide",NA,from_to,Enzyme–substrate/product,Protein,Metabolite
P78417,HMDB0060446,GSTO1,"Bromobenzene-2,3-Oxide",NA,from_to,Enzyme–substrate/product,Protein,Metabolite
P30711,HMDB0060446,GSTT1,"Bromobenzene-2,3-Oxide",NA,from_to,Enzyme–substrate/product,Protein,Metabolite
P33260,HMDB0060448,CYP2C18,"Bromobenzene-3,4-Oxide",NA,from_to,Enzyme–substrate/product,Protein,Metabolite
P09211,HMDB0060448,GSTP1,"Bromobenzene-3,4-Oxide",NA,from_to,Enzyme–substrate/product,Protein,Metabolite
P78417,HMDB0060448,GSTO1,"Bromobenzene-3,4-Oxide",NA,from_to,Enzyme–substrate/product,Protein,Metabolite
P30711,HMDB0060448,GSTT1,"Bromobenzene-3,4-Oxide",NA,from_to,Enzyme–substrate/product,Protein,Metabolite
P33260,HMDB0004702,CYP2C18,"12,13-EpOME",NA,from_to,Enzyme–substrate/product,Protein,Metabolite
Q96SQ9,HMDB0004702,CYP2S1,"12,13-EpOME",NA,from_to,Enzyme–substrate/product,Protein,Metabolite
P33260,HMDB0004701,CYP2C18,"9,10-Epoxyoctadecenoic acid",NA,from_to,Enzyme–substrate/product,Protein,Metabolite
Q96SQ9,HMDB0004701,CYP2S1,"9,10-Epoxyoctadecenoic acid",NA,from_to,Enzyme–substrate/product,Protein,Metabolite
P02792,HMDB0015531,FTL,Fe3+,NA,from_to,Enzyme–substrate/product,Protein,Metabolite
P02794,HMDB0015531,FTH1,Fe3+,NA,from_to,Enzyme–substrate/product,Protein,Metabolite
P00450,HMDB0015531,CP,Fe3+,NA,from_to,Enzyme–substrate/product,Protein,Metabolite
P02792,HMDB0000692,FTL,Fe2+,NA,from_to,Enzyme–substrate/product,Protein,Metabolite
P02794,HMDB0000692,FTH1,Fe2+,NA,from_to,Enzyme–substrate/product,Protein,Metabolite
P00450,HMDB0000692,CP,Fe2+,NA,from_to,Enzyme–substrate/product,Protein,Metabolite
P09211,HMDB0060326,GSTP1,"1-Nitro-5-glutathionyl-6-hydroxy-5,6-dihydronaphthalene",NA,from_to,Enzyme–substrate/product,Protein,Metabolite
P78417,HMDB0060326,GSTO1,"1-Nitro-5-glutathionyl-6-hydroxy-5,6-dihydronaphthalene",NA,from_to,Enzyme–substrate/product,Protein,Metabolite
P30711,HMDB0060326,GSTT1,"1-Nitro-5-glutathionyl-6-hydroxy-5,6-dihydronaphthalene",NA,from_to,Enzyme–substrate/product,Protein,Metabolite
P09211,HMDB0060327,GSTP1,"1-Nitro-5-hydroxy-6-glutathionyl-5,6-dihydronaphthalene",NA,from_to,Enzyme–substrate/product,Protein,Metabolite
P78417,HMDB0060327,GSTO1,"1-Nitro-5-hydroxy-6-glutathionyl-5,6-dihydronaphthalene",NA,from_to,Enzyme–substrate/product,Protein,Metabolite
P30711,HMDB0060327,GSTT1,"1-Nitro-5-hydroxy-6-glutathionyl-5,6-dihydronaphthalene",NA,from_to,Enzyme–substrate/product,Protein,Metabolite
P09211,HMDB0060329,GSTP1,"1-Nitro-7-glutathionyl-8-hydroxy-7,8-dihydronaphthalene",NA,from_to,Enzyme–substrate/product,Protein,Metabolite
P78417,HMDB0060329,GSTO1,"1-Nitro-7-glutathionyl-8-hydroxy-7,8-dihydronaphthalene",NA,from_to,Enzyme–substrate/product,Protein,Metabolite
P30711,HMDB0060329,GSTT1,"1-Nitro-7-glutathionyl-8-hydroxy-7,8-dihydronaphthalene",NA,from_to,Enzyme–substrate/product,Protein,Metabolite
P09211,HMDB0060330,GSTP1,"1-Nitro-7-hydroxy-8-glutathionyl-7,8-dihydronaphthalene",NA,from_to,Enzyme–substrate/product,Protein,Metabolite
P78417,HMDB0060330,GSTO1,"1-Nitro-7-hydroxy-8-glutathionyl-7,8-dihydronaphthalene",NA,from_to,Enzyme–substrate/product,Protein,Metabolite
P30711,HMDB0060330,GSTT1,"1-Nitro-7-hydroxy-8-glutathionyl-7,8-dihydronaphthalene",NA,from_to,Enzyme–substrate/product,Protein,Metabolite
P33260,HMDB0060332,CYP2C18,"1-Nitronaphthalene-7,8-Oxide",NA,from_to,Enzyme–substrate/product,Protein,Metabolite
P09211,HMDB0060332,GSTP1,"1-Nitronaphthalene-7,8-Oxide",NA,from_to,Enzyme–substrate/product,Protein,Metabolite
P78417,HMDB0060332,GSTO1,"1-Nitronaphthalene-7,8-Oxide",NA,from_to,Enzyme–substrate/product,Protein,Metabolite
P30711,HMDB0060332,GSTT1,"1-Nitronaphthalene-7,8-Oxide",NA,from_to,Enzyme–substrate/product,Protein,Metabolite
P33260,HMDB0060331,CYP2C18,"1-Nitronaphthalene-5,6-Oxide",NA,from_to,Enzyme–substrate/product,Protein,Metabolite
P09211,HMDB0060331,GSTP1,"1-Nitronaphthalene-5,6-Oxide",NA,from_to,Enzyme–substrate/product,Protein,Metabolite
P78417,HMDB0060331,GSTO1,"1-Nitronaphthalene-5,6-Oxide",NA,from_to,Enzyme–substrate/product,Protein,Metabolite
P30711,HMDB0060331,GSTT1,"1-Nitronaphthalene-5,6-Oxide",NA,from_to,Enzyme–substrate/product,Protein,Metabolite
P09211,HMDB0060302,GSTP1,"(1S)-Hydroxy-(2S)-glutathionyl-1,2-dihydronaphthalene",NA,from_to,Enzyme–substrate/product,Protein,Metabolite
P78417,HMDB0060302,GSTO1,"(1S)-Hydroxy-(2S)-glutathionyl-1,2-dihydronaphthalene",NA,from_to,Enzyme–substrate/product,Protein,Metabolite
P30711,HMDB0060302,GSTT1,"(1S)-Hydroxy-(2S)-glutathionyl-1,2-dihydronaphthalene",NA,from_to,Enzyme–substrate/product,Protein,Metabolite
P09211,HMDB0060300,GSTP1,"(1R)-Hydroxy-(2R)-glutathionyl-1,2-dihydronaphthalene",NA,from_to,Enzyme–substrate/product,Protein,Metabolite
P78417,HMDB0060300,GSTO1,"(1R)-Hydroxy-(2R)-glutathionyl-1,2-dihydronaphthalene",NA,from_to,Enzyme–substrate/product,Protein,Metabolite
P30711,HMDB0060300,GSTT1,"(1R)-Hydroxy-(2R)-glutathionyl-1,2-dihydronaphthalene",NA,from_to,Enzyme–substrate/product,Protein,Metabolite
P33260,HMDB0060301,CYP2C18,"(1S,2R)-Naphthalene 1,2-oxide",NA,from_to,Enzyme–substrate/product,Protein,Metabolite
P09211,HMDB0060301,GSTP1,"(1S,2R)-Naphthalene 1,2-oxide",NA,from_to,Enzyme–substrate/product,Protein,Metabolite
P78417,HMDB0060301,GSTO1,"(1S,2R)-Naphthalene 1,2-oxide",NA,from_to,Enzyme–substrate/product,Protein,Metabolite
P30711,HMDB0060301,GSTT1,"(1S,2R)-Naphthalene 1,2-oxide",NA,from_to,Enzyme–substrate/product,Protein,Metabolite
P51659,HMDB0004264,HSD17B4,"14,15-Epoxy-5,8,11-eicosatrienoic acid",NA,from_to,Enzyme–substrate/product,Protein,Metabolite
P09110,HMDB0004264,ACAA1,"14,15-Epoxy-5,8,11-eicosatrienoic acid",NA,from_to,Enzyme–substrate/product,Protein,Metabolite
P33260,HMDB0004264,CYP2C18,"14,15-Epoxy-5,8,11-eicosatrienoic acid",NA,from_to,Enzyme–substrate/product,Protein,Metabolite
Q96SQ9,HMDB0004264,CYP2S1,"14,15-Epoxy-5,8,11-eicosatrienoic acid",NA,from_to,Enzyme–substrate/product,Protein,Metabolite
Q96CM8,HMDB0004264,ACSF2,"14,15-Epoxy-5,8,11-eicosatrienoic acid",NA,from_to,Enzyme–substrate/product,Protein,Metabolite
P51659,HMDB0004673,HSD17B4,"11,12-Epoxyeicosatrienoic acid",NA,from_to,Enzyme–substrate/product,Protein,Metabolite
P09110,HMDB0004673,ACAA1,"11,12-Epoxyeicosatrienoic acid",NA,from_to,Enzyme–substrate/product,Protein,Metabolite
P33260,HMDB0004673,CYP2C18,"11,12-Epoxyeicosatrienoic acid",NA,from_to,Enzyme–substrate/product,Protein,Metabolite
Q96SQ9,HMDB0004673,CYP2S1,"11,12-Epoxyeicosatrienoic acid",NA,from_to,Enzyme–substrate/product,Protein,Metabolite
Q96CM8,HMDB0004673,ACSF2,"11,12-Epoxyeicosatrienoic acid",NA,from_to,Enzyme–substrate/product,Protein,Metabolite
P33260,HMDB0002232,CYP2C18,"8,9-Epoxyeicosatrienoic acid",NA,from_to,Enzyme–substrate/product,Protein,Metabolite
Q96SQ9,HMDB0002232,CYP2S1,"8,9-Epoxyeicosatrienoic acid",NA,from_to,Enzyme–substrate/product,Protein,Metabolite
P33260,HMDB0002190,CYP2C18,"5,6-Epoxy-8,11,14-eicosatrienoic acid",NA,from_to,Enzyme–substrate/product,Protein,Metabolite
Q96SQ9,HMDB0002190,CYP2S1,"5,6-Epoxy-8,11,14-eicosatrienoic acid",NA,from_to,Enzyme–substrate/product,Protein,Metabolite
P07203,HMDB0004667,GPX1,13S-hydroxyoctadecadienoic acid,NA,from_to,Enzyme–substrate/product,Protein,Metabolite
P22352,HMDB0004667,GPX3,13S-hydroxyoctadecadienoic acid,NA,from_to,Enzyme–substrate/product,Protein,Metabolite
P30041,HMDB0004667,PRDX6,13S-hydroxyoctadecadienoic acid,NA,from_to,Enzyme–substrate/product,Protein,Metabolite
P33260,HMDB0062438,CYP2C18,9-Hydroxybenzo[a]pyrene,NA,from_to,Enzyme–substrate/product,Protein,Metabolite
P30041,HMDB0005896,PRDX6,4-Hydroxyestradiol,NA,from_to,Enzyme–substrate/product,Protein,Metabolite
P05164,HMDB0005896,MPO,4-Hydroxyestradiol,NA,from_to,Enzyme–substrate/product,Protein,Metabolite
P11678,HMDB0005896,EPX,4-Hydroxyestradiol,NA,from_to,Enzyme–substrate/product,Protein,Metabolite
P33260,HMDB0062188,CYP2C18,1-nitronaphthalene,NA,from_to,Enzyme–substrate/product,Protein,Metabolite
P33260,HMDB0259827,CYP2C18,"1,1-Dichloroethylene",NA,from_to,Enzyme–substrate/product,Protein,Metabolite
P09211,C13645,GSTP1,Hydrobromic Acid,NA,from_to,Enzyme–substrate/product,Protein,Metabolite
P78417,C13645,GSTO1,Hydrobromic Acid,NA,from_to,Enzyme–substrate/product,Protein,Metabolite
P30711,C13645,GSTT1,Hydrobromic Acid,NA,from_to,Enzyme–substrate/product,Protein,Metabolite
P33260,HMDB0015503,CYP2C18,Antipyrine,NA,from_to,Enzyme–substrate/product,Protein,Metabolite
P33260,HMDB0006240,CYP2C18,Demethylated antipyrine,NA,from_to,Enzyme–substrate/product,Protein,Metabolite
P23141,HMDB0006406,CES1,Ecgonine methyl ester,NA,from_to,Enzyme–substrate/product,Protein,Metabolite
Q08426,HMDB0004601,EHHADH,"3-Hydroxy-2,6-dimethyl-5-methylene-heptanoyl-CoA",NA,from_to,Enzyme–substrate/product,Protein,Metabolite
Q08426,HMDB0006540,EHHADH,"cis-2-Methyl-5-isopropylhexa-2,5-dienoyl-CoA",NA,from_to,Enzyme–substrate/product,Protein,Metabolite
Q08426,HMDB0006530,EHHADH,"trans-2-Methyl-5-isopropylhexa-2,5-dienoyl-CoA",NA,from_to,Enzyme–substrate/product,Protein,Metabolite
P00352,HMDB0004586,ALDH1A1,Perillic acid,NA,from_to,Enzyme–substrate/product,Protein,Metabolite
P48426,METPA1045,PIP4K2A,1-Phosphatidyl-1D-Myo-Inositol 5-Phosphate,NA,from_to,Enzyme–substrate/product,Protein,Metabolite
Q10713,METPA1044,PMPCA,"1-Phosphatidyl-1D-Myo-Inositol 3,5-Bisphosphate",NA,from_to,Enzyme–substrate/product,Protein,Metabolite
P48426,METPA1044,PIP4K2A,"1-Phosphatidyl-1D-Myo-Inositol 3,5-Bisphosphate",NA,from_to,Enzyme–substrate/product,Protein,Metabolite
P40925,HMDB0060176,MDH1,(S)-3-Sulfonatolactate,NA,from_to,Enzyme–substrate/product,Protein,Metabolite
P40926,HMDB0060176,MDH2,(S)-3-Sulfonatolactate,NA,from_to,Enzyme–substrate/product,Protein,Metabolite
P09211,HMDB0060431,GSTP1,"Aflatoxin B1exo-8,9-epoxide-GSH",NA,from_to,Enzyme–substrate/product,Protein,Metabolite
P78417,HMDB0060431,GSTO1,"Aflatoxin B1exo-8,9-epoxide-GSH",NA,from_to,Enzyme–substrate/product,Protein,Metabolite
P30711,HMDB0060431,GSTT1,"Aflatoxin B1exo-8,9-epoxide-GSH",NA,from_to,Enzyme–substrate/product,Protein,Metabolite
P33260,HMDB0042048,CYP2C18,Trichloroacetic acid,NA,from_to,Enzyme–substrate/product,Protein,Metabolite
P33260,HMDB0062533,CYP2C18,TCE epoxide,NA,from_to,Enzyme–substrate/product,Protein,Metabolite
P33260,C11036,CYP2C18,Bromobenzene,NA,from_to,Enzyme–substrate/product,Protein,Metabolite
P30041,HMDB0000786,PRDX6,Alloxan,NA,from_to,Enzyme–substrate/product,Protein,Metabolite
P05164,HMDB0000786,MPO,Alloxan,NA,from_to,Enzyme–substrate/product,Protein,Metabolite
P33260,HMDB0062469,CYP2C18,Benzpyrene,NA,from_to,Enzyme–substrate/product,Protein,Metabolite
Q96SQ9,HMDB0062469,CYP2S1,Benzpyrene,NA,from_to,Enzyme–substrate/product,Protein,Metabolite
P08319,HMDB0041796,ADH4,"2,2,2-Trichloroethanol",NA,from_to,Enzyme–substrate/product,Protein,Metabolite
P00325,HMDB0041796,ADH1B,"2,2,2-Trichloroethanol",NA,from_to,Enzyme–substrate/product,Protein,Metabolite
P33260,HMDB0041796,CYP2C18,"2,2,2-Trichloroethanol",NA,from_to,Enzyme–substrate/product,Protein,Metabolite
Q08426,HMDB0002057,EHHADH,Pristanoyl-CoA,NA,from_to,Enzyme–substrate/product,Protein,Metabolite
P51659,HMDB0002057,HSD17B4,Pristanoyl-CoA,NA,from_to,Enzyme–substrate/product,Protein,Metabolite
P09110,HMDB0002057,ACAA1,Pristanoyl-CoA,NA,from_to,Enzyme–substrate/product,Protein,Metabolite
Q08426,C07296,EHHADH,"4,8,12-Trimethyltridecanoyl-CoA",NA,from_to,Enzyme–substrate/product,Protein,Metabolite
P51659,C07296,HSD17B4,"4,8,12-Trimethyltridecanoyl-CoA",NA,from_to,Enzyme–substrate/product,Protein,Metabolite
P09110,C07296,ACAA1,"4,8,12-Trimethyltridecanoyl-CoA",NA,from_to,Enzyme–substrate/product,Protein,Metabolite
P33260,HMDB0006552,CYP2C18,Aflatoxin B1,NA,from_to,Enzyme–substrate/product,Protein,Metabolite
P33260,HMDB0029593,CYP2C18,Trichloroethylene,NA,from_to,Enzyme–substrate/product,Protein,Metabolite
P09211,HMDB0029593,GSTP1,Trichloroethylene,NA,from_to,Enzyme–substrate/product,Protein,Metabolite
P78417,HMDB0029593,GSTO1,Trichloroethylene,NA,from_to,Enzyme–substrate/product,Protein,Metabolite
P30711,HMDB0029593,GSTT1,Trichloroethylene,NA,from_to,Enzyme–substrate/product,Protein,Metabolite
P09917,HMDB0001999,ALOX5,Eicosapentaenoic acid,NA,from_to,Enzyme–substrate/product,Protein,Metabolite
P09917,HMDB0005082,ALOX5,Lipoxin B4,NA,from_to,Enzyme–substrate/product,Protein,Metabolite
P13686,HMDB0004381,ACP5,N-Acetylneuraminic acid 9-phosphate,NA,from_to,Enzyme–substrate/product,Protein,Metabolite
P36957,HMDB0006832,DLST,S-Glutaryldihydrolipoamide,NA,from_to,Enzyme–substrate/product,Protein,Metabolite
Q08426,HMDB0006823,EHHADH,"2,5-Diamino-6-(5'-triphosphoryl-3',4'-trihydroxy-2'-oxopentyl)-amino-4-oxopyrimidine",NA,from_to,Enzyme–substrate/product,Protein,Metabolite
P51659,HMDB0006823,HSD17B4,"2,5-Diamino-6-(5'-triphosphoryl-3',4'-trihydroxy-2'-oxopentyl)-amino-4-oxopyrimidine",NA,from_to,Enzyme–substrate/product,Protein,Metabolite
Q11201,C06141,ST3GAL1,Gd1B,NA,from_to,Enzyme–substrate/product,Protein,Metabolite
Q11201,C06140,ST3GAL1,Gt1B,NA,from_to,Enzyme–substrate/product,Protein,Metabolite
P07602,HMDB0004900,PSAP,Ganglioside GA1 (d18:1/12:0),NA,from_to,Enzyme–substrate/product,Protein,Metabolite
P17900,HMDB0004900,GM2A,Ganglioside GA1 (d18:1/12:0),NA,from_to,Enzyme–substrate/product,Protein,Metabolite
P10619,HMDB0004900,CTSA,Ganglioside GA1 (d18:1/12:0),NA,from_to,Enzyme–substrate/product,Protein,Metabolite
Q11201,HMDB0004900,ST3GAL1,Ganglioside GA1 (d18:1/12:0),NA,from_to,Enzyme–substrate/product,Protein,Metabolite
P06865,HMDB0004888,HEXA,Ganglioside GA2 (d18:1/12:0),NA,from_to,Enzyme–substrate/product,Protein,Metabolite
P07686,HMDB0004888,HEXB,Ganglioside GA2 (d18:1/12:0),NA,from_to,Enzyme–substrate/product,Protein,Metabolite
P07602,HMDB0004888,PSAP,Ganglioside GA2 (d18:1/12:0),NA,from_to,Enzyme–substrate/product,Protein,Metabolite
P17900,HMDB0004888,GM2A,Ganglioside GA2 (d18:1/12:0),NA,from_to,Enzyme–substrate/product,Protein,Metabolite
P10619,HMDB0004888,CTSA,Ganglioside GA2 (d18:1/12:0),NA,from_to,Enzyme–substrate/product,Protein,Metabolite
P06865,C06134,HEXA,GalNac-Beta1->4(Neuac-Alpha2->8Neuac2->3)Gal-Beta1->4Glc-Beta1->1'Cer,NA,from_to,Enzyme–substrate/product,Protein,Metabolite
P07686,C06134,HEXB,GalNac-Beta1->4(Neuac-Alpha2->8Neuac2->3)Gal-Beta1->4Glc-Beta1->1'Cer,NA,from_to,Enzyme–substrate/product,Protein,Metabolite
P06865,HMDB0004911,HEXA,Ganglioside GD3 (d18:1/12:0),NA,from_to,Enzyme–substrate/product,Protein,Metabolite
P07686,HMDB0004911,HEXB,Ganglioside GD3 (d18:1/12:0),NA,from_to,Enzyme–substrate/product,Protein,Metabolite
Q96I99,HMDB0060124,SUCLG2,Mesaconyl-CoA,NA,from_to,Enzyme–substrate/product,Protein,Metabolite
P07195,HMDB0000008,LDHB,2-Hydroxybutyric acid,NA,from_to,Enzyme–substrate/product,Protein,Metabolite
P00338,HMDB0000008,LDHA,2-Hydroxybutyric acid,NA,from_to,Enzyme–substrate/product,Protein,Metabolite
P48426,HMDB0004249,PIP4K2A,"Phosphatidylinositol-3,4,5-trisphosphate",NA,from_to,Enzyme–substrate/product,Protein,Metabolite
P07203,HMDB0004243,GPX1,12(S)-HPETE,NA,from_to,Enzyme–substrate/product,Protein,Metabolite
P22352,HMDB0004243,GPX3,12(S)-HPETE,NA,from_to,Enzyme–substrate/product,Protein,Metabolite
P30041,HMDB0004243,PRDX6,12(S)-HPETE,NA,from_to,Enzyme–substrate/product,Protein,Metabolite
Q9H4A9,HMDB0002200,DPEP2,Leukotriene E4,NA,from_to,Enzyme–substrate/product,Protein,Metabolite
Q9H4A9,HMDB0003080,DPEP2,Leukotriene D4,NA,from_to,Enzyme–substrate/product,Protein,Metabolite
P16152,HMDB0006059,CBR1,20-Carboxy-leukotriene B4,NA,from_to,Enzyme–substrate/product,Protein,Metabolite
P17174,HMDB0002273,GOT1,Erythro-4-Hydroxy-L-Glutamate,NA,from_to,Enzyme–substrate/product,Protein,Metabolite
P00352,HMDB0004226,ALDH1A1,N4-Acetylaminobutanal,NA,from_to,Enzyme–substrate/product,Protein,Metabolite
Q08426,HMDB0006821,EHHADH,"2,5-Diaminopyrimidine nucleoside triphosphate",NA,from_to,Enzyme–substrate/product,Protein,Metabolite
P51659,HMDB0006821,HSD17B4,"2,5-Diaminopyrimidine nucleoside triphosphate",NA,from_to,Enzyme–substrate/product,Protein,Metabolite
Q08426,HMDB0006822,EHHADH,Formamidopyrimidine nucleoside triphosphate,NA,from_to,Enzyme–substrate/product,Protein,Metabolite
P32754,HMDB0000669,HPD,Ortho-Hydroxyphenylacetic acid,NA,from_to,Enzyme–substrate/product,Protein,Metabolite
P00491,HMDB0006809,PNP,Nicotinate D-ribonucleoside,NA,from_to,Enzyme–substrate/product,Protein,Metabolite
P21589,HMDB0006809,NT5E,Nicotinate D-ribonucleoside,NA,from_to,Enzyme–substrate/product,Protein,Metabolite
Q16853,HMDB0004181,AOC3,Methylimidazole acetaldehyde,NA,from_to,Enzyme–substrate/product,Protein,Metabolite
P07195,HMDB0002127,LDHB,3-Mercaptolactic acid,NA,from_to,Enzyme–substrate/product,Protein,Metabolite
P00338,HMDB0002127,LDHA,3-Mercaptolactic acid,NA,from_to,Enzyme–substrate/product,Protein,Metabolite
P02786,C05780,TFRC,Apotransferin,NA,from_to,Enzyme–substrate/product,Protein,Metabolite
Q9Y6K1,HMDB0011117,DNMT3A,Se-Adenosylselenohomocysteine,NA,from_to,Enzyme–substrate/product,Protein,Metabolite
Q9Y6K1,HMDB0011118,DNMT3A,Se-Adenosylselenomethionine,NA,from_to,Enzyme–substrate/product,Protein,Metabolite
Q9NZL9,HMDB0011118,MAT2B,Se-Adenosylselenomethionine,NA,from_to,Enzyme–substrate/product,Protein,Metabolite
Q08426,HMDB0006807,EHHADH,3-Hydroxypropionyl-CoA,NA,from_to,Enzyme–substrate/product,Protein,Metabolite
Q16853,HMDB0001106,AOC3,3-Aminopropionaldehyde,NA,from_to,Enzyme–substrate/product,Protein,Metabolite
P00352,HMDB0001106,ALDH1A1,3-Aminopropionaldehyde,NA,from_to,Enzyme–substrate/product,Protein,Metabolite
O43529,HMDB0004081,CHST10,6-Hydroxymelatonin,NA,from_to,Enzyme–substrate/product,Protein,Metabolite
P02730,HMDB0000763,SLC4A1,5-Hydroxyindoleacetic acid,NA,from_to,Enzyme–substrate/product,Protein,Metabolite
P30041,HMDB0004058,PRDX6,"5,6-Dihydroxyindole",NA,from_to,Enzyme–substrate/product,Protein,Metabolite
P05164,HMDB0004058,MPO,"5,6-Dihydroxyindole",NA,from_to,Enzyme–substrate/product,Protein,Metabolite
P11678,HMDB0004058,EPX,"5,6-Dihydroxyindole",NA,from_to,Enzyme–substrate/product,Protein,Metabolite
P08319,HMDB0006242,ADH4,"3,4-Dihydroxymandelaldehyde",NA,from_to,Enzyme–substrate/product,Protein,Metabolite
P00325,HMDB0006242,ADH1B,"3,4-Dihydroxymandelaldehyde",NA,from_to,Enzyme–substrate/product,Protein,Metabolite
P08319,HMDB0000318,ADH4,"3,4-Dihydroxyphenylglycol",NA,from_to,Enzyme–substrate/product,Protein,Metabolite
P00325,HMDB0000318,ADH1B,"3,4-Dihydroxyphenylglycol",NA,from_to,Enzyme–substrate/product,Protein,Metabolite
P43251,HMDB0003134,BTD,Biocytin,NA,from_to,Enzyme–substrate/product,Protein,Metabolite
Q8NEZ4,METPA0613,KMT2C,"Protein N6,N6,N6-Trimethyl-L-Lysine",NA,from_to,Enzyme–substrate/product,Protein,Metabolite
Q96L73,METPA0613,NSD1,"Protein N6,N6,N6-Trimethyl-L-Lysine",NA,from_to,Enzyme–substrate/product,Protein,Metabolite
Q8NEZ4,METPA0612,KMT2C,"Ne,Ne dimethyllysine",NA,from_to,Enzyme–substrate/product,Protein,Metabolite
Q96L73,METPA0612,NSD1,"Ne,Ne dimethyllysine",NA,from_to,Enzyme–substrate/product,Protein,Metabolite
Q8NEZ4,METPA0611,KMT2C,Protein N6-Methyl-L-Lysine,NA,from_to,Enzyme–substrate/product,Protein,Metabolite
Q96L73,METPA0611,NSD1,Protein N6-Methyl-L-Lysine,NA,from_to,Enzyme–substrate/product,Protein,Metabolite
P17174,HMDB0004045,GOT1,3-Sulfopyruvic acid,NA,from_to,Enzyme–substrate/product,Protein,Metabolite
P40925,HMDB0004045,MDH1,3-Sulfopyruvic acid,NA,from_to,Enzyme–substrate/product,Protein,Metabolite
P40926,HMDB0004045,MDH2,3-Sulfopyruvic acid,NA,from_to,Enzyme–substrate/product,Protein,Metabolite
P17174,HMDB0001405,GOT1,3-Sulfinylpyruvic acid,NA,from_to,Enzyme–substrate/product,Protein,Metabolite
P00491,HMDB0000071,PNP,Deoxyinosine,NA,from_to,Enzyme–substrate/product,Protein,Metabolite
Q08426,HMDB0006891,EHHADH,"3a,7a,12a-Trihydroxy-5b-24-oxocholestanoyl-CoA",NA,from_to,Enzyme–substrate/product,Protein,Metabolite
P51659,HMDB0006891,HSD17B4,"3a,7a,12a-Trihydroxy-5b-24-oxocholestanoyl-CoA",NA,from_to,Enzyme–substrate/product,Protein,Metabolite
P09110,HMDB0006891,ACAA1,"3a,7a,12a-Trihydroxy-5b-24-oxocholestanoyl-CoA",NA,from_to,Enzyme–substrate/product,Protein,Metabolite
Q08426,HMDB0006889,EHHADH,"3a,7a,12a-Trihydroxy-5b-cholest-24-enoyl-CoA",NA,from_to,Enzyme–substrate/product,Protein,Metabolite
P51659,HMDB0006889,HSD17B4,"3a,7a,12a-Trihydroxy-5b-cholest-24-enoyl-CoA",NA,from_to,Enzyme–substrate/product,Protein,Metabolite
P51659,HMDB0006890,HSD17B4,"3a,7a,12a,24-Tetrahydroxy-5b-cholestanoyl-CoA",NA,from_to,Enzyme–substrate/product,Protein,Metabolite
P51659,HMDB0006896,HSD17B4,"3a,7a-Dihydroxy-5b-24-oxocholestanoyl-CoA",NA,from_to,Enzyme–substrate/product,Protein,Metabolite
P09110,HMDB0006896,ACAA1,"3a,7a-Dihydroxy-5b-24-oxocholestanoyl-CoA",NA,from_to,Enzyme–substrate/product,Protein,Metabolite
P51659,HMDB0002178,HSD17B4,"3a,7a,12a-Trihydroxy-5b-cholestanoyl-CoA",NA,from_to,Enzyme–substrate/product,Protein,Metabolite
P51659,HMDB0006895,HSD17B4,"3a,7a-Dihydroxy-5b-cholest-24-enoyl-CoA",NA,from_to,Enzyme–substrate/product,Protein,Metabolite
P08319,HMDB0006894,ADH4,"3a,7a-Dihydroxy-5b-cholestan-26-al",NA,from_to,Enzyme–substrate/product,Protein,Metabolite
P00325,HMDB0006894,ADH1B,"3a,7a-Dihydroxy-5b-cholestan-26-al",NA,from_to,Enzyme–substrate/product,Protein,Metabolite
P08319,HMDB0012455,ADH4,"3 alpha,7 alpha,26-Trihydroxy-5beta-cholestane",NA,from_to,Enzyme–substrate/product,Protein,Metabolite
P00325,HMDB0012455,ADH1B,"3 alpha,7 alpha,26-Trihydroxy-5beta-cholestane",NA,from_to,Enzyme–substrate/product,Protein,Metabolite
P51659,HMDB0006271,HSD17B4,Zymosterol intermediate 2,NA,from_to,Enzyme–substrate/product,Protein,Metabolite
O75874,HMDB0003974,IDH1,Oxalosuccinic acid,NA,from_to,Enzyme–substrate/product,Protein,Metabolite
P48735,HMDB0003974,IDH2,Oxalosuccinic acid,NA,from_to,Enzyme–substrate/product,Protein,Metabolite
P09917,HMDB0001193,ALOX5,5(S)-Hydroperoxyeicosatetraenoic acid,NA,from_to,Enzyme–substrate/product,Protein,Metabolite
P07203,HMDB0001193,GPX1,5(S)-Hydroperoxyeicosatetraenoic acid,NA,from_to,Enzyme–substrate/product,Protein,Metabolite
P22352,HMDB0001193,GPX3,5(S)-Hydroperoxyeicosatetraenoic acid,NA,from_to,Enzyme–substrate/product,Protein,Metabolite
P07148,HMDB0001193,FABP1,5(S)-Hydroperoxyeicosatetraenoic acid,NA,from_to,Enzyme–substrate/product,Protein,Metabolite
P30041,HMDB0001193,PRDX6,5(S)-Hydroperoxyeicosatetraenoic acid,NA,from_to,Enzyme–substrate/product,Protein,Metabolite
P09110,HMDB0006292,ACAA1,Chenodeoxycholoyl-CoA,NA,from_to,Enzyme–substrate/product,Protein,Metabolite
Q9NZL9,HMDB0003966,MAT2B,Selenomethionine,NA,from_to,Enzyme–substrate/product,Protein,Metabolite
P33260,HMDB0000338,CYP2C18,2-Hydroxyestradiol,NA,from_to,Enzyme–substrate/product,Protein,Metabolite
Q96SQ9,HMDB0000338,CYP2S1,2-Hydroxyestradiol,NA,from_to,Enzyme–substrate/product,Protein,Metabolite
P30041,HMDB0000338,PRDX6,2-Hydroxyestradiol,NA,from_to,Enzyme–substrate/product,Protein,Metabolite
P05164,HMDB0000338,MPO,2-Hydroxyestradiol,NA,from_to,Enzyme–substrate/product,Protein,Metabolite
P11678,HMDB0000338,EPX,2-Hydroxyestradiol,NA,from_to,Enzyme–substrate/product,Protein,Metabolite
P33260,HMDB0000313,CYP2C18,16a-Hydroxyestrone,NA,from_to,Enzyme–substrate/product,Protein,Metabolite
Q96SQ9,HMDB0000313,CYP2S1,16a-Hydroxyestrone,NA,from_to,Enzyme–substrate/product,Protein,Metabolite
P30041,HMDB0000343,PRDX6,2-Hydroxyestrone,NA,from_to,Enzyme–substrate/product,Protein,Metabolite
P05164,HMDB0000343,MPO,2-Hydroxyestrone,NA,from_to,Enzyme–substrate/product,Protein,Metabolite
P11678,HMDB0000343,EPX,2-Hydroxyestrone,NA,from_to,Enzyme–substrate/product,Protein,Metabolite
P33260,HMDB0003959,CYP2C18,19-Oxotestosterone,NA,from_to,Enzyme–substrate/product,Protein,Metabolite
Q96SQ9,HMDB0003959,CYP2S1,19-Oxotestosterone,NA,from_to,Enzyme–substrate/product,Protein,Metabolite
Q08426,HMDB0003952,EHHADH,"cis,cis-3,6-Dodecadienoyl-CoA",NA,from_to,Enzyme–substrate/product,Protein,Metabolite
P09110,HMDB0003952,ACAA1,"cis,cis-3,6-Dodecadienoyl-CoA",NA,from_to,Enzyme–substrate/product,Protein,Metabolite
P42126,HMDB0003952,ECI1,"cis,cis-3,6-Dodecadienoyl-CoA",NA,from_to,Enzyme–substrate/product,Protein,Metabolite
Q08426,HMDB0011123,EHHADH,"trans,cis-Lauro-2,6-dienoyl-CoA",NA,from_to,Enzyme–substrate/product,Protein,Metabolite
P42126,HMDB0011123,ECI1,"trans,cis-Lauro-2,6-dienoyl-CoA",NA,from_to,Enzyme–substrate/product,Protein,Metabolite
Q08426,HMDB0003949,EHHADH,(2E)-Octenoyl-CoA,NA,from_to,Enzyme–substrate/product,Protein,Metabolite
Q9BY49,HMDB0003949,PECR,(2E)-Octenoyl-CoA,NA,from_to,Enzyme–substrate/product,Protein,Metabolite
Q08426,HMDB0003948,EHHADH,(2E)-Decenoyl-CoA,NA,from_to,Enzyme–substrate/product,Protein,Metabolite
P51659,HMDB0003948,HSD17B4,(2E)-Decenoyl-CoA,NA,from_to,Enzyme–substrate/product,Protein,Metabolite
P09110,HMDB0003948,ACAA1,(2E)-Decenoyl-CoA,NA,from_to,Enzyme–substrate/product,Protein,Metabolite
P42126,HMDB0003948,ECI1,(2E)-Decenoyl-CoA,NA,from_to,Enzyme–substrate/product,Protein,Metabolite
Q9BY49,HMDB0003948,PECR,(2E)-Decenoyl-CoA,NA,from_to,Enzyme–substrate/product,Protein,Metabolite
Q08426,HMDB0006404,EHHADH,Decanoyl-CoA (n-C10:0CoA),NA,from_to,Enzyme–substrate/product,Protein,Metabolite
P51659,HMDB0006404,HSD17B4,Decanoyl-CoA (n-C10:0CoA),NA,from_to,Enzyme–substrate/product,Protein,Metabolite
P09110,HMDB0006404,ACAA1,Decanoyl-CoA (n-C10:0CoA),NA,from_to,Enzyme–substrate/product,Protein,Metabolite
Q9BY49,HMDB0006404,PECR,Decanoyl-CoA (n-C10:0CoA),NA,from_to,Enzyme–substrate/product,Protein,Metabolite
Q08426,HMDB0003946,EHHADH,(2E)-Tetradecenoyl Coenzyme A,NA,from_to,Enzyme–substrate/product,Protein,Metabolite
Q9BY49,HMDB0003946,PECR,(2E)-Tetradecenoyl Coenzyme A,NA,from_to,Enzyme–substrate/product,Protein,Metabolite
Q08426,HMDB0003945,EHHADH,(2E)-Hexadecenoyl-CoA,NA,from_to,Enzyme–substrate/product,Protein,Metabolite
Q9BY49,HMDB0003945,PECR,(2E)-Hexadecenoyl-CoA,NA,from_to,Enzyme–substrate/product,Protein,Metabolite
Q08426,HMDB0003944,EHHADH,trans-2-Hexenoyl-CoA,NA,from_to,Enzyme–substrate/product,Protein,Metabolite
P51659,HMDB0003944,HSD17B4,trans-2-Hexenoyl-CoA,NA,from_to,Enzyme–substrate/product,Protein,Metabolite
P09110,HMDB0003944,ACAA1,trans-2-Hexenoyl-CoA,NA,from_to,Enzyme–substrate/product,Protein,Metabolite
P42126,HMDB0003944,ECI1,trans-2-Hexenoyl-CoA,NA,from_to,Enzyme–substrate/product,Protein,Metabolite
Q9BY49,HMDB0003944,PECR,trans-2-Hexenoyl-CoA,NA,from_to,Enzyme–substrate/product,Protein,Metabolite
P07108,HMDB0002845,DBI,Hexanoyl-CoA,NA,from_to,Enzyme–substrate/product,Protein,Metabolite
Q08426,HMDB0002845,EHHADH,Hexanoyl-CoA,NA,from_to,Enzyme–substrate/product,Protein,Metabolite
P51659,HMDB0002845,HSD17B4,Hexanoyl-CoA,NA,from_to,Enzyme–substrate/product,Protein,Metabolite
P09110,HMDB0002845,ACAA1,Hexanoyl-CoA,NA,from_to,Enzyme–substrate/product,Protein,Metabolite
Q9BY49,HMDB0002845,PECR,Hexanoyl-CoA,NA,from_to,Enzyme–substrate/product,Protein,Metabolite
Q08426,HMDB0003943,EHHADH,3-Oxohexanoyl-CoA,NA,from_to,Enzyme–substrate/product,Protein,Metabolite
P51659,HMDB0003943,HSD17B4,3-Oxohexanoyl-CoA,NA,from_to,Enzyme–substrate/product,Protein,Metabolite
P09110,HMDB0003943,ACAA1,3-Oxohexanoyl-CoA,NA,from_to,Enzyme–substrate/product,Protein,Metabolite
Q08426,HMDB0003942,EHHADH,(S)-Hydroxyhexanoyl-CoA,NA,from_to,Enzyme–substrate/product,Protein,Metabolite
P51659,HMDB0003942,HSD17B4,(S)-Hydroxyhexanoyl-CoA,NA,from_to,Enzyme–substrate/product,Protein,Metabolite
Q08426,HMDB0003941,EHHADH,3-Oxooctanoyl-CoA,NA,from_to,Enzyme–substrate/product,Protein,Metabolite
P51659,HMDB0003941,HSD17B4,3-Oxooctanoyl-CoA,NA,from_to,Enzyme–substrate/product,Protein,Metabolite
P09110,HMDB0003941,ACAA1,3-Oxooctanoyl-CoA,NA,from_to,Enzyme–substrate/product,Protein,Metabolite
Q08426,HMDB0003940,EHHADH,(S)-Hydroxyoctanoyl-CoA,NA,from_to,Enzyme–substrate/product,Protein,Metabolite
P51659,HMDB0003940,HSD17B4,(S)-Hydroxyoctanoyl-CoA,NA,from_to,Enzyme–substrate/product,Protein,Metabolite
Q08426,HMDB0003939,EHHADH,3-Oxodecanoyl-CoA,NA,from_to,Enzyme–substrate/product,Protein,Metabolite
P09110,HMDB0003939,ACAA1,3-Oxodecanoyl-CoA,NA,from_to,Enzyme–substrate/product,Protein,Metabolite
P07108,HMDB0003938,DBI,(S)-Hydroxydecanoyl-CoA,NA,from_to,Enzyme–substrate/product,Protein,Metabolite
Q08426,HMDB0003938,EHHADH,(S)-Hydroxydecanoyl-CoA,NA,from_to,Enzyme–substrate/product,Protein,Metabolite
Q08426,HMDB0003937,EHHADH,3-Oxododecanoyl-CoA,NA,from_to,Enzyme–substrate/product,Protein,Metabolite
P09110,HMDB0003937,ACAA1,3-Oxododecanoyl-CoA,NA,from_to,Enzyme–substrate/product,Protein,Metabolite
P07108,HMDB0003936,DBI,(S)-3-Hydroxydodecanoyl-CoA,NA,from_to,Enzyme–substrate/product,Protein,Metabolite
Q08426,HMDB0003936,EHHADH,(S)-3-Hydroxydodecanoyl-CoA,NA,from_to,Enzyme–substrate/product,Protein,Metabolite
Q08426,HMDB0003935,EHHADH,3-Oxotetradecanoyl-CoA,NA,from_to,Enzyme–substrate/product,Protein,Metabolite
P09110,HMDB0003935,ACAA1,3-Oxotetradecanoyl-CoA,NA,from_to,Enzyme–substrate/product,Protein,Metabolite
P07108,HMDB0003934,DBI,(S)-3-Hydroxytetradecanoyl-CoA,NA,from_to,Enzyme–substrate/product,Protein,Metabolite
Q08426,HMDB0003934,EHHADH,(S)-3-Hydroxytetradecanoyl-CoA,NA,from_to,Enzyme–substrate/product,Protein,Metabolite
Q08426,HMDB0006402,EHHADH,3-Oxohexadecanoyl-CoA,NA,from_to,Enzyme–substrate/product,Protein,Metabolite
P09110,HMDB0006402,ACAA1,3-Oxohexadecanoyl-CoA,NA,from_to,Enzyme–substrate/product,Protein,Metabolite
Q08426,HMDB0003932,EHHADH,(S)-3-Hydroxyhexadecanoyl-CoA,NA,from_to,Enzyme–substrate/product,Protein,Metabolite
A5D6W6,METPA0571,FITM1,1-Alkyl 2-Acylglycerol 3-Phosphocholine,NA,from_to,Enzyme–substrate/product,Protein,Metabolite
P62136,METPA0571,PPP1CA,1-Alkyl 2-Acylglycerol 3-Phosphocholine,NA,from_to,Enzyme–substrate/product,Protein,Metabolite
P0C869,METPA0571,JMJD7-PLA2G4B,1-Alkyl 2-Acylglycerol 3-Phosphocholine,NA,from_to,Enzyme–substrate/product,Protein,Metabolite
P00352,HMDB0003905,ALDH1A1,Imidazole-4-acetaldehyde,NA,from_to,Enzyme–substrate/product,Protein,Metabolite
Q16853,HMDB0000898,AOC3,1-Methylhistamine,NA,from_to,Enzyme–substrate/product,Protein,Metabolite
Q9NY97,C04938,B3GNT2,"N-Acetyl-D-Glucosaminyl-1,3-Beta-D-Galactosyl-1,4-N-Acetyl-Beta-D-Glucosaminyl-1,3-Beta-D-Galactosyl-1,4-Beta-D-Glucosylceramide",NA,from_to,Enzyme–substrate/product,Protein,Metabolite
O43505,C04938,B3GNT1,"N-Acetyl-D-Glucosaminyl-1,3-Beta-D-Galactosyl-1,4-N-Acetyl-Beta-D-Glucosaminyl-1,3-Beta-D-Galactosyl-1,4-Beta-D-Glucosylceramide",NA,from_to,Enzyme–substrate/product,Protein,Metabolite
P15291,C04938,B4GALT1,"N-Acetyl-D-Glucosaminyl-1,3-Beta-D-Galactosyl-1,4-N-Acetyl-Beta-D-Glucosaminyl-1,3-Beta-D-Galactosyl-1,4-Beta-D-Glucosylceramide",NA,from_to,Enzyme–substrate/product,Protein,Metabolite
Q9Y274,C04936,ST3GAL6,"Alpha-N-Acetylneuraminyl-2,3-Beta-D-Galactosyl-1,4-N-Acetyl-Beta-D-Glucosaminyl-1,3-Beta-D-Galactosyl-1,4-D-Glucosylceramide",NA,from_to,Enzyme–substrate/product,Protein,Metabolite
Q11201,C04927,ST3GAL1,N-Acetylneuraminosyl-D-Galactosyl-N-Acetyl-D-Galactosaminyl-(N-Acetylneuraminosyl)-D-Galactosyl-D-Glucosylceramide Dianion,NA,from_to,Enzyme–substrate/product,Protein,Metabolite
P17050,C04925,NAGA,"N-Acetyl-D-galactosaminyl-N-Acetyl-D-galactosaminyl-1,3-D-galactosyl-1,4-D-galactosyl-1,4-D-glucosylceramide",NA,from_to,Enzyme–substrate/product,Protein,Metabolite
Q9NY97,C04922,B3GNT2,Paragloboside,NA,from_to,Enzyme–substrate/product,Protein,Metabolite
O43505,C04922,B3GNT1,Paragloboside,NA,from_to,Enzyme–substrate/product,Protein,Metabolite
P15291,C04922,B4GALT1,Paragloboside,NA,from_to,Enzyme–substrate/product,Protein,Metabolite
Q9Y274,C04922,ST3GAL6,Paragloboside,NA,from_to,Enzyme–substrate/product,Protein,Metabolite
P15291,C04917,B4GALT1,Core 4,NA,from_to,Enzyme–substrate/product,Protein,Metabolite
P07602,HMDB0004853,PSAP,Ganglioside Gm1,NA,from_to,Enzyme–substrate/product,Protein,Metabolite
P17900,HMDB0004853,GM2A,Ganglioside Gm1,NA,from_to,Enzyme–substrate/product,Protein,Metabolite
P10619,HMDB0004853,CTSA,Ganglioside Gm1,NA,from_to,Enzyme–substrate/product,Protein,Metabolite
Q11201,HMDB0004853,ST3GAL1,Ganglioside Gm1,NA,from_to,Enzyme–substrate/product,Protein,Metabolite
Q11201,C04901,ST3GAL1,Sialyl-T Antigen,NA,from_to,Enzyme–substrate/product,Protein,Metabolite
Q9NSC7,C04901,ST6GALNAC1,Sialyl-T Antigen,NA,from_to,Enzyme–substrate/product,Protein,Metabolite
Q08426,HMDB0000980,EHHADH,Dihydroneopterin triphosphate,NA,from_to,Enzyme–substrate/product,Protein,Metabolite
P05186,HMDB0000980,ALPL,Dihydroneopterin triphosphate,NA,from_to,Enzyme–substrate/product,Protein,Metabolite
P06865,HMDB0004936,HEXA,Ganglioside GM2 (d18:1/12:0),NA,from_to,Enzyme–substrate/product,Protein,Metabolite
P07686,HMDB0004936,HEXB,Ganglioside GM2 (d18:1/12:0),NA,from_to,Enzyme–substrate/product,Protein,Metabolite
P07602,HMDB0004936,PSAP,Ganglioside GM2 (d18:1/12:0),NA,from_to,Enzyme–substrate/product,Protein,Metabolite
P17900,HMDB0004936,GM2A,Ganglioside GM2 (d18:1/12:0),NA,from_to,Enzyme–substrate/product,Protein,Metabolite
P10619,HMDB0004936,CTSA,Ganglioside GM2 (d18:1/12:0),NA,from_to,Enzyme–substrate/product,Protein,Metabolite
P05186,HMDB0002275,ALPL,"7,8-Dihydroneopterin",NA,from_to,Enzyme–substrate/product,Protein,Metabolite
P08319,HMDB0001509,ADH4,20-Hydroxy-leukotriene B4,NA,from_to,Enzyme–substrate/product,Protein,Metabolite
P00325,HMDB0001509,ADH1B,20-Hydroxy-leukotriene B4,NA,from_to,Enzyme–substrate/product,Protein,Metabolite
P07203,HMDB0062619,GPX1,"(5Z,9E,14Z)-(8xi,11R,12S)-11,12-epoxy-8-hydroxyicosa-5,9,14-trienoic Acid",NA,from_to,Enzyme–substrate/product,Protein,Metabolite
P22352,HMDB0062619,GPX3,"(5Z,9E,14Z)-(8xi,11R,12S)-11,12-epoxy-8-hydroxyicosa-5,9,14-trienoic Acid",NA,from_to,Enzyme–substrate/product,Protein,Metabolite
P30041,HMDB0062619,PRDX6,"(5Z,9E,14Z)-(8xi,11R,12S)-11,12-epoxy-8-hydroxyicosa-5,9,14-trienoic Acid",NA,from_to,Enzyme–substrate/product,Protein,Metabolite
P15291,C04845,B4GALT1,Lactotriaosylceramide,NA,from_to,Enzyme–substrate/product,Protein,Metabolite
P09917,HMDB0011134,ALOX5,5-HETE,NA,from_to,Enzyme–substrate/product,Protein,Metabolite
P16152,HMDB0011134,CBR1,5-HETE,NA,from_to,Enzyme–substrate/product,Protein,Metabolite
P07203,HMDB0011134,GPX1,5-HETE,NA,from_to,Enzyme–substrate/product,Protein,Metabolite
P22352,HMDB0011134,GPX3,5-HETE,NA,from_to,Enzyme–substrate/product,Protein,Metabolite
P30041,HMDB0011134,PRDX6,5-HETE,NA,from_to,Enzyme–substrate/product,Protein,Metabolite
P06865,HMDB0060071,HEXA,"Hyaluronan biosynthesis, precursor 1",NA,from_to,Enzyme–substrate/product,Protein,Metabolite
P07686,HMDB0060071,HEXB,"Hyaluronan biosynthesis, precursor 1",NA,from_to,Enzyme–substrate/product,Protein,Metabolite
P08236,HMDB0060071,GUSB,"Hyaluronan biosynthesis, precursor 1",NA,from_to,Enzyme–substrate/product,Protein,Metabolite
A5D6W6,HMDB0011158,FITM1,PE(P-16:0e/16:0),NA,from_to,Enzyme–substrate/product,Protein,Metabolite
P62136,HMDB0011158,PPP1CA,PE(P-16:0e/16:0),NA,from_to,Enzyme–substrate/product,Protein,Metabolite
Q8IV08,HMDB0011158,PLD3,PE(P-16:0e/16:0),NA,from_to,Enzyme–substrate/product,Protein,Metabolite
Q96BZ4,HMDB0011158,PLD4,PE(P-16:0e/16:0),NA,from_to,Enzyme–substrate/product,Protein,Metabolite
Q9UK23,C04755,NAGPA,Glycoprotein-N-Acetyl-D-Glucosaminyl-Phospho-D-Mannose,NA,from_to,Enzyme–substrate/product,Protein,Metabolite
Q11201,C04750,ST3GAL1,T-Antigen (Core 1),NA,from_to,Enzyme–substrate/product,Protein,Metabolite
P16152,HMDB0001442,CBR1,Prostaglandin E1,NA,from_to,Enzyme–substrate/product,Protein,Metabolite
P06865,HMDB0004877,HEXA,Trihexosylceramide (d18:1/12:0),NA,from_to,Enzyme–substrate/product,Protein,Metabolite
P07686,HMDB0004877,HEXB,Trihexosylceramide (d18:1/12:0),NA,from_to,Enzyme–substrate/product,Protein,Metabolite
P07602,HMDB0004877,PSAP,Trihexosylceramide (d18:1/12:0),NA,from_to,Enzyme–substrate/product,Protein,Metabolite
P06865,HMDB0004842,HEXA,Ganglioside GM3 (d18:1/12:0),NA,from_to,Enzyme–substrate/product,Protein,Metabolite
P07686,HMDB0004842,HEXB,Ganglioside GM3 (d18:1/12:0),NA,from_to,Enzyme–substrate/product,Protein,Metabolite
P17900,HMDB0004842,GM2A,Ganglioside GM3 (d18:1/12:0),NA,from_to,Enzyme–substrate/product,Protein,Metabolite
P10619,HMDB0004842,CTSA,Ganglioside GM3 (d18:1/12:0),NA,from_to,Enzyme–substrate/product,Protein,Metabolite
O14874,C04726,BCKDK,[3-Methyl-2-Oxobutanoate Dehydrogenase (2-Methylpropanoyl-Transferring)],NA,from_to,Enzyme–substrate/product,Protein,Metabolite
P07203,HMDB0003871,GPX1,13-L-Hydroperoxylinoleic acid,NA,from_to,Enzyme–substrate/product,Protein,Metabolite
P22352,HMDB0003871,GPX3,13-L-Hydroperoxylinoleic acid,NA,from_to,Enzyme–substrate/product,Protein,Metabolite
P30041,HMDB0003871,PRDX6,13-L-Hydroperoxylinoleic acid,NA,from_to,Enzyme–substrate/product,Protein,Metabolite
P16152,HMDB0001320,CBR1,"(13E)-11a-Hydroxy-9,15-dioxoprost-13-enoic acid",NA,from_to,Enzyme–substrate/product,Protein,Metabolite
P09110,HMDB0002159,ACAA1,"3a,7a-Dihydroxy-5b-cholestanoyl-CoA",NA,from_to,Enzyme–substrate/product,Protein,Metabolite
Q9P212,HMDB0010032,PLCE1,"Phosphatidylinositol 4,5-Bisphosphate",NA,from_to,Enzyme–substrate/product,Protein,Metabolite
P48426,HMDB0010032,PIP4K2A,"Phosphatidylinositol 4,5-Bisphosphate",NA,from_to,Enzyme–substrate/product,Protein,Metabolite
Q13822,C04635,ENPP2,1-(1-Alkenyl)-Sn-Glycero-3-Phosphoethanolamine,NA,from_to,Enzyme–substrate/product,Protein,Metabolite
Q15102,HMDB0011148,PAFAH1B3,PC(18:1(9Z)e/2:0),NA,from_to,Enzyme–substrate/product,Protein,Metabolite
P68402,HMDB0011148,PAFAH1B2,PC(18:1(9Z)e/2:0),NA,from_to,Enzyme–substrate/product,Protein,Metabolite
Q13093,HMDB0011148,PLA2G7,PC(18:1(9Z)e/2:0),NA,from_to,Enzyme–substrate/product,Protein,Metabolite
Q10713,C04549,PMPCA,1-Phosphatidyl-1D-myo-inositol 3-phosphate,NA,from_to,Enzyme–substrate/product,Protein,Metabolite
P48426,C04549,PIP4K2A,1-Phosphatidyl-1D-myo-inositol 3-phosphate,NA,from_to,Enzyme–substrate/product,Protein,Metabolite
A5D6W6,METPA0497,FITM1,1-Acyl-Sn-Glycero-3-Phosphoethanolamine,NA,from_to,Enzyme–substrate/product,Protein,Metabolite
P62136,METPA0497,PPP1CA,1-Acyl-Sn-Glycero-3-Phosphoethanolamine,NA,from_to,Enzyme–substrate/product,Protein,Metabolite
P0C869,METPA0497,JMJD7-PLA2G4B,1-Acyl-Sn-Glycero-3-Phosphoethanolamine,NA,from_to,Enzyme–substrate/product,Protein,Metabolite
Q8NCC3,METPA0497,PLA2G15,1-Acyl-Sn-Glycero-3-Phosphoethanolamine,NA,from_to,Enzyme–substrate/product,Protein,Metabolite
Q9H3H1,METPA0495,TRIT1,TRNA-Containing-6-Isopentenyladenosine,NA,from_to,Enzyme–substrate/product,Protein,Metabolite
Q08426,HMDB0001356,EHHADH,2-Methyl-3-hydroxybutyryl-CoA,NA,from_to,Enzyme–substrate/product,Protein,Metabolite
Q9NVE7,HMDB0001117,PANK4,4-Phosphopantothenoylcysteine,NA,from_to,Enzyme–substrate/product,Protein,Metabolite
P0C869,HMDB0011149,JMJD7-PLA2G4B,LysoPC(O-18:0),NA,from_to,Enzyme–substrate/product,Protein,Metabolite
Q15102,HMDB0011149,PAFAH1B3,LysoPC(O-18:0),NA,from_to,Enzyme–substrate/product,Protein,Metabolite
P68402,HMDB0011149,PAFAH1B2,LysoPC(O-18:0),NA,from_to,Enzyme–substrate/product,Protein,Metabolite
Q13093,HMDB0011149,PLA2G7,LysoPC(O-18:0),NA,from_to,Enzyme–substrate/product,Protein,Metabolite
O95394,C04256,PGM3,N-Acetyl-glucosamine 1-phosphate,NA,from_to,Enzyme–substrate/product,Protein,Metabolite
P80108,C04248,GPLD1,D-Glucosaminylphosphatidylinositol,NA,from_to,Enzyme–substrate/product,Protein,Metabolite
Q13126,HMDB0000963,MTAP,5-Methylthioribose 1-phosphate,NA,from_to,Enzyme–substrate/product,Protein,Metabolite
Q9H9J4,C04090,USP42,Ubiquitin-C-Terminal-Thiolester,NA,from_to,Enzyme–substrate/product,Protein,Metabolite
Q8TEY7,C04090,USP33,Ubiquitin-C-Terminal-Thiolester,NA,from_to,Enzyme–substrate/product,Protein,Metabolite
Q9P2H5,C04090,USP35,Ubiquitin-C-Terminal-Thiolester,NA,from_to,Enzyme–substrate/product,Protein,Metabolite
P54578,C04090,USP14,Ubiquitin-C-Terminal-Thiolester,NA,from_to,Enzyme–substrate/product,Protein,Metabolite
Q70CQ3,C04090,USP30,Ubiquitin-C-Terminal-Thiolester,NA,from_to,Enzyme–substrate/product,Protein,Metabolite
Q9NVE7,HMDB0006834,PANK4,D-Pantothenoyl-L-cysteine,NA,from_to,Enzyme–substrate/product,Protein,Metabolite
Q08426,C04047,EHHADH,3-Hydroxyisobutyryl Coenzyme A,NA,from_to,Enzyme–substrate/product,Protein,Metabolite
Q16853,HMDB0003791,AOC3,"3,4-Dihydroxyphenylacetaldehyde",NA,from_to,Enzyme–substrate/product,Protein,Metabolite
Q9UK23,C04010,NAGPA,Glycoprotein-Phospho-D-Mannose,NA,from_to,Enzyme–substrate/product,Protein,Metabolite
Q9UKU6,HMDB0060080,TRHDE,Thyrotropin Releasing Hormone,NA,from_to,Enzyme–substrate/product,Protein,Metabolite
Q12797,C03957,ASPH,Peptide-3-Hydroxy-L-Aspartate,NA,from_to,Enzyme–substrate/product,Protein,Metabolite
Q15746,C03875,MYLK,Myosin-Light-Chain-Phosphate,NA,from_to,Enzyme–substrate/product,Protein,Metabolite
Q9P2X0,HMDB0000994,DPM3,Dolichyl phosphate D-mannose,NA,from_to,Enzyme–substrate/product,Protein,Metabolite
P26885,C03798,FKBP2,Peptidylproline-(Omega=180),NA,from_to,Enzyme–substrate/product,Protein,Metabolite
P62942,C03798,FKBP1A,Peptidylproline-(Omega=180),NA,from_to,Enzyme–substrate/product,Protein,Metabolite
P62937,C03798,PPIA,Peptidylproline-(Omega=180),NA,from_to,Enzyme–substrate/product,Protein,Metabolite
P23284,C03798,PPIB,Peptidylproline-(Omega=180),NA,from_to,Enzyme–substrate/product,Protein,Metabolite
P30520,HMDB0000536,ADSS,Adenylsuccinic acid,NA,from_to,Enzyme–substrate/product,Protein,Metabolite
Q16853,HMDB0000073,AOC3,Dopamine,NA,from_to,Enzyme–substrate/product,Protein,Metabolite
P09172,HMDB0000073,DBH,Dopamine,NA,from_to,Enzyme–substrate/product,Protein,Metabolite
P30041,HMDB0000073,PRDX6,Dopamine,NA,from_to,Enzyme–substrate/product,Protein,Metabolite
P05164,HMDB0000073,MPO,Dopamine,NA,from_to,Enzyme–substrate/product,Protein,Metabolite
O75223,HMDB0006248,GGCT,gamma-Glutamylalanine,NA,from_to,Enzyme–substrate/product,Protein,Metabolite
Q8NEZ4,C03702,KMT2C,Histone N6-Methyl-L-Lysine,NA,from_to,Enzyme–substrate/product,Protein,Metabolite
Q96L73,C03702,NSD1,Histone N6-Methyl-L-Lysine,NA,from_to,Enzyme–substrate/product,Protein,Metabolite
P21980,C03636,TGM2,Protein-N5-Alkylglutamine,NA,from_to,Enzyme–substrate/product,Protein,Metabolite
P05160,C03636,F13B,Protein-N5-Alkylglutamine,NA,from_to,Enzyme–substrate/product,Protein,Metabolite
P00488,C03636,F13A1,Protein-N5-Alkylglutamine,NA,from_to,Enzyme–substrate/product,Protein,Metabolite
Q08188,C03636,TGM3,Protein-N5-Alkylglutamine,NA,from_to,Enzyme–substrate/product,Protein,Metabolite
P61088,C03635,UBE2N,Protein-N-Ubiquityllysine,NA,from_to,Enzyme–substrate/product,Protein,Metabolite
P46934,C03635,NEDD4,Protein-N-Ubiquityllysine,NA,from_to,Enzyme–substrate/product,Protein,Metabolite
P61086,C03635,UBE2K,Protein-N-Ubiquityllysine,NA,from_to,Enzyme–substrate/product,Protein,Metabolite
P68036,C03635,UBE2L3,Protein-N-Ubiquityllysine,NA,from_to,Enzyme–substrate/product,Protein,Metabolite
O43567,C03635,RNF13,Protein-N-Ubiquityllysine,NA,from_to,Enzyme–substrate/product,Protein,Metabolite
Q7Z3V4,C03635,UBE3B,Protein-N-Ubiquityllysine,NA,from_to,Enzyme–substrate/product,Protein,Metabolite
Q9NW38,C03635,FANCL,Protein-N-Ubiquityllysine,NA,from_to,Enzyme–substrate/product,Protein,Metabolite
O95071,C03635,UBR5,Protein-N-Ubiquityllysine,NA,from_to,Enzyme–substrate/product,Protein,Metabolite
P22314,C03635,UBA1,Protein-N-Ubiquityllysine,NA,from_to,Enzyme–substrate/product,Protein,Metabolite
P26885,C03633,FKBP2,Peptidylproline-(Omega=0),NA,from_to,Enzyme–substrate/product,Protein,Metabolite
P62942,C03633,FKBP1A,Peptidylproline-(Omega=0),NA,from_to,Enzyme–substrate/product,Protein,Metabolite
P62937,C03633,PPIA,Peptidylproline-(Omega=0),NA,from_to,Enzyme–substrate/product,Protein,Metabolite
P23284,C03633,PPIB,Peptidylproline-(Omega=0),NA,from_to,Enzyme–substrate/product,Protein,Metabolite
P07108,HMDB0001166,DBI,3-Hydroxybutyryl-CoA,NA,from_to,Enzyme–substrate/product,Protein,Metabolite
P23381,METPA0403,WARS,L-Tryptophanyl-tRNA(Trp),NA,from_to,Enzyme–substrate/product,Protein,Metabolite
P13497,METPA0403,BMP1,L-Tryptophanyl-tRNA(Trp),NA,from_to,Enzyme–substrate/product,Protein,Metabolite
P13497,METPA0402,BMP1,L-Phenylalanyl-tRNA(Phe),NA,from_to,Enzyme–substrate/product,Protein,Metabolite
Q9NVE7,HMDB0001016,PANK4,D-4'-Phosphopantothenate,NA,from_to,Enzyme–substrate/product,Protein,Metabolite
Q08426,HMDB0001011,EHHADH,Methacrylyl-CoA,NA,from_to,Enzyme–substrate/product,Protein,Metabolite
Q16775,HMDB0001066,HAGH,S-Lactoylglutathione,NA,from_to,Enzyme–substrate/product,Protein,Metabolite
Q04760,HMDB0001066,GLO1,S-Lactoylglutathione,NA,from_to,Enzyme–substrate/product,Protein,Metabolite
P04424,HMDB0000052,ASL,Argininosuccinic acid,NA,from_to,Enzyme–substrate/product,Protein,Metabolite
P00966,HMDB0000052,ASS1,Argininosuccinic acid,NA,from_to,Enzyme–substrate/product,Protein,Metabolite
P13497,METPA0390,BMP1,L-Asparaginyl-tRNA(Asn),NA,from_to,Enzyme–substrate/product,Protein,Metabolite
P05186,HMDB0060272,ALPL,4-Nitrophenyl-Phosphate,NA,from_to,Enzyme–substrate/product,Protein,Metabolite
P07108,HMDB0002054,DBI,Tiglyl-CoA,NA,from_to,Enzyme–substrate/product,Protein,Metabolite
Q08426,HMDB0001157,EHHADH,2-Methylacetoacetyl-CoA,NA,from_to,Enzyme–substrate/product,Protein,Metabolite
P19021,C03303,PAM,Peptidylamidoglycolate,NA,from_to,Enzyme–substrate/product,Protein,Metabolite
P06865,HMDB0004958,HEXA,Tetrahexosylceramide (d18:1/12:0),NA,from_to,Enzyme–substrate/product,Protein,Metabolite
P07686,HMDB0004958,HEXB,Tetrahexosylceramide (d18:1/12:0),NA,from_to,Enzyme–substrate/product,Protein,Metabolite
P17050,HMDB0004958,NAGA,Tetrahexosylceramide (d18:1/12:0),NA,from_to,Enzyme–substrate/product,Protein,Metabolite
Q9UKK3,C03245,PARP4,(Adenosine-5'-Diphosphate-D-Ribosyl)N+1-Acceptor,NA,from_to,Enzyme–substrate/product,Protein,Metabolite
Q460N5,C03245,PARP14,(Adenosine-5'-Diphosphate-D-Ribosyl)N+1-Acceptor,NA,from_to,Enzyme–substrate/product,Protein,Metabolite
Q08426,HMDB0003712,EHHADH,(2E)-Dodecenoyl-CoA,NA,from_to,Enzyme–substrate/product,Protein,Metabolite
P51659,HMDB0003712,HSD17B4,(2E)-Dodecenoyl-CoA,NA,from_to,Enzyme–substrate/product,Protein,Metabolite
P09110,HMDB0003712,ACAA1,(2E)-Dodecenoyl-CoA,NA,from_to,Enzyme–substrate/product,Protein,Metabolite
P42126,HMDB0003712,ECI1,(2E)-Dodecenoyl-CoA,NA,from_to,Enzyme–substrate/product,Protein,Metabolite
Q9BY49,HMDB0003712,PECR,(2E)-Dodecenoyl-CoA,NA,from_to,Enzyme–substrate/product,Protein,Metabolite
P00491,HMDB0000855,PNP,Nicotinamide riboside,NA,from_to,Enzyme–substrate/product,Protein,Metabolite
Q08426,HMDB0006368,EHHADH,Gamma-linolenoyl-CoA,NA,from_to,Enzyme–substrate/product,Protein,Metabolite
P51659,HMDB0006368,HSD17B4,Gamma-linolenoyl-CoA,NA,from_to,Enzyme–substrate/product,Protein,Metabolite
P09110,HMDB0006368,ACAA1,Gamma-linolenoyl-CoA,NA,from_to,Enzyme–substrate/product,Protein,Metabolite
P04843,METPA0349,RPN1,Protein Asparagine,NA,from_to,Enzyme–substrate/product,Protein,Metabolite
O75594,HMDB0060494,PGLYRP1,N-Acetylmuramoyl-Ala,NA,from_to,Enzyme–substrate/product,Protein,Metabolite
P13497,METPA0346,BMP1,L-Threonyl-tRNA(Thr),NA,from_to,Enzyme–substrate/product,Protein,Metabolite
P13497,METPA0343,BMP1,L-Histidyl-tRNA(His),NA,from_to,Enzyme–substrate/product,Protein,Metabolite
Q5JPH6,METPA0342,EARS2,L-Glutamyl-tRNA(Glu),NA,from_to,Enzyme–substrate/product,Protein,Metabolite
P13497,METPA0342,BMP1,L-Glutamyl-tRNA(Glu),NA,from_to,Enzyme–substrate/product,Protein,Metabolite
Q16769,C02986,QPCT,L-Glutaminyl-Peptide,NA,from_to,Enzyme–substrate/product,Protein,Metabolite
P13497,METPA0341,BMP1,L-Aspartyl-tRNA(Asp),NA,from_to,Enzyme–substrate/product,Protein,Metabolite
Q9Y6K1,C02967,DNMT3A,DNA 5-Methylcytosine,NA,from_to,Enzyme–substrate/product,Protein,Metabolite
P00352,HMDB0003681,ALDH1A1,4-Acetamidobutanoic acid,NA,from_to,Enzyme–substrate/product,Protein,Metabolite
Q08426,HMDB0004257,EHHADH,3Z-dodecenoyl-CoA,NA,from_to,Enzyme–substrate/product,Protein,Metabolite
P51659,HMDB0004257,HSD17B4,3Z-dodecenoyl-CoA,NA,from_to,Enzyme–substrate/product,Protein,Metabolite
P09110,HMDB0004257,ACAA1,3Z-dodecenoyl-CoA,NA,from_to,Enzyme–substrate/product,Protein,Metabolite
P42126,HMDB0004257,ECI1,3Z-dodecenoyl-CoA,NA,from_to,Enzyme–substrate/product,Protein,Metabolite
P07108,HMDB0001113,DBI,Isovaleryl-CoA,NA,from_to,Enzyme–substrate/product,Protein,Metabolite
P08319,HMDB0006213,ADH4,"(S)-Propane-1,2-diol",NA,from_to,Enzyme–substrate/product,Protein,Metabolite
P00325,HMDB0006213,ADH1B,"(S)-Propane-1,2-diol",NA,from_to,Enzyme–substrate/product,Protein,Metabolite
Q12797,C02871,ASPH,Peptide-L-Aspartate,NA,from_to,Enzyme–substrate/product,Protein,Metabolite
P13497,METPA0330,BMP1,L-Tyrosyl-tRNA(Tyr),NA,from_to,Enzyme–substrate/product,Protein,Metabolite
P00352,HMDB0002024,ALDH1A1,Imidazoleacetic acid,NA,from_to,Enzyme–substrate/product,Protein,Metabolite
Q16769,C02805,QPCT,5-Oxoprolyl-Peptide,NA,from_to,Enzyme–substrate/product,Protein,Metabolite
P14314,C02729,PRKCSH,O-Phosphoprotamine,NA,from_to,Enzyme–substrate/product,Protein,Metabolite
Q6P0Q8,C02729,MAST2,O-Phosphoprotamine,NA,from_to,Enzyme–substrate/product,Protein,Metabolite
P51955,C02729,NEK2,O-Phosphoprotamine,NA,from_to,Enzyme–substrate/product,Protein,Metabolite
Q13418,C02729,ILK,O-Phosphoprotamine,NA,from_to,Enzyme–substrate/product,Protein,Metabolite
Q8WZ42,C02729,TTN,O-Phosphoprotamine,NA,from_to,Enzyme–substrate/product,Protein,Metabolite
Q9Y5S2,C02729,CDC42BPB,O-Phosphoprotamine,NA,from_to,Enzyme–substrate/product,Protein,Metabolite
Q16853,HMDB0003661,AOC3,N-Methylputrescine,NA,from_to,Enzyme–substrate/product,Protein,Metabolite
O75594,HMDB0060493,PGLYRP1,N-Acetylmuramate,NA,from_to,Enzyme–substrate/product,Protein,Metabolite
Q03154,HMDB0011745,ACY1,N-Acetyl-L-methionine,NA,from_to,Enzyme–substrate/product,Protein,Metabolite
P13497,METPA0319,BMP1,L-Prolyl-tRNA(Pro),NA,from_to,Enzyme–substrate/product,Protein,Metabolite
P00352,HMDB0006355,ALDH1A1,"D-Glucurono-6,3-lactone",NA,from_to,Enzyme–substrate/product,Protein,Metabolite
Q08426,HMDB0001521,EHHADH,Tetradecanoyl-CoA,NA,from_to,Enzyme–substrate/product,Protein,Metabolite
P51659,HMDB0001521,HSD17B4,Tetradecanoyl-CoA,NA,from_to,Enzyme–substrate/product,Protein,Metabolite
P09110,HMDB0001521,ACAA1,Tetradecanoyl-CoA,NA,from_to,Enzyme–substrate/product,Protein,Metabolite
Q9BY49,HMDB0001521,PECR,Tetradecanoyl-CoA,NA,from_to,Enzyme–substrate/product,Protein,Metabolite
P21980,C02583,TGM2,Protein-Glutamine,NA,from_to,Enzyme–substrate/product,Protein,Metabolite
P05160,C02583,F13B,Protein-Glutamine,NA,from_to,Enzyme–substrate/product,Protein,Metabolite
P00488,C02583,F13A1,Protein-Glutamine,NA,from_to,Enzyme–substrate/product,Protein,Metabolite
Q08188,C02583,TGM3,Protein-Glutamine,NA,from_to,Enzyme–substrate/product,Protein,Metabolite
P00352,HMDB0003647,ALDH1A1,Perillyl aldehyde,NA,from_to,Enzyme–substrate/product,Protein,Metabolite
P13497,METPA0305,BMP1,L-Valyl-tRNA(Val),NA,from_to,Enzyme–substrate/product,Protein,Metabolite
P13497,METPA0304,BMP1,L-Seryl-tRNA(Ser),NA,from_to,Enzyme–substrate/product,Protein,Metabolite
P30041,HMDB0010715,PRDX6,2-Phenylacetamide,NA,from_to,Enzyme–substrate/product,Protein,Metabolite
P11678,HMDB0010715,EPX,2-Phenylacetamide,NA,from_to,Enzyme–substrate/product,Protein,Metabolite
P13497,METPA0290,BMP1,L-Methionyl-tRNA(Met),NA,from_to,Enzyme–substrate/product,Protein,Metabolite
Q8NEZ4,C02415,KMT2C,Histone-L-Lysine,NA,from_to,Enzyme–substrate/product,Protein,Metabolite
Q96L73,C02415,NSD1,Histone-L-Lysine,NA,from_to,Enzyme–substrate/product,Protein,Metabolite
Q9H9T3,C02415,ELP3,Histone-L-Lysine,NA,from_to,Enzyme–substrate/product,Protein,Metabolite
P13497,METPA0289,BMP1,Glycyl-tRNA(Gly),NA,from_to,Enzyme–substrate/product,Protein,Metabolite
P04746,C02336,AMY2A,D-Fructose,NA,from_to,Enzyme–substrate/product,Protein,Metabolite
O43451,C02336,MGAM,D-Fructose,NA,from_to,Enzyme–substrate/product,Protein,Metabolite
P52790,C02336,HK3,D-Fructose,NA,from_to,Enzyme–substrate/product,Protein,Metabolite
Q00796,C02336,SORD,D-Fructose,NA,from_to,Enzyme–substrate/product,Protein,Metabolite
P06732,HMDB0001511,CKM,Phosphocreatine,NA,from_to,Enzyme–substrate/product,Protein,Metabolite
P19021,C02303,PAM,Peptidylglycine,NA,from_to,Enzyme–substrate/product,Protein,Metabolite
P13667,C02288,PDIA4,Insulin-(SH)2,NA,from_to,Enzyme–substrate/product,Protein,Metabolite
P07237,C02288,P4HB,Insulin-(SH)2,NA,from_to,Enzyme–substrate/product,Protein,Metabolite
Q15084,C02288,PDIA6,Insulin-(SH)2,NA,from_to,Enzyme–substrate/product,Protein,Metabolite
P30101,C02288,PDIA3,Insulin-(SH)2,NA,from_to,Enzyme–substrate/product,Protein,Metabolite
P13497,METPA0267,BMP1,Glutaminyl-tRNA,NA,from_to,Enzyme–substrate/product,Protein,Metabolite
Q08426,HMDB0006523,EHHADH,Arachidonyl-CoA,NA,from_to,Enzyme–substrate/product,Protein,Metabolite
P51659,HMDB0006523,HSD17B4,Arachidonyl-CoA,NA,from_to,Enzyme–substrate/product,Protein,Metabolite
P09110,HMDB0006523,ACAA1,Arachidonyl-CoA,NA,from_to,Enzyme–substrate/product,Protein,Metabolite
P10619,C02248,CTSA,Apocytochrome-C,NA,from_to,Enzyme–substrate/product,Protein,Metabolite
O14773,C02248,TPP1,Apocytochrome-C,NA,from_to,Enzyme–substrate/product,Protein,Metabolite
Q9UBR2,C02248,CTSZ,Apocytochrome-C,NA,from_to,Enzyme–substrate/product,Protein,Metabolite
P25774,C02248,CTSS,Apocytochrome-C,NA,from_to,Enzyme–substrate/product,Protein,Metabolite
P09668,C02248,CTSH,Apocytochrome-C,NA,from_to,Enzyme–substrate/product,Protein,Metabolite
P07711,C02248,CTSL,Apocytochrome-C,NA,from_to,Enzyme–substrate/product,Protein,Metabolite
P53634,C02248,CTSC,Apocytochrome-C,NA,from_to,Enzyme–substrate/product,Protein,Metabolite
P07858,C02248,CTSB,Apocytochrome-C,NA,from_to,Enzyme–substrate/product,Protein,Metabolite
P07339,C02248,CTSD,Apocytochrome-C,NA,from_to,Enzyme–substrate/product,Protein,Metabolite
P08311,C02248,CTSG,Apocytochrome-C,NA,from_to,Enzyme–substrate/product,Protein,Metabolite
P56202,C02248,CTSW,Apocytochrome-C,NA,from_to,Enzyme–substrate/product,Protein,Metabolite
P17050,C02189,NAGA,Protein-Linked Serine Residue (Glycosaminoglycan Attachment Site),NA,from_to,Enzyme–substrate/product,Protein,Metabolite
Q8NEZ4,METPA0258,KMT2C,Peptidyl-L-Lysine,NA,from_to,Enzyme–substrate/product,Protein,Metabolite
Q96L73,METPA0258,NSD1,Peptidyl-L-Lysine,NA,from_to,Enzyme–substrate/product,Protein,Metabolite
Q02809,METPA0258,PLOD1,Peptidyl-L-Lysine,NA,from_to,Enzyme–substrate/product,Protein,Metabolite
P61088,METPA0258,UBE2N,Peptidyl-L-Lysine,NA,from_to,Enzyme–substrate/product,Protein,Metabolite
P46934,METPA0258,NEDD4,Peptidyl-L-Lysine,NA,from_to,Enzyme–substrate/product,Protein,Metabolite
P61086,METPA0258,UBE2K,Peptidyl-L-Lysine,NA,from_to,Enzyme–substrate/product,Protein,Metabolite
P68036,METPA0258,UBE2L3,Peptidyl-L-Lysine,NA,from_to,Enzyme–substrate/product,Protein,Metabolite
O43567,METPA0258,RNF13,Peptidyl-L-Lysine,NA,from_to,Enzyme–substrate/product,Protein,Metabolite
Q7Z3V4,METPA0258,UBE3B,Peptidyl-L-Lysine,NA,from_to,Enzyme–substrate/product,Protein,Metabolite
Q9NW38,METPA0258,FANCL,Peptidyl-L-Lysine,NA,from_to,Enzyme–substrate/product,Protein,Metabolite
O95071,METPA0258,UBR5,Peptidyl-L-Lysine,NA,from_to,Enzyme–substrate/product,Protein,Metabolite
P22314,METPA0258,UBA1,Peptidyl-L-Lysine,NA,from_to,Enzyme–substrate/product,Protein,Metabolite
P09917,HMDB0001085,ALOX5,Leukotriene B4,NA,from_to,Enzyme–substrate/product,Protein,Metabolite
P16152,HMDB0001085,CBR1,Leukotriene B4,NA,from_to,Enzyme–substrate/product,Protein,Metabolite
P09960,HMDB0001085,LTA4H,Leukotriene B4,NA,from_to,Enzyme–substrate/product,Protein,Metabolite
P13497,METPA0255,BMP1,L-Arginyl-tRNA(Arg),NA,from_to,Enzyme–substrate/product,Protein,Metabolite
Q96KP4,HMDB0000759,CNDP2,Glycylleucine,NA,from_to,Enzyme–substrate/product,Protein,Metabolite
P04075,HMDB0001051,ALDOA,Glyceraldehyde,NA,from_to,Enzyme–substrate/product,Protein,Metabolite
P05062,HMDB0001051,ALDOB,Glyceraldehyde,NA,from_to,Enzyme–substrate/product,Protein,Metabolite
P09972,HMDB0001051,ALDOC,Glyceraldehyde,NA,from_to,Enzyme–substrate/product,Protein,Metabolite
P11150,HMDB0003598,LIPC,Retinyl ester,NA,from_to,Enzyme–substrate/product,Protein,Metabolite
P02753,HMDB0003598,RBP4,Retinyl ester,NA,from_to,Enzyme–substrate/product,Protein,Metabolite
P23141,HMDB0003598,CES1,Retinyl ester,NA,from_to,Enzyme–substrate/product,Protein,Metabolite
P04746,HMDB0001296,AMY2A,Maltotetraose,NA,from_to,Enzyme–substrate/product,Protein,Metabolite
P13497,METPA0243,BMP1,L-Leucyl-tRNA(Leu),NA,from_to,Enzyme–substrate/product,Protein,Metabolite
Q08426,HMDB0004258,EHHADH,Eicosanoyl-CoA,NA,from_to,Enzyme–substrate/product,Protein,Metabolite
P51659,HMDB0004258,HSD17B4,Eicosanoyl-CoA,NA,from_to,Enzyme–substrate/product,Protein,Metabolite
P09110,HMDB0004258,ACAA1,Eicosanoyl-CoA,NA,from_to,Enzyme–substrate/product,Protein,Metabolite
Q96KN2,HMDB0011733,CNDP1,Glycyl-glycine,NA,from_to,Enzyme–substrate/product,Protein,Metabolite
Q96KP4,HMDB0011733,CNDP2,Glycyl-glycine,NA,from_to,Enzyme–substrate/product,Protein,Metabolite
Q9H9T3,C01997,ELP3,Histone-N6-Acetyl-L-Lysine,NA,from_to,Enzyme–substrate/product,Protein,Metabolite
P06276,HMDB0000895,BCHE,Acetylcholine,NA,from_to,Enzyme–substrate/product,Protein,Metabolite
Q08426,HMDB0001070,EHHADH,Octanoyl-CoA,NA,from_to,Enzyme–substrate/product,Protein,Metabolite
P51659,HMDB0001070,HSD17B4,Octanoyl-CoA,NA,from_to,Enzyme–substrate/product,Protein,Metabolite
P09110,HMDB0001070,ACAA1,Octanoyl-CoA,NA,from_to,Enzyme–substrate/product,Protein,Metabolite
Q9BY49,HMDB0001070,PECR,Octanoyl-CoA,NA,from_to,Enzyme–substrate/product,Protein,Metabolite
P04746,HMDB0012253,AMY2A,Maltohexaose,NA,from_to,Enzyme–substrate/product,Protein,Metabolite
P13497,METPA0233,BMP1,L-Lysyl-tRNA(Lys),NA,from_to,Enzyme–substrate/product,Protein,Metabolite
Q16853,HMDB0002134,AOC3,Aminoacetone,NA,from_to,Enzyme–substrate/product,Protein,Metabolite
P11150,METPA0229,LIPC,Monoacylglycerol-Chylomicron-Pool,NA,from_to,Enzyme–substrate/product,Protein,Metabolite
O75223,HMDB0000267,GGCT,Pyroglutamic acid,NA,from_to,Enzyme–substrate/product,Protein,Metabolite
Q9UKU6,HMDB0000267,TRHDE,Pyroglutamic acid,NA,from_to,Enzyme–substrate/product,Protein,Metabolite
P04746,HMDB0001262,AMY2A,Maltotriose,NA,from_to,Enzyme–substrate/product,Protein,Metabolite
O43451,HMDB0001262,MGAM,Maltotriose,NA,from_to,Enzyme–substrate/product,Protein,Metabolite
Q08426,HMDB0003571,EHHADH,Lauroyl-CoA,NA,from_to,Enzyme–substrate/product,Protein,Metabolite
P51659,HMDB0003571,HSD17B4,Lauroyl-CoA,NA,from_to,Enzyme–substrate/product,Protein,Metabolite
P09110,HMDB0003571,ACAA1,Lauroyl-CoA,NA,from_to,Enzyme–substrate/product,Protein,Metabolite
Q9BY49,HMDB0003571,PECR,Lauroyl-CoA,NA,from_to,Enzyme–substrate/product,Protein,Metabolite
P07108,HMDB0001374,DBI,Choloyl-CoA,NA,from_to,Enzyme–substrate/product,Protein,Metabolite
P09110,HMDB0001374,ACAA1,Choloyl-CoA,NA,from_to,Enzyme–substrate/product,Protein,Metabolite
P00491,HMDB0000299,PNP,Xanthosine,NA,from_to,Enzyme–substrate/product,Protein,Metabolite
P21589,HMDB0000299,NT5E,Xanthosine,NA,from_to,Enzyme–substrate/product,Protein,Metabolite
P30041,HMDB0001453,PRDX6,Thiocyanate,NA,from_to,Enzyme–substrate/product,Protein,Metabolite
P05164,HMDB0001453,MPO,Thiocyanate,NA,from_to,Enzyme–substrate/product,Protein,Metabolite
Q96I99,HMDB0000749,SUCLG2,Mesaconic acid,NA,from_to,Enzyme–substrate/product,Protein,Metabolite
P06737,C01702,PYGL,"Primed Glycogenin (Glycogenin-8[1,4-Glc])",NA,from_to,Enzyme–substrate/product,Protein,Metabolite
P06865,HMDB0003556,HEXA,Chitobiose,NA,from_to,Enzyme–substrate/product,Protein,Metabolite
P07686,HMDB0003556,HEXB,Chitobiose,NA,from_to,Enzyme–substrate/product,Protein,Metabolite
Q13231,HMDB0003556,CHIT1,Chitobiose,NA,from_to,Enzyme–substrate/product,Protein,Metabolite
P21980,C01664,TGM2,Alkylamine,NA,from_to,Enzyme–substrate/product,Protein,Metabolite
P05160,C01664,F13B,Alkylamine,NA,from_to,Enzyme–substrate/product,Protein,Metabolite
P00488,C01664,F13A1,Alkylamine,NA,from_to,Enzyme–substrate/product,Protein,Metabolite
Q08188,C01664,TGM3,Alkylamine,NA,from_to,Enzyme–substrate/product,Protein,Metabolite
P13497,METPA0210,BMP1,TRNA(Val),NA,from_to,Enzyme–substrate/product,Protein,Metabolite
P23381,METPA0209,WARS,TRNA(Trp),NA,from_to,Enzyme–substrate/product,Protein,Metabolite
P13497,METPA0209,BMP1,TRNA(Trp),NA,from_to,Enzyme–substrate/product,Protein,Metabolite
P13497,METPA0208,BMP1,TRNA(Thr),NA,from_to,Enzyme–substrate/product,Protein,Metabolite
P13497,METPA0207,BMP1,TRNA(Ser),NA,from_to,Enzyme–substrate/product,Protein,Metabolite
P13497,METPA0206,BMP1,TRNA(Pro),NA,from_to,Enzyme–substrate/product,Protein,Metabolite
P13497,METPA0205,BMP1,TRNA(Phe),NA,from_to,Enzyme–substrate/product,Protein,Metabolite
P13497,METPA0204,BMP1,TRNA(Met),NA,from_to,Enzyme–substrate/product,Protein,Metabolite
P13497,METPA0203,BMP1,TRNA(Lys),NA,from_to,Enzyme–substrate/product,Protein,Metabolite
P13497,METPA0202,BMP1,TRNA(Leu),NA,from_to,Enzyme–substrate/product,Protein,Metabolite
P13497,METPA0200,BMP1,TRNA(His),NA,from_to,Enzyme–substrate/product,Protein,Metabolite
P13497,METPA0199,BMP1,TRNA(Gly),NA,from_to,Enzyme–substrate/product,Protein,Metabolite
Q5JPH6,METPA0198,EARS2,TRNA(Glu),NA,from_to,Enzyme–substrate/product,Protein,Metabolite
P13497,METPA0198,BMP1,TRNA(Glu),NA,from_to,Enzyme–substrate/product,Protein,Metabolite
P13497,METPA0197,BMP1,TRNA(Gln),NA,from_to,Enzyme–substrate/product,Protein,Metabolite
P13497,METPA0195,BMP1,TRNA(Asp),NA,from_to,Enzyme–substrate/product,Protein,Metabolite
P13497,METPA0194,BMP1,TRNA(Asn),NA,from_to,Enzyme–substrate/product,Protein,Metabolite
P13497,METPA0193,BMP1,TRNA(Arg),NA,from_to,Enzyme–substrate/product,Protein,Metabolite
P13497,METPA0192,BMP1,TRNA(Ala),NA,from_to,Enzyme–substrate/product,Protein,Metabolite
P14314,C01609,PRKCSH,Protamine,NA,from_to,Enzyme–substrate/product,Protein,Metabolite
Q6P0Q8,C01609,MAST2,Protamine,NA,from_to,Enzyme–substrate/product,Protein,Metabolite
P51955,C01609,NEK2,Protamine,NA,from_to,Enzyme–substrate/product,Protein,Metabolite
Q13418,C01609,ILK,Protamine,NA,from_to,Enzyme–substrate/product,Protein,Metabolite
Q8WZ42,C01609,TTN,Protamine,NA,from_to,Enzyme–substrate/product,Protein,Metabolite
Q9Y5S2,C01609,CDC42BPB,Protamine,NA,from_to,Enzyme–substrate/product,Protein,Metabolite
P07148,HMDB0000847,FABP1,Pelargonic acid,NA,from_to,Enzyme–substrate/product,Protein,Metabolite
P51161,HMDB0000847,FABP6,Pelargonic acid,NA,from_to,Enzyme–substrate/product,Protein,Metabolite
P33260,HMDB0000673,CYP2C18,Linoleic acid,NA,from_to,Enzyme–substrate/product,Protein,Metabolite
Q96SQ9,HMDB0000673,CYP2S1,Linoleic acid,NA,from_to,Enzyme–substrate/product,Protein,Metabolite
P02774,HMDB0003550,GC,Calcidiol,NA,from_to,Enzyme–substrate/product,Protein,Metabolite
P15144,HMDB0000078,ANPEP,Cysteinylglycine,NA,from_to,Enzyme–substrate/product,Protein,Metabolite
P30041,HMDB0002078,PRDX6,Cyanate,NA,from_to,Enzyme–substrate/product,Protein,Metabolite
P05164,HMDB0002078,MPO,Cyanate,NA,from_to,Enzyme–substrate/product,Protein,Metabolite
P23141,HMDB0015043,CES1,Cocaine,NA,from_to,Enzyme–substrate/product,Protein,Metabolite
P09110,HMDB0001197,ACAA1,FADH,NA,from_to,Enzyme–substrate/product,Protein,Metabolite
P30043,HMDB0001197,BLVRB,FADH,NA,from_to,Enzyme–substrate/product,Protein,Metabolite
P42126,HMDB0001197,ECI1,FADH,NA,from_to,Enzyme–substrate/product,Protein,Metabolite
P33260,HMDB0001197,CYP2C18,FADH,NA,from_to,Enzyme–substrate/product,Protein,Metabolite
Q96SQ9,HMDB0001197,CYP2S1,FADH,NA,from_to,Enzyme–substrate/product,Protein,Metabolite
P15531,HMDB0001000,NME1,dUDP,NA,from_to,Enzyme–substrate/product,Protein,Metabolite
Q13232,HMDB0001000,NME3,dUDP,NA,from_to,Enzyme–substrate/product,Protein,Metabolite
P15531,HMDB0003537,NME1,2'-Deoxyinosine triphosphate,NA,from_to,Enzyme–substrate/product,Protein,Metabolite
Q13232,HMDB0003537,NME3,2'-Deoxyinosine triphosphate,NA,from_to,Enzyme–substrate/product,Protein,Metabolite
P15531,HMDB0003536,NME1,dIDP,NA,from_to,Enzyme–substrate/product,Protein,Metabolite
Q13232,HMDB0003536,NME3,dIDP,NA,from_to,Enzyme–substrate/product,Protein,Metabolite
P08195,HMDB0000588,SLC3A2,Sodium,NA,from_to,Enzyme–substrate/product,Protein,Metabolite
P14415,HMDB0000588,ATP1B2,Sodium,NA,from_to,Enzyme–substrate/product,Protein,Metabolite
P05026,HMDB0000588,ATP1B1,Sodium,NA,from_to,Enzyme–substrate/product,Protein,Metabolite
P00450,HMDB0000588,CP,Sodium,NA,from_to,Enzyme–substrate/product,Protein,Metabolite
P51659,HMDB0001039,HSD17B4,Hydroxide,NA,from_to,Enzyme–substrate/product,Protein,Metabolite
P09110,HMDB0001039,ACAA1,Hydroxide,NA,from_to,Enzyme–substrate/product,Protein,Metabolite
P42126,HMDB0001039,ECI1,Hydroxide,NA,from_to,Enzyme–substrate/product,Protein,Metabolite
Q96CM8,HMDB0001039,ACSF2,Hydroxide,NA,from_to,Enzyme–substrate/product,Protein,Metabolite
P09211,HMDB0002306,GSTP1,Hydrochloric acid,NA,from_to,Enzyme–substrate/product,Protein,Metabolite
P78417,HMDB0002306,GSTO1,Hydrochloric acid,NA,from_to,Enzyme–substrate/product,Protein,Metabolite
P30711,HMDB0002306,GSTT1,Hydrochloric acid,NA,from_to,Enzyme–substrate/product,Protein,Metabolite
O14874,C01308,BCKDK,[3-Methyl-2-Oxobutanoate Dehydrogenase (2-Methylpropanoyl-Transferring)] Phosphate,NA,from_to,Enzyme–substrate/product,Protein,Metabolite
Q9P212,METPA0164,PLCE1,1-Phosphatidyl-1D-Myo-Inositol 4-Phosphate,NA,from_to,Enzyme–substrate/product,Protein,Metabolite
P48426,METPA0164,PIP4K2A,1-Phosphatidyl-1D-Myo-Inositol 4-Phosphate,NA,from_to,Enzyme–substrate/product,Protein,Metabolite
Q9UNW1,HMDB0001059,MINPP1,"Inositol 1,3,4,5-tetraphosphate",NA,from_to,Enzyme–substrate/product,Protein,Metabolite
Q9P212,HMDB0001498,PLCE1,"Inositol 1,4,5-trisphosphate",NA,from_to,Enzyme–substrate/product,Protein,Metabolite
Q9UNW1,HMDB0001498,MINPP1,"Inositol 1,4,5-trisphosphate",NA,from_to,Enzyme–substrate/product,Protein,Metabolite
O95479,HMDB0001127,H6PD,6-Phosphonoglucono-D-lactone,NA,from_to,Enzyme–substrate/product,Protein,Metabolite
P11413,HMDB0001127,G6PD,6-Phosphonoglucono-D-lactone,NA,from_to,Enzyme–substrate/product,Protein,Metabolite
Q9NPB8,HMDB0000114,GPCPD1,Glycerylphosphorylethanolamine,NA,from_to,Enzyme–substrate/product,Protein,Metabolite
Q8NCC3,HMDB0000114,PLA2G15,Glycerylphosphorylethanolamine,NA,from_to,Enzyme–substrate/product,Protein,Metabolite
P12429,HMDB0011649,ANXA3,1-(sn-Glycero-3-phospho)-1D-myo-inositol,NA,from_to,Enzyme–substrate/product,Protein,Metabolite
Q9P212,HMDB0000968,PLCE1,"1D-Myo-inositol 1,4-bisphosphate",NA,from_to,Enzyme–substrate/product,Protein,Metabolite
Q02809,MA3TEM031,PLOD1,Procollagen 5-Hydroxy-L-Lysine,NA,from_to,Enzyme–substrate/product,Protein,Metabolite
Q93070,C01201,ART4,N(Omega)-(Adenosine-5'-Diphosphate-D-Ribosyl)-L-Arginine,NA,from_to,Enzyme–substrate/product,Protein,Metabolite
Q13508,C01201,ART3,N(Omega)-(Adenosine-5'-Diphosphate-D-Ribosyl)-L-Arginine,NA,from_to,Enzyme–substrate/product,Protein,Metabolite
Q9NY97,HMDB0004969,B3GNT2,D-Glucosyl-N-Acylsphingosine,NA,from_to,Enzyme–substrate/product,Protein,Metabolite
P10619,HMDB0004969,CTSA,D-Glucosyl-N-Acylsphingosine,NA,from_to,Enzyme–substrate/product,Protein,Metabolite
P15291,HMDB0004969,B4GALT1,D-Glucosyl-N-Acylsphingosine,NA,from_to,Enzyme–substrate/product,Protein,Metabolite
Q86SF2,HMDB0004969,GALNT7,D-Glucosyl-N-Acylsphingosine,NA,from_to,Enzyme–substrate/product,Protein,Metabolite
Q8WZA1,HMDB0004969,POMGNT1,D-Glucosyl-N-Acylsphingosine,NA,from_to,Enzyme–substrate/product,Protein,Metabolite
Q9NYU2,HMDB0004969,UGGT1,D-Glucosyl-N-Acylsphingosine,NA,from_to,Enzyme–substrate/product,Protein,Metabolite
P22413,HMDB0001132,ENPP1,Nicotinic acid mononucleotide,NA,from_to,Enzyme–substrate/product,Protein,Metabolite
P21589,HMDB0001132,NT5E,Nicotinic acid mononucleotide,NA,from_to,Enzyme–substrate/product,Protein,Metabolite
Q6XQN6,HMDB0001132,NAPRT,Nicotinic acid mononucleotide,NA,from_to,Enzyme–substrate/product,Protein,Metabolite
P32754,HMDB0000707,HPD,4-Hydroxyphenylpyruvic acid,NA,from_to,Enzyme–substrate/product,Protein,Metabolite
P17174,HMDB0000707,GOT1,4-Hydroxyphenylpyruvic acid,NA,from_to,Enzyme–substrate/product,Protein,Metabolite
Q9P212,HMDB0002985,PLCE1,Inositol phosphate,NA,from_to,Enzyme–substrate/product,Protein,Metabolite
P12429,HMDB0002985,ANXA3,Inositol phosphate,NA,from_to,Enzyme–substrate/product,Protein,Metabolite
P52790,HMDB0003498,HK3,Beta-D-Glucose-6-Phosphate,NA,from_to,Enzyme–substrate/product,Protein,Metabolite
P06744,HMDB0003498,GPI,Beta-D-Glucose-6-Phosphate,NA,from_to,Enzyme–substrate/product,Protein,Metabolite
P36957,HMDB0001177,DLST,(S)-Succinyldihydrolipoamide,NA,from_to,Enzyme–substrate/product,Protein,Metabolite
P22607,C01167,FGFR3,Protein Tyrosine Phosphate,NA,from_to,Enzyme–substrate/product,Protein,Metabolite
Q13308,C01167,PTK7,Protein Tyrosine Phosphate,NA,from_to,Enzyme–substrate/product,Protein,Metabolite
Q05397,C01167,PTK2,Protein Tyrosine Phosphate,NA,from_to,Enzyme–substrate/product,Protein,Metabolite
P12931,C01167,SRC,Protein Tyrosine Phosphate,NA,from_to,Enzyme–substrate/product,Protein,Metabolite
P35916,C01167,FLT4,Protein Tyrosine Phosphate,NA,from_to,Enzyme–substrate/product,Protein,Metabolite
P35590,C01167,TIE1,Protein Tyrosine Phosphate,NA,from_to,Enzyme–substrate/product,Protein,Metabolite
Q01973,C01167,ROR1,Protein Tyrosine Phosphate,NA,from_to,Enzyme–substrate/product,Protein,Metabolite
P08581,C01167,MET,Protein Tyrosine Phosphate,NA,from_to,Enzyme–substrate/product,Protein,Metabolite
P30530,C01167,AXL,Protein Tyrosine Phosphate,NA,from_to,Enzyme–substrate/product,Protein,Metabolite
P07948,C01167,LYN,Protein Tyrosine Phosphate,NA,from_to,Enzyme–substrate/product,Protein,Metabolite
Q12866,C01167,MERTK,Protein Tyrosine Phosphate,NA,from_to,Enzyme–substrate/product,Protein,Metabolite
P10721,C01167,KIT,Protein Tyrosine Phosphate,NA,from_to,Enzyme–substrate/product,Protein,Metabolite
P07333,C01167,CSF1R,Protein Tyrosine Phosphate,NA,from_to,Enzyme–substrate/product,Protein,Metabolite
P22455,C01167,FGFR4,Protein Tyrosine Phosphate,NA,from_to,Enzyme–substrate/product,Protein,Metabolite
P11362,C01167,FGFR1,Protein Tyrosine Phosphate,NA,from_to,Enzyme–substrate/product,Protein,Metabolite
P29323,C01167,EPHB2,Protein Tyrosine Phosphate,NA,from_to,Enzyme–substrate/product,Protein,Metabolite
P35968,C01167,KDR,Protein Tyrosine Phosphate,NA,from_to,Enzyme–substrate/product,Protein,Metabolite
Q16832,C01167,DDR2,Protein Tyrosine Phosphate,NA,from_to,Enzyme–substrate/product,Protein,Metabolite
P00533,C01167,EGFR,Protein Tyrosine Phosphate,NA,from_to,Enzyme–substrate/product,Protein,Metabolite
P54764,C01167,EPHA4,Protein Tyrosine Phosphate,NA,from_to,Enzyme–substrate/product,Protein,Metabolite
P21709,C01167,EPHA1,Protein Tyrosine Phosphate,NA,from_to,Enzyme–substrate/product,Protein,Metabolite
P09619,C01167,PDGFRB,Protein Tyrosine Phosphate,NA,from_to,Enzyme–substrate/product,Protein,Metabolite
P29350,C01167,PTPN6,Protein Tyrosine Phosphate,NA,from_to,Enzyme–substrate/product,Protein,Metabolite
Q16827,C01167,PTPRO,Protein Tyrosine Phosphate,NA,from_to,Enzyme–substrate/product,Protein,Metabolite
Q12913,C01167,PTPRJ,Protein Tyrosine Phosphate,NA,from_to,Enzyme–substrate/product,Protein,Metabolite
P23471,C01167,PTPRZ1,Protein Tyrosine Phosphate,NA,from_to,Enzyme–substrate/product,Protein,Metabolite
P51452,C01167,DUSP3,Protein Tyrosine Phosphate,NA,from_to,Enzyme–substrate/product,Protein,Metabolite
Q13332,C01167,PTPRS,Protein Tyrosine Phosphate,NA,from_to,Enzyme–substrate/product,Protein,Metabolite
Q15262,C01167,PTPRK,Protein Tyrosine Phosphate,NA,from_to,Enzyme–substrate/product,Protein,Metabolite
P23469,C01167,PTPRE,Protein Tyrosine Phosphate,NA,from_to,Enzyme–substrate/product,Protein,Metabolite
P08575,C01167,PTPRC,Protein Tyrosine Phosphate,NA,from_to,Enzyme–substrate/product,Protein,Metabolite
P23467,C01167,PTPRB,Protein Tyrosine Phosphate,NA,from_to,Enzyme–substrate/product,Protein,Metabolite
P28827,C01167,PTPRM,Protein Tyrosine Phosphate,NA,from_to,Enzyme–substrate/product,Protein,Metabolite
P23470,C01167,PTPRG,Protein Tyrosine Phosphate,NA,from_to,Enzyme–substrate/product,Protein,Metabolite
P10586,C01167,PTPRF,Protein Tyrosine Phosphate,NA,from_to,Enzyme–substrate/product,Protein,Metabolite
P18669,HMDB0001294,PGAM1,"2,3-Diphosphoglyceric acid",NA,from_to,Enzyme–substrate/product,Protein,Metabolite
P07738,HMDB0001294,BPGM,"2,3-Diphosphoglyceric acid",NA,from_to,Enzyme–substrate/product,Protein,Metabolite
P07237,HMDB0000725,P4HB,4-Hydroxyproline,NA,from_to,Enzyme–substrate/product,Protein,Metabolite
Q08426,HMDB0062259,EHHADH,(S)-3-Hydroxybutyryl-CoA,NA,from_to,Enzyme–substrate/product,Protein,Metabolite
P51659,HMDB0062259,HSD17B4,(S)-3-Hydroxybutyryl-CoA,NA,from_to,Enzyme–substrate/product,Protein,Metabolite
P10515,HMDB0001526,DLAT,S-Acetyldihydrolipoamide,NA,from_to,Enzyme–substrate/product,Protein,Metabolite
P22413,HMDB0001416,ENPP1,Pantetheine 4'-phosphate,NA,from_to,Enzyme–substrate/product,Protein,Metabolite
Q9NVE7,HMDB0001416,PANK4,Pantetheine 4'-phosphate,NA,from_to,Enzyme–substrate/product,Protein,Metabolite
P17174,HMDB0002070,GOT1,4-Hydroxy-2-oxoglutaric acid,NA,from_to,Enzyme–substrate/product,Protein,Metabolite
P04075,HMDB0006873,ALDOA,D-Tagatose 6-phosphate,NA,from_to,Enzyme–substrate/product,Protein,Metabolite
P05062,HMDB0006873,ALDOB,D-Tagatose 6-phosphate,NA,from_to,Enzyme–substrate/product,Protein,Metabolite
P09972,HMDB0006873,ALDOC,D-Tagatose 6-phosphate,NA,from_to,Enzyme–substrate/product,Protein,Metabolite
P04075,HMDB0000399,ALDOA,Fructose 1-phosphate,NA,from_to,Enzyme–substrate/product,Protein,Metabolite
P05062,HMDB0000399,ALDOB,Fructose 1-phosphate,NA,from_to,Enzyme–substrate/product,Protein,Metabolite
P09972,HMDB0000399,ALDOC,Fructose 1-phosphate,NA,from_to,Enzyme–substrate/product,Protein,Metabolite
P06865,C01074,HEXA,N-Acetylgalactosamine,NA,from_to,Enzyme–substrate/product,Protein,Metabolite
P07686,C01074,HEXB,N-Acetylgalactosamine,NA,from_to,Enzyme–substrate/product,Protein,Metabolite
P17900,C01074,GM2A,N-Acetylgalactosamine,NA,from_to,Enzyme–substrate/product,Protein,Metabolite
P17050,C01074,NAGA,N-Acetylgalactosamine,NA,from_to,Enzyme–substrate/product,Protein,Metabolite
P16930,HMDB0001268,FAH,4-Fumarylacetoacetic acid,NA,from_to,Enzyme–substrate/product,Protein,Metabolite
P10768,HMDB0001550,ESD,S-Formylglutathione,NA,from_to,Enzyme–substrate/product,Protein,Metabolite
Q93088,HMDB0000092,BHMT,Dimethylglycine,NA,from_to,Enzyme–substrate/product,Protein,Metabolite
Q9H2M3,HMDB0000092,BHMT2,Dimethylglycine,NA,from_to,Enzyme–substrate/product,Protein,Metabolite
Q9BTY2,HMDB0000174,FUCA2,L-Fucose,NA,from_to,Enzyme–substrate/product,Protein,Metabolite
P04066,HMDB0000174,FUCA1,L-Fucose,NA,from_to,Enzyme–substrate/product,Protein,Metabolite
Q15746,C01003,MYLK,Myosin-Light-Chain,NA,from_to,Enzyme–substrate/product,Protein,Metabolite
P00387,METPA0109,CYB5R3,Ferrocytochrome B5,NA,from_to,Enzyme–substrate/product,Protein,Metabolite
P00387,METPA0108,CYB5R3,Ferricytochrome B5,NA,from_to,Enzyme–substrate/product,Protein,Metabolite
A6NDG6,HMDB0000816,PGP,Phosphoglycolic acid,NA,from_to,Enzyme–substrate/product,Protein,Metabolite
Q16853,HMDB0000002,AOC3,"1,3-Diaminopropane",NA,from_to,Enzyme–substrate/product,Protein,Metabolite
P07602,C00984,PSAP,D-Galactose,NA,from_to,Enzyme–substrate/product,Protein,Metabolite
P17900,C00984,GM2A,D-Galactose,NA,from_to,Enzyme–substrate/product,Protein,Metabolite
P10619,C00984,CTSA,D-Galactose,NA,from_to,Enzyme–substrate/product,Protein,Metabolite
P11169,C00984,SLC2A3,D-Galactose,NA,from_to,Enzyme–substrate/product,Protein,Metabolite
P11166,C00984,SLC2A1,D-Galactose,NA,from_to,Enzyme–substrate/product,Protein,Metabolite
P07195,HMDB0001368,LDHB,3-Mercaptopyruvic acid,NA,from_to,Enzyme–substrate/product,Protein,Metabolite
P00338,HMDB0001368,LDHA,3-Mercaptopyruvic acid,NA,from_to,Enzyme–substrate/product,Protein,Metabolite
P17174,HMDB0001368,GOT1,3-Mercaptopyruvic acid,NA,from_to,Enzyme–substrate/product,Protein,Metabolite
P33260,HMDB0000151,CYP2C18,Estradiol,NA,from_to,Enzyme–substrate/product,Protein,Metabolite
Q96SQ9,HMDB0000151,CYP2S1,Estradiol,NA,from_to,Enzyme–substrate/product,Protein,Metabolite
P33402,HMDB0001314,GUCY1A2,Cyclic GMP,NA,from_to,Enzyme–substrate/product,Protein,Metabolite
P08319,HMDB0006458,ADH4,D-Lactaldehyde,NA,from_to,Enzyme–substrate/product,Protein,Metabolite
P00325,HMDB0006458,ADH1B,D-Lactaldehyde,NA,from_to,Enzyme–substrate/product,Protein,Metabolite
P00352,HMDB0006458,ALDH1A1,D-Lactaldehyde,NA,from_to,Enzyme–substrate/product,Protein,Metabolite
P13716,HMDB0000245,ALAD,Porphobilinogen,NA,from_to,Enzyme–substrate/product,Protein,Metabolite
P15586,HMDB0000693,GNS,Heparan sulfate,NA,from_to,Enzyme–substrate/product,Protein,Metabolite
P09917,HMDB0001337,ALOX5,Leukotriene A4,NA,from_to,Enzyme–substrate/product,Protein,Metabolite
P09960,HMDB0001337,LTA4H,Leukotriene A4,NA,from_to,Enzyme–substrate/product,Protein,Metabolite
Q12882,HMDB0000079,DPYD,Dihydrothymine,NA,from_to,Enzyme–substrate/product,Protein,Metabolite
Q08426,HMDB0002307,EHHADH,Acrylyl-CoA,NA,from_to,Enzyme–substrate/product,Protein,Metabolite
P13497,METPA0095,BMP1,L-Alanyl-tRNA(Ala),NA,from_to,Enzyme–substrate/product,Protein,Metabolite
P13686,HMDB0001373,ACP5,Dephospho-CoA,NA,from_to,Enzyme–substrate/product,Protein,Metabolite
P22413,HMDB0001373,ENPP1,Dephospho-CoA,NA,from_to,Enzyme–substrate/product,Protein,Metabolite
P13686,HMDB0000014,ACP5,Deoxycytidine,NA,from_to,Enzyme–substrate/product,Protein,Metabolite
P21589,HMDB0000014,NT5E,Deoxycytidine,NA,from_to,Enzyme–substrate/product,Protein,Metabolite
Q08426,HMDB0002009,EHHADH,Crotonoyl-CoA,NA,from_to,Enzyme–substrate/product,Protein,Metabolite
P05186,HMDB0001232,ALPL,4-Nitrophenol,NA,from_to,Enzyme–substrate/product,Protein,Metabolite
Q9NVE7,HMDB0000210,PANK4,Pantothenic acid,NA,from_to,Enzyme–substrate/product,Protein,Metabolite
P22413,HMDB0001179,ENPP1,Nicotinic acid adenine dinucleotide,NA,from_to,Enzyme–substrate/product,Protein,Metabolite
P33260,HMDB0029751,CYP2C18,Naphthalene,NA,from_to,Enzyme–substrate/product,Protein,Metabolite
P00352,HMDB0000663,ALDH1A1,Glucaric acid,NA,from_to,Enzyme–substrate/product,Protein,Metabolite
P07148,HMDB0000892,FABP1,Valeric acid,NA,from_to,Enzyme–substrate/product,Protein,Metabolite
P51161,HMDB0000892,FABP6,Valeric acid,NA,from_to,Enzyme–substrate/product,Protein,Metabolite
Q00796,HMDB0000247,SORD,Sorbitol,NA,from_to,Enzyme–substrate/product,Protein,Metabolite
P13497,METPA0079,BMP1,TRNA(Tyr),NA,from_to,Enzyme–substrate/product,Protein,Metabolite
P00352,HMDB0001852,ALDH1A1,All-trans-retinoic acid,NA,from_to,Enzyme–substrate/product,Protein,Metabolite
Q16853,HMDB0001256,AOC3,Spermine,NA,from_to,Enzyme–substrate/product,Protein,Metabolite
P08195,HMDB0003406,SLC3A2,D-Serine,NA,from_to,Enzyme–substrate/product,Protein,Metabolite
P13667,C00723,PDIA4,Insulin-(SS),NA,from_to,Enzyme–substrate/product,Protein,Metabolite
P07237,C00723,P4HB,Insulin-(SS),NA,from_to,Enzyme–substrate/product,Protein,Metabolite
Q15084,C00723,PDIA6,Insulin-(SS),NA,from_to,Enzyme–substrate/product,Protein,Metabolite
P30101,C00723,PDIA3,Insulin-(SS),NA,from_to,Enzyme–substrate/product,Protein,Metabolite
O43451,HMDB0006857,MGAM,Dextrin,NA,from_to,Enzyme–substrate/product,Protein,Metabolite
Q93088,HMDB0000043,BHMT,Betaine,NA,from_to,Enzyme–substrate/product,Protein,Metabolite
Q9H2M3,HMDB0000043,BHMT2,Betaine,NA,from_to,Enzyme–substrate/product,Protein,Metabolite
P09110,HMDB0000207,ACAA1,Elaidic acid,NA,from_to,Enzyme–substrate/product,Protein,Metabolite
P07148,HMDB0000207,FABP1,Elaidic acid,NA,from_to,Enzyme–substrate/product,Protein,Metabolite
P15531,HMDB0001245,NME1,dCDP,NA,from_to,Enzyme–substrate/product,Protein,Metabolite
Q13232,HMDB0001245,NME3,dCDP,NA,from_to,Enzyme–substrate/product,Protein,Metabolite
P04040,HMDB0002168,CAT,Superoxide,NA,from_to,Enzyme–substrate/product,Protein,Metabolite
P00441,HMDB0002168,SOD1,Superoxide,NA,from_to,Enzyme–substrate/product,Protein,Metabolite
P04179,HMDB0002168,SOD2,Superoxide,NA,from_to,Enzyme–substrate/product,Protein,Metabolite
P41222,HMDB0001403,PTGDS,Prostaglandin D2,NA,from_to,Enzyme–substrate/product,Protein,Metabolite
P00491,HMDB0001351,PNP,Deoxyribose 1-phosphate,NA,from_to,Enzyme–substrate/product,Protein,Metabolite
P19971,HMDB0001351,TYMP,Deoxyribose 1-phosphate,NA,from_to,Enzyme–substrate/product,Protein,Metabolite
Q9NPB8,HMDB0000086,GPCPD1,Glycerophosphocholine,NA,from_to,Enzyme–substrate/product,Protein,Metabolite
Q8NCC3,HMDB0000086,PLA2G15,Glycerophosphocholine,NA,from_to,Enzyme–substrate/product,Protein,Metabolite
O75223,HMDB0001049,GGCT,gamma-Glutamylcysteine,NA,from_to,Enzyme–substrate/product,Protein,Metabolite
P48506,HMDB0001049,GCLC,gamma-Glutamylcysteine,NA,from_to,Enzyme–substrate/product,Protein,Metabolite
P48637,HMDB0001049,GSS,gamma-Glutamylcysteine,NA,from_to,Enzyme–substrate/product,Protein,Metabolite
O00757,HMDB0001047,FBP2,"D-Fructose 2,6-bisphosphate",NA,from_to,Enzyme–substrate/product,Protein,Metabolite
P09467,HMDB0001047,FBP1,"D-Fructose 2,6-bisphosphate",NA,from_to,Enzyme–substrate/product,Protein,Metabolite
P21589,HMDB0001554,NT5E,Xanthylic acid,NA,from_to,Enzyme–substrate/product,Protein,Metabolite
P11150,METPA0063,LIPC,"1,2-Diacylglycerol-Chylomicron-Pool",NA,from_to,Enzyme–substrate/product,Protein,Metabolite
Q9P212,METPA0063,PLCE1,"1,2-Diacylglycerol-Chylomicron-Pool",NA,from_to,Enzyme–substrate/product,Protein,Metabolite
P16152,HMDB0001139,CBR1,Prostaglandin F2a,NA,from_to,Enzyme–substrate/product,Protein,Metabolite
P00352,HMDB0001190,ALDH1A1,Indoleacetaldehyde,NA,from_to,Enzyme–substrate/product,Protein,Metabolite
P04040,HMDB0001476,CAT,3-Hydroxyanthranilic acid,NA,from_to,Enzyme–substrate/product,Protein,Metabolite
P18669,HMDB0003391,PGAM1,2-Phospho-D-glyceric acid,NA,from_to,Enzyme–substrate/product,Protein,Metabolite
P07738,HMDB0003391,BPGM,2-Phospho-D-glyceric acid,NA,from_to,Enzyme–substrate/product,Protein,Metabolite
P06733,HMDB0003391,ENO1,2-Phospho-D-glyceric acid,NA,from_to,Enzyme–substrate/product,Protein,Metabolite
P00491,HMDB0001489,PNP,Ribose 1-phosphate,NA,from_to,Enzyme–substrate/product,Protein,Metabolite
P36871,HMDB0001489,PGM1,Ribose 1-phosphate,NA,from_to,Enzyme–substrate/product,Protein,Metabolite
Q93070,C00613,ART4,Protein-L-Arginine,NA,from_to,Enzyme–substrate/product,Protein,Metabolite
Q13508,C00613,ART3,Protein-L-Arginine,NA,from_to,Enzyme–substrate/product,Protein,Metabolite
P08195,HMDB0001276,SLC3A2,N1-Acetylspermidine,NA,from_to,Enzyme–substrate/product,Protein,Metabolite
P17174,HMDB0000996,GOT1,3-Sulfinoalanine,NA,from_to,Enzyme–substrate/product,Protein,Metabolite
P17405,HMDB0001565,SMPD1,Phosphorylcholine,NA,from_to,Enzyme–substrate/product,Protein,Metabolite
P22607,C00585,FGFR3,Protein-Tyrosine,NA,from_to,Enzyme–substrate/product,Protein,Metabolite
Q13308,C00585,PTK7,Protein-Tyrosine,NA,from_to,Enzyme–substrate/product,Protein,Metabolite
Q05397,C00585,PTK2,Protein-Tyrosine,NA,from_to,Enzyme–substrate/product,Protein,Metabolite
P12931,C00585,SRC,Protein-Tyrosine,NA,from_to,Enzyme–substrate/product,Protein,Metabolite
P35916,C00585,FLT4,Protein-Tyrosine,NA,from_to,Enzyme–substrate/product,Protein,Metabolite
P35590,C00585,TIE1,Protein-Tyrosine,NA,from_to,Enzyme–substrate/product,Protein,Metabolite
Q01973,C00585,ROR1,Protein-Tyrosine,NA,from_to,Enzyme–substrate/product,Protein,Metabolite
P08581,C00585,MET,Protein-Tyrosine,NA,from_to,Enzyme–substrate/product,Protein,Metabolite
P30530,C00585,AXL,Protein-Tyrosine,NA,from_to,Enzyme–substrate/product,Protein,Metabolite
P07948,C00585,LYN,Protein-Tyrosine,NA,from_to,Enzyme–substrate/product,Protein,Metabolite
Q12866,C00585,MERTK,Protein-Tyrosine,NA,from_to,Enzyme–substrate/product,Protein,Metabolite
P10721,C00585,KIT,Protein-Tyrosine,NA,from_to,Enzyme–substrate/product,Protein,Metabolite
P07333,C00585,CSF1R,Protein-Tyrosine,NA,from_to,Enzyme–substrate/product,Protein,Metabolite
P22455,C00585,FGFR4,Protein-Tyrosine,NA,from_to,Enzyme–substrate/product,Protein,Metabolite
P11362,C00585,FGFR1,Protein-Tyrosine,NA,from_to,Enzyme–substrate/product,Protein,Metabolite
P29323,C00585,EPHB2,Protein-Tyrosine,NA,from_to,Enzyme–substrate/product,Protein,Metabolite
P35968,C00585,KDR,Protein-Tyrosine,NA,from_to,Enzyme–substrate/product,Protein,Metabolite
Q16832,C00585,DDR2,Protein-Tyrosine,NA,from_to,Enzyme–substrate/product,Protein,Metabolite
P00533,C00585,EGFR,Protein-Tyrosine,NA,from_to,Enzyme–substrate/product,Protein,Metabolite
P54764,C00585,EPHA4,Protein-Tyrosine,NA,from_to,Enzyme–substrate/product,Protein,Metabolite
P21709,C00585,EPHA1,Protein-Tyrosine,NA,from_to,Enzyme–substrate/product,Protein,Metabolite
P09619,C00585,PDGFRB,Protein-Tyrosine,NA,from_to,Enzyme–substrate/product,Protein,Metabolite
P29350,C00585,PTPN6,Protein-Tyrosine,NA,from_to,Enzyme–substrate/product,Protein,Metabolite
Q16827,C00585,PTPRO,Protein-Tyrosine,NA,from_to,Enzyme–substrate/product,Protein,Metabolite
Q12913,C00585,PTPRJ,Protein-Tyrosine,NA,from_to,Enzyme–substrate/product,Protein,Metabolite
P23471,C00585,PTPRZ1,Protein-Tyrosine,NA,from_to,Enzyme–substrate/product,Protein,Metabolite
P51452,C00585,DUSP3,Protein-Tyrosine,NA,from_to,Enzyme–substrate/product,Protein,Metabolite
Q13332,C00585,PTPRS,Protein-Tyrosine,NA,from_to,Enzyme–substrate/product,Protein,Metabolite
Q15262,C00585,PTPRK,Protein-Tyrosine,NA,from_to,Enzyme–substrate/product,Protein,Metabolite
P23469,C00585,PTPRE,Protein-Tyrosine,NA,from_to,Enzyme–substrate/product,Protein,Metabolite
P08575,C00585,PTPRC,Protein-Tyrosine,NA,from_to,Enzyme–substrate/product,Protein,Metabolite
P23467,C00585,PTPRB,Protein-Tyrosine,NA,from_to,Enzyme–substrate/product,Protein,Metabolite
P28827,C00585,PTPRM,Protein-Tyrosine,NA,from_to,Enzyme–substrate/product,Protein,Metabolite
P23470,C00585,PTPRG,Protein-Tyrosine,NA,from_to,Enzyme–substrate/product,Protein,Metabolite
P10586,C00585,PTPRF,Protein-Tyrosine,NA,from_to,Enzyme–substrate/product,Protein,Metabolite
P16152,HMDB0001220,CBR1,Prostaglandin E2,NA,from_to,Enzyme–substrate/product,Protein,Metabolite
P08319,HMDB0001881,ADH4,Propylene glycol,NA,from_to,Enzyme–substrate/product,Protein,Metabolite
P00325,HMDB0001881,ADH1B,Propylene glycol,NA,from_to,Enzyme–substrate/product,Protein,Metabolite
P36957,HMDB0000985,DLST,Dihydrolipoamide,NA,from_to,Enzyme–substrate/product,Protein,Metabolite
P10515,HMDB0000985,DLAT,Dihydrolipoamide,NA,from_to,Enzyme–substrate/product,Protein,Metabolite
Q9BTY2,HMDB0001165,FUCA2,Keratan,NA,from_to,Enzyme–substrate/product,Protein,Metabolite
P04066,HMDB0001165,FUCA1,Keratan,NA,from_to,Enzyme–substrate/product,Protein,Metabolite
P62136,C00562,PPP1CA,Phosphoprotein,NA,from_to,Enzyme–substrate/product,Protein,Metabolite
P51452,C00562,DUSP3,Phosphoprotein,NA,from_to,Enzyme–substrate/product,Protein,Metabolite
P14314,C00562,PRKCSH,Phosphoprotein,NA,from_to,Enzyme–substrate/product,Protein,Metabolite
O95382,C00562,MAP3K6,Phosphoprotein,NA,from_to,Enzyme–substrate/product,Protein,Metabolite
Q6P0Q8,C00562,MAST2,Phosphoprotein,NA,from_to,Enzyme–substrate/product,Protein,Metabolite
P51955,C00562,NEK2,Phosphoprotein,NA,from_to,Enzyme–substrate/product,Protein,Metabolite
Q13418,C00562,ILK,Phosphoprotein,NA,from_to,Enzyme–substrate/product,Protein,Metabolite
Q8WZ42,C00562,TTN,Phosphoprotein,NA,from_to,Enzyme–substrate/product,Protein,Metabolite
P37173,C00562,TGFBR2,Phosphoprotein,NA,from_to,Enzyme–substrate/product,Protein,Metabolite
Q9Y5S2,C00562,CDC42BPB,Phosphoprotein,NA,from_to,Enzyme–substrate/product,Protein,Metabolite
Q9Y2T4,C00562,PPP2R2C,Phosphoprotein,NA,from_to,Enzyme–substrate/product,Protein,Metabolite
O60346,C00562,PHLPP1,Phosphoprotein,NA,from_to,Enzyme–substrate/product,Protein,Metabolite
P35813,C00562,PPM1A,Phosphoprotein,NA,from_to,Enzyme–substrate/product,Protein,Metabolite
O14829,C00562,PPEF1,Phosphoprotein,NA,from_to,Enzyme–substrate/product,Protein,Metabolite
P13686,HMDB0000101,ACP5,Deoxyadenosine,NA,from_to,Enzyme–substrate/product,Protein,Metabolite
P00491,HMDB0000101,PNP,Deoxyadenosine,NA,from_to,Enzyme–substrate/product,Protein,Metabolite
P21589,HMDB0000101,NT5E,Deoxyadenosine,NA,from_to,Enzyme–substrate/product,Protein,Metabolite
Q16853,HMDB0001080,AOC3,4-Aminobutyraldehyde,NA,from_to,Enzyme–substrate/product,Protein,Metabolite
P09172,HMDB0000216,DBH,Norepinephrine,NA,from_to,Enzyme–substrate/product,Protein,Metabolite
Q16853,HMDB0001167,AOC3,Pyruvaldehyde,NA,from_to,Enzyme–substrate/product,Protein,Metabolite
P08319,HMDB0001167,ADH4,Pyruvaldehyde,NA,from_to,Enzyme–substrate/product,Protein,Metabolite
P00325,HMDB0001167,ADH1B,Pyruvaldehyde,NA,from_to,Enzyme–substrate/product,Protein,Metabolite
Q04760,HMDB0001167,GLO1,Pyruvaldehyde,NA,from_to,Enzyme–substrate/product,Protein,Metabolite
P32754,HMDB0000130,HPD,Homogentisic acid,NA,from_to,Enzyme–substrate/product,Protein,Metabolite
P33260,HMDB0000234,CYP2C18,Testosterone,NA,from_to,Enzyme–substrate/product,Protein,Metabolite
Q96SQ9,HMDB0000234,CYP2S1,Testosterone,NA,from_to,Enzyme–substrate/product,Protein,Metabolite
Q96I99,HMDB0003377,SUCLG2,Itaconyl-CoA,NA,from_to,Enzyme–substrate/product,Protein,Metabolite
P07108,HMDB0001339,DBI,Glutaryl-CoA,NA,from_to,Enzyme–substrate/product,Protein,Metabolite
P36957,HMDB0001339,DLST,Glutaryl-CoA,NA,from_to,Enzyme–substrate/product,Protein,Metabolite
P00491,HMDB0000012,PNP,Deoxyuridine,NA,from_to,Enzyme–substrate/product,Protein,Metabolite
P08236,HMDB0002061,GUSB,Hyaluronic acid,NA,from_to,Enzyme–substrate/product,Protein,Metabolite
Q08426,HMDB0001322,EHHADH,Oleoyl-CoA,NA,from_to,Enzyme–substrate/product,Protein,Metabolite
P51659,HMDB0001322,HSD17B4,Oleoyl-CoA,NA,from_to,Enzyme–substrate/product,Protein,Metabolite
P09110,HMDB0001322,ACAA1,Oleoyl-CoA,NA,from_to,Enzyme–substrate/product,Protein,Metabolite
P17174,HMDB0002757,GOT1,Cysteic acid,NA,from_to,Enzyme–substrate/product,Protein,Metabolite
Q9H9J4,C00496,USP42,Ubiquitin,NA,from_to,Enzyme–substrate/product,Protein,Metabolite
Q8TEY7,C00496,USP33,Ubiquitin,NA,from_to,Enzyme–substrate/product,Protein,Metabolite
Q9P2H5,C00496,USP35,Ubiquitin,NA,from_to,Enzyme–substrate/product,Protein,Metabolite
P54578,C00496,USP14,Ubiquitin,NA,from_to,Enzyme–substrate/product,Protein,Metabolite
Q70CQ3,C00496,USP30,Ubiquitin,NA,from_to,Enzyme–substrate/product,Protein,Metabolite
P61088,C00496,UBE2N,Ubiquitin,NA,from_to,Enzyme–substrate/product,Protein,Metabolite
P46934,C00496,NEDD4,Ubiquitin,NA,from_to,Enzyme–substrate/product,Protein,Metabolite
P61086,C00496,UBE2K,Ubiquitin,NA,from_to,Enzyme–substrate/product,Protein,Metabolite
P68036,C00496,UBE2L3,Ubiquitin,NA,from_to,Enzyme–substrate/product,Protein,Metabolite
O43567,C00496,RNF13,Ubiquitin,NA,from_to,Enzyme–substrate/product,Protein,Metabolite
Q7Z3V4,C00496,UBE3B,Ubiquitin,NA,from_to,Enzyme–substrate/product,Protein,Metabolite
Q9NW38,C00496,FANCL,Ubiquitin,NA,from_to,Enzyme–substrate/product,Protein,Metabolite
O95071,C00496,UBR5,Ubiquitin,NA,from_to,Enzyme–substrate/product,Protein,Metabolite
P22314,C00496,UBA1,Ubiquitin,NA,from_to,Enzyme–substrate/product,Protein,Metabolite
P08195,HMDB0000192,SLC3A2,L-Cystine,NA,from_to,Enzyme–substrate/product,Protein,Metabolite
Q96I99,HMDB0002092,SUCLG2,Itaconic acid,NA,from_to,Enzyme–substrate/product,Protein,Metabolite
P30043,HMDB0000054,BLVRB,Bilirubin,NA,from_to,Enzyme–substrate/product,Protein,Metabolite
P00450,HMDB0000054,CP,Bilirubin,NA,from_to,Enzyme–substrate/product,Protein,Metabolite
P13686,HMDB0000089,ACP5,Cytidine,NA,from_to,Enzyme–substrate/product,Protein,Metabolite
P21589,HMDB0000089,NT5E,Cytidine,NA,from_to,Enzyme–substrate/product,Protein,Metabolite
P08319,HMDB0000305,ADH4,Vitamin A,NA,from_to,Enzyme–substrate/product,Protein,Metabolite
P00325,HMDB0000305,ADH1B,Vitamin A,NA,from_to,Enzyme–substrate/product,Protein,Metabolite
P11150,HMDB0000305,LIPC,Vitamin A,NA,from_to,Enzyme–substrate/product,Protein,Metabolite
P02753,HMDB0000305,RBP4,Vitamin A,NA,from_to,Enzyme–substrate/product,Protein,Metabolite
P23141,HMDB0000305,CES1,Vitamin A,NA,from_to,Enzyme–substrate/product,Protein,Metabolite
P08319,HMDB0000108,ADH4,Ethanol,NA,from_to,Enzyme–substrate/product,Protein,Metabolite
P00325,HMDB0000108,ADH1B,Ethanol,NA,from_to,Enzyme–substrate/product,Protein,Metabolite
P04040,HMDB0000108,CAT,Ethanol,NA,from_to,Enzyme–substrate/product,Protein,Metabolite
P33260,HMDB0000145,CYP2C18,Estrone,NA,from_to,Enzyme–substrate/product,Protein,Metabolite
Q96SQ9,HMDB0000145,CYP2S1,Estrone,NA,from_to,Enzyme–substrate/product,Protein,Metabolite
Q13231,HMDB0003362,CHIT1,Chitin,NA,from_to,Enzyme–substrate/product,Protein,Metabolite
P36222,HMDB0003362,CHI3L1,Chitin,NA,from_to,Enzyme–substrate/product,Protein,Metabolite
P33316,HMDB0001191,DUT,Deoxyuridine triphosphate,NA,from_to,Enzyme–substrate/product,Protein,Metabolite
P15531,HMDB0001191,NME1,Deoxyuridine triphosphate,NA,from_to,Enzyme–substrate/product,Protein,Metabolite
Q13232,HMDB0001191,NME3,Deoxyuridine triphosphate,NA,from_to,Enzyme–substrate/product,Protein,Metabolite
P28340,HMDB0001342,POLD1,Thymidine 5'-triphosphate,NA,from_to,Enzyme–substrate/product,Protein,Metabolite
P06746,HMDB0001342,POLB,Thymidine 5'-triphosphate,NA,from_to,Enzyme–substrate/product,Protein,Metabolite
P15531,HMDB0001342,NME1,Thymidine 5'-triphosphate,NA,from_to,Enzyme–substrate/product,Protein,Metabolite
Q13232,HMDB0001342,NME3,Thymidine 5'-triphosphate,NA,from_to,Enzyme–substrate/product,Protein,Metabolite
P14618,HMDB0001342,PKM,Thymidine 5'-triphosphate,NA,from_to,Enzyme–substrate/product,Protein,Metabolite
P28340,HMDB0000998,POLD1,dCTP,NA,from_to,Enzyme–substrate/product,Protein,Metabolite
P06746,HMDB0000998,POLB,dCTP,NA,from_to,Enzyme–substrate/product,Protein,Metabolite
P15531,HMDB0000998,NME1,dCTP,NA,from_to,Enzyme–substrate/product,Protein,Metabolite
Q13232,HMDB0000998,NME3,dCTP,NA,from_to,Enzyme–substrate/product,Protein,Metabolite
P04075,HMDB0060274,ALDOA,"Sedoheptulose 1,7-bisphosphate",NA,from_to,Enzyme–substrate/product,Protein,Metabolite
P05062,HMDB0060274,ALDOB,"Sedoheptulose 1,7-bisphosphate",NA,from_to,Enzyme–substrate/product,Protein,Metabolite
P09972,HMDB0060274,ALDOC,"Sedoheptulose 1,7-bisphosphate",NA,from_to,Enzyme–substrate/product,Protein,Metabolite
P27708,HMDB0000828,CAD,Ureidosuccinic acid,NA,from_to,Enzyme–substrate/product,Protein,Metabolite
Q03154,HMDB0003357,ACY1,N-Acetylornithine,NA,from_to,Enzyme–substrate/product,Protein,Metabolite
P13716,HMDB0001149,ALAD,5-Aminolevulinic acid,NA,from_to,Enzyme–substrate/product,Protein,Metabolite
Q12882,HMDB0000076,DPYD,Dihydrouracil,NA,from_to,Enzyme–substrate/product,Protein,Metabolite
P41222,HMDB0001381,PTGDS,Prostaglandin H2,NA,from_to,Enzyme–substrate/product,Protein,Metabolite
P35754,C00425,GLRX,Dehydroascorbic acid,NA,from_to,Enzyme–substrate/product,Protein,Metabolite
P11169,C00425,SLC2A3,Dehydroascorbic acid,NA,from_to,Enzyme–substrate/product,Protein,Metabolite
P11166,C00425,SLC2A1,Dehydroascorbic acid,NA,from_to,Enzyme–substrate/product,Protein,Metabolite
P09172,C00425,DBH,Dehydroascorbic acid,NA,from_to,Enzyme–substrate/product,Protein,Metabolite
P19021,C00425,PAM,Dehydroascorbic acid,NA,from_to,Enzyme–substrate/product,Protein,Metabolite
P08319,HMDB0003052,ADH4,Lactaldehyde,NA,from_to,Enzyme–substrate/product,Protein,Metabolite
P00325,HMDB0003052,ADH1B,Lactaldehyde,NA,from_to,Enzyme–substrate/product,Protein,Metabolite
P00352,HMDB0003052,ALDH1A1,Lactaldehyde,NA,from_to,Enzyme–substrate/product,Protein,Metabolite
P98160,C00422,HSPG2,Tags-Chylomicron-Pool,NA,from_to,Enzyme–substrate/product,Protein,Metabolite
P11150,C00422,LIPC,Tags-Chylomicron-Pool,NA,from_to,Enzyme–substrate/product,Protein,Metabolite
A5D6W6,C00422,FITM1,Tags-Chylomicron-Pool,NA,from_to,Enzyme–substrate/product,Protein,Metabolite
P62136,C00422,PPP1CA,Tags-Chylomicron-Pool,NA,from_to,Enzyme–substrate/product,Protein,Metabolite
P21399,HMDB0000072,ACO1,cis-Aconitic acid,NA,from_to,Enzyme–substrate/product,Protein,Metabolite
Q8IV08,HMDB0000674,PLD3,Phosphatidate-Ld-Pc-Pool,NA,from_to,Enzyme–substrate/product,Protein,Metabolite
Q96BZ4,HMDB0000674,PLD4,Phosphatidate-Ld-Pc-Pool,NA,from_to,Enzyme–substrate/product,Protein,Metabolite
Q92820,HMDB0001056,GGH,Dihydrofolic acid,NA,from_to,Enzyme–substrate/product,Protein,Metabolite
Q08426,HMDB0001114,EHHADH,Stearoyl-CoA,NA,from_to,Enzyme–substrate/product,Protein,Metabolite
P51659,HMDB0001114,HSD17B4,Stearoyl-CoA,NA,from_to,Enzyme–substrate/product,Protein,Metabolite
P09110,HMDB0001114,ACAA1,Stearoyl-CoA,NA,from_to,Enzyme–substrate/product,Protein,Metabolite
P08195,HMDB0000172,SLC3A2,L-Isoleucine,NA,from_to,Enzyme–substrate/product,Protein,Metabolite
P10619,HMDB0000172,CTSA,L-Isoleucine,NA,from_to,Enzyme–substrate/product,Protein,Metabolite
O14773,HMDB0000172,TPP1,L-Isoleucine,NA,from_to,Enzyme–substrate/product,Protein,Metabolite
Q9UBR2,HMDB0000172,CTSZ,L-Isoleucine,NA,from_to,Enzyme–substrate/product,Protein,Metabolite
P25774,HMDB0000172,CTSS,L-Isoleucine,NA,from_to,Enzyme–substrate/product,Protein,Metabolite
P09668,HMDB0000172,CTSH,L-Isoleucine,NA,from_to,Enzyme–substrate/product,Protein,Metabolite
P07711,HMDB0000172,CTSL,L-Isoleucine,NA,from_to,Enzyme–substrate/product,Protein,Metabolite
P53634,HMDB0000172,CTSC,L-Isoleucine,NA,from_to,Enzyme–substrate/product,Protein,Metabolite
P07858,HMDB0000172,CTSB,L-Isoleucine,NA,from_to,Enzyme–substrate/product,Protein,Metabolite
P07339,HMDB0000172,CTSD,L-Isoleucine,NA,from_to,Enzyme–substrate/product,Protein,Metabolite
P08311,HMDB0000172,CTSG,L-Isoleucine,NA,from_to,Enzyme–substrate/product,Protein,Metabolite
P56202,HMDB0000172,CTSW,L-Isoleucine,NA,from_to,Enzyme–substrate/product,Protein,Metabolite
P02768,HMDB0000172,ALB,L-Isoleucine,NA,from_to,Enzyme–substrate/product,Protein,Metabolite
P01011,HMDB0000172,SERPINA3,L-Isoleucine,NA,from_to,Enzyme–substrate/product,Protein,Metabolite
P01009,HMDB0000172,SERPINA1,L-Isoleucine,NA,from_to,Enzyme–substrate/product,Protein,Metabolite
P04114,HMDB0000172,APOB,L-Isoleucine,NA,from_to,Enzyme–substrate/product,Protein,Metabolite
P02654,HMDB0000172,APOC1,L-Isoleucine,NA,from_to,Enzyme–substrate/product,Protein,Metabolite
P02671,HMDB0000172,FGA,L-Isoleucine,NA,from_to,Enzyme–substrate/product,Protein,Metabolite
P00747,HMDB0000172,PLG,L-Isoleucine,NA,from_to,Enzyme–substrate/product,Protein,Metabolite
P00734,HMDB0000172,F2,L-Isoleucine,NA,from_to,Enzyme–substrate/product,Protein,Metabolite
P02786,HMDB0000172,TFRC,L-Isoleucine,NA,from_to,Enzyme–substrate/product,Protein,Metabolite
P02649,HMDB0000172,APOE,L-Isoleucine,NA,from_to,Enzyme–substrate/product,Protein,Metabolite
P10599,HMDB0000172,TXN,L-Isoleucine,NA,from_to,Enzyme–substrate/product,Protein,Metabolite
P02671,C00393,FGA,Fibrinogen,NA,from_to,Enzyme–substrate/product,Protein,Metabolite
P13686,HMDB0000133,ACP5,Guanosine,NA,from_to,Enzyme–substrate/product,Protein,Metabolite
P00491,HMDB0000133,PNP,Guanosine,NA,from_to,Enzyme–substrate/product,Protein,Metabolite
P21589,HMDB0000133,NT5E,Guanosine,NA,from_to,Enzyme–substrate/product,Protein,Metabolite
Q96KN2,HMDB0000033,CNDP1,Carnosine,NA,from_to,Enzyme–substrate/product,Protein,Metabolite
Q96KP4,HMDB0000033,CNDP2,Carnosine,NA,from_to,Enzyme–substrate/product,Protein,Metabolite
P00491,HMDB0000292,PNP,Xanthine,NA,from_to,Enzyme–substrate/product,Protein,Metabolite
Q9Y2T3,HMDB0000292,GDA,Xanthine,NA,from_to,Enzyme–substrate/product,Protein,Metabolite
P08319,HMDB0001358,ADH4,Retinal,NA,from_to,Enzyme–substrate/product,Protein,Metabolite
P00325,HMDB0001358,ADH1B,Retinal,NA,from_to,Enzyme–substrate/product,Protein,Metabolite
P00352,HMDB0001358,ALDH1A1,Retinal,NA,from_to,Enzyme–substrate/product,Protein,Metabolite
P33316,HMDB0001409,DUT,dUMP,NA,from_to,Enzyme–substrate/product,Protein,Metabolite
P13686,HMDB0001227,ACP5,5-Thymidylic acid,NA,from_to,Enzyme–substrate/product,Protein,Metabolite
P21589,HMDB0001227,NT5E,5-Thymidylic acid,NA,from_to,Enzyme–substrate/product,Protein,Metabolite
P15531,HMDB0001274,NME1,dTDP,NA,from_to,Enzyme–substrate/product,Protein,Metabolite
Q13232,HMDB0001274,NME3,dTDP,NA,from_to,Enzyme–substrate/product,Protein,Metabolite
P14618,HMDB0001274,PKM,dTDP,NA,from_to,Enzyme–substrate/product,Protein,Metabolite
P13686,HMDB0001044,ACP5,2'-Deoxyguanosine 5'-monophosphate,NA,from_to,Enzyme–substrate/product,Protein,Metabolite
P21589,HMDB0001044,NT5E,2'-Deoxyguanosine 5'-monophosphate,NA,from_to,Enzyme–substrate/product,Protein,Metabolite
P15531,HMDB0000960,NME1,dGDP,NA,from_to,Enzyme–substrate/product,Protein,Metabolite
Q13232,HMDB0000960,NME3,dGDP,NA,from_to,Enzyme–substrate/product,Protein,Metabolite
P13686,HMDB0000905,ACP5,Deoxyadenosine monophosphate,NA,from_to,Enzyme–substrate/product,Protein,Metabolite
P00568,HMDB0000905,AK1,Deoxyadenosine monophosphate,NA,from_to,Enzyme–substrate/product,Protein,Metabolite
P21589,HMDB0000905,NT5E,Deoxyadenosine monophosphate,NA,from_to,Enzyme–substrate/product,Protein,Metabolite
O95394,HMDB0001062,PGM3,N-Acetyl-D-Glucosamine 6-Phosphate,NA,from_to,Enzyme–substrate/product,Protein,Metabolite
P08195,HMDB0000181,SLC3A2,L-Dopa,NA,from_to,Enzyme–substrate/product,Protein,Metabolite
P04075,HMDB0001058,ALDOA,"Fructose 1,6-bisphosphate",NA,from_to,Enzyme–substrate/product,Protein,Metabolite
P05062,HMDB0001058,ALDOB,"Fructose 1,6-bisphosphate",NA,from_to,Enzyme–substrate/product,Protein,Metabolite
P09972,HMDB0001058,ALDOC,"Fructose 1,6-bisphosphate",NA,from_to,Enzyme–substrate/product,Protein,Metabolite
O00757,HMDB0001058,FBP2,"Fructose 1,6-bisphosphate",NA,from_to,Enzyme–substrate/product,Protein,Metabolite
P09467,HMDB0001058,FBP1,"Fructose 1,6-bisphosphate",NA,from_to,Enzyme–substrate/product,Protein,Metabolite
P52790,HMDB0001254,HK3,Glucosamine 6-phosphate,NA,from_to,Enzyme–substrate/product,Protein,Metabolite
O95479,HMDB0001316,H6PD,6-Phosphogluconic acid,NA,from_to,Enzyme–substrate/product,Protein,Metabolite
P52209,HMDB0001316,PGD,6-Phosphogluconic acid,NA,from_to,Enzyme–substrate/product,Protein,Metabolite
P10599,METPA0031,TXN,Reduced Thioredoxin,NA,from_to,Enzyme–substrate/product,Protein,Metabolite
P27708,HMDB0000528,CAD,"4,5-Dihydroorotic acid",NA,from_to,Enzyme–substrate/product,Protein,Metabolite
Q08426,HMDB0001484,EHHADH,Acetoacetyl-CoA,NA,from_to,Enzyme–substrate/product,Protein,Metabolite
P51659,HMDB0001484,HSD17B4,Acetoacetyl-CoA,NA,from_to,Enzyme–substrate/product,Protein,Metabolite
Q9BWD1,HMDB0001484,ACAT2,Acetoacetyl-CoA,NA,from_to,Enzyme–substrate/product,Protein,Metabolite
P13686,HMDB0000085,ACP5,Deoxyguanosine,NA,from_to,Enzyme–substrate/product,Protein,Metabolite
P00491,HMDB0000085,PNP,Deoxyguanosine,NA,from_to,Enzyme–substrate/product,Protein,Metabolite
P21589,HMDB0000085,NT5E,Deoxyguanosine,NA,from_to,Enzyme–substrate/product,Protein,Metabolite
P11166,HMDB0001514,SLC2A1,Glucosamine,NA,from_to,Enzyme–substrate/product,Protein,Metabolite
P52790,HMDB0001514,HK3,Glucosamine,NA,from_to,Enzyme–substrate/product,Protein,Metabolite
P00966,HMDB0000904,ASS1,Citrulline,NA,from_to,Enzyme–substrate/product,Protein,Metabolite
O95865,HMDB0000904,DDAH2,Citrulline,NA,from_to,Enzyme–substrate/product,Protein,Metabolite
P00480,HMDB0000904,OTC,Citrulline,NA,from_to,Enzyme–substrate/product,Protein,Metabolite
P36957,HMDB0000225,DLST,Oxoadipic acid,NA,from_to,Enzyme–substrate/product,Protein,Metabolite
Q16853,HMDB0001257,AOC3,Spermidine,NA,from_to,Enzyme–substrate/product,Protein,Metabolite
P21399,HMDB0000193,ACO1,Isocitric acid,NA,from_to,Enzyme–substrate/product,Protein,Metabolite
O75874,HMDB0000193,IDH1,Isocitric acid,NA,from_to,Enzyme–substrate/product,Protein,Metabolite
P48735,HMDB0000193,IDH2,Isocitric acid,NA,from_to,Enzyme–substrate/product,Protein,Metabolite
Q93070,HMDB0001178,ART4,Adenosine diphosphate ribose,NA,from_to,Enzyme–substrate/product,Protein,Metabolite
Q13508,HMDB0001178,ART3,Adenosine diphosphate ribose,NA,from_to,Enzyme–substrate/product,Protein,Metabolite
P06732,HMDB0000064,CKM,Creatine,NA,from_to,Enzyme–substrate/product,Protein,Metabolite
P02730,HMDB0000595,SLC4A1,Hydrogen carbonate,NA,from_to,Enzyme–substrate/product,Protein,Metabolite
P27708,HMDB0000595,CAD,Hydrogen carbonate,NA,from_to,Enzyme–substrate/product,Protein,Metabolite
P00918,HMDB0000595,CA2,Hydrogen carbonate,NA,from_to,Enzyme–substrate/product,Protein,Metabolite
P23280,HMDB0000595,CA6,Hydrogen carbonate,NA,from_to,Enzyme–substrate/product,Protein,Metabolite
P00915,HMDB0000595,CA1,Hydrogen carbonate,NA,from_to,Enzyme–substrate/product,Protein,Metabolite
P28340,HMDB0001440,POLD1,dGTP,NA,from_to,Enzyme–substrate/product,Protein,Metabolite
P06746,HMDB0001440,POLB,dGTP,NA,from_to,Enzyme–substrate/product,Protein,Metabolite
P15531,HMDB0001440,NME1,dGTP,NA,from_to,Enzyme–substrate/product,Protein,Metabolite
Q13232,HMDB0001440,NME3,dGTP,NA,from_to,Enzyme–substrate/product,Protein,Metabolite
P37837,C00281,TALDO1,D-Sedoheptulose 7-phosphate,NA,from_to,Enzyme–substrate/product,Protein,Metabolite
P29401,C00281,TKT,D-Sedoheptulose 7-phosphate,NA,from_to,Enzyme–substrate/product,Protein,Metabolite
P33260,HMDB0000053,CYP2C18,Androstenedione,NA,from_to,Enzyme–substrate/product,Protein,Metabolite
Q96SQ9,HMDB0000053,CYP2S1,Androstenedione,NA,from_to,Enzyme–substrate/product,Protein,Metabolite
P04075,HMDB0001321,ALDOA,D-Erythrose 4-phosphate,NA,from_to,Enzyme–substrate/product,Protein,Metabolite
P05062,HMDB0001321,ALDOB,D-Erythrose 4-phosphate,NA,from_to,Enzyme–substrate/product,Protein,Metabolite
P09972,HMDB0001321,ALDOC,D-Erythrose 4-phosphate,NA,from_to,Enzyme–substrate/product,Protein,Metabolite
P37837,HMDB0001321,TALDO1,D-Erythrose 4-phosphate,NA,from_to,Enzyme–substrate/product,Protein,Metabolite
P29401,HMDB0001321,TKT,D-Erythrose 4-phosphate,NA,from_to,Enzyme–substrate/product,Protein,Metabolite
P52790,HMDB0001078,HK3,Mannose 6-phosphate,NA,from_to,Enzyme–substrate/product,Protein,Metabolite
P00352,HMDB0003344,ALDH1A1,Glycolaldehyde,NA,from_to,Enzyme–substrate/product,Protein,Metabolite
P04075,HMDB0003344,ALDOA,Glycolaldehyde,NA,from_to,Enzyme–substrate/product,Protein,Metabolite
P05062,HMDB0003344,ALDOB,Glycolaldehyde,NA,from_to,Enzyme–substrate/product,Protein,Metabolite
P09972,HMDB0003344,ALDOC,Glycolaldehyde,NA,from_to,Enzyme–substrate/product,Protein,Metabolite
P00352,HMDB0001311,ALDH1A1,D-Lactic acid,NA,from_to,Enzyme–substrate/product,Protein,Metabolite
Q16775,HMDB0001311,HAGH,D-Lactic acid,NA,from_to,Enzyme–substrate/product,Protein,Metabolite
P13686,HMDB0000244,ACP5,Riboflavin,NA,from_to,Enzyme–substrate/product,Protein,Metabolite
P00491,HMDB0001488,PNP,Nicotinic acid,NA,from_to,Enzyme–substrate/product,Protein,Metabolite
Q6XQN6,HMDB0001488,NAPRT,Nicotinic acid,NA,from_to,Enzyme–substrate/product,Protein,Metabolite
P07148,HMDB0000039,FABP1,Butyric acid,NA,from_to,Enzyme–substrate/product,Protein,Metabolite
P51161,HMDB0000039,FABP6,Butyric acid,NA,from_to,Enzyme–substrate/product,Protein,Metabolite
P10619,HMDB0000186,CTSA,Alpha-Lactose,NA,from_to,Enzyme–substrate/product,Protein,Metabolite
P15291,HMDB0000186,B4GALT1,Alpha-Lactose,NA,from_to,Enzyme–substrate/product,Protein,Metabolite
P00491,HMDB0000132,PNP,Guanine,NA,from_to,Enzyme–substrate/product,Protein,Metabolite
Q9Y2T3,HMDB0000132,GDA,Guanine,NA,from_to,Enzyme–substrate/product,Protein,Metabolite
P00492,HMDB0000132,HPRT1,Guanine,NA,from_to,Enzyme–substrate/product,Protein,Metabolite
P13686,HMDB0001202,ACP5,dCMP,NA,from_to,Enzyme–substrate/product,Protein,Metabolite
P21589,HMDB0001202,NT5E,dCMP,NA,from_to,Enzyme–substrate/product,Protein,Metabolite
P14415,HMDB0000586,ATP1B2,Potassium,NA,from_to,Enzyme–substrate/product,Protein,Metabolite
P05026,HMDB0000586,ATP1B1,Potassium,NA,from_to,Enzyme–substrate/product,Protein,Metabolite
P18669,HMDB0001270,PGAM1,"Glyceric acid 1,3-biphosphate",NA,from_to,Enzyme–substrate/product,Protein,Metabolite
P07738,HMDB0001270,BPGM,"Glyceric acid 1,3-biphosphate",NA,from_to,Enzyme–substrate/product,Protein,Metabolite
P04406,HMDB0001270,GAPDH,"Glyceric acid 1,3-biphosphate",NA,from_to,Enzyme–substrate/product,Protein,Metabolite
Q5JRA6,HMDB0001270,MIA3,"Glyceric acid 1,3-biphosphate",NA,from_to,Enzyme–substrate/product,Protein,Metabolite
P00558,HMDB0001270,PGKÂ 1.00,"Glyceric acid 1,3-biphosphate",NA,from_to,Enzyme–substrate/product,Protein,Metabolite
Q9H3H1,HMDB0001120,TRIT1,Dimethylallylpyrophosphate,NA,from_to,Enzyme–substrate/product,Protein,Metabolite
Q92820,HMDB0000972,GGH,10-Formyltetrahydrofolate,NA,from_to,Enzyme–substrate/product,Protein,Metabolite
P29401,HMDB0000868,TKT,Xylulose 5-phosphate,NA,from_to,Enzyme–substrate/product,Protein,Metabolite
P52790,C00221,HK3,Beta-D-Glucose,NA,from_to,Enzyme–substrate/product,Protein,Metabolite
P09917,HMDB0001043,ALOX5,Arachidonic acid,NA,from_to,Enzyme–substrate/product,Protein,Metabolite
P33260,HMDB0001043,CYP2C18,Arachidonic acid,NA,from_to,Enzyme–substrate/product,Protein,Metabolite
Q96SQ9,HMDB0001043,CYP2S1,Arachidonic acid,NA,from_to,Enzyme–substrate/product,Protein,Metabolite
Q16853,HMDB0000164,AOC3,Methylamine,NA,from_to,Enzyme–substrate/product,Protein,Metabolite
P13686,HMDB0000273,ACP5,Thymidine,NA,from_to,Enzyme–substrate/product,Protein,Metabolite
P21589,HMDB0000273,NT5E,Thymidine,NA,from_to,Enzyme–substrate/product,Protein,Metabolite
P19971,HMDB0000273,TYMP,Thymidine,NA,from_to,Enzyme–substrate/product,Protein,Metabolite
O14773,HMDB0000271,TPP1,Sarcosine,NA,from_to,Enzyme–substrate/product,Protein,Metabolite
P13686,HMDB0000050,ACP5,Adenosine,NA,from_to,Enzyme–substrate/product,Protein,Metabolite
P55263,HMDB0000050,ADK,Adenosine,NA,from_to,Enzyme–substrate/product,Protein,Metabolite
P00491,HMDB0000050,PNP,Adenosine,NA,from_to,Enzyme–substrate/product,Protein,Metabolite
P21589,HMDB0000050,NT5E,Adenosine,NA,from_to,Enzyme–substrate/product,Protein,Metabolite
P04746,HMDB0000163,AMY2A,D-Maltose,NA,from_to,Enzyme–substrate/product,Protein,Metabolite
P11169,HMDB0000163,SLC2A3,D-Maltose,NA,from_to,Enzyme–substrate/product,Protein,Metabolite
O43451,HMDB0000163,MGAM,D-Maltose,NA,from_to,Enzyme–substrate/product,Protein,Metabolite
P00568,HMDB0001508,AK1,dADP,NA,from_to,Enzyme–substrate/product,Protein,Metabolite
P52790,HMDB0001508,HK3,dADP,NA,from_to,Enzyme–substrate/product,Protein,Metabolite
P15531,HMDB0001508,NME1,dADP,NA,from_to,Enzyme–substrate/product,Protein,Metabolite
Q13232,HMDB0001508,NME3,dADP,NA,from_to,Enzyme–substrate/product,Protein,Metabolite
Q10471,HMDB0000304,GALNT2,Uridine diphosphate-N-acetylgalactosamine,NA,from_to,Enzyme–substrate/product,Protein,Metabolite
Q7Z7M9,HMDB0000304,GALNT5,Uridine diphosphate-N-acetylgalactosamine,NA,from_to,Enzyme–substrate/product,Protein,Metabolite
Q86SF2,HMDB0000304,GALNT7,Uridine diphosphate-N-acetylgalactosamine,NA,from_to,Enzyme–substrate/product,Protein,Metabolite
Q10472,HMDB0000304,GALNT1,Uridine diphosphate-N-acetylgalactosamine,NA,from_to,Enzyme–substrate/product,Protein,Metabolite
P17050,HMDB0000304,NAGA,Uridine diphosphate-N-acetylgalactosamine,NA,from_to,Enzyme–substrate/product,Protein,Metabolite
P52209,HMDB0000618,PGD,D-Ribulose 5-phosphate,NA,from_to,Enzyme–substrate/product,Protein,Metabolite
P18669,HMDB0060180,PGAM1,(2R)-2-Hydroxy-3-(phosphonatooxy)propanoate,NA,from_to,Enzyme–substrate/product,Protein,Metabolite
P07738,HMDB0060180,BPGM,(2R)-2-Hydroxy-3-(phosphonatooxy)propanoate,NA,from_to,Enzyme–substrate/product,Protein,Metabolite
Q5JRA6,HMDB0060180,MIA3,(2R)-2-Hydroxy-3-(phosphonatooxy)propanoate,NA,from_to,Enzyme–substrate/product,Protein,Metabolite
P00558,HMDB0060180,PGKÂ 1.00,(2R)-2-Hydroxy-3-(phosphonatooxy)propanoate,NA,from_to,Enzyme–substrate/product,Protein,Metabolite
P08236,HMDB0000127,GUSB,D-Glucuronic acid,NA,from_to,Enzyme–substrate/product,Protein,Metabolite
Q9NPB8,HMDB0000149,GPCPD1,Ethanolamine,NA,from_to,Enzyme–substrate/product,Protein,Metabolite
Q8IV08,HMDB0000149,PLD3,Ethanolamine,NA,from_to,Enzyme–substrate/product,Protein,Metabolite
Q96BZ4,HMDB0000149,PLD4,Ethanolamine,NA,from_to,Enzyme–substrate/product,Protein,Metabolite
Q13822,HMDB0000149,ENPP2,Ethanolamine,NA,from_to,Enzyme–substrate/product,Protein,Metabolite
P08195,HMDB0000167,SLC3A2,L-Threonine,NA,from_to,Enzyme–substrate/product,Protein,Metabolite
P10619,HMDB0000167,CTSA,L-Threonine,NA,from_to,Enzyme–substrate/product,Protein,Metabolite
O14773,HMDB0000167,TPP1,L-Threonine,NA,from_to,Enzyme–substrate/product,Protein,Metabolite
P02647,HMDB0000167,APOA1,L-Threonine,NA,from_to,Enzyme–substrate/product,Protein,Metabolite
Q9UBR2,HMDB0000167,CTSZ,L-Threonine,NA,from_to,Enzyme–substrate/product,Protein,Metabolite
P25774,HMDB0000167,CTSS,L-Threonine,NA,from_to,Enzyme–substrate/product,Protein,Metabolite
P09668,HMDB0000167,CTSH,L-Threonine,NA,from_to,Enzyme–substrate/product,Protein,Metabolite
P07711,HMDB0000167,CTSL,L-Threonine,NA,from_to,Enzyme–substrate/product,Protein,Metabolite
P53634,HMDB0000167,CTSC,L-Threonine,NA,from_to,Enzyme–substrate/product,Protein,Metabolite
P07858,HMDB0000167,CTSB,L-Threonine,NA,from_to,Enzyme–substrate/product,Protein,Metabolite
P07339,HMDB0000167,CTSD,L-Threonine,NA,from_to,Enzyme–substrate/product,Protein,Metabolite
P08311,HMDB0000167,CTSG,L-Threonine,NA,from_to,Enzyme–substrate/product,Protein,Metabolite
P56202,HMDB0000167,CTSW,L-Threonine,NA,from_to,Enzyme–substrate/product,Protein,Metabolite
P02768,HMDB0000167,ALB,L-Threonine,NA,from_to,Enzyme–substrate/product,Protein,Metabolite
P01011,HMDB0000167,SERPINA3,L-Threonine,NA,from_to,Enzyme–substrate/product,Protein,Metabolite
P01009,HMDB0000167,SERPINA1,L-Threonine,NA,from_to,Enzyme–substrate/product,Protein,Metabolite
P04114,HMDB0000167,APOB,L-Threonine,NA,from_to,Enzyme–substrate/product,Protein,Metabolite
P02654,HMDB0000167,APOC1,L-Threonine,NA,from_to,Enzyme–substrate/product,Protein,Metabolite
P02656,HMDB0000167,APOC3,L-Threonine,NA,from_to,Enzyme–substrate/product,Protein,Metabolite
P02671,HMDB0000167,FGA,L-Threonine,NA,from_to,Enzyme–substrate/product,Protein,Metabolite
P00747,HMDB0000167,PLG,L-Threonine,NA,from_to,Enzyme–substrate/product,Protein,Metabolite
P00734,HMDB0000167,F2,L-Threonine,NA,from_to,Enzyme–substrate/product,Protein,Metabolite
P02786,HMDB0000167,TFRC,L-Threonine,NA,from_to,Enzyme–substrate/product,Protein,Metabolite
P02649,HMDB0000167,APOE,L-Threonine,NA,from_to,Enzyme–substrate/product,Protein,Metabolite
P10599,HMDB0000167,TXN,L-Threonine,NA,from_to,Enzyme–substrate/product,Protein,Metabolite
A5D6W6,HMDB0000067,FITM1,Cholesterol,NA,from_to,Enzyme–substrate/product,Protein,Metabolite
P62136,HMDB0000067,PPP1CA,Cholesterol,NA,from_to,Enzyme–substrate/product,Protein,Metabolite
P04180,HMDB0000067,LCAT,Cholesterol,NA,from_to,Enzyme–substrate/product,Protein,Metabolite
P07195,HMDB0000190,LDHB,L-Lactic acid,NA,from_to,Enzyme–substrate/product,Protein,Metabolite
P00338,HMDB0000190,LDHA,L-Lactic acid,NA,from_to,Enzyme–substrate/product,Protein,Metabolite
P00352,HMDB0000190,ALDH1A1,L-Lactic acid,NA,from_to,Enzyme–substrate/product,Protein,Metabolite
P35613,HMDB0000190,BSG,L-Lactic acid,NA,from_to,Enzyme–substrate/product,Protein,Metabolite
P05186,HMDB0001882,ALPL,Dihydroxyacetone,NA,from_to,Enzyme–substrate/product,Protein,Metabolite
P08195,HMDB0000883,SLC3A2,L-Valine,NA,from_to,Enzyme–substrate/product,Protein,Metabolite
P10619,HMDB0000883,CTSA,L-Valine,NA,from_to,Enzyme–substrate/product,Protein,Metabolite
O14773,HMDB0000883,TPP1,L-Valine,NA,from_to,Enzyme–substrate/product,Protein,Metabolite
P02647,HMDB0000883,APOA1,L-Valine,NA,from_to,Enzyme–substrate/product,Protein,Metabolite
Q9UBR2,HMDB0000883,CTSZ,L-Valine,NA,from_to,Enzyme–substrate/product,Protein,Metabolite
P25774,HMDB0000883,CTSS,L-Valine,NA,from_to,Enzyme–substrate/product,Protein,Metabolite
P09668,HMDB0000883,CTSH,L-Valine,NA,from_to,Enzyme–substrate/product,Protein,Metabolite
P07711,HMDB0000883,CTSL,L-Valine,NA,from_to,Enzyme–substrate/product,Protein,Metabolite
P53634,HMDB0000883,CTSC,L-Valine,NA,from_to,Enzyme–substrate/product,Protein,Metabolite
P07858,HMDB0000883,CTSB,L-Valine,NA,from_to,Enzyme–substrate/product,Protein,Metabolite
P07339,HMDB0000883,CTSD,L-Valine,NA,from_to,Enzyme–substrate/product,Protein,Metabolite
P08311,HMDB0000883,CTSG,L-Valine,NA,from_to,Enzyme–substrate/product,Protein,Metabolite
P56202,HMDB0000883,CTSW,L-Valine,NA,from_to,Enzyme–substrate/product,Protein,Metabolite
P02768,HMDB0000883,ALB,L-Valine,NA,from_to,Enzyme–substrate/product,Protein,Metabolite
P01011,HMDB0000883,SERPINA3,L-Valine,NA,from_to,Enzyme–substrate/product,Protein,Metabolite
P01009,HMDB0000883,SERPINA1,L-Valine,NA,from_to,Enzyme–substrate/product,Protein,Metabolite
P04114,HMDB0000883,APOB,L-Valine,NA,from_to,Enzyme–substrate/product,Protein,Metabolite
P02654,HMDB0000883,APOC1,L-Valine,NA,from_to,Enzyme–substrate/product,Protein,Metabolite
P02656,HMDB0000883,APOC3,L-Valine,NA,from_to,Enzyme–substrate/product,Protein,Metabolite
P02671,HMDB0000883,FGA,L-Valine,NA,from_to,Enzyme–substrate/product,Protein,Metabolite
P00747,HMDB0000883,PLG,L-Valine,NA,from_to,Enzyme–substrate/product,Protein,Metabolite
P00734,HMDB0000883,F2,L-Valine,NA,from_to,Enzyme–substrate/product,Protein,Metabolite
P02786,HMDB0000883,TFRC,L-Valine,NA,from_to,Enzyme–substrate/product,Protein,Metabolite
P02649,HMDB0000883,APOE,L-Valine,NA,from_to,Enzyme–substrate/product,Protein,Metabolite
P10599,HMDB0000883,TXN,L-Valine,NA,from_to,Enzyme–substrate/product,Protein,Metabolite
P11169,HMDB0000098,SLC2A3,D-Xylose,NA,from_to,Enzyme–substrate/product,Protein,Metabolite
Q12882,HMDB0000262,DPYD,Thymine,NA,from_to,Enzyme–substrate/product,Protein,Metabolite
P19971,HMDB0000262,TYMP,Thymine,NA,from_to,Enzyme–substrate/product,Protein,Metabolite
Q13126,HMDB0001173,MTAP,5'-Methylthioadenosine,NA,from_to,Enzyme–substrate/product,Protein,Metabolite
P27708,HMDB0001096,CAD,Carbamoyl phosphate,NA,from_to,Enzyme–substrate/product,Protein,Metabolite
P00480,HMDB0001096,OTC,Carbamoyl phosphate,NA,from_to,Enzyme–substrate/product,Protein,Metabolite
P07195,HMDB0001352,LDHB,Hydroxypyruvic acid,NA,from_to,Enzyme–substrate/product,Protein,Metabolite
P00338,HMDB0001352,LDHA,Hydroxypyruvic acid,NA,from_to,Enzyme–substrate/product,Protein,Metabolite
Q93063,HMDB0000935,EXT2,Uridine diphosphate glucuronic acid,NA,from_to,Enzyme–substrate/product,Protein,Metabolite
Q16394,HMDB0000935,EXT1,Uridine diphosphate glucuronic acid,NA,from_to,Enzyme–substrate/product,Protein,Metabolite
P32754,HMDB0000205,HPD,Phenylpyruvic acid,NA,from_to,Enzyme–substrate/product,Protein,Metabolite
P17174,HMDB0000205,GOT1,Phenylpyruvic acid,NA,from_to,Enzyme–substrate/product,Protein,Metabolite
P16930,HMDB0000060,FAH,Acetoacetic acid,NA,from_to,Enzyme–substrate/product,Protein,Metabolite
P11150,METPA0012,LIPC,Fatty-Acid-Ld-Tg1-Pool,NA,from_to,Enzyme–substrate/product,Protein,Metabolite
A5D6W6,METPA0012,FITM1,Fatty-Acid-Ld-Tg1-Pool,NA,from_to,Enzyme–substrate/product,Protein,Metabolite
P62136,METPA0012,PPP1CA,Fatty-Acid-Ld-Tg1-Pool,NA,from_to,Enzyme–substrate/product,Protein,Metabolite
P0C869,METPA0012,JMJD7-PLA2G4B,Fatty-Acid-Ld-Tg1-Pool,NA,from_to,Enzyme–substrate/product,Protein,Metabolite
Q8NCC3,METPA0012,PLA2G15,Fatty-Acid-Ld-Tg1-Pool,NA,from_to,Enzyme–substrate/product,Protein,Metabolite
P00352,C00160,ALDH1A1,Glycolic acid,NA,from_to,Enzyme–substrate/product,Protein,Metabolite
A6NDG6,C00160,PGP,Glycolic acid,NA,from_to,Enzyme–substrate/product,Protein,Metabolite
P11169,HMDB0000169,SLC2A3,D-Mannose,NA,from_to,Enzyme–substrate/product,Protein,Metabolite
P11166,HMDB0000169,SLC2A1,D-Mannose,NA,from_to,Enzyme–substrate/product,Protein,Metabolite
P52790,HMDB0000169,HK3,D-Mannose,NA,from_to,Enzyme–substrate/product,Protein,Metabolite
P49641,HMDB0000169,MAN2A2,D-Mannose,NA,from_to,Enzyme–substrate/product,Protein,Metabolite
Q16706,HMDB0000169,MAN2A1,D-Mannose,NA,from_to,Enzyme–substrate/product,Protein,Metabolite
P21399,HMDB0000094,ACO1,Citric acid,NA,from_to,Enzyme–substrate/product,Protein,Metabolite
Q93088,HMDB0000742,BHMT,Homocysteine,NA,from_to,Enzyme–substrate/product,Protein,Metabolite
Q9H2M3,HMDB0000742,BHMT2,Homocysteine,NA,from_to,Enzyme–substrate/product,Protein,Metabolite
Q08426,HMDB0001338,EHHADH,Palmityl-CoA,NA,from_to,Enzyme–substrate/product,Protein,Metabolite
P51659,HMDB0001338,HSD17B4,Palmityl-CoA,NA,from_to,Enzyme–substrate/product,Protein,Metabolite
P09110,HMDB0001338,ACAA1,Palmityl-CoA,NA,from_to,Enzyme–substrate/product,Protein,Metabolite
P10619,HMDB0001338,CTSA,Palmityl-CoA,NA,from_to,Enzyme–substrate/product,Protein,Metabolite
P07148,HMDB0001338,FABP1,Palmityl-CoA,NA,from_to,Enzyme–substrate/product,Protein,Metabolite
Q9NVE7,HMDB0001338,PANK4,Palmityl-CoA,NA,from_to,Enzyme–substrate/product,Protein,Metabolite
Q9BY49,HMDB0001338,PECR,Palmityl-CoA,NA,from_to,Enzyme–substrate/product,Protein,Metabolite
P00491,HMDB0001406,PNP,Niacinamide,NA,from_to,Enzyme–substrate/product,Protein,Metabolite
Q93070,HMDB0001406,ART4,Niacinamide,NA,from_to,Enzyme–substrate/product,Protein,Metabolite
Q13508,HMDB0001406,ART3,Niacinamide,NA,from_to,Enzyme–substrate/product,Protein,Metabolite
Q9UKK3,HMDB0001406,PARP4,Niacinamide,NA,from_to,Enzyme–substrate/product,Protein,Metabolite
Q460N5,HMDB0001406,PARP14,Niacinamide,NA,from_to,Enzyme–substrate/product,Protein,Metabolite
P08195,HMDB0000168,SLC3A2,L-Asparagine,NA,from_to,Enzyme–substrate/product,Protein,Metabolite
P10619,HMDB0000168,CTSA,L-Asparagine,NA,from_to,Enzyme–substrate/product,Protein,Metabolite
O14773,HMDB0000168,TPP1,L-Asparagine,NA,from_to,Enzyme–substrate/product,Protein,Metabolite
P02647,HMDB0000168,APOA1,L-Asparagine,NA,from_to,Enzyme–substrate/product,Protein,Metabolite
Q9UBR2,HMDB0000168,CTSZ,L-Asparagine,NA,from_to,Enzyme–substrate/product,Protein,Metabolite
P25774,HMDB0000168,CTSS,L-Asparagine,NA,from_to,Enzyme–substrate/product,Protein,Metabolite
P09668,HMDB0000168,CTSH,L-Asparagine,NA,from_to,Enzyme–substrate/product,Protein,Metabolite
P07711,HMDB0000168,CTSL,L-Asparagine,NA,from_to,Enzyme–substrate/product,Protein,Metabolite
P53634,HMDB0000168,CTSC,L-Asparagine,NA,from_to,Enzyme–substrate/product,Protein,Metabolite
P07858,HMDB0000168,CTSB,L-Asparagine,NA,from_to,Enzyme–substrate/product,Protein,Metabolite
P07339,HMDB0000168,CTSD,L-Asparagine,NA,from_to,Enzyme–substrate/product,Protein,Metabolite
P08311,HMDB0000168,CTSG,L-Asparagine,NA,from_to,Enzyme–substrate/product,Protein,Metabolite
P56202,HMDB0000168,CTSW,L-Asparagine,NA,from_to,Enzyme–substrate/product,Protein,Metabolite
P02768,HMDB0000168,ALB,L-Asparagine,NA,from_to,Enzyme–substrate/product,Protein,Metabolite
P01011,HMDB0000168,SERPINA3,L-Asparagine,NA,from_to,Enzyme–substrate/product,Protein,Metabolite
P01009,HMDB0000168,SERPINA1,L-Asparagine,NA,from_to,Enzyme–substrate/product,Protein,Metabolite
P04114,HMDB0000168,APOB,L-Asparagine,NA,from_to,Enzyme–substrate/product,Protein,Metabolite
P02654,HMDB0000168,APOC1,L-Asparagine,NA,from_to,Enzyme–substrate/product,Protein,Metabolite
P02671,HMDB0000168,FGA,L-Asparagine,NA,from_to,Enzyme–substrate/product,Protein,Metabolite
P00747,HMDB0000168,PLG,L-Asparagine,NA,from_to,Enzyme–substrate/product,Protein,Metabolite
P00734,HMDB0000168,F2,L-Asparagine,NA,from_to,Enzyme–substrate/product,Protein,Metabolite
P02786,HMDB0000168,TFRC,L-Asparagine,NA,from_to,Enzyme–substrate/product,Protein,Metabolite
P02649,HMDB0000168,APOE,L-Asparagine,NA,from_to,Enzyme–substrate/product,Protein,Metabolite
P10599,HMDB0000168,TXN,L-Asparagine,NA,from_to,Enzyme–substrate/product,Protein,Metabolite
P48163,HMDB0000156,ME1,L-Malic acid,NA,from_to,Enzyme–substrate/product,Protein,Metabolite
P40925,HMDB0000156,MDH1,L-Malic acid,NA,from_to,Enzyme–substrate/product,Protein,Metabolite
P40926,HMDB0000156,MDH2,L-Malic acid,NA,from_to,Enzyme–substrate/product,Protein,Metabolite
P10619,HMDB0000162,CTSA,L-Proline,NA,from_to,Enzyme–substrate/product,Protein,Metabolite
P12955,HMDB0000162,PEPD,L-Proline,NA,from_to,Enzyme–substrate/product,Protein,Metabolite
O14773,HMDB0000162,TPP1,L-Proline,NA,from_to,Enzyme–substrate/product,Protein,Metabolite
P02647,HMDB0000162,APOA1,L-Proline,NA,from_to,Enzyme–substrate/product,Protein,Metabolite
Q9UBR2,HMDB0000162,CTSZ,L-Proline,NA,from_to,Enzyme–substrate/product,Protein,Metabolite
P25774,HMDB0000162,CTSS,L-Proline,NA,from_to,Enzyme–substrate/product,Protein,Metabolite
P09668,HMDB0000162,CTSH,L-Proline,NA,from_to,Enzyme–substrate/product,Protein,Metabolite
P07711,HMDB0000162,CTSL,L-Proline,NA,from_to,Enzyme–substrate/product,Protein,Metabolite
P53634,HMDB0000162,CTSC,L-Proline,NA,from_to,Enzyme–substrate/product,Protein,Metabolite
P07858,HMDB0000162,CTSB,L-Proline,NA,from_to,Enzyme–substrate/product,Protein,Metabolite
P07339,HMDB0000162,CTSD,L-Proline,NA,from_to,Enzyme–substrate/product,Protein,Metabolite
P08311,HMDB0000162,CTSG,L-Proline,NA,from_to,Enzyme–substrate/product,Protein,Metabolite
P56202,HMDB0000162,CTSW,L-Proline,NA,from_to,Enzyme–substrate/product,Protein,Metabolite
P07237,HMDB0000162,P4HB,L-Proline,NA,from_to,Enzyme–substrate/product,Protein,Metabolite
P02768,HMDB0000162,ALB,L-Proline,NA,from_to,Enzyme–substrate/product,Protein,Metabolite
P01011,HMDB0000162,SERPINA3,L-Proline,NA,from_to,Enzyme–substrate/product,Protein,Metabolite
P01009,HMDB0000162,SERPINA1,L-Proline,NA,from_to,Enzyme–substrate/product,Protein,Metabolite
P04114,HMDB0000162,APOB,L-Proline,NA,from_to,Enzyme–substrate/product,Protein,Metabolite
P02654,HMDB0000162,APOC1,L-Proline,NA,from_to,Enzyme–substrate/product,Protein,Metabolite
P02656,HMDB0000162,APOC3,L-Proline,NA,from_to,Enzyme–substrate/product,Protein,Metabolite
P02671,HMDB0000162,FGA,L-Proline,NA,from_to,Enzyme–substrate/product,Protein,Metabolite
P00747,HMDB0000162,PLG,L-Proline,NA,from_to,Enzyme–substrate/product,Protein,Metabolite
P00734,HMDB0000162,F2,L-Proline,NA,from_to,Enzyme–substrate/product,Protein,Metabolite
P02786,HMDB0000162,TFRC,L-Proline,NA,from_to,Enzyme–substrate/product,Protein,Metabolite
P02649,HMDB0000162,APOE,L-Proline,NA,from_to,Enzyme–substrate/product,Protein,Metabolite
P10599,HMDB0000162,TXN,L-Proline,NA,from_to,Enzyme–substrate/product,Protein,Metabolite
P00491,HMDB0000034,PNP,Adenine,NA,from_to,Enzyme–substrate/product,Protein,Metabolite
P00492,HMDB0000034,HPRT1,Adenine,NA,from_to,Enzyme–substrate/product,Protein,Metabolite
Q13126,HMDB0000034,MTAP,Adenine,NA,from_to,Enzyme–substrate/product,Protein,Metabolite
Q9H9J4,C00145,USP42,Thiol,NA,from_to,Enzyme–substrate/product,Protein,Metabolite
Q8TEY7,C00145,USP33,Thiol,NA,from_to,Enzyme–substrate/product,Protein,Metabolite
Q9P2H5,C00145,USP35,Thiol,NA,from_to,Enzyme–substrate/product,Protein,Metabolite
P54578,C00145,USP14,Thiol,NA,from_to,Enzyme–substrate/product,Protein,Metabolite
Q70CQ3,C00145,USP30,Thiol,NA,from_to,Enzyme–substrate/product,Protein,Metabolite
P13686,HMDB0001397,ACP5,Guanosine monophosphate,NA,from_to,Enzyme–substrate/product,Protein,Metabolite
P00492,HMDB0001397,HPRT1,Guanosine monophosphate,NA,from_to,Enzyme–substrate/product,Protein,Metabolite
P21589,HMDB0001397,NT5E,Guanosine monophosphate,NA,from_to,Enzyme–substrate/product,Protein,Metabolite
P07195,HMDB0000019,LDHB,alpha-Ketoisovaleric acid,NA,from_to,Enzyme–substrate/product,Protein,Metabolite
P00338,HMDB0000019,LDHA,alpha-Ketoisovaleric acid,NA,from_to,Enzyme–substrate/product,Protein,Metabolite
P06865,HMDB0000215,HEXA,N-Acetyl-D-glucosamine,NA,from_to,Enzyme–substrate/product,Protein,Metabolite
P07686,HMDB0000215,HEXB,N-Acetyl-D-glucosamine,NA,from_to,Enzyme–substrate/product,Protein,Metabolite
Q13231,HMDB0000215,CHIT1,N-Acetyl-D-glucosamine,NA,from_to,Enzyme–substrate/product,Protein,Metabolite
P08236,HMDB0000215,GUSB,N-Acetyl-D-glucosamine,NA,from_to,Enzyme–substrate/product,Protein,Metabolite
P54802,HMDB0000215,NAGLU,N-Acetyl-D-glucosamine,NA,from_to,Enzyme–substrate/product,Protein,Metabolite
P36222,HMDB0000215,CHI3L1,N-Acetyl-D-glucosamine,NA,from_to,Enzyme–substrate/product,Protein,Metabolite
Q9UK23,HMDB0000215,NAGPA,N-Acetyl-D-glucosamine,NA,from_to,Enzyme–substrate/product,Protein,Metabolite
Q08426,HMDB0001088,EHHADH,Butyryl-CoA,NA,from_to,Enzyme–substrate/product,Protein,Metabolite
P51659,HMDB0001088,HSD17B4,Butyryl-CoA,NA,from_to,Enzyme–substrate/product,Protein,Metabolite
P09110,HMDB0001088,ACAA1,Butyryl-CoA,NA,from_to,Enzyme–substrate/product,Protein,Metabolite
P08195,HMDB0000177,SLC3A2,L-Histidine,NA,from_to,Enzyme–substrate/product,Protein,Metabolite
Q96KN2,HMDB0000177,CNDP1,L-Histidine,NA,from_to,Enzyme–substrate/product,Protein,Metabolite
Q96KP4,HMDB0000177,CNDP2,L-Histidine,NA,from_to,Enzyme–substrate/product,Protein,Metabolite
P10619,HMDB0000177,CTSA,L-Histidine,NA,from_to,Enzyme–substrate/product,Protein,Metabolite
O14773,HMDB0000177,TPP1,L-Histidine,NA,from_to,Enzyme–substrate/product,Protein,Metabolite
P02647,HMDB0000177,APOA1,L-Histidine,NA,from_to,Enzyme–substrate/product,Protein,Metabolite
Q9UBR2,HMDB0000177,CTSZ,L-Histidine,NA,from_to,Enzyme–substrate/product,Protein,Metabolite
P25774,HMDB0000177,CTSS,L-Histidine,NA,from_to,Enzyme–substrate/product,Protein,Metabolite
P09668,HMDB0000177,CTSH,L-Histidine,NA,from_to,Enzyme–substrate/product,Protein,Metabolite
P07711,HMDB0000177,CTSL,L-Histidine,NA,from_to,Enzyme–substrate/product,Protein,Metabolite
P53634,HMDB0000177,CTSC,L-Histidine,NA,from_to,Enzyme–substrate/product,Protein,Metabolite
P07858,HMDB0000177,CTSB,L-Histidine,NA,from_to,Enzyme–substrate/product,Protein,Metabolite
P07339,HMDB0000177,CTSD,L-Histidine,NA,from_to,Enzyme–substrate/product,Protein,Metabolite
P08311,HMDB0000177,CTSG,L-Histidine,NA,from_to,Enzyme–substrate/product,Protein,Metabolite
P56202,HMDB0000177,CTSW,L-Histidine,NA,from_to,Enzyme–substrate/product,Protein,Metabolite
P02768,HMDB0000177,ALB,L-Histidine,NA,from_to,Enzyme–substrate/product,Protein,Metabolite
P01011,HMDB0000177,SERPINA3,L-Histidine,NA,from_to,Enzyme–substrate/product,Protein,Metabolite
P01009,HMDB0000177,SERPINA1,L-Histidine,NA,from_to,Enzyme–substrate/product,Protein,Metabolite
P04114,HMDB0000177,APOB,L-Histidine,NA,from_to,Enzyme–substrate/product,Protein,Metabolite
P02656,HMDB0000177,APOC3,L-Histidine,NA,from_to,Enzyme–substrate/product,Protein,Metabolite
P02671,HMDB0000177,FGA,L-Histidine,NA,from_to,Enzyme–substrate/product,Protein,Metabolite
P00747,HMDB0000177,PLG,L-Histidine,NA,from_to,Enzyme–substrate/product,Protein,Metabolite
P00734,HMDB0000177,F2,L-Histidine,NA,from_to,Enzyme–substrate/product,Protein,Metabolite
P02786,HMDB0000177,TFRC,L-Histidine,NA,from_to,Enzyme–substrate/product,Protein,Metabolite
P02649,HMDB0000177,APOE,L-Histidine,NA,from_to,Enzyme–substrate/product,Protein,Metabolite
P10599,HMDB0000177,TXN,L-Histidine,NA,from_to,Enzyme–substrate/product,Protein,Metabolite
Q16853,HMDB0001414,AOC3,Putrescine,NA,from_to,Enzyme–substrate/product,Protein,Metabolite
P08195,HMDB0001414,SLC3A2,Putrescine,NA,from_to,Enzyme–substrate/product,Protein,Metabolite
P08195,HMDB0001310,SLC3A2,D-Alanine,NA,from_to,Enzyme–substrate/product,Protein,Metabolite
P08319,HMDB0001875,ADH4,Methanol,NA,from_to,Enzyme–substrate/product,Protein,Metabolite
P00325,HMDB0001875,ADH1B,Methanol,NA,from_to,Enzyme–substrate/product,Protein,Metabolite
P33260,HMDB0001875,CYP2C18,Methanol,NA,from_to,Enzyme–substrate/product,Protein,Metabolite
P30041,HMDB0001875,PRDX6,Methanol,NA,from_to,Enzyme–substrate/product,Protein,Metabolite
P05164,HMDB0001875,MPO,Methanol,NA,from_to,Enzyme–substrate/product,Protein,Metabolite
P11678,HMDB0001875,EPX,Methanol,NA,from_to,Enzyme–substrate/product,Protein,Metabolite
P52790,HMDB0001532,HK3,Deoxyadenosine triphosphate,NA,from_to,Enzyme–substrate/product,Protein,Metabolite
P28340,HMDB0001532,POLD1,Deoxyadenosine triphosphate,NA,from_to,Enzyme–substrate/product,Protein,Metabolite
P06746,HMDB0001532,POLB,Deoxyadenosine triphosphate,NA,from_to,Enzyme–substrate/product,Protein,Metabolite
P15531,HMDB0001532,NME1,Deoxyadenosine triphosphate,NA,from_to,Enzyme–substrate/product,Protein,Metabolite
Q13232,HMDB0001532,NME3,Deoxyadenosine triphosphate,NA,from_to,Enzyme–substrate/product,Protein,Metabolite
P30520,HMDB0000175,ADSS,Inosinic acid,NA,from_to,Enzyme–substrate/product,Protein,Metabolite
P00492,HMDB0000175,HPRT1,Inosinic acid,NA,from_to,Enzyme–substrate/product,Protein,Metabolite
P21589,HMDB0000175,NT5E,Inosinic acid,NA,from_to,Enzyme–substrate/product,Protein,Metabolite
Q11201,HMDB0001176,ST3GAL1,Cytidine monophosphate N-acetylneuraminic acid,NA,from_to,Enzyme–substrate/product,Protein,Metabolite
Q9Y274,HMDB0001176,ST3GAL6,Cytidine monophosphate N-acetylneuraminic acid,NA,from_to,Enzyme–substrate/product,Protein,Metabolite
Q9NSC7,HMDB0001176,ST6GALNAC1,Cytidine monophosphate N-acetylneuraminic acid,NA,from_to,Enzyme–substrate/product,Protein,Metabolite
P15907,HMDB0001176,ST6GAL1,Cytidine monophosphate N-acetylneuraminic acid,NA,from_to,Enzyme–substrate/product,Protein,Metabolite
P00390,HMDB0003337,GSR,Oxidized glutathione,NA,from_to,Enzyme–substrate/product,Protein,Metabolite
P07203,HMDB0003337,GPX1,Oxidized glutathione,NA,from_to,Enzyme–substrate/product,Protein,Metabolite
Q06830,HMDB0003337,PRDX1,Oxidized glutathione,NA,from_to,Enzyme–substrate/product,Protein,Metabolite
P32119,HMDB0003337,PRDX2,Oxidized glutathione,NA,from_to,Enzyme–substrate/product,Protein,Metabolite
P22352,HMDB0003337,GPX3,Oxidized glutathione,NA,from_to,Enzyme–substrate/product,Protein,Metabolite
P30041,HMDB0003337,PRDX6,Oxidized glutathione,NA,from_to,Enzyme–substrate/product,Protein,Metabolite
P13667,HMDB0003337,PDIA4,Oxidized glutathione,NA,from_to,Enzyme–substrate/product,Protein,Metabolite
P07237,HMDB0003337,P4HB,Oxidized glutathione,NA,from_to,Enzyme–substrate/product,Protein,Metabolite
Q15084,HMDB0003337,PDIA6,Oxidized glutathione,NA,from_to,Enzyme–substrate/product,Protein,Metabolite
P30101,HMDB0003337,PDIA3,Oxidized glutathione,NA,from_to,Enzyme–substrate/product,Protein,Metabolite
P08195,HMDB0000687,SLC3A2,L-Leucine,NA,from_to,Enzyme–substrate/product,Protein,Metabolite
Q96KP4,HMDB0000687,CNDP2,L-Leucine,NA,from_to,Enzyme–substrate/product,Protein,Metabolite
P10619,HMDB0000687,CTSA,L-Leucine,NA,from_to,Enzyme–substrate/product,Protein,Metabolite
O14773,HMDB0000687,TPP1,L-Leucine,NA,from_to,Enzyme–substrate/product,Protein,Metabolite
P02647,HMDB0000687,APOA1,L-Leucine,NA,from_to,Enzyme–substrate/product,Protein,Metabolite
Q9UBR2,HMDB0000687,CTSZ,L-Leucine,NA,from_to,Enzyme–substrate/product,Protein,Metabolite
P25774,HMDB0000687,CTSS,L-Leucine,NA,from_to,Enzyme–substrate/product,Protein,Metabolite
P09668,HMDB0000687,CTSH,L-Leucine,NA,from_to,Enzyme–substrate/product,Protein,Metabolite
P07711,HMDB0000687,CTSL,L-Leucine,NA,from_to,Enzyme–substrate/product,Protein,Metabolite
P53634,HMDB0000687,CTSC,L-Leucine,NA,from_to,Enzyme–substrate/product,Protein,Metabolite
P07858,HMDB0000687,CTSB,L-Leucine,NA,from_to,Enzyme–substrate/product,Protein,Metabolite
P07339,HMDB0000687,CTSD,L-Leucine,NA,from_to,Enzyme–substrate/product,Protein,Metabolite
P08311,HMDB0000687,CTSG,L-Leucine,NA,from_to,Enzyme–substrate/product,Protein,Metabolite
P56202,HMDB0000687,CTSW,L-Leucine,NA,from_to,Enzyme–substrate/product,Protein,Metabolite
P28838,HMDB0000687,LAP3,L-Leucine,NA,from_to,Enzyme–substrate/product,Protein,Metabolite
P15085,HMDB0000687,CPA1,L-Leucine,NA,from_to,Enzyme–substrate/product,Protein,Metabolite
P02768,HMDB0000687,ALB,L-Leucine,NA,from_to,Enzyme–substrate/product,Protein,Metabolite
P01011,HMDB0000687,SERPINA3,L-Leucine,NA,from_to,Enzyme–substrate/product,Protein,Metabolite
P01009,HMDB0000687,SERPINA1,L-Leucine,NA,from_to,Enzyme–substrate/product,Protein,Metabolite
P04114,HMDB0000687,APOB,L-Leucine,NA,from_to,Enzyme–substrate/product,Protein,Metabolite
P02654,HMDB0000687,APOC1,L-Leucine,NA,from_to,Enzyme–substrate/product,Protein,Metabolite
P02656,HMDB0000687,APOC3,L-Leucine,NA,from_to,Enzyme–substrate/product,Protein,Metabolite
P02671,HMDB0000687,FGA,L-Leucine,NA,from_to,Enzyme–substrate/product,Protein,Metabolite
P00747,HMDB0000687,PLG,L-Leucine,NA,from_to,Enzyme–substrate/product,Protein,Metabolite
P00734,HMDB0000687,F2,L-Leucine,NA,from_to,Enzyme–substrate/product,Protein,Metabolite
P02786,HMDB0000687,TFRC,L-Leucine,NA,from_to,Enzyme–substrate/product,Protein,Metabolite
P02649,HMDB0000687,APOE,L-Leucine,NA,from_to,Enzyme–substrate/product,Protein,Metabolite
P10599,HMDB0000687,TXN,L-Leucine,NA,from_to,Enzyme–substrate/product,Protein,Metabolite
P04424,HMDB0000134,ASL,Fumaric acid,NA,from_to,Enzyme–substrate/product,Protein,Metabolite
P16930,HMDB0000134,FAH,Fumaric acid,NA,from_to,Enzyme–substrate/product,Protein,Metabolite
P43251,HMDB0000030,BTD,Biotin,NA,from_to,Enzyme–substrate/product,Protein,Metabolite
P00492,HMDB0000280,HPRT1,Phosphoribosyl pyrophosphate,NA,from_to,Enzyme–substrate/product,Protein,Metabolite
P60891,HMDB0000280,PRPS1,Phosphoribosyl pyrophosphate,NA,from_to,Enzyme–substrate/product,Protein,Metabolite
Q6XQN6,HMDB0000280,NAPRT,Phosphoribosyl pyrophosphate,NA,from_to,Enzyme–substrate/product,Protein,Metabolite
P04075,HMDB0001112,ALDOA,Glyceraldehyde 3-Phosphate,NA,from_to,Enzyme–substrate/product,Protein,Metabolite
P05062,HMDB0001112,ALDOB,Glyceraldehyde 3-Phosphate,NA,from_to,Enzyme–substrate/product,Protein,Metabolite
P09972,HMDB0001112,ALDOC,Glyceraldehyde 3-Phosphate,NA,from_to,Enzyme–substrate/product,Protein,Metabolite
P04406,HMDB0001112,GAPDH,Glyceraldehyde 3-Phosphate,NA,from_to,Enzyme–substrate/product,Protein,Metabolite
P37837,HMDB0001112,TALDO1,Glyceraldehyde 3-Phosphate,NA,from_to,Enzyme–substrate/product,Protein,Metabolite
P29401,HMDB0001112,TKT,Glyceraldehyde 3-Phosphate,NA,from_to,Enzyme–substrate/product,Protein,Metabolite
P60174,HMDB0001112,TPI1,Glyceraldehyde 3-Phosphate,NA,from_to,Enzyme–substrate/product,Protein,Metabolite
P36871,HMDB0001548,PGM1,D-Ribose 5-phosphate,NA,from_to,Enzyme–substrate/product,Protein,Metabolite
P60891,HMDB0001548,PRPS1,D-Ribose 5-phosphate,NA,from_to,Enzyme–substrate/product,Protein,Metabolite
P29401,HMDB0001548,TKT,D-Ribose 5-phosphate,NA,from_to,Enzyme–substrate/product,Protein,Metabolite
P11150,HMDB0000131,LIPC,Glycerol,NA,from_to,Enzyme–substrate/product,Protein,Metabolite
P12429,HMDB0000131,ANXA3,Glycerol,NA,from_to,Enzyme–substrate/product,Protein,Metabolite
Q9NPB8,HMDB0000097,GPCPD1,Choline,NA,from_to,Enzyme–substrate/product,Protein,Metabolite
Q8IV08,HMDB0000097,PLD3,Choline,NA,from_to,Enzyme–substrate/product,Protein,Metabolite
Q96BZ4,HMDB0000097,PLD4,Choline,NA,from_to,Enzyme–substrate/product,Protein,Metabolite
P06276,HMDB0000097,BCHE,Choline,NA,from_to,Enzyme–substrate/product,Protein,Metabolite
Q8TCS8,HMDB0001546,PNPT1,CDP,NA,from_to,Enzyme–substrate/product,Protein,Metabolite
P15531,HMDB0001546,NME1,CDP,NA,from_to,Enzyme–substrate/product,Protein,Metabolite
Q13232,HMDB0001546,NME3,CDP,NA,from_to,Enzyme–substrate/product,Protein,Metabolite
P05186,HMDB0001473,ALPL,Dihydroxyacetone phosphate,NA,from_to,Enzyme–substrate/product,Protein,Metabolite
P04075,HMDB0001473,ALDOA,Dihydroxyacetone phosphate,NA,from_to,Enzyme–substrate/product,Protein,Metabolite
P05062,HMDB0001473,ALDOB,Dihydroxyacetone phosphate,NA,from_to,Enzyme–substrate/product,Protein,Metabolite
P09972,HMDB0001473,ALDOC,Dihydroxyacetone phosphate,NA,from_to,Enzyme–substrate/product,Protein,Metabolite
P60174,HMDB0001473,TPI1,Dihydroxyacetone phosphate,NA,from_to,Enzyme–substrate/product,Protein,Metabolite
Q9P2X0,HMDB0006353,DPM3,Dolichol phosphate,NA,from_to,Enzyme–substrate/product,Protein,Metabolite
P07195,HMDB0000005,LDHB,2-Ketobutyric acid,NA,from_to,Enzyme–substrate/product,Protein,Metabolite
P00338,HMDB0000005,LDHA,2-Ketobutyric acid,NA,from_to,Enzyme–substrate/product,Protein,Metabolite
Q12882,HMDB0000300,DPYD,Uracil,NA,from_to,Enzyme–substrate/product,Protein,Metabolite
P00491,HMDB0000300,PNP,Uracil,NA,from_to,Enzyme–substrate/product,Protein,Metabolite
P13686,HMDB0000288,ACP5,Uridine 5'-monophosphate,NA,from_to,Enzyme–substrate/product,Protein,Metabolite
O75356,HMDB0000288,ENTPD5,Uridine 5'-monophosphate,NA,from_to,Enzyme–substrate/product,Protein,Metabolite
P22413,HMDB0000288,ENPP1,Uridine 5'-monophosphate,NA,from_to,Enzyme–substrate/product,Protein,Metabolite
Q13822,HMDB0000288,ENPP2,Uridine 5'-monophosphate,NA,from_to,Enzyme–substrate/product,Protein,Metabolite
P21589,HMDB0000288,NT5E,Uridine 5'-monophosphate,NA,from_to,Enzyme–substrate/product,Protein,Metabolite
P52790,HMDB0003335,HK3,IDP,NA,from_to,Enzyme–substrate/product,Protein,Metabolite
P15531,HMDB0003335,NME1,IDP,NA,from_to,Enzyme–substrate/product,Protein,Metabolite
Q13232,HMDB0003335,NME3,IDP,NA,from_to,Enzyme–substrate/product,Protein,Metabolite
P22413,HMDB0001586,ENPP1,Glucose 1-phosphate,NA,from_to,Enzyme–substrate/product,Protein,Metabolite
Q16851,HMDB0001586,UGP2,Glucose 1-phosphate,NA,from_to,Enzyme–substrate/product,Protein,Metabolite
P06737,HMDB0001586,PYGL,Glucose 1-phosphate,NA,from_to,Enzyme–substrate/product,Protein,Metabolite
P11216,HMDB0001586,PYGB,Glucose 1-phosphate,NA,from_to,Enzyme–substrate/product,Protein,Metabolite
Q13822,HMDB0001586,ENPP2,Glucose 1-phosphate,NA,from_to,Enzyme–substrate/product,Protein,Metabolite
P36871,HMDB0001586,PGM1,Glucose 1-phosphate,NA,from_to,Enzyme–substrate/product,Protein,Metabolite
Q92820,HMDB0001846,GGH,Tetrahydrofolic acid,NA,from_to,Enzyme–substrate/product,Protein,Metabolite
Q08426,HMDB0001275,EHHADH,Propionyl-CoA,NA,from_to,Enzyme–substrate/product,Protein,Metabolite
P51659,HMDB0001275,HSD17B4,Propionyl-CoA,NA,from_to,Enzyme–substrate/product,Protein,Metabolite
P09110,HMDB0001275,ACAA1,Propionyl-CoA,NA,from_to,Enzyme–substrate/product,Protein,Metabolite
Q96CM8,HMDB0001275,ACSF2,Propionyl-CoA,NA,from_to,Enzyme–substrate/product,Protein,Metabolite
Q96KN2,HMDB0000056,CNDP1,beta-Alanine,NA,from_to,Enzyme–substrate/product,Protein,Metabolite
Q96KP4,HMDB0000056,CNDP2,beta-Alanine,NA,from_to,Enzyme–substrate/product,Protein,Metabolite
P00352,HMDB0000056,ALDH1A1,beta-Alanine,NA,from_to,Enzyme–substrate/product,Protein,Metabolite
P08195,HMDB0000574,SLC3A2,L-Cysteine,NA,from_to,Enzyme–substrate/product,Protein,Metabolite
P17174,HMDB0000574,GOT1,L-Cysteine,NA,from_to,Enzyme–substrate/product,Protein,Metabolite
P15144,HMDB0000574,ANPEP,L-Cysteine,NA,from_to,Enzyme–substrate/product,Protein,Metabolite
P10619,HMDB0000574,CTSA,L-Cysteine,NA,from_to,Enzyme–substrate/product,Protein,Metabolite
O75223,HMDB0000574,GGCT,L-Cysteine,NA,from_to,Enzyme–substrate/product,Protein,Metabolite
P48506,HMDB0000574,GCLC,L-Cysteine,NA,from_to,Enzyme–substrate/product,Protein,Metabolite
O14773,HMDB0000574,TPP1,L-Cysteine,NA,from_to,Enzyme–substrate/product,Protein,Metabolite
Q9UBR2,HMDB0000574,CTSZ,L-Cysteine,NA,from_to,Enzyme–substrate/product,Protein,Metabolite
P25774,HMDB0000574,CTSS,L-Cysteine,NA,from_to,Enzyme–substrate/product,Protein,Metabolite
P09668,HMDB0000574,CTSH,L-Cysteine,NA,from_to,Enzyme–substrate/product,Protein,Metabolite
P07711,HMDB0000574,CTSL,L-Cysteine,NA,from_to,Enzyme–substrate/product,Protein,Metabolite
P53634,HMDB0000574,CTSC,L-Cysteine,NA,from_to,Enzyme–substrate/product,Protein,Metabolite
P07858,HMDB0000574,CTSB,L-Cysteine,NA,from_to,Enzyme–substrate/product,Protein,Metabolite
P07339,HMDB0000574,CTSD,L-Cysteine,NA,from_to,Enzyme–substrate/product,Protein,Metabolite
P08311,HMDB0000574,CTSG,L-Cysteine,NA,from_to,Enzyme–substrate/product,Protein,Metabolite
P56202,HMDB0000574,CTSW,L-Cysteine,NA,from_to,Enzyme–substrate/product,Protein,Metabolite
Q9UHG3,HMDB0000574,PCYOX1,L-Cysteine,NA,from_to,Enzyme–substrate/product,Protein,Metabolite
P02768,HMDB0000574,ALB,L-Cysteine,NA,from_to,Enzyme–substrate/product,Protein,Metabolite
P01011,HMDB0000574,SERPINA3,L-Cysteine,NA,from_to,Enzyme–substrate/product,Protein,Metabolite
P01009,HMDB0000574,SERPINA1,L-Cysteine,NA,from_to,Enzyme–substrate/product,Protein,Metabolite
P04114,HMDB0000574,APOB,L-Cysteine,NA,from_to,Enzyme–substrate/product,Protein,Metabolite
P02671,HMDB0000574,FGA,L-Cysteine,NA,from_to,Enzyme–substrate/product,Protein,Metabolite
P00747,HMDB0000574,PLG,L-Cysteine,NA,from_to,Enzyme–substrate/product,Protein,Metabolite
P00734,HMDB0000574,F2,L-Cysteine,NA,from_to,Enzyme–substrate/product,Protein,Metabolite
P02786,HMDB0000574,TFRC,L-Cysteine,NA,from_to,Enzyme–substrate/product,Protein,Metabolite
P02649,HMDB0000574,APOE,L-Cysteine,NA,from_to,Enzyme–substrate/product,Protein,Metabolite
P10599,HMDB0000574,TXN,L-Cysteine,NA,from_to,Enzyme–substrate/product,Protein,Metabolite
Q9P2X0,HMDB0001163,DPM3,Guanosine diphosphate mannose,NA,from_to,Enzyme–substrate/product,Protein,Metabolite
P30041,HMDB0000240,PRDX6,Sulfite,NA,from_to,Enzyme–substrate/product,Protein,Metabolite
P05164,HMDB0000240,MPO,Sulfite,NA,from_to,Enzyme–substrate/product,Protein,Metabolite
O43529,HMDB0000240,CHST10,Sulfite,NA,from_to,Enzyme–substrate/product,Protein,Metabolite
Q9NPB8,HMDB0000126,GPCPD1,Glycerol 3-phosphate,NA,from_to,Enzyme–substrate/product,Protein,Metabolite
O95479,HMDB0001401,H6PD,Glucose 6-phosphate,NA,from_to,Enzyme–substrate/product,Protein,Metabolite
P11413,HMDB0001401,G6PD,Glucose 6-phosphate,NA,from_to,Enzyme–substrate/product,Protein,Metabolite
P52790,HMDB0001401,HK3,Glucose 6-phosphate,NA,from_to,Enzyme–substrate/product,Protein,Metabolite
P06744,HMDB0001401,GPI,Glucose 6-phosphate,NA,from_to,Enzyme–substrate/product,Protein,Metabolite
P36871,HMDB0001401,PGM1,Glucose 6-phosphate,NA,from_to,Enzyme–substrate/product,Protein,Metabolite
P07108,HMDB0001022,DBI,Succinyl-CoA,NA,from_to,Enzyme–substrate/product,Protein,Metabolite
P36957,HMDB0001022,DLST,Succinyl-CoA,NA,from_to,Enzyme–substrate/product,Protein,Metabolite
Q08426,HMDB0001022,EHHADH,Succinyl-CoA,NA,from_to,Enzyme–substrate/product,Protein,Metabolite
P51659,HMDB0001022,HSD17B4,Succinyl-CoA,NA,from_to,Enzyme–substrate/product,Protein,Metabolite
P09110,HMDB0001022,ACAA1,Succinyl-CoA,NA,from_to,Enzyme–substrate/product,Protein,Metabolite
Q96I99,HMDB0001022,SUCLG2,Succinyl-CoA,NA,from_to,Enzyme–substrate/product,Protein,Metabolite
P30041,HMDB0002786,PRDX6,Nitrite,NA,from_to,Enzyme–substrate/product,Protein,Metabolite
P05164,HMDB0002786,MPO,Nitrite,NA,from_to,Enzyme–substrate/product,Protein,Metabolite
P05089,HMDB0000294,ARG1,Urea,NA,from_to,Enzyme–substrate/product,Protein,Metabolite
P30041,HMDB0000294,PRDX6,Urea,NA,from_to,Enzyme–substrate/product,Protein,Metabolite
P05164,HMDB0000294,MPO,Urea,NA,from_to,Enzyme–substrate/product,Protein,Metabolite
O00757,HMDB0000124,FBP2,Fructose 6-phosphate,NA,from_to,Enzyme–substrate/product,Protein,Metabolite
P09467,HMDB0000124,FBP1,Fructose 6-phosphate,NA,from_to,Enzyme–substrate/product,Protein,Metabolite
P52790,HMDB0000124,HK3,Fructose 6-phosphate,NA,from_to,Enzyme–substrate/product,Protein,Metabolite
P06744,HMDB0000124,GPI,Fructose 6-phosphate,NA,from_to,Enzyme–substrate/product,Protein,Metabolite
P37837,HMDB0000124,TALDO1,Fructose 6-phosphate,NA,from_to,Enzyme–substrate/product,Protein,Metabolite
P29401,HMDB0000124,TKT,Fructose 6-phosphate,NA,from_to,Enzyme–substrate/product,Protein,Metabolite
P08319,HMDB0000990,ADH4,Acetaldehyde,NA,from_to,Enzyme–substrate/product,Protein,Metabolite
P00325,HMDB0000990,ADH1B,Acetaldehyde,NA,from_to,Enzyme–substrate/product,Protein,Metabolite
P00352,HMDB0000990,ALDH1A1,Acetaldehyde,NA,from_to,Enzyme–substrate/product,Protein,Metabolite
P04040,HMDB0000990,CAT,Acetaldehyde,NA,from_to,Enzyme–substrate/product,Protein,Metabolite
P10619,HMDB0001175,CTSA,Malonyl-CoA,NA,from_to,Enzyme–substrate/product,Protein,Metabolite
P08195,HMDB0000158,SLC3A2,L-Tyrosine,NA,from_to,Enzyme–substrate/product,Protein,Metabolite
P17174,HMDB0000158,GOT1,L-Tyrosine,NA,from_to,Enzyme–substrate/product,Protein,Metabolite
P10619,HMDB0000158,CTSA,L-Tyrosine,NA,from_to,Enzyme–substrate/product,Protein,Metabolite
O14773,HMDB0000158,TPP1,L-Tyrosine,NA,from_to,Enzyme–substrate/product,Protein,Metabolite
P02647,HMDB0000158,APOA1,L-Tyrosine,NA,from_to,Enzyme–substrate/product,Protein,Metabolite
Q9UBR2,HMDB0000158,CTSZ,L-Tyrosine,NA,from_to,Enzyme–substrate/product,Protein,Metabolite
P25774,HMDB0000158,CTSS,L-Tyrosine,NA,from_to,Enzyme–substrate/product,Protein,Metabolite
P09668,HMDB0000158,CTSH,L-Tyrosine,NA,from_to,Enzyme–substrate/product,Protein,Metabolite
P07711,HMDB0000158,CTSL,L-Tyrosine,NA,from_to,Enzyme–substrate/product,Protein,Metabolite
P53634,HMDB0000158,CTSC,L-Tyrosine,NA,from_to,Enzyme–substrate/product,Protein,Metabolite
P07858,HMDB0000158,CTSB,L-Tyrosine,NA,from_to,Enzyme–substrate/product,Protein,Metabolite
P07339,HMDB0000158,CTSD,L-Tyrosine,NA,from_to,Enzyme–substrate/product,Protein,Metabolite
P08311,HMDB0000158,CTSG,L-Tyrosine,NA,from_to,Enzyme–substrate/product,Protein,Metabolite
P56202,HMDB0000158,CTSW,L-Tyrosine,NA,from_to,Enzyme–substrate/product,Protein,Metabolite
P02768,HMDB0000158,ALB,L-Tyrosine,NA,from_to,Enzyme–substrate/product,Protein,Metabolite
P01011,HMDB0000158,SERPINA3,L-Tyrosine,NA,from_to,Enzyme–substrate/product,Protein,Metabolite
P01009,HMDB0000158,SERPINA1,L-Tyrosine,NA,from_to,Enzyme–substrate/product,Protein,Metabolite
P04114,HMDB0000158,APOB,L-Tyrosine,NA,from_to,Enzyme–substrate/product,Protein,Metabolite
P02656,HMDB0000158,APOC3,L-Tyrosine,NA,from_to,Enzyme–substrate/product,Protein,Metabolite
P02671,HMDB0000158,FGA,L-Tyrosine,NA,from_to,Enzyme–substrate/product,Protein,Metabolite
P00747,HMDB0000158,PLG,L-Tyrosine,NA,from_to,Enzyme–substrate/product,Protein,Metabolite
P00734,HMDB0000158,F2,L-Tyrosine,NA,from_to,Enzyme–substrate/product,Protein,Metabolite
P02786,HMDB0000158,TFRC,L-Tyrosine,NA,from_to,Enzyme–substrate/product,Protein,Metabolite
P02649,HMDB0000158,APOE,L-Tyrosine,NA,from_to,Enzyme–substrate/product,Protein,Metabolite
P10599,HMDB0000158,TXN,L-Tyrosine,NA,from_to,Enzyme–substrate/product,Protein,Metabolite
P52790,HMDB0000189,HK3,Inosine triphosphate,NA,from_to,Enzyme–substrate/product,Protein,Metabolite
P15531,HMDB0000189,NME1,Inosine triphosphate,NA,from_to,Enzyme–substrate/product,Protein,Metabolite
Q13232,HMDB0000189,NME3,Inosine triphosphate,NA,from_to,Enzyme–substrate/product,Protein,Metabolite
P07195,HMDB0059597,LDHB,Hydrogen Ion,NA,from_to,Enzyme–substrate/product,Protein,Metabolite
P00338,HMDB0059597,LDHA,Hydrogen Ion,NA,from_to,Enzyme–substrate/product,Protein,Metabolite
P07108,HMDB0059597,DBI,Hydrogen Ion,NA,from_to,Enzyme–substrate/product,Protein,Metabolite
P08319,HMDB0059597,ADH4,Hydrogen Ion,NA,from_to,Enzyme–substrate/product,Protein,Metabolite
P00325,HMDB0059597,ADH1B,Hydrogen Ion,NA,from_to,Enzyme–substrate/product,Protein,Metabolite
P08195,HMDB0059597,SLC3A2,Hydrogen Ion,NA,from_to,Enzyme–substrate/product,Protein,Metabolite
Q08426,HMDB0059597,EHHADH,Hydrogen Ion,NA,from_to,Enzyme–substrate/product,Protein,Metabolite
P51659,HMDB0059597,HSD17B4,Hydrogen Ion,NA,from_to,Enzyme–substrate/product,Protein,Metabolite
P09110,HMDB0059597,ACAA1,Hydrogen Ion,NA,from_to,Enzyme–substrate/product,Protein,Metabolite
P17174,HMDB0059597,GOT1,Hydrogen Ion,NA,from_to,Enzyme–substrate/product,Protein,Metabolite
P55263,HMDB0059597,ADK,Hydrogen Ion,NA,from_to,Enzyme–substrate/product,Protein,Metabolite
P30520,HMDB0059597,ADSS,Hydrogen Ion,NA,from_to,Enzyme–substrate/product,Protein,Metabolite
Q9NY97,HMDB0059597,B3GNT2,Hydrogen Ion,NA,from_to,Enzyme–substrate/product,Protein,Metabolite
O43505,HMDB0059597,B3GNT1,Hydrogen Ion,NA,from_to,Enzyme–substrate/product,Protein,Metabolite
P06865,HMDB0059597,HEXA,Hydrogen Ion,NA,from_to,Enzyme–substrate/product,Protein,Metabolite
P07686,HMDB0059597,HEXB,Hydrogen Ion,NA,from_to,Enzyme–substrate/product,Protein,Metabolite
P00352,HMDB0059597,ALDH1A1,Hydrogen Ion,NA,from_to,Enzyme–substrate/product,Protein,Metabolite
P05186,HMDB0059597,ALPL,Hydrogen Ion,NA,from_to,Enzyme–substrate/product,Protein,Metabolite
P09917,HMDB0059597,ALOX5,Hydrogen Ion,NA,from_to,Enzyme–substrate/product,Protein,Metabolite
P00966,HMDB0059597,ASS1,Hydrogen Ion,NA,from_to,Enzyme–substrate/product,Protein,Metabolite
P27708,HMDB0059597,CAD,Hydrogen Ion,NA,from_to,Enzyme–substrate/product,Protein,Metabolite
O75356,HMDB0059597,ENTPD5,Hydrogen Ion,NA,from_to,Enzyme–substrate/product,Protein,Metabolite
P21281,HMDB0059597,ATP6V1B2,Hydrogen Ion,NA,from_to,Enzyme–substrate/product,Protein,Metabolite
P10619,HMDB0059597,CTSA,Hydrogen Ion,NA,from_to,Enzyme–substrate/product,Protein,Metabolite
P30043,HMDB0059597,BLVRB,Hydrogen Ion,NA,from_to,Enzyme–substrate/product,Protein,Metabolite
P04040,HMDB0059597,CAT,Hydrogen Ion,NA,from_to,Enzyme–substrate/product,Protein,Metabolite
P16152,HMDB0059597,CBR1,Hydrogen Ion,NA,from_to,Enzyme–substrate/product,Protein,Metabolite
P06732,HMDB0059597,CKM,Hydrogen Ion,NA,from_to,Enzyme–substrate/product,Protein,Metabolite
P08236,HMDB0059597,GUSB,Hydrogen Ion,NA,from_to,Enzyme–substrate/product,Protein,Metabolite
P42126,HMDB0059597,ECI1,Hydrogen Ion,NA,from_to,Enzyme–substrate/product,Protein,Metabolite
Q9Y6K1,HMDB0059597,DNMT3A,Hydrogen Ion,NA,from_to,Enzyme–substrate/product,Protein,Metabolite
P04843,HMDB0059597,RPN1,Hydrogen Ion,NA,from_to,Enzyme–substrate/product,Protein,Metabolite
Q9P2X0,HMDB0059597,DPM3,Hydrogen Ion,NA,from_to,Enzyme–substrate/product,Protein,Metabolite
P09172,HMDB0059597,DBH,Hydrogen Ion,NA,from_to,Enzyme–substrate/product,Protein,Metabolite
P18669,HMDB0059597,PGAM1,Hydrogen Ion,NA,from_to,Enzyme–substrate/product,Protein,Metabolite
P07738,HMDB0059597,BPGM,Hydrogen Ion,NA,from_to,Enzyme–substrate/product,Protein,Metabolite
Q12882,HMDB0059597,DPYD,Hydrogen Ion,NA,from_to,Enzyme–substrate/product,Protein,Metabolite
P00491,HMDB0059597,PNP,Hydrogen Ion,NA,from_to,Enzyme–substrate/product,Protein,Metabolite
P33316,HMDB0059597,DUT,Hydrogen Ion,NA,from_to,Enzyme–substrate/product,Protein,Metabolite
P22413,HMDB0059597,ENPP1,Hydrogen Ion,NA,from_to,Enzyme–substrate/product,Protein,Metabolite
P16930,HMDB0059597,FAH,Hydrogen Ion,NA,from_to,Enzyme–substrate/product,Protein,Metabolite
P15291,HMDB0059597,B4GALT1,Hydrogen Ion,NA,from_to,Enzyme–substrate/product,Protein,Metabolite
O95479,HMDB0059597,H6PD,Hydrogen Ion,NA,from_to,Enzyme–substrate/product,Protein,Metabolite
P11413,HMDB0059597,G6PD,Hydrogen Ion,NA,from_to,Enzyme–substrate/product,Protein,Metabolite
Q10471,HMDB0059597,GALNT2,Hydrogen Ion,NA,from_to,Enzyme–substrate/product,Protein,Metabolite
Q7Z7M9,HMDB0059597,GALNT5,Hydrogen Ion,NA,from_to,Enzyme–substrate/product,Protein,Metabolite
Q86SF2,HMDB0059597,GALNT7,Hydrogen Ion,NA,from_to,Enzyme–substrate/product,Protein,Metabolite
Q10472,HMDB0059597,GALNT1,Hydrogen Ion,NA,from_to,Enzyme–substrate/product,Protein,Metabolite
Q16851,HMDB0059597,UGP2,Hydrogen Ion,NA,from_to,Enzyme–substrate/product,Protein,Metabolite
P04406,HMDB0059597,GAPDH,Hydrogen Ion,NA,from_to,Enzyme–substrate/product,Protein,Metabolite
Q93063,HMDB0059597,EXT2,Hydrogen Ion,NA,from_to,Enzyme–substrate/product,Protein,Metabolite
Q16394,HMDB0059597,EXT1,Hydrogen Ion,NA,from_to,Enzyme–substrate/product,Protein,Metabolite
P48506,HMDB0059597,GCLC,Hydrogen Ion,NA,from_to,Enzyme–substrate/product,Protein,Metabolite
P00367,HMDB0059597,GLUD1,Hydrogen Ion,NA,from_to,Enzyme–substrate/product,Protein,Metabolite
Q16775,HMDB0059597,HAGH,Hydrogen Ion,NA,from_to,Enzyme–substrate/product,Protein,Metabolite
Q9NPB8,HMDB0059597,GPCPD1,Hydrogen Ion,NA,from_to,Enzyme–substrate/product,Protein,Metabolite
P00390,HMDB0059597,GSR,Hydrogen Ion,NA,from_to,Enzyme–substrate/product,Protein,Metabolite
P07203,HMDB0059597,GPX1,Hydrogen Ion,NA,from_to,Enzyme–substrate/product,Protein,Metabolite
P22352,HMDB0059597,GPX3,Hydrogen Ion,NA,from_to,Enzyme–substrate/product,Protein,Metabolite
P48637,HMDB0059597,GSS,Hydrogen Ion,NA,from_to,Enzyme–substrate/product,Protein,Metabolite
Q9Y2T3,HMDB0059597,GDA,Hydrogen Ion,NA,from_to,Enzyme–substrate/product,Protein,Metabolite
P00918,HMDB0059597,CA2,Hydrogen Ion,NA,from_to,Enzyme–substrate/product,Protein,Metabolite
P23280,HMDB0059597,CA6,Hydrogen Ion,NA,from_to,Enzyme–substrate/product,Protein,Metabolite
P00915,HMDB0059597,CA1,Hydrogen Ion,NA,from_to,Enzyme–substrate/product,Protein,Metabolite
P52790,HMDB0059597,HK3,Hydrogen Ion,NA,from_to,Enzyme–substrate/product,Protein,Metabolite
P11150,HMDB0059597,LIPC,Hydrogen Ion,NA,from_to,Enzyme–substrate/product,Protein,Metabolite
P0C869,HMDB0059597,JMJD7-PLA2G4B,Hydrogen Ion,NA,from_to,Enzyme–substrate/product,Protein,Metabolite
Q9UG56,HMDB0059597,PISD,Hydrogen Ion,NA,from_to,Enzyme–substrate/product,Protein,Metabolite
Q8IV08,HMDB0059597,PLD3,Hydrogen Ion,NA,from_to,Enzyme–substrate/product,Protein,Metabolite
Q96BZ4,HMDB0059597,PLD4,Hydrogen Ion,NA,from_to,Enzyme–substrate/product,Protein,Metabolite
Q8NCC3,HMDB0059597,PLA2G15,Hydrogen Ion,NA,from_to,Enzyme–substrate/product,Protein,Metabolite
P06276,HMDB0059597,BCHE,Hydrogen Ion,NA,from_to,Enzyme–substrate/product,Protein,Metabolite
Q9P212,HMDB0059597,PLCE1,Hydrogen Ion,NA,from_to,Enzyme–substrate/product,Protein,Metabolite
Q8WZA1,HMDB0059597,POMGNT1,Hydrogen Ion,NA,from_to,Enzyme–substrate/product,Protein,Metabolite
Q9NYU2,HMDB0059597,UGGT1,Hydrogen Ion,NA,from_to,Enzyme–substrate/product,Protein,Metabolite
P17405,HMDB0059597,SMPD1,Hydrogen Ion,NA,from_to,Enzyme–substrate/product,Protein,Metabolite
P17050,HMDB0059597,NAGA,Hydrogen Ion,NA,from_to,Enzyme–substrate/product,Protein,Metabolite
Q11201,HMDB0059597,ST3GAL1,Hydrogen Ion,NA,from_to,Enzyme–substrate/product,Protein,Metabolite
Q9Y274,HMDB0059597,ST3GAL6,Hydrogen Ion,NA,from_to,Enzyme–substrate/product,Protein,Metabolite
P33260,HMDB0059597,CYP2C18,Hydrogen Ion,NA,from_to,Enzyme–substrate/product,Protein,Metabolite
Q96SQ9,HMDB0059597,CYP2S1,Hydrogen Ion,NA,from_to,Enzyme–substrate/product,Protein,Metabolite
P30041,HMDB0059597,PRDX6,Hydrogen Ion,NA,from_to,Enzyme–substrate/product,Protein,Metabolite
Q96CM8,HMDB0059597,ACSF2,Hydrogen Ion,NA,from_to,Enzyme–substrate/product,Protein,Metabolite
P05164,HMDB0059597,MPO,Hydrogen Ion,NA,from_to,Enzyme–substrate/product,Protein,Metabolite
P11678,HMDB0059597,EPX,Hydrogen Ion,NA,from_to,Enzyme–substrate/product,Protein,Metabolite
P32004,HMDB0059597,L1CAM,Hydrogen Ion,NA,from_to,Enzyme–substrate/product,Protein,Metabolite
O43529,HMDB0059597,CHST10,Hydrogen Ion,NA,from_to,Enzyme–substrate/product,Protein,Metabolite
P23141,HMDB0059597,CES1,Hydrogen Ion,NA,from_to,Enzyme–substrate/product,Protein,Metabolite
Q02809,HMDB0059597,PLOD1,Hydrogen Ion,NA,from_to,Enzyme–substrate/product,Protein,Metabolite
P09211,HMDB0059597,GSTP1,Hydrogen Ion,NA,from_to,Enzyme–substrate/product,Protein,Metabolite
P78417,HMDB0059597,GSTO1,Hydrogen Ion,NA,from_to,Enzyme–substrate/product,Protein,Metabolite
P30711,HMDB0059597,GSTT1,Hydrogen Ion,NA,from_to,Enzyme–substrate/product,Protein,Metabolite
P80108,HMDB0059597,GPLD1,Hydrogen Ion,NA,from_to,Enzyme–substrate/product,Protein,Metabolite
Q13822,HMDB0059597,ENPP2,Hydrogen Ion,NA,from_to,Enzyme–substrate/product,Protein,Metabolite
Q93070,HMDB0059597,ART4,Hydrogen Ion,NA,from_to,Enzyme–substrate/product,Protein,Metabolite
Q13508,HMDB0059597,ART3,Hydrogen Ion,NA,from_to,Enzyme–substrate/product,Protein,Metabolite
Q9UKK3,HMDB0059597,PARP4,Hydrogen Ion,NA,from_to,Enzyme–substrate/product,Protein,Metabolite
Q460N5,HMDB0059597,PARP14,Hydrogen Ion,NA,from_to,Enzyme–substrate/product,Protein,Metabolite
Q15746,HMDB0059597,MYLK,Hydrogen Ion,NA,from_to,Enzyme–substrate/product,Protein,Metabolite
O14874,HMDB0059597,BCKDK,Hydrogen Ion,NA,from_to,Enzyme–substrate/product,Protein,Metabolite
P12429,HMDB0059597,ANXA3,Hydrogen Ion,NA,from_to,Enzyme–substrate/product,Protein,Metabolite
P19021,HMDB0059597,PAM,Hydrogen Ion,NA,from_to,Enzyme–substrate/product,Protein,Metabolite
Q16769,HMDB0059597,QPCT,Hydrogen Ion,NA,from_to,Enzyme–substrate/product,Protein,Metabolite
O75874,HMDB0059597,IDH1,Hydrogen Ion,NA,from_to,Enzyme–substrate/product,Protein,Metabolite
P48735,HMDB0059597,IDH2,Hydrogen Ion,NA,from_to,Enzyme–substrate/product,Protein,Metabolite
P35613,HMDB0059597,BSG,Hydrogen Ion,NA,from_to,Enzyme–substrate/product,Protein,Metabolite
P26572,HMDB0059597,MGAT1,Hydrogen Ion,NA,from_to,Enzyme–substrate/product,Protein,Metabolite
P40925,HMDB0059597,MDH1,Hydrogen Ion,NA,from_to,Enzyme–substrate/product,Protein,Metabolite
P40926,HMDB0059597,MDH2,Hydrogen Ion,NA,from_to,Enzyme–substrate/product,Protein,Metabolite
Q9NSC7,HMDB0059597,ST6GALNAC1,Hydrogen Ion,NA,from_to,Enzyme–substrate/product,Protein,Metabolite
P14415,HMDB0059597,ATP1B2,Hydrogen Ion,NA,from_to,Enzyme–substrate/product,Protein,Metabolite
P05026,HMDB0059597,ATP1B1,Hydrogen Ion,NA,from_to,Enzyme–substrate/product,Protein,Metabolite
P00480,HMDB0059597,OTC,Hydrogen Ion,NA,from_to,Enzyme–substrate/product,Protein,Metabolite
Q15102,HMDB0059597,PAFAH1B3,Hydrogen Ion,NA,from_to,Enzyme–substrate/product,Protein,Metabolite
P68402,HMDB0059597,PAFAH1B2,Hydrogen Ion,NA,from_to,Enzyme–substrate/product,Protein,Metabolite
Q13093,HMDB0059597,PLA2G7,Hydrogen Ion,NA,from_to,Enzyme–substrate/product,Protein,Metabolite
Q9Y2Q0,HMDB0059597,ATP8A1,Hydrogen Ion,NA,from_to,Enzyme–substrate/product,Protein,Metabolite
P48426,HMDB0059597,PIP4K2A,Hydrogen Ion,NA,from_to,Enzyme–substrate/product,Protein,Metabolite
Q00325,HMDB0059597,SLC25A3,Hydrogen Ion,NA,from_to,Enzyme–substrate/product,Protein,Metabolite
Q9NVE7,HMDB0059597,PANK4,Hydrogen Ion,NA,from_to,Enzyme–substrate/product,Protein,Metabolite
P13716,HMDB0059597,ALAD,Hydrogen Ion,NA,from_to,Enzyme–substrate/product,Protein,Metabolite
P60891,HMDB0059597,PRPS1,Hydrogen Ion,NA,from_to,Enzyme–substrate/product,Protein,Metabolite
P14618,HMDB0059597,PKM,Hydrogen Ion,NA,from_to,Enzyme–substrate/product,Protein,Metabolite
P15907,HMDB0059597,ST6GAL1,Hydrogen Ion,NA,from_to,Enzyme–substrate/product,Protein,Metabolite
P22304,HMDB0059597,IDS,Hydrogen Ion,NA,from_to,Enzyme–substrate/product,Protein,Metabolite
P15848,HMDB0059597,ARSB,Hydrogen Ion,NA,from_to,Enzyme–substrate/product,Protein,Metabolite
P15586,HMDB0059597,GNS,Hydrogen Ion,NA,from_to,Enzyme–substrate/product,Protein,Metabolite
Q00796,HMDB0059597,SORD,Hydrogen Ion,NA,from_to,Enzyme–substrate/product,Protein,Metabolite
P10768,HMDB0059597,ESD,Hydrogen Ion,NA,from_to,Enzyme–substrate/product,Protein,Metabolite
P00441,HMDB0059597,SOD1,Hydrogen Ion,NA,from_to,Enzyme–substrate/product,Protein,Metabolite
P04179,HMDB0059597,SOD2,Hydrogen Ion,NA,from_to,Enzyme–substrate/product,Protein,Metabolite
P02792,HMDB0059597,FTL,Hydrogen Ion,NA,from_to,Enzyme–substrate/product,Protein,Metabolite
P02794,HMDB0059597,FTH1,Hydrogen Ion,NA,from_to,Enzyme–substrate/product,Protein,Metabolite
P00450,HMDB0059597,CP,Hydrogen Ion,NA,from_to,Enzyme–substrate/product,Protein,Metabolite
P00387,HMDB0059597,CYB5R3,Hydrogen Ion,NA,from_to,Enzyme–substrate/product,Protein,Metabolite
Q9BY49,HMDB0059597,PECR,Hydrogen Ion,NA,from_to,Enzyme–substrate/product,Protein,Metabolite
Q6XQN6,HMDB0059597,NAPRT,Hydrogen Ion,NA,from_to,Enzyme–substrate/product,Protein,Metabolite
Q03154,HMDB0000214,ACY1,Ornithine,NA,from_to,Enzyme–substrate/product,Protein,Metabolite
P05089,HMDB0000214,ARG1,Ornithine,NA,from_to,Enzyme–substrate/product,Protein,Metabolite
P00480,HMDB0000214,OTC,Ornithine,NA,from_to,Enzyme–substrate/product,Protein,Metabolite
Q16851,HMDB0000285,UGP2,Uridine triphosphate,NA,from_to,Enzyme–substrate/product,Protein,Metabolite
Q5TAX3,HMDB0000285,ZCCHC11,Uridine triphosphate,NA,from_to,Enzyme–substrate/product,Protein,Metabolite
P51003,HMDB0000285,PAPOLA,Uridine triphosphate,NA,from_to,Enzyme–substrate/product,Protein,Metabolite
P15531,HMDB0000285,NME1,Uridine triphosphate,NA,from_to,Enzyme–substrate/product,Protein,Metabolite
Q13232,HMDB0000285,NME3,Uridine triphosphate,NA,from_to,Enzyme–substrate/product,Protein,Metabolite
P06733,HMDB0000263,ENO1,Phosphoenolpyruvic acid,NA,from_to,Enzyme–substrate/product,Protein,Metabolite
P14618,HMDB0000263,PKM,Phosphoenolpyruvic acid,NA,from_to,Enzyme–substrate/product,Protein,Metabolite
P08195,HMDB0000696,SLC3A2,L-Methionine,NA,from_to,Enzyme–substrate/product,Protein,Metabolite
Q03154,HMDB0000696,ACY1,L-Methionine,NA,from_to,Enzyme–substrate/product,Protein,Metabolite
P10619,HMDB0000696,CTSA,L-Methionine,NA,from_to,Enzyme–substrate/product,Protein,Metabolite
Q93088,HMDB0000696,BHMT,L-Methionine,NA,from_to,Enzyme–substrate/product,Protein,Metabolite
Q9H2M3,HMDB0000696,BHMT2,L-Methionine,NA,from_to,Enzyme–substrate/product,Protein,Metabolite
O14773,HMDB0000696,TPP1,L-Methionine,NA,from_to,Enzyme–substrate/product,Protein,Metabolite
P02647,HMDB0000696,APOA1,L-Methionine,NA,from_to,Enzyme–substrate/product,Protein,Metabolite
Q9UBR2,HMDB0000696,CTSZ,L-Methionine,NA,from_to,Enzyme–substrate/product,Protein,Metabolite
P25774,HMDB0000696,CTSS,L-Methionine,NA,from_to,Enzyme–substrate/product,Protein,Metabolite
P09668,HMDB0000696,CTSH,L-Methionine,NA,from_to,Enzyme–substrate/product,Protein,Metabolite
P07711,HMDB0000696,CTSL,L-Methionine,NA,from_to,Enzyme–substrate/product,Protein,Metabolite
P53634,HMDB0000696,CTSC,L-Methionine,NA,from_to,Enzyme–substrate/product,Protein,Metabolite
P07858,HMDB0000696,CTSB,L-Methionine,NA,from_to,Enzyme–substrate/product,Protein,Metabolite
P07339,HMDB0000696,CTSD,L-Methionine,NA,from_to,Enzyme–substrate/product,Protein,Metabolite
P08311,HMDB0000696,CTSG,L-Methionine,NA,from_to,Enzyme–substrate/product,Protein,Metabolite
P56202,HMDB0000696,CTSW,L-Methionine,NA,from_to,Enzyme–substrate/product,Protein,Metabolite
Q9NZL9,HMDB0000696,MAT2B,L-Methionine,NA,from_to,Enzyme–substrate/product,Protein,Metabolite
P02768,HMDB0000696,ALB,L-Methionine,NA,from_to,Enzyme–substrate/product,Protein,Metabolite
P01011,HMDB0000696,SERPINA3,L-Methionine,NA,from_to,Enzyme–substrate/product,Protein,Metabolite
P01009,HMDB0000696,SERPINA1,L-Methionine,NA,from_to,Enzyme–substrate/product,Protein,Metabolite
P04114,HMDB0000696,APOB,L-Methionine,NA,from_to,Enzyme–substrate/product,Protein,Metabolite
P02654,HMDB0000696,APOC1,L-Methionine,NA,from_to,Enzyme–substrate/product,Protein,Metabolite
P02656,HMDB0000696,APOC3,L-Methionine,NA,from_to,Enzyme–substrate/product,Protein,Metabolite
P02671,HMDB0000696,FGA,L-Methionine,NA,from_to,Enzyme–substrate/product,Protein,Metabolite
P00747,HMDB0000696,PLG,L-Methionine,NA,from_to,Enzyme–substrate/product,Protein,Metabolite
P00734,HMDB0000696,F2,L-Methionine,NA,from_to,Enzyme–substrate/product,Protein,Metabolite
P02786,HMDB0000696,TFRC,L-Methionine,NA,from_to,Enzyme–substrate/product,Protein,Metabolite
P02649,HMDB0000696,APOE,L-Methionine,NA,from_to,Enzyme–substrate/product,Protein,Metabolite
P10599,HMDB0000696,TXN,L-Methionine,NA,from_to,Enzyme–substrate/product,Protein,Metabolite
P35754,HMDB0000044,GLRX,Ascorbic acid,NA,from_to,Enzyme–substrate/product,Protein,Metabolite
P09172,HMDB0000044,DBH,Ascorbic acid,NA,from_to,Enzyme–substrate/product,Protein,Metabolite
P19021,HMDB0000044,PAM,Ascorbic acid,NA,from_to,Enzyme–substrate/product,Protein,Metabolite
Q16853,HMDB0001426,AOC3,Formaldehyde,NA,from_to,Enzyme–substrate/product,Protein,Metabolite
P08319,HMDB0001426,ADH4,Formaldehyde,NA,from_to,Enzyme–substrate/product,Protein,Metabolite
P00325,HMDB0001426,ADH1B,Formaldehyde,NA,from_to,Enzyme–substrate/product,Protein,Metabolite
P30041,HMDB0001426,PRDX6,Formaldehyde,NA,from_to,Enzyme–substrate/product,Protein,Metabolite
P05164,HMDB0001426,MPO,Formaldehyde,NA,from_to,Enzyme–substrate/product,Protein,Metabolite
P11678,HMDB0001426,EPX,Formaldehyde,NA,from_to,Enzyme–substrate/product,Protein,Metabolite
Q9H3H1,METPA1685,TRIT1,TRNA,NA,from_to,Enzyme–substrate/product,Protein,Metabolite
P08195,HMDB0000187,SLC3A2,L-Serine,NA,from_to,Enzyme–substrate/product,Protein,Metabolite
P10619,HMDB0000187,CTSA,L-Serine,NA,from_to,Enzyme–substrate/product,Protein,Metabolite
O14773,HMDB0000187,TPP1,L-Serine,NA,from_to,Enzyme–substrate/product,Protein,Metabolite
P02647,HMDB0000187,APOA1,L-Serine,NA,from_to,Enzyme–substrate/product,Protein,Metabolite
Q9UBR2,HMDB0000187,CTSZ,L-Serine,NA,from_to,Enzyme–substrate/product,Protein,Metabolite
P25774,HMDB0000187,CTSS,L-Serine,NA,from_to,Enzyme–substrate/product,Protein,Metabolite
P09668,HMDB0000187,CTSH,L-Serine,NA,from_to,Enzyme–substrate/product,Protein,Metabolite
P07711,HMDB0000187,CTSL,L-Serine,NA,from_to,Enzyme–substrate/product,Protein,Metabolite
P53634,HMDB0000187,CTSC,L-Serine,NA,from_to,Enzyme–substrate/product,Protein,Metabolite
P07858,HMDB0000187,CTSB,L-Serine,NA,from_to,Enzyme–substrate/product,Protein,Metabolite
P07339,HMDB0000187,CTSD,L-Serine,NA,from_to,Enzyme–substrate/product,Protein,Metabolite
P08311,HMDB0000187,CTSG,L-Serine,NA,from_to,Enzyme–substrate/product,Protein,Metabolite
P56202,HMDB0000187,CTSW,L-Serine,NA,from_to,Enzyme–substrate/product,Protein,Metabolite
P02768,HMDB0000187,ALB,L-Serine,NA,from_to,Enzyme–substrate/product,Protein,Metabolite
P01011,HMDB0000187,SERPINA3,L-Serine,NA,from_to,Enzyme–substrate/product,Protein,Metabolite
P01009,HMDB0000187,SERPINA1,L-Serine,NA,from_to,Enzyme–substrate/product,Protein,Metabolite
P04114,HMDB0000187,APOB,L-Serine,NA,from_to,Enzyme–substrate/product,Protein,Metabolite
P02654,HMDB0000187,APOC1,L-Serine,NA,from_to,Enzyme–substrate/product,Protein,Metabolite
P02656,HMDB0000187,APOC3,L-Serine,NA,from_to,Enzyme–substrate/product,Protein,Metabolite
P02671,HMDB0000187,FGA,L-Serine,NA,from_to,Enzyme–substrate/product,Protein,Metabolite
P00747,HMDB0000187,PLG,L-Serine,NA,from_to,Enzyme–substrate/product,Protein,Metabolite
P00734,HMDB0000187,F2,L-Serine,NA,from_to,Enzyme–substrate/product,Protein,Metabolite
P02786,HMDB0000187,TFRC,L-Serine,NA,from_to,Enzyme–substrate/product,Protein,Metabolite
P02649,HMDB0000187,APOE,L-Serine,NA,from_to,Enzyme–substrate/product,Protein,Metabolite
P10599,HMDB0000187,TXN,L-Serine,NA,from_to,Enzyme–substrate/product,Protein,Metabolite
P08195,HMDB0000641,SLC3A2,L-Glutamine,NA,from_to,Enzyme–substrate/product,Protein,Metabolite
P27708,HMDB0000641,CAD,L-Glutamine,NA,from_to,Enzyme–substrate/product,Protein,Metabolite
P10619,HMDB0000641,CTSA,L-Glutamine,NA,from_to,Enzyme–substrate/product,Protein,Metabolite
O14773,HMDB0000641,TPP1,L-Glutamine,NA,from_to,Enzyme–substrate/product,Protein,Metabolite
P02647,HMDB0000641,APOA1,L-Glutamine,NA,from_to,Enzyme–substrate/product,Protein,Metabolite
Q9UBR2,HMDB0000641,CTSZ,L-Glutamine,NA,from_to,Enzyme–substrate/product,Protein,Metabolite
P25774,HMDB0000641,CTSS,L-Glutamine,NA,from_to,Enzyme–substrate/product,Protein,Metabolite
P09668,HMDB0000641,CTSH,L-Glutamine,NA,from_to,Enzyme–substrate/product,Protein,Metabolite
P07711,HMDB0000641,CTSL,L-Glutamine,NA,from_to,Enzyme–substrate/product,Protein,Metabolite
P53634,HMDB0000641,CTSC,L-Glutamine,NA,from_to,Enzyme–substrate/product,Protein,Metabolite
P07858,HMDB0000641,CTSB,L-Glutamine,NA,from_to,Enzyme–substrate/product,Protein,Metabolite
P07339,HMDB0000641,CTSD,L-Glutamine,NA,from_to,Enzyme–substrate/product,Protein,Metabolite
P08311,HMDB0000641,CTSG,L-Glutamine,NA,from_to,Enzyme–substrate/product,Protein,Metabolite
P56202,HMDB0000641,CTSW,L-Glutamine,NA,from_to,Enzyme–substrate/product,Protein,Metabolite
P02768,HMDB0000641,ALB,L-Glutamine,NA,from_to,Enzyme–substrate/product,Protein,Metabolite
P01011,HMDB0000641,SERPINA3,L-Glutamine,NA,from_to,Enzyme–substrate/product,Protein,Metabolite
P01009,HMDB0000641,SERPINA1,L-Glutamine,NA,from_to,Enzyme–substrate/product,Protein,Metabolite
P04114,HMDB0000641,APOB,L-Glutamine,NA,from_to,Enzyme–substrate/product,Protein,Metabolite
P02654,HMDB0000641,APOC1,L-Glutamine,NA,from_to,Enzyme–substrate/product,Protein,Metabolite
P02656,HMDB0000641,APOC3,L-Glutamine,NA,from_to,Enzyme–substrate/product,Protein,Metabolite
P02671,HMDB0000641,FGA,L-Glutamine,NA,from_to,Enzyme–substrate/product,Protein,Metabolite
P00747,HMDB0000641,PLG,L-Glutamine,NA,from_to,Enzyme–substrate/product,Protein,Metabolite
P00734,HMDB0000641,F2,L-Glutamine,NA,from_to,Enzyme–substrate/product,Protein,Metabolite
P02786,HMDB0000641,TFRC,L-Glutamine,NA,from_to,Enzyme–substrate/product,Protein,Metabolite
P02649,HMDB0000641,APOE,L-Glutamine,NA,from_to,Enzyme–substrate/product,Protein,Metabolite
P10599,HMDB0000641,TXN,L-Glutamine,NA,from_to,Enzyme–substrate/product,Protein,Metabolite
Q5TAX3,HMDB0000082,ZCCHC11,Cytidine triphosphate,NA,from_to,Enzyme–substrate/product,Protein,Metabolite
P51003,HMDB0000082,PAPOLA,Cytidine triphosphate,NA,from_to,Enzyme–substrate/product,Protein,Metabolite
P15531,HMDB0000082,NME1,Cytidine triphosphate,NA,from_to,Enzyme–substrate/product,Protein,Metabolite
Q13232,HMDB0000082,NME3,Cytidine triphosphate,NA,from_to,Enzyme–substrate/product,Protein,Metabolite
P08195,HMDB0000517,SLC3A2,L-Arginine,NA,from_to,Enzyme–substrate/product,Protein,Metabolite
P05089,HMDB0000517,ARG1,L-Arginine,NA,from_to,Enzyme–substrate/product,Protein,Metabolite
P04424,HMDB0000517,ASL,L-Arginine,NA,from_to,Enzyme–substrate/product,Protein,Metabolite
P10619,HMDB0000517,CTSA,L-Arginine,NA,from_to,Enzyme–substrate/product,Protein,Metabolite
O14773,HMDB0000517,TPP1,L-Arginine,NA,from_to,Enzyme–substrate/product,Protein,Metabolite
P02647,HMDB0000517,APOA1,L-Arginine,NA,from_to,Enzyme–substrate/product,Protein,Metabolite
Q9UBR2,HMDB0000517,CTSZ,L-Arginine,NA,from_to,Enzyme–substrate/product,Protein,Metabolite
P25774,HMDB0000517,CTSS,L-Arginine,NA,from_to,Enzyme–substrate/product,Protein,Metabolite
P09668,HMDB0000517,CTSH,L-Arginine,NA,from_to,Enzyme–substrate/product,Protein,Metabolite
P07711,HMDB0000517,CTSL,L-Arginine,NA,from_to,Enzyme–substrate/product,Protein,Metabolite
P53634,HMDB0000517,CTSC,L-Arginine,NA,from_to,Enzyme–substrate/product,Protein,Metabolite
P07858,HMDB0000517,CTSB,L-Arginine,NA,from_to,Enzyme–substrate/product,Protein,Metabolite
P07339,HMDB0000517,CTSD,L-Arginine,NA,from_to,Enzyme–substrate/product,Protein,Metabolite
P08311,HMDB0000517,CTSG,L-Arginine,NA,from_to,Enzyme–substrate/product,Protein,Metabolite
P56202,HMDB0000517,CTSW,L-Arginine,NA,from_to,Enzyme–substrate/product,Protein,Metabolite
P02768,HMDB0000517,ALB,L-Arginine,NA,from_to,Enzyme–substrate/product,Protein,Metabolite
P01011,HMDB0000517,SERPINA3,L-Arginine,NA,from_to,Enzyme–substrate/product,Protein,Metabolite
P01009,HMDB0000517,SERPINA1,L-Arginine,NA,from_to,Enzyme–substrate/product,Protein,Metabolite
P04114,HMDB0000517,APOB,L-Arginine,NA,from_to,Enzyme–substrate/product,Protein,Metabolite
P02654,HMDB0000517,APOC1,L-Arginine,NA,from_to,Enzyme–substrate/product,Protein,Metabolite
P02656,HMDB0000517,APOC3,L-Arginine,NA,from_to,Enzyme–substrate/product,Protein,Metabolite
P02671,HMDB0000517,FGA,L-Arginine,NA,from_to,Enzyme–substrate/product,Protein,Metabolite
P00747,HMDB0000517,PLG,L-Arginine,NA,from_to,Enzyme–substrate/product,Protein,Metabolite
P00734,HMDB0000517,F2,L-Arginine,NA,from_to,Enzyme–substrate/product,Protein,Metabolite
P02786,HMDB0000517,TFRC,L-Arginine,NA,from_to,Enzyme–substrate/product,Protein,Metabolite
P02649,HMDB0000517,APOE,L-Arginine,NA,from_to,Enzyme–substrate/product,Protein,Metabolite
P13686,HMDB0001520,ACP5,Flavin Mononucleotide,NA,from_to,Enzyme–substrate/product,Protein,Metabolite
P22413,HMDB0001520,ENPP1,Flavin Mononucleotide,NA,from_to,Enzyme–substrate/product,Protein,Metabolite
Q08426,HMDB0000142,EHHADH,Formic acid,NA,from_to,Enzyme–substrate/product,Protein,Metabolite
P33260,HMDB0000142,CYP2C18,Formic acid,NA,from_to,Enzyme–substrate/product,Protein,Metabolite
Q96SQ9,HMDB0000142,CYP2S1,Formic acid,NA,from_to,Enzyme–substrate/product,Protein,Metabolite
P10768,HMDB0000142,ESD,Formic acid,NA,from_to,Enzyme–substrate/product,Protein,Metabolite
P13686,HMDB0000095,ACP5,Cytidine monophosphate,NA,from_to,Enzyme–substrate/product,Protein,Metabolite
Q11201,HMDB0000095,ST3GAL1,Cytidine monophosphate,NA,from_to,Enzyme–substrate/product,Protein,Metabolite
Q9Y274,HMDB0000095,ST3GAL6,Cytidine monophosphate,NA,from_to,Enzyme–substrate/product,Protein,Metabolite
Q9NSC7,HMDB0000095,ST6GALNAC1,Cytidine monophosphate,NA,from_to,Enzyme–substrate/product,Protein,Metabolite
P21589,HMDB0000095,NT5E,Cytidine monophosphate,NA,from_to,Enzyme–substrate/product,Protein,Metabolite
P15907,HMDB0000095,ST6GAL1,Cytidine monophosphate,NA,from_to,Enzyme–substrate/product,Protein,Metabolite
Q9NY97,HMDB0000302,B3GNT2,Uridine diphosphategalactose,NA,from_to,Enzyme–substrate/product,Protein,Metabolite
P15291,HMDB0000302,B4GALT1,Uridine diphosphategalactose,NA,from_to,Enzyme–substrate/product,Protein,Metabolite
Q86SF2,HMDB0000302,GALNT7,Uridine diphosphategalactose,NA,from_to,Enzyme–substrate/product,Protein,Metabolite
Q8WZA1,HMDB0000302,POMGNT1,Uridine diphosphategalactose,NA,from_to,Enzyme–substrate/product,Protein,Metabolite
Q9NYU2,HMDB0000302,UGGT1,Uridine diphosphategalactose,NA,from_to,Enzyme–substrate/product,Protein,Metabolite
Q16775,HMDB0000125,HAGH,Glutathione,NA,from_to,Enzyme–substrate/product,Protein,Metabolite
P00390,HMDB0000125,GSR,Glutathione,NA,from_to,Enzyme–substrate/product,Protein,Metabolite
P07203,HMDB0000125,GPX1,Glutathione,NA,from_to,Enzyme–substrate/product,Protein,Metabolite
Q06830,HMDB0000125,PRDX1,Glutathione,NA,from_to,Enzyme–substrate/product,Protein,Metabolite
P32119,HMDB0000125,PRDX2,Glutathione,NA,from_to,Enzyme–substrate/product,Protein,Metabolite
P22352,HMDB0000125,GPX3,Glutathione,NA,from_to,Enzyme–substrate/product,Protein,Metabolite
P48637,HMDB0000125,GSS,Glutathione,NA,from_to,Enzyme–substrate/product,Protein,Metabolite
P30041,HMDB0000125,PRDX6,Glutathione,NA,from_to,Enzyme–substrate/product,Protein,Metabolite
P09211,HMDB0000125,GSTP1,Glutathione,NA,from_to,Enzyme–substrate/product,Protein,Metabolite
P78417,HMDB0000125,GSTO1,Glutathione,NA,from_to,Enzyme–substrate/product,Protein,Metabolite
P30711,HMDB0000125,GSTT1,Glutathione,NA,from_to,Enzyme–substrate/product,Protein,Metabolite
P13667,HMDB0000125,PDIA4,Glutathione,NA,from_to,Enzyme–substrate/product,Protein,Metabolite
P07237,HMDB0000125,P4HB,Glutathione,NA,from_to,Enzyme–substrate/product,Protein,Metabolite
Q15084,HMDB0000125,PDIA6,Glutathione,NA,from_to,Enzyme–substrate/product,Protein,Metabolite
P30101,HMDB0000125,PDIA3,Glutathione,NA,from_to,Enzyme–substrate/product,Protein,Metabolite
Q04760,HMDB0000125,GLO1,Glutathione,NA,from_to,Enzyme–substrate/product,Protein,Metabolite
P10768,HMDB0000125,ESD,Glutathione,NA,from_to,Enzyme–substrate/product,Protein,Metabolite
P17174,HMDB0000191,GOT1,L-Aspartic acid,NA,from_to,Enzyme–substrate/product,Protein,Metabolite
P30520,HMDB0000191,ADSS,L-Aspartic acid,NA,from_to,Enzyme–substrate/product,Protein,Metabolite
P00966,HMDB0000191,ASS1,L-Aspartic acid,NA,from_to,Enzyme–substrate/product,Protein,Metabolite
P27708,HMDB0000191,CAD,L-Aspartic acid,NA,from_to,Enzyme–substrate/product,Protein,Metabolite
P10619,HMDB0000191,CTSA,L-Aspartic acid,NA,from_to,Enzyme–substrate/product,Protein,Metabolite
O14773,HMDB0000191,TPP1,L-Aspartic acid,NA,from_to,Enzyme–substrate/product,Protein,Metabolite
P02647,HMDB0000191,APOA1,L-Aspartic acid,NA,from_to,Enzyme–substrate/product,Protein,Metabolite
Q9UBR2,HMDB0000191,CTSZ,L-Aspartic acid,NA,from_to,Enzyme–substrate/product,Protein,Metabolite
P25774,HMDB0000191,CTSS,L-Aspartic acid,NA,from_to,Enzyme–substrate/product,Protein,Metabolite
P09668,HMDB0000191,CTSH,L-Aspartic acid,NA,from_to,Enzyme–substrate/product,Protein,Metabolite
P07711,HMDB0000191,CTSL,L-Aspartic acid,NA,from_to,Enzyme–substrate/product,Protein,Metabolite
P53634,HMDB0000191,CTSC,L-Aspartic acid,NA,from_to,Enzyme–substrate/product,Protein,Metabolite
P07858,HMDB0000191,CTSB,L-Aspartic acid,NA,from_to,Enzyme–substrate/product,Protein,Metabolite
P07339,HMDB0000191,CTSD,L-Aspartic acid,NA,from_to,Enzyme–substrate/product,Protein,Metabolite
P08311,HMDB0000191,CTSG,L-Aspartic acid,NA,from_to,Enzyme–substrate/product,Protein,Metabolite
P56202,HMDB0000191,CTSW,L-Aspartic acid,NA,from_to,Enzyme–substrate/product,Protein,Metabolite
P02768,HMDB0000191,ALB,L-Aspartic acid,NA,from_to,Enzyme–substrate/product,Protein,Metabolite
P01011,HMDB0000191,SERPINA3,L-Aspartic acid,NA,from_to,Enzyme–substrate/product,Protein,Metabolite
P01009,HMDB0000191,SERPINA1,L-Aspartic acid,NA,from_to,Enzyme–substrate/product,Protein,Metabolite
P04114,HMDB0000191,APOB,L-Aspartic acid,NA,from_to,Enzyme–substrate/product,Protein,Metabolite
P02654,HMDB0000191,APOC1,L-Aspartic acid,NA,from_to,Enzyme–substrate/product,Protein,Metabolite
P02656,HMDB0000191,APOC3,L-Aspartic acid,NA,from_to,Enzyme–substrate/product,Protein,Metabolite
P02671,HMDB0000191,FGA,L-Aspartic acid,NA,from_to,Enzyme–substrate/product,Protein,Metabolite
P00747,HMDB0000191,PLG,L-Aspartic acid,NA,from_to,Enzyme–substrate/product,Protein,Metabolite
P00734,HMDB0000191,F2,L-Aspartic acid,NA,from_to,Enzyme–substrate/product,Protein,Metabolite
P02786,HMDB0000191,TFRC,L-Aspartic acid,NA,from_to,Enzyme–substrate/product,Protein,Metabolite
P02649,HMDB0000191,APOE,L-Aspartic acid,NA,from_to,Enzyme–substrate/product,Protein,Metabolite
P10599,HMDB0000191,TXN,L-Aspartic acid,NA,from_to,Enzyme–substrate/product,Protein,Metabolite
P07195,HMDB0000119,LDHB,Glyoxylic acid,NA,from_to,Enzyme–substrate/product,Protein,Metabolite
P00338,HMDB0000119,LDHA,Glyoxylic acid,NA,from_to,Enzyme–substrate/product,Protein,Metabolite
Q5TAX3,METPA0004,ZCCHC11,RNA,NA,from_to,Enzyme–substrate/product,Protein,Metabolite
P51003,METPA0004,PAPOLA,RNA,NA,from_to,Enzyme–substrate/product,Protein,Metabolite
Q8TCS8,METPA0004,PNPT1,RNA,NA,from_to,Enzyme–substrate/product,Protein,Metabolite
P30520,HMDB0001273,ADSS,Guanosine triphosphate,NA,from_to,Enzyme–substrate/product,Protein,Metabolite
P33402,HMDB0001273,GUCY1A2,Guanosine triphosphate,NA,from_to,Enzyme–substrate/product,Protein,Metabolite
Q5TAX3,HMDB0001273,ZCCHC11,Guanosine triphosphate,NA,from_to,Enzyme–substrate/product,Protein,Metabolite
P51003,HMDB0001273,PAPOLA,Guanosine triphosphate,NA,from_to,Enzyme–substrate/product,Protein,Metabolite
Q96I99,HMDB0001273,SUCLG2,Guanosine triphosphate,NA,from_to,Enzyme–substrate/product,Protein,Metabolite
P15531,HMDB0001273,NME1,Guanosine triphosphate,NA,from_to,Enzyme–substrate/product,Protein,Metabolite
Q13232,HMDB0001273,NME3,Guanosine triphosphate,NA,from_to,Enzyme–substrate/product,Protein,Metabolite
Q9NY97,HMDB0000290,B3GNT2,Uridine diphosphate-N-acetylglucosamine,NA,from_to,Enzyme–substrate/product,Protein,Metabolite
O43505,HMDB0000290,B3GNT1,Uridine diphosphate-N-acetylglucosamine,NA,from_to,Enzyme–substrate/product,Protein,Metabolite
Q93063,HMDB0000290,EXT2,Uridine diphosphate-N-acetylglucosamine,NA,from_to,Enzyme–substrate/product,Protein,Metabolite
Q16394,HMDB0000290,EXT1,Uridine diphosphate-N-acetylglucosamine,NA,from_to,Enzyme–substrate/product,Protein,Metabolite
P26572,HMDB0000290,MGAT1,Uridine diphosphate-N-acetylglucosamine,NA,from_to,Enzyme–substrate/product,Protein,Metabolite
Q02809,HMDB0000254,PLOD1,Succinic acid,NA,from_to,Enzyme–substrate/product,Protein,Metabolite
Q12797,HMDB0000254,ASPH,Succinic acid,NA,from_to,Enzyme–substrate/product,Protein,Metabolite
P07237,HMDB0000254,P4HB,Succinic acid,NA,from_to,Enzyme–substrate/product,Protein,Metabolite
Q96I99,HMDB0000254,SUCLG2,Succinic acid,NA,from_to,Enzyme–substrate/product,Protein,Metabolite
P08195,HMDB0000161,SLC3A2,L-Alanine,NA,from_to,Enzyme–substrate/product,Protein,Metabolite
Q96KN2,HMDB0000161,CNDP1,L-Alanine,NA,from_to,Enzyme–substrate/product,Protein,Metabolite
Q96KP4,HMDB0000161,CNDP2,L-Alanine,NA,from_to,Enzyme–substrate/product,Protein,Metabolite
P24298,HMDB0000161,GPT,L-Alanine,NA,from_to,Enzyme–substrate/product,Protein,Metabolite
P10619,HMDB0000161,CTSA,L-Alanine,NA,from_to,Enzyme–substrate/product,Protein,Metabolite
O75223,HMDB0000161,GGCT,L-Alanine,NA,from_to,Enzyme–substrate/product,Protein,Metabolite
O14773,HMDB0000161,TPP1,L-Alanine,NA,from_to,Enzyme–substrate/product,Protein,Metabolite
P02647,HMDB0000161,APOA1,L-Alanine,NA,from_to,Enzyme–substrate/product,Protein,Metabolite
Q9UBR2,HMDB0000161,CTSZ,L-Alanine,NA,from_to,Enzyme–substrate/product,Protein,Metabolite
P25774,HMDB0000161,CTSS,L-Alanine,NA,from_to,Enzyme–substrate/product,Protein,Metabolite
P09668,HMDB0000161,CTSH,L-Alanine,NA,from_to,Enzyme–substrate/product,Protein,Metabolite
P07711,HMDB0000161,CTSL,L-Alanine,NA,from_to,Enzyme–substrate/product,Protein,Metabolite
P53634,HMDB0000161,CTSC,L-Alanine,NA,from_to,Enzyme–substrate/product,Protein,Metabolite
P07858,HMDB0000161,CTSB,L-Alanine,NA,from_to,Enzyme–substrate/product,Protein,Metabolite
P07339,HMDB0000161,CTSD,L-Alanine,NA,from_to,Enzyme–substrate/product,Protein,Metabolite
P08311,HMDB0000161,CTSG,L-Alanine,NA,from_to,Enzyme–substrate/product,Protein,Metabolite
P56202,HMDB0000161,CTSW,L-Alanine,NA,from_to,Enzyme–substrate/product,Protein,Metabolite
O75594,HMDB0000161,PGLYRP1,L-Alanine,NA,from_to,Enzyme–substrate/product,Protein,Metabolite
P02768,HMDB0000161,ALB,L-Alanine,NA,from_to,Enzyme–substrate/product,Protein,Metabolite
P01011,HMDB0000161,SERPINA3,L-Alanine,NA,from_to,Enzyme–substrate/product,Protein,Metabolite
P01009,HMDB0000161,SERPINA1,L-Alanine,NA,from_to,Enzyme–substrate/product,Protein,Metabolite
P04114,HMDB0000161,APOB,L-Alanine,NA,from_to,Enzyme–substrate/product,Protein,Metabolite
P02654,HMDB0000161,APOC1,L-Alanine,NA,from_to,Enzyme–substrate/product,Protein,Metabolite
P02656,HMDB0000161,APOC3,L-Alanine,NA,from_to,Enzyme–substrate/product,Protein,Metabolite
P02671,HMDB0000161,FGA,L-Alanine,NA,from_to,Enzyme–substrate/product,Protein,Metabolite
P00747,HMDB0000161,PLG,L-Alanine,NA,from_to,Enzyme–substrate/product,Protein,Metabolite
P00734,HMDB0000161,F2,L-Alanine,NA,from_to,Enzyme–substrate/product,Protein,Metabolite
P02786,HMDB0000161,TFRC,L-Alanine,NA,from_to,Enzyme–substrate/product,Protein,Metabolite
P02649,HMDB0000161,APOE,L-Alanine,NA,from_to,Enzyme–substrate/product,Protein,Metabolite
P10599,HMDB0000161,TXN,L-Alanine,NA,from_to,Enzyme–substrate/product,Protein,Metabolite
Q9Y6K1,METPA0002,DNMT3A,DNA,NA,from_to,Enzyme–substrate/product,Protein,Metabolite
P28340,METPA0002,POLD1,DNA,NA,from_to,Enzyme–substrate/product,Protein,Metabolite
P06746,METPA0002,POLB,DNA,NA,from_to,Enzyme–substrate/product,Protein,Metabolite
P08195,HMDB0000123,SLC3A2,Glycine,NA,from_to,Enzyme–substrate/product,Protein,Metabolite
Q96KN2,HMDB0000123,CNDP1,Glycine,NA,from_to,Enzyme–substrate/product,Protein,Metabolite
Q96KP4,HMDB0000123,CNDP2,Glycine,NA,from_to,Enzyme–substrate/product,Protein,Metabolite
P15144,HMDB0000123,ANPEP,Glycine,NA,from_to,Enzyme–substrate/product,Protein,Metabolite
P10619,HMDB0000123,CTSA,Glycine,NA,from_to,Enzyme–substrate/product,Protein,Metabolite
P12955,HMDB0000123,PEPD,Glycine,NA,from_to,Enzyme–substrate/product,Protein,Metabolite
O14773,HMDB0000123,TPP1,Glycine,NA,from_to,Enzyme–substrate/product,Protein,Metabolite
P48637,HMDB0000123,GSS,Glycine,NA,from_to,Enzyme–substrate/product,Protein,Metabolite
P02647,HMDB0000123,APOA1,Glycine,NA,from_to,Enzyme–substrate/product,Protein,Metabolite
Q9H4A9,HMDB0000123,DPEP2,Glycine,NA,from_to,Enzyme–substrate/product,Protein,Metabolite
Q9UBR2,HMDB0000123,CTSZ,Glycine,NA,from_to,Enzyme–substrate/product,Protein,Metabolite
P25774,HMDB0000123,CTSS,Glycine,NA,from_to,Enzyme–substrate/product,Protein,Metabolite
P09668,HMDB0000123,CTSH,Glycine,NA,from_to,Enzyme–substrate/product,Protein,Metabolite
P07711,HMDB0000123,CTSL,Glycine,NA,from_to,Enzyme–substrate/product,Protein,Metabolite
P53634,HMDB0000123,CTSC,Glycine,NA,from_to,Enzyme–substrate/product,Protein,Metabolite
P07858,HMDB0000123,CTSB,Glycine,NA,from_to,Enzyme–substrate/product,Protein,Metabolite
P07339,HMDB0000123,CTSD,Glycine,NA,from_to,Enzyme–substrate/product,Protein,Metabolite
P08311,HMDB0000123,CTSG,Glycine,NA,from_to,Enzyme–substrate/product,Protein,Metabolite
P56202,HMDB0000123,CTSW,Glycine,NA,from_to,Enzyme–substrate/product,Protein,Metabolite
P02768,HMDB0000123,ALB,Glycine,NA,from_to,Enzyme–substrate/product,Protein,Metabolite
P01011,HMDB0000123,SERPINA3,Glycine,NA,from_to,Enzyme–substrate/product,Protein,Metabolite
P01009,HMDB0000123,SERPINA1,Glycine,NA,from_to,Enzyme–substrate/product,Protein,Metabolite
P04114,HMDB0000123,APOB,Glycine,NA,from_to,Enzyme–substrate/product,Protein,Metabolite
P02654,HMDB0000123,APOC1,Glycine,NA,from_to,Enzyme–substrate/product,Protein,Metabolite
P02656,HMDB0000123,APOC3,Glycine,NA,from_to,Enzyme–substrate/product,Protein,Metabolite
P02671,HMDB0000123,FGA,Glycine,NA,from_to,Enzyme–substrate/product,Protein,Metabolite
P00747,HMDB0000123,PLG,Glycine,NA,from_to,Enzyme–substrate/product,Protein,Metabolite
P00734,HMDB0000123,F2,Glycine,NA,from_to,Enzyme–substrate/product,Protein,Metabolite
P02786,HMDB0000123,TFRC,Glycine,NA,from_to,Enzyme–substrate/product,Protein,Metabolite
P02649,HMDB0000123,APOE,Glycine,NA,from_to,Enzyme–substrate/product,Protein,Metabolite
P10599,HMDB0000123,TXN,Glycine,NA,from_to,Enzyme–substrate/product,Protein,Metabolite
P17174,HMDB0000223,GOT1,Oxalacetic acid,NA,from_to,Enzyme–substrate/product,Protein,Metabolite
P40925,HMDB0000223,MDH1,Oxalacetic acid,NA,from_to,Enzyme–substrate/product,Protein,Metabolite
P40926,HMDB0000223,MDH2,Oxalacetic acid,NA,from_to,Enzyme–substrate/product,Protein,Metabolite
P30520,HMDB0001201,ADSS,Guanosine diphosphate,NA,from_to,Enzyme–substrate/product,Protein,Metabolite
Q9P2X0,HMDB0001201,DPM3,Guanosine diphosphate,NA,from_to,Enzyme–substrate/product,Protein,Metabolite
Q8TCS8,HMDB0001201,PNPT1,Guanosine diphosphate,NA,from_to,Enzyme–substrate/product,Protein,Metabolite
Q96I99,HMDB0001201,SUCLG2,Guanosine diphosphate,NA,from_to,Enzyme–substrate/product,Protein,Metabolite
P15531,HMDB0001201,NME1,Guanosine diphosphate,NA,from_to,Enzyme–substrate/product,Protein,Metabolite
Q13232,HMDB0001201,NME3,Guanosine diphosphate,NA,from_to,Enzyme–substrate/product,Protein,Metabolite
Q03154,HMDB0000042,ACY1,Acetic acid,NA,from_to,Enzyme–substrate/product,Protein,Metabolite
P00352,HMDB0000042,ALDH1A1,Acetic acid,NA,from_to,Enzyme–substrate/product,Protein,Metabolite
P06276,HMDB0000042,BCHE,Acetic acid,NA,from_to,Enzyme–substrate/product,Protein,Metabolite
Q15102,HMDB0000042,PAFAH1B3,Acetic acid,NA,from_to,Enzyme–substrate/product,Protein,Metabolite
P68402,HMDB0000042,PAFAH1B2,Acetic acid,NA,from_to,Enzyme–substrate/product,Protein,Metabolite
Q13093,HMDB0000042,PLA2G7,Acetic acid,NA,from_to,Enzyme–substrate/product,Protein,Metabolite
Q07954,HMDB0003178,LRP1,Heme,NA,from_to,Enzyme–substrate/product,Protein,Metabolite
P08195,HMDB0000122,SLC3A2,D-Glucose,NA,from_to,Enzyme–substrate/product,Protein,Metabolite
P04746,HMDB0000122,AMY2A,D-Glucose,NA,from_to,Enzyme–substrate/product,Protein,Metabolite
P10619,HMDB0000122,CTSA,D-Glucose,NA,from_to,Enzyme–substrate/product,Protein,Metabolite
P11169,HMDB0000122,SLC2A3,D-Glucose,NA,from_to,Enzyme–substrate/product,Protein,Metabolite
P11166,HMDB0000122,SLC2A1,D-Glucose,NA,from_to,Enzyme–substrate/product,Protein,Metabolite
P15291,HMDB0000122,B4GALT1,D-Glucose,NA,from_to,Enzyme–substrate/product,Protein,Metabolite
O43451,HMDB0000122,MGAM,D-Glucose,NA,from_to,Enzyme–substrate/product,Protein,Metabolite
P06737,HMDB0000122,PYGL,D-Glucose,NA,from_to,Enzyme–substrate/product,Protein,Metabolite
P11216,HMDB0000122,PYGB,D-Glucose,NA,from_to,Enzyme–substrate/product,Protein,Metabolite
P52790,HMDB0000122,HK3,D-Glucose,NA,from_to,Enzyme–substrate/product,Protein,Metabolite
Q13724,HMDB0000122,MOGS,D-Glucose,NA,from_to,Enzyme–substrate/product,Protein,Metabolite
P22413,HMDB0000286,ENPP1,Uridine diphosphate glucose,NA,from_to,Enzyme–substrate/product,Protein,Metabolite
Q16851,HMDB0000286,UGP2,Uridine diphosphate glucose,NA,from_to,Enzyme–substrate/product,Protein,Metabolite
Q13822,HMDB0000286,ENPP2,Uridine diphosphate glucose,NA,from_to,Enzyme–substrate/product,Protein,Metabolite
Q16853,HMDB0003125,AOC3,Hydrogen peroxide,NA,from_to,Enzyme–substrate/product,Protein,Metabolite
Q08426,HMDB0003125,EHHADH,Hydrogen peroxide,NA,from_to,Enzyme–substrate/product,Protein,Metabolite
P51659,HMDB0003125,HSD17B4,Hydrogen peroxide,NA,from_to,Enzyme–substrate/product,Protein,Metabolite
P09110,HMDB0003125,ACAA1,Hydrogen peroxide,NA,from_to,Enzyme–substrate/product,Protein,Metabolite
P09917,HMDB0003125,ALOX5,Hydrogen peroxide,NA,from_to,Enzyme–substrate/product,Protein,Metabolite
P04040,HMDB0003125,CAT,Hydrogen peroxide,NA,from_to,Enzyme–substrate/product,Protein,Metabolite
P42126,HMDB0003125,ECI1,Hydrogen peroxide,NA,from_to,Enzyme–substrate/product,Protein,Metabolite
P07203,HMDB0003125,GPX1,Hydrogen peroxide,NA,from_to,Enzyme–substrate/product,Protein,Metabolite
Q06830,HMDB0003125,PRDX1,Hydrogen peroxide,NA,from_to,Enzyme–substrate/product,Protein,Metabolite
P32119,HMDB0003125,PRDX2,Hydrogen peroxide,NA,from_to,Enzyme–substrate/product,Protein,Metabolite
P22352,HMDB0003125,GPX3,Hydrogen peroxide,NA,from_to,Enzyme–substrate/product,Protein,Metabolite
P33260,HMDB0003125,CYP2C18,Hydrogen peroxide,NA,from_to,Enzyme–substrate/product,Protein,Metabolite
Q96SQ9,HMDB0003125,CYP2S1,Hydrogen peroxide,NA,from_to,Enzyme–substrate/product,Protein,Metabolite
P30041,HMDB0003125,PRDX6,Hydrogen peroxide,NA,from_to,Enzyme–substrate/product,Protein,Metabolite
Q96CM8,HMDB0003125,ACSF2,Hydrogen peroxide,NA,from_to,Enzyme–substrate/product,Protein,Metabolite
P05164,HMDB0003125,MPO,Hydrogen peroxide,NA,from_to,Enzyme–substrate/product,Protein,Metabolite
P11678,HMDB0003125,EPX,Hydrogen peroxide,NA,from_to,Enzyme–substrate/product,Protein,Metabolite
Q9UHG3,HMDB0003125,PCYOX1,Hydrogen peroxide,NA,from_to,Enzyme–substrate/product,Protein,Metabolite
P00441,HMDB0003125,SOD1,Hydrogen peroxide,NA,from_to,Enzyme–substrate/product,Protein,Metabolite
P04179,HMDB0003125,SOD2,Hydrogen peroxide,NA,from_to,Enzyme–substrate/product,Protein,Metabolite
P36957,HMDB0000208,DLST,Oxoglutaric acid,NA,from_to,Enzyme–substrate/product,Protein,Metabolite
P17174,HMDB0000208,GOT1,Oxoglutaric acid,NA,from_to,Enzyme–substrate/product,Protein,Metabolite
P24298,HMDB0000208,GPT,Oxoglutaric acid,NA,from_to,Enzyme–substrate/product,Protein,Metabolite
P00367,HMDB0000208,GLUD1,Oxoglutaric acid,NA,from_to,Enzyme–substrate/product,Protein,Metabolite
Q02809,HMDB0000208,PLOD1,Oxoglutaric acid,NA,from_to,Enzyme–substrate/product,Protein,Metabolite
Q12797,HMDB0000208,ASPH,Oxoglutaric acid,NA,from_to,Enzyme–substrate/product,Protein,Metabolite
P07237,HMDB0000208,P4HB,Oxoglutaric acid,NA,from_to,Enzyme–substrate/product,Protein,Metabolite
O75874,HMDB0000208,IDH1,Oxoglutaric acid,NA,from_to,Enzyme–substrate/product,Protein,Metabolite
P48735,HMDB0000208,IDH2,Oxoglutaric acid,NA,from_to,Enzyme–substrate/product,Protein,Metabolite
P08195,HMDB0000148,SLC3A2,L-Glutamic acid,NA,from_to,Enzyme–substrate/product,Protein,Metabolite
P17174,HMDB0000148,GOT1,L-Glutamic acid,NA,from_to,Enzyme–substrate/product,Protein,Metabolite
P24298,HMDB0000148,GPT,L-Glutamic acid,NA,from_to,Enzyme–substrate/product,Protein,Metabolite
P27708,HMDB0000148,CAD,L-Glutamic acid,NA,from_to,Enzyme–substrate/product,Protein,Metabolite
P10619,HMDB0000148,CTSA,L-Glutamic acid,NA,from_to,Enzyme–substrate/product,Protein,Metabolite
Q92820,HMDB0000148,GGH,L-Glutamic acid,NA,from_to,Enzyme–substrate/product,Protein,Metabolite
P48506,HMDB0000148,GCLC,L-Glutamic acid,NA,from_to,Enzyme–substrate/product,Protein,Metabolite
P00367,HMDB0000148,GLUD1,L-Glutamic acid,NA,from_to,Enzyme–substrate/product,Protein,Metabolite
O14773,HMDB0000148,TPP1,L-Glutamic acid,NA,from_to,Enzyme–substrate/product,Protein,Metabolite
P02647,HMDB0000148,APOA1,L-Glutamic acid,NA,from_to,Enzyme–substrate/product,Protein,Metabolite
Q5JPH6,HMDB0000148,EARS2,L-Glutamic acid,NA,from_to,Enzyme–substrate/product,Protein,Metabolite
Q9UBR2,HMDB0000148,CTSZ,L-Glutamic acid,NA,from_to,Enzyme–substrate/product,Protein,Metabolite
P25774,HMDB0000148,CTSS,L-Glutamic acid,NA,from_to,Enzyme–substrate/product,Protein,Metabolite
P09668,HMDB0000148,CTSH,L-Glutamic acid,NA,from_to,Enzyme–substrate/product,Protein,Metabolite
P07711,HMDB0000148,CTSL,L-Glutamic acid,NA,from_to,Enzyme–substrate/product,Protein,Metabolite
P53634,HMDB0000148,CTSC,L-Glutamic acid,NA,from_to,Enzyme–substrate/product,Protein,Metabolite
P07858,HMDB0000148,CTSB,L-Glutamic acid,NA,from_to,Enzyme–substrate/product,Protein,Metabolite
P07339,HMDB0000148,CTSD,L-Glutamic acid,NA,from_to,Enzyme–substrate/product,Protein,Metabolite
P08311,HMDB0000148,CTSG,L-Glutamic acid,NA,from_to,Enzyme–substrate/product,Protein,Metabolite
P56202,HMDB0000148,CTSW,L-Glutamic acid,NA,from_to,Enzyme–substrate/product,Protein,Metabolite
P02768,HMDB0000148,ALB,L-Glutamic acid,NA,from_to,Enzyme–substrate/product,Protein,Metabolite
P01011,HMDB0000148,SERPINA3,L-Glutamic acid,NA,from_to,Enzyme–substrate/product,Protein,Metabolite
P01009,HMDB0000148,SERPINA1,L-Glutamic acid,NA,from_to,Enzyme–substrate/product,Protein,Metabolite
P04114,HMDB0000148,APOB,L-Glutamic acid,NA,from_to,Enzyme–substrate/product,Protein,Metabolite
P02654,HMDB0000148,APOC1,L-Glutamic acid,NA,from_to,Enzyme–substrate/product,Protein,Metabolite
P02656,HMDB0000148,APOC3,L-Glutamic acid,NA,from_to,Enzyme–substrate/product,Protein,Metabolite
P02671,HMDB0000148,FGA,L-Glutamic acid,NA,from_to,Enzyme–substrate/product,Protein,Metabolite
P00747,HMDB0000148,PLG,L-Glutamic acid,NA,from_to,Enzyme–substrate/product,Protein,Metabolite
P00734,HMDB0000148,F2,L-Glutamic acid,NA,from_to,Enzyme–substrate/product,Protein,Metabolite
P02786,HMDB0000148,TFRC,L-Glutamic acid,NA,from_to,Enzyme–substrate/product,Protein,Metabolite
P02649,HMDB0000148,APOE,L-Glutamic acid,NA,from_to,Enzyme–substrate/product,Protein,Metabolite
P10599,HMDB0000148,TXN,L-Glutamic acid,NA,from_to,Enzyme–substrate/product,Protein,Metabolite
Q08426,HMDB0001206,EHHADH,Acetyl-CoA,NA,from_to,Enzyme–substrate/product,Protein,Metabolite
P51659,HMDB0001206,HSD17B4,Acetyl-CoA,NA,from_to,Enzyme–substrate/product,Protein,Metabolite
P09110,HMDB0001206,ACAA1,Acetyl-CoA,NA,from_to,Enzyme–substrate/product,Protein,Metabolite
Q9BWD1,HMDB0001206,ACAT2,Acetyl-CoA,NA,from_to,Enzyme–substrate/product,Protein,Metabolite
P42126,HMDB0001206,ECI1,Acetyl-CoA,NA,from_to,Enzyme–substrate/product,Protein,Metabolite
Q96CM8,HMDB0001206,ACSF2,Acetyl-CoA,NA,from_to,Enzyme–substrate/product,Protein,Metabolite
Q9H9T3,HMDB0001206,ELP3,Acetyl-CoA,NA,from_to,Enzyme–substrate/product,Protein,Metabolite
P10515,HMDB0001206,DLAT,Acetyl-CoA,NA,from_to,Enzyme–substrate/product,Protein,Metabolite
P07195,HMDB0000243,LDHB,Pyruvic acid,NA,from_to,Enzyme–substrate/product,Protein,Metabolite
P00338,HMDB0000243,LDHA,Pyruvic acid,NA,from_to,Enzyme–substrate/product,Protein,Metabolite
P24298,HMDB0000243,GPT,Pyruvic acid,NA,from_to,Enzyme–substrate/product,Protein,Metabolite
P48163,HMDB0000243,ME1,Pyruvic acid,NA,from_to,Enzyme–substrate/product,Protein,Metabolite
P10515,HMDB0000243,DLAT,Pyruvic acid,NA,from_to,Enzyme–substrate/product,Protein,Metabolite
P14618,HMDB0000243,PKM,Pyruvic acid,NA,from_to,Enzyme–substrate/product,Protein,Metabolite
Q9Y6K1,HMDB0000939,DNMT3A,S-Adenosylhomocysteine,NA,from_to,Enzyme–substrate/product,Protein,Metabolite
Q8NEZ4,HMDB0000939,KMT2C,S-Adenosylhomocysteine,NA,from_to,Enzyme–substrate/product,Protein,Metabolite
Q96L73,HMDB0000939,NSD1,S-Adenosylhomocysteine,NA,from_to,Enzyme–substrate/product,Protein,Metabolite
P51659,HMDB0000045,HSD17B4,Adenosine monophosphate,NA,from_to,Enzyme–substrate/product,Protein,Metabolite
P09110,HMDB0000045,ACAA1,Adenosine monophosphate,NA,from_to,Enzyme–substrate/product,Protein,Metabolite
P13686,HMDB0000045,ACP5,Adenosine monophosphate,NA,from_to,Enzyme–substrate/product,Protein,Metabolite
P00568,HMDB0000045,AK1,Adenosine monophosphate,NA,from_to,Enzyme–substrate/product,Protein,Metabolite
P55263,HMDB0000045,ADK,Adenosine monophosphate,NA,from_to,Enzyme–substrate/product,Protein,Metabolite
P00966,HMDB0000045,ASS1,Adenosine monophosphate,NA,from_to,Enzyme–substrate/product,Protein,Metabolite
O75356,HMDB0000045,ENTPD5,Adenosine monophosphate,NA,from_to,Enzyme–substrate/product,Protein,Metabolite
P42126,HMDB0000045,ECI1,Adenosine monophosphate,NA,from_to,Enzyme–substrate/product,Protein,Metabolite
P22413,HMDB0000045,ENPP1,Adenosine monophosphate,NA,from_to,Enzyme–substrate/product,Protein,Metabolite
P00492,HMDB0000045,HPRT1,Adenosine monophosphate,NA,from_to,Enzyme–substrate/product,Protein,Metabolite
P02647,HMDB0000045,APOA1,Adenosine monophosphate,NA,from_to,Enzyme–substrate/product,Protein,Metabolite
Q96CM8,HMDB0000045,ACSF2,Adenosine monophosphate,NA,from_to,Enzyme–substrate/product,Protein,Metabolite
Q5JPH6,HMDB0000045,EARS2,Adenosine monophosphate,NA,from_to,Enzyme–substrate/product,Protein,Metabolite
P23381,HMDB0000045,WARS,Adenosine monophosphate,NA,from_to,Enzyme–substrate/product,Protein,Metabolite
P61088,HMDB0000045,UBE2N,Adenosine monophosphate,NA,from_to,Enzyme–substrate/product,Protein,Metabolite
P46934,HMDB0000045,NEDD4,Adenosine monophosphate,NA,from_to,Enzyme–substrate/product,Protein,Metabolite
P61086,HMDB0000045,UBE2K,Adenosine monophosphate,NA,from_to,Enzyme–substrate/product,Protein,Metabolite
P68036,HMDB0000045,UBE2L3,Adenosine monophosphate,NA,from_to,Enzyme–substrate/product,Protein,Metabolite
O43567,HMDB0000045,RNF13,Adenosine monophosphate,NA,from_to,Enzyme–substrate/product,Protein,Metabolite
Q7Z3V4,HMDB0000045,UBE3B,Adenosine monophosphate,NA,from_to,Enzyme–substrate/product,Protein,Metabolite
Q9NW38,HMDB0000045,FANCL,Adenosine monophosphate,NA,from_to,Enzyme–substrate/product,Protein,Metabolite
O95071,HMDB0000045,UBR5,Adenosine monophosphate,NA,from_to,Enzyme–substrate/product,Protein,Metabolite
P22314,HMDB0000045,UBA1,Adenosine monophosphate,NA,from_to,Enzyme–substrate/product,Protein,Metabolite
P21589,HMDB0000045,NT5E,Adenosine monophosphate,NA,from_to,Enzyme–substrate/product,Protein,Metabolite
P60891,HMDB0000045,PRPS1,Adenosine monophosphate,NA,from_to,Enzyme–substrate/product,Protein,Metabolite
P02768,HMDB0000045,ALB,Adenosine monophosphate,NA,from_to,Enzyme–substrate/product,Protein,Metabolite
P01011,HMDB0000045,SERPINA3,Adenosine monophosphate,NA,from_to,Enzyme–substrate/product,Protein,Metabolite
P01009,HMDB0000045,SERPINA1,Adenosine monophosphate,NA,from_to,Enzyme–substrate/product,Protein,Metabolite
P04114,HMDB0000045,APOB,Adenosine monophosphate,NA,from_to,Enzyme–substrate/product,Protein,Metabolite
P02654,HMDB0000045,APOC1,Adenosine monophosphate,NA,from_to,Enzyme–substrate/product,Protein,Metabolite
P02656,HMDB0000045,APOC3,Adenosine monophosphate,NA,from_to,Enzyme–substrate/product,Protein,Metabolite
P02671,HMDB0000045,FGA,Adenosine monophosphate,NA,from_to,Enzyme–substrate/product,Protein,Metabolite
P00747,HMDB0000045,PLG,Adenosine monophosphate,NA,from_to,Enzyme–substrate/product,Protein,Metabolite
P00734,HMDB0000045,F2,Adenosine monophosphate,NA,from_to,Enzyme–substrate/product,Protein,Metabolite
P02786,HMDB0000045,TFRC,Adenosine monophosphate,NA,from_to,Enzyme–substrate/product,Protein,Metabolite
P02649,HMDB0000045,APOE,Adenosine monophosphate,NA,from_to,Enzyme–substrate/product,Protein,Metabolite
P10599,HMDB0000045,TXN,Adenosine monophosphate,NA,from_to,Enzyme–substrate/product,Protein,Metabolite
Q9Y6K1,HMDB0001185,DNMT3A,S-Adenosylmethionine,NA,from_to,Enzyme–substrate/product,Protein,Metabolite
Q8NEZ4,HMDB0001185,KMT2C,S-Adenosylmethionine,NA,from_to,Enzyme–substrate/product,Protein,Metabolite
Q96L73,HMDB0001185,NSD1,S-Adenosylmethionine,NA,from_to,Enzyme–substrate/product,Protein,Metabolite
Q9NZL9,HMDB0001185,MAT2B,S-Adenosylmethionine,NA,from_to,Enzyme–substrate/product,Protein,Metabolite
P62136,C00017,PPP1CA,Protein,NA,from_to,Enzyme–substrate/product,Protein,Metabolite
P51452,C00017,DUSP3,Protein,NA,from_to,Enzyme–substrate/product,Protein,Metabolite
P14314,C00017,PRKCSH,Protein,NA,from_to,Enzyme–substrate/product,Protein,Metabolite
O95382,C00017,MAP3K6,Protein,NA,from_to,Enzyme–substrate/product,Protein,Metabolite
Q6P0Q8,C00017,MAST2,Protein,NA,from_to,Enzyme–substrate/product,Protein,Metabolite
P51955,C00017,NEK2,Protein,NA,from_to,Enzyme–substrate/product,Protein,Metabolite
Q13418,C00017,ILK,Protein,NA,from_to,Enzyme–substrate/product,Protein,Metabolite
Q8WZ42,C00017,TTN,Protein,NA,from_to,Enzyme–substrate/product,Protein,Metabolite
P37173,C00017,TGFBR2,Protein,NA,from_to,Enzyme–substrate/product,Protein,Metabolite
Q9Y5S2,C00017,CDC42BPB,Protein,NA,from_to,Enzyme–substrate/product,Protein,Metabolite
Q9Y2T4,C00017,PPP2R2C,Protein,NA,from_to,Enzyme–substrate/product,Protein,Metabolite
O60346,C00017,PHLPP1,Protein,NA,from_to,Enzyme–substrate/product,Protein,Metabolite
P35813,C00017,PPM1A,Protein,NA,from_to,Enzyme–substrate/product,Protein,Metabolite
O14829,C00017,PPEF1,Protein,NA,from_to,Enzyme–substrate/product,Protein,Metabolite
P09110,HMDB0001248,ACAA1,FAD,NA,from_to,Enzyme–substrate/product,Protein,Metabolite
P30043,HMDB0001248,BLVRB,FAD,NA,from_to,Enzyme–substrate/product,Protein,Metabolite
P42126,HMDB0001248,ECI1,FAD,NA,from_to,Enzyme–substrate/product,Protein,Metabolite
P22413,HMDB0001248,ENPP1,FAD,NA,from_to,Enzyme–substrate/product,Protein,Metabolite
P33260,HMDB0001248,CYP2C18,FAD,NA,from_to,Enzyme–substrate/product,Protein,Metabolite
Q96SQ9,HMDB0001248,CYP2S1,FAD,NA,from_to,Enzyme–substrate/product,Protein,Metabolite
Q9NY97,HMDB0000295,B3GNT2,Uridine 5'-diphosphate,NA,from_to,Enzyme–substrate/product,Protein,Metabolite
O43505,HMDB0000295,B3GNT1,Uridine 5'-diphosphate,NA,from_to,Enzyme–substrate/product,Protein,Metabolite
O75356,HMDB0000295,ENTPD5,Uridine 5'-diphosphate,NA,from_to,Enzyme–substrate/product,Protein,Metabolite
P15291,HMDB0000295,B4GALT1,Uridine 5'-diphosphate,NA,from_to,Enzyme–substrate/product,Protein,Metabolite
Q10471,HMDB0000295,GALNT2,Uridine 5'-diphosphate,NA,from_to,Enzyme–substrate/product,Protein,Metabolite
Q7Z7M9,HMDB0000295,GALNT5,Uridine 5'-diphosphate,NA,from_to,Enzyme–substrate/product,Protein,Metabolite
Q86SF2,HMDB0000295,GALNT7,Uridine 5'-diphosphate,NA,from_to,Enzyme–substrate/product,Protein,Metabolite
Q10472,HMDB0000295,GALNT1,Uridine 5'-diphosphate,NA,from_to,Enzyme–substrate/product,Protein,Metabolite
Q93063,HMDB0000295,EXT2,Uridine 5'-diphosphate,NA,from_to,Enzyme–substrate/product,Protein,Metabolite
Q16394,HMDB0000295,EXT1,Uridine 5'-diphosphate,NA,from_to,Enzyme–substrate/product,Protein,Metabolite
Q8WZA1,HMDB0000295,POMGNT1,Uridine 5'-diphosphate,NA,from_to,Enzyme–substrate/product,Protein,Metabolite
Q9NYU2,HMDB0000295,UGGT1,Uridine 5'-diphosphate,NA,from_to,Enzyme–substrate/product,Protein,Metabolite
P17050,HMDB0000295,NAGA,Uridine 5'-diphosphate,NA,from_to,Enzyme–substrate/product,Protein,Metabolite
Q8TCS8,HMDB0000295,PNPT1,Uridine 5'-diphosphate,NA,from_to,Enzyme–substrate/product,Protein,Metabolite
P26572,HMDB0000295,MGAT1,Uridine 5'-diphosphate,NA,from_to,Enzyme–substrate/product,Protein,Metabolite
P15531,HMDB0000295,NME1,Uridine 5'-diphosphate,NA,from_to,Enzyme–substrate/product,Protein,Metabolite
Q13232,HMDB0000295,NME3,Uridine 5'-diphosphate,NA,from_to,Enzyme–substrate/product,Protein,Metabolite
Q16853,HMDB0000051,AOC3,Ammonia,NA,from_to,Enzyme–substrate/product,Protein,Metabolite
P00367,HMDB0000051,GLUD1,Ammonia,NA,from_to,Enzyme–substrate/product,Protein,Metabolite
Q9Y2T3,HMDB0000051,GDA,Ammonia,NA,from_to,Enzyme–substrate/product,Protein,Metabolite
P21980,HMDB0000051,TGM2,Ammonia,NA,from_to,Enzyme–substrate/product,Protein,Metabolite
P05160,HMDB0000051,F13B,Ammonia,NA,from_to,Enzyme–substrate/product,Protein,Metabolite
P00488,HMDB0000051,F13A1,Ammonia,NA,from_to,Enzyme–substrate/product,Protein,Metabolite
Q08188,HMDB0000051,TGM3,Ammonia,NA,from_to,Enzyme–substrate/product,Protein,Metabolite
Q16769,HMDB0000051,QPCT,Ammonia,NA,from_to,Enzyme–substrate/product,Protein,Metabolite
P51659,HMDB0000250,HSD17B4,Pyrophosphate,NA,from_to,Enzyme–substrate/product,Protein,Metabolite
P09110,HMDB0000250,ACAA1,Pyrophosphate,NA,from_to,Enzyme–substrate/product,Protein,Metabolite
P00966,HMDB0000250,ASS1,Pyrophosphate,NA,from_to,Enzyme–substrate/product,Protein,Metabolite
P42126,HMDB0000250,ECI1,Pyrophosphate,NA,from_to,Enzyme–substrate/product,Protein,Metabolite
P33316,HMDB0000250,DUT,Pyrophosphate,NA,from_to,Enzyme–substrate/product,Protein,Metabolite
Q16851,HMDB0000250,UGP2,Pyrophosphate,NA,from_to,Enzyme–substrate/product,Protein,Metabolite
P33402,HMDB0000250,GUCY1A2,Pyrophosphate,NA,from_to,Enzyme–substrate/product,Protein,Metabolite
P00492,HMDB0000250,HPRT1,Pyrophosphate,NA,from_to,Enzyme–substrate/product,Protein,Metabolite
P02647,HMDB0000250,APOA1,Pyrophosphate,NA,from_to,Enzyme–substrate/product,Protein,Metabolite
Q96CM8,HMDB0000250,ACSF2,Pyrophosphate,NA,from_to,Enzyme–substrate/product,Protein,Metabolite
Q5JPH6,HMDB0000250,EARS2,Pyrophosphate,NA,from_to,Enzyme–substrate/product,Protein,Metabolite
P23381,HMDB0000250,WARS,Pyrophosphate,NA,from_to,Enzyme–substrate/product,Protein,Metabolite
P28340,HMDB0000250,POLD1,Pyrophosphate,NA,from_to,Enzyme–substrate/product,Protein,Metabolite
P06746,HMDB0000250,POLB,Pyrophosphate,NA,from_to,Enzyme–substrate/product,Protein,Metabolite
Q5TAX3,HMDB0000250,ZCCHC11,Pyrophosphate,NA,from_to,Enzyme–substrate/product,Protein,Metabolite
P51003,HMDB0000250,PAPOLA,Pyrophosphate,NA,from_to,Enzyme–substrate/product,Protein,Metabolite
P61088,HMDB0000250,UBE2N,Pyrophosphate,NA,from_to,Enzyme–substrate/product,Protein,Metabolite
P46934,HMDB0000250,NEDD4,Pyrophosphate,NA,from_to,Enzyme–substrate/product,Protein,Metabolite
P61086,HMDB0000250,UBE2K,Pyrophosphate,NA,from_to,Enzyme–substrate/product,Protein,Metabolite
P68036,HMDB0000250,UBE2L3,Pyrophosphate,NA,from_to,Enzyme–substrate/product,Protein,Metabolite
O43567,HMDB0000250,RNF13,Pyrophosphate,NA,from_to,Enzyme–substrate/product,Protein,Metabolite
Q7Z3V4,HMDB0000250,UBE3B,Pyrophosphate,NA,from_to,Enzyme–substrate/product,Protein,Metabolite
Q9NW38,HMDB0000250,FANCL,Pyrophosphate,NA,from_to,Enzyme–substrate/product,Protein,Metabolite
O95071,HMDB0000250,UBR5,Pyrophosphate,NA,from_to,Enzyme–substrate/product,Protein,Metabolite
P22314,HMDB0000250,UBA1,Pyrophosphate,NA,from_to,Enzyme–substrate/product,Protein,Metabolite
Q9H3H1,HMDB0000250,TRIT1,Pyrophosphate,NA,from_to,Enzyme–substrate/product,Protein,Metabolite
Q9NZL9,HMDB0000250,MAT2B,Pyrophosphate,NA,from_to,Enzyme–substrate/product,Protein,Metabolite
Q6XQN6,HMDB0000250,NAPRT,Pyrophosphate,NA,from_to,Enzyme–substrate/product,Protein,Metabolite
P02768,HMDB0000250,ALB,Pyrophosphate,NA,from_to,Enzyme–substrate/product,Protein,Metabolite
P01011,HMDB0000250,SERPINA3,Pyrophosphate,NA,from_to,Enzyme–substrate/product,Protein,Metabolite
P01009,HMDB0000250,SERPINA1,Pyrophosphate,NA,from_to,Enzyme–substrate/product,Protein,Metabolite
P04114,HMDB0000250,APOB,Pyrophosphate,NA,from_to,Enzyme–substrate/product,Protein,Metabolite
P02654,HMDB0000250,APOC1,Pyrophosphate,NA,from_to,Enzyme–substrate/product,Protein,Metabolite
P02656,HMDB0000250,APOC3,Pyrophosphate,NA,from_to,Enzyme–substrate/product,Protein,Metabolite
P02671,HMDB0000250,FGA,Pyrophosphate,NA,from_to,Enzyme–substrate/product,Protein,Metabolite
P00747,HMDB0000250,PLG,Pyrophosphate,NA,from_to,Enzyme–substrate/product,Protein,Metabolite
P00734,HMDB0000250,F2,Pyrophosphate,NA,from_to,Enzyme–substrate/product,Protein,Metabolite
P02786,HMDB0000250,TFRC,Pyrophosphate,NA,from_to,Enzyme–substrate/product,Protein,Metabolite
P02649,HMDB0000250,APOE,Pyrophosphate,NA,from_to,Enzyme–substrate/product,Protein,Metabolite
P10599,HMDB0000250,TXN,Pyrophosphate,NA,from_to,Enzyme–substrate/product,Protein,Metabolite
P36957,HMDB0001967,DLST,Carbon dioxide,NA,from_to,Enzyme–substrate/product,Protein,Metabolite
P32754,HMDB0001967,HPD,Carbon dioxide,NA,from_to,Enzyme–substrate/product,Protein,Metabolite
P10619,HMDB0001967,CTSA,Carbon dioxide,NA,from_to,Enzyme–substrate/product,Protein,Metabolite
P52209,HMDB0001967,PGD,Carbon dioxide,NA,from_to,Enzyme–substrate/product,Protein,Metabolite
P00918,HMDB0001967,CA2,Carbon dioxide,NA,from_to,Enzyme–substrate/product,Protein,Metabolite
P23280,HMDB0001967,CA6,Carbon dioxide,NA,from_to,Enzyme–substrate/product,Protein,Metabolite
P00915,HMDB0001967,CA1,Carbon dioxide,NA,from_to,Enzyme–substrate/product,Protein,Metabolite
P48163,HMDB0001967,ME1,Carbon dioxide,NA,from_to,Enzyme–substrate/product,Protein,Metabolite
Q9UG56,HMDB0001967,PISD,Carbon dioxide,NA,from_to,Enzyme–substrate/product,Protein,Metabolite
P30041,HMDB0001967,PRDX6,Carbon dioxide,NA,from_to,Enzyme–substrate/product,Protein,Metabolite
P11678,HMDB0001967,EPX,Carbon dioxide,NA,from_to,Enzyme–substrate/product,Protein,Metabolite
Q02809,HMDB0001967,PLOD1,Carbon dioxide,NA,from_to,Enzyme–substrate/product,Protein,Metabolite
Q12797,HMDB0001967,ASPH,Carbon dioxide,NA,from_to,Enzyme–substrate/product,Protein,Metabolite
P07237,HMDB0001967,P4HB,Carbon dioxide,NA,from_to,Enzyme–substrate/product,Protein,Metabolite
O75874,HMDB0001967,IDH1,Carbon dioxide,NA,from_to,Enzyme–substrate/product,Protein,Metabolite
P48735,HMDB0001967,IDH2,Carbon dioxide,NA,from_to,Enzyme–substrate/product,Protein,Metabolite
P10515,HMDB0001967,DLAT,Carbon dioxide,NA,from_to,Enzyme–substrate/product,Protein,Metabolite
P36957,HMDB0001423,DLST,Coenzyme A,NA,from_to,Enzyme–substrate/product,Protein,Metabolite
Q08426,HMDB0001423,EHHADH,Coenzyme A,NA,from_to,Enzyme–substrate/product,Protein,Metabolite
P51659,HMDB0001423,HSD17B4,Coenzyme A,NA,from_to,Enzyme–substrate/product,Protein,Metabolite
P09110,HMDB0001423,ACAA1,Coenzyme A,NA,from_to,Enzyme–substrate/product,Protein,Metabolite
P13686,HMDB0001423,ACP5,Coenzyme A,NA,from_to,Enzyme–substrate/product,Protein,Metabolite
Q9BWD1,HMDB0001423,ACAT2,Coenzyme A,NA,from_to,Enzyme–substrate/product,Protein,Metabolite
P10619,HMDB0001423,CTSA,Coenzyme A,NA,from_to,Enzyme–substrate/product,Protein,Metabolite
P42126,HMDB0001423,ECI1,Coenzyme A,NA,from_to,Enzyme–substrate/product,Protein,Metabolite
Q96CM8,HMDB0001423,ACSF2,Coenzyme A,NA,from_to,Enzyme–substrate/product,Protein,Metabolite
Q9H9T3,HMDB0001423,ELP3,Coenzyme A,NA,from_to,Enzyme–substrate/product,Protein,Metabolite
Q96I99,HMDB0001423,SUCLG2,Coenzyme A,NA,from_to,Enzyme–substrate/product,Protein,Metabolite
P10515,HMDB0001423,DLAT,Coenzyme A,NA,from_to,Enzyme–substrate/product,Protein,Metabolite
P13686,HMDB0001429,ACP5,Phosphate,NA,from_to,Enzyme–substrate/product,Protein,Metabolite
P30520,HMDB0001429,ADSS,Phosphate,NA,from_to,Enzyme–substrate/product,Protein,Metabolite
P05186,HMDB0001429,ALPL,Phosphate,NA,from_to,Enzyme–substrate/product,Protein,Metabolite
P27708,HMDB0001429,CAD,Phosphate,NA,from_to,Enzyme–substrate/product,Protein,Metabolite
O75356,HMDB0001429,ENTPD5,Phosphate,NA,from_to,Enzyme–substrate/product,Protein,Metabolite
P21281,HMDB0001429,ATP6V1B2,Phosphate,NA,from_to,Enzyme–substrate/product,Protein,Metabolite
P10619,HMDB0001429,CTSA,Phosphate,NA,from_to,Enzyme–substrate/product,Protein,Metabolite
P18669,HMDB0001429,PGAM1,Phosphate,NA,from_to,Enzyme–substrate/product,Protein,Metabolite
P07738,HMDB0001429,BPGM,Phosphate,NA,from_to,Enzyme–substrate/product,Protein,Metabolite
P00491,HMDB0001429,PNP,Phosphate,NA,from_to,Enzyme–substrate/product,Protein,Metabolite
O00757,HMDB0001429,FBP2,Phosphate,NA,from_to,Enzyme–substrate/product,Protein,Metabolite
P09467,HMDB0001429,FBP1,Phosphate,NA,from_to,Enzyme–substrate/product,Protein,Metabolite
P04406,HMDB0001429,GAPDH,Phosphate,NA,from_to,Enzyme–substrate/product,Protein,Metabolite
P06737,HMDB0001429,PYGL,Phosphate,NA,from_to,Enzyme–substrate/product,Protein,Metabolite
P11216,HMDB0001429,PYGB,Phosphate,NA,from_to,Enzyme–substrate/product,Protein,Metabolite
P48506,HMDB0001429,GCLC,Phosphate,NA,from_to,Enzyme–substrate/product,Protein,Metabolite
O14773,HMDB0001429,TPP1,Phosphate,NA,from_to,Enzyme–substrate/product,Protein,Metabolite
P48637,HMDB0001429,GSS,Phosphate,NA,from_to,Enzyme–substrate/product,Protein,Metabolite
P02647,HMDB0001429,APOA1,Phosphate,NA,from_to,Enzyme–substrate/product,Protein,Metabolite
P62136,HMDB0001429,PPP1CA,Phosphate,NA,from_to,Enzyme–substrate/product,Protein,Metabolite
P32004,HMDB0001429,L1CAM,Phosphate,NA,from_to,Enzyme–substrate/product,Protein,Metabolite
P13497,HMDB0001429,BMP1,Phosphate,NA,from_to,Enzyme–substrate/product,Protein,Metabolite
Q9UBR2,HMDB0001429,CTSZ,Phosphate,NA,from_to,Enzyme–substrate/product,Protein,Metabolite
P25774,HMDB0001429,CTSS,Phosphate,NA,from_to,Enzyme–substrate/product,Protein,Metabolite
P09668,HMDB0001429,CTSH,Phosphate,NA,from_to,Enzyme–substrate/product,Protein,Metabolite
P07711,HMDB0001429,CTSL,Phosphate,NA,from_to,Enzyme–substrate/product,Protein,Metabolite
P53634,HMDB0001429,CTSC,Phosphate,NA,from_to,Enzyme–substrate/product,Protein,Metabolite
P07858,HMDB0001429,CTSB,Phosphate,NA,from_to,Enzyme–substrate/product,Protein,Metabolite
P07339,HMDB0001429,CTSD,Phosphate,NA,from_to,Enzyme–substrate/product,Protein,Metabolite
P08311,HMDB0001429,CTSG,Phosphate,NA,from_to,Enzyme–substrate/product,Protein,Metabolite
P56202,HMDB0001429,CTSW,Phosphate,NA,from_to,Enzyme–substrate/product,Protein,Metabolite
Q10713,HMDB0001429,PMPCA,Phosphate,NA,from_to,Enzyme–substrate/product,Protein,Metabolite
Q9UNW1,HMDB0001429,MINPP1,Phosphate,NA,from_to,Enzyme–substrate/product,Protein,Metabolite
Q8TCS8,HMDB0001429,PNPT1,Phosphate,NA,from_to,Enzyme–substrate/product,Protein,Metabolite
P29350,HMDB0001429,PTPN6,Phosphate,NA,from_to,Enzyme–substrate/product,Protein,Metabolite
Q16827,HMDB0001429,PTPRO,Phosphate,NA,from_to,Enzyme–substrate/product,Protein,Metabolite
Q12913,HMDB0001429,PTPRJ,Phosphate,NA,from_to,Enzyme–substrate/product,Protein,Metabolite
P23471,HMDB0001429,PTPRZ1,Phosphate,NA,from_to,Enzyme–substrate/product,Protein,Metabolite
P51452,HMDB0001429,DUSP3,Phosphate,NA,from_to,Enzyme–substrate/product,Protein,Metabolite
Q13332,HMDB0001429,PTPRS,Phosphate,NA,from_to,Enzyme–substrate/product,Protein,Metabolite
Q15262,HMDB0001429,PTPRK,Phosphate,NA,from_to,Enzyme–substrate/product,Protein,Metabolite
P23469,HMDB0001429,PTPRE,Phosphate,NA,from_to,Enzyme–substrate/product,Protein,Metabolite
P08575,HMDB0001429,PTPRC,Phosphate,NA,from_to,Enzyme–substrate/product,Protein,Metabolite
P23467,HMDB0001429,PTPRB,Phosphate,NA,from_to,Enzyme–substrate/product,Protein,Metabolite
P28827,HMDB0001429,PTPRM,Phosphate,NA,from_to,Enzyme–substrate/product,Protein,Metabolite
P23470,HMDB0001429,PTPRG,Phosphate,NA,from_to,Enzyme–substrate/product,Protein,Metabolite
P10586,HMDB0001429,PTPRF,Phosphate,NA,from_to,Enzyme–substrate/product,Protein,Metabolite
Q9Y2T4,HMDB0001429,PPP2R2C,Phosphate,NA,from_to,Enzyme–substrate/product,Protein,Metabolite
O60346,HMDB0001429,PHLPP1,Phosphate,NA,from_to,Enzyme–substrate/product,Protein,Metabolite
P35813,HMDB0001429,PPM1A,Phosphate,NA,from_to,Enzyme–substrate/product,Protein,Metabolite
O14829,HMDB0001429,PPEF1,Phosphate,NA,from_to,Enzyme–substrate/product,Protein,Metabolite
Q96I99,HMDB0001429,SUCLG2,Phosphate,NA,from_to,Enzyme–substrate/product,Protein,Metabolite
Q9NZL9,HMDB0001429,MAT2B,Phosphate,NA,from_to,Enzyme–substrate/product,Protein,Metabolite
Q13126,HMDB0001429,MTAP,Phosphate,NA,from_to,Enzyme–substrate/product,Protein,Metabolite
P21589,HMDB0001429,NT5E,Phosphate,NA,from_to,Enzyme–substrate/product,Protein,Metabolite
P14415,HMDB0001429,ATP1B2,Phosphate,NA,from_to,Enzyme–substrate/product,Protein,Metabolite
P05026,HMDB0001429,ATP1B1,Phosphate,NA,from_to,Enzyme–substrate/product,Protein,Metabolite
P00480,HMDB0001429,OTC,Phosphate,NA,from_to,Enzyme–substrate/product,Protein,Metabolite
Q9Y2Q0,HMDB0001429,ATP8A1,Phosphate,NA,from_to,Enzyme–substrate/product,Protein,Metabolite
A6NDG6,HMDB0001429,PGP,Phosphate,NA,from_to,Enzyme–substrate/product,Protein,Metabolite
Q00325,HMDB0001429,SLC25A3,Phosphate,NA,from_to,Enzyme–substrate/product,Protein,Metabolite
P19971,HMDB0001429,TYMP,Phosphate,NA,from_to,Enzyme–substrate/product,Protein,Metabolite
P02768,HMDB0001429,ALB,Phosphate,NA,from_to,Enzyme–substrate/product,Protein,Metabolite
P01011,HMDB0001429,SERPINA3,Phosphate,NA,from_to,Enzyme–substrate/product,Protein,Metabolite
P01009,HMDB0001429,SERPINA1,Phosphate,NA,from_to,Enzyme–substrate/product,Protein,Metabolite
P04114,HMDB0001429,APOB,Phosphate,NA,from_to,Enzyme–substrate/product,Protein,Metabolite
P02654,HMDB0001429,APOC1,Phosphate,NA,from_to,Enzyme–substrate/product,Protein,Metabolite
P02656,HMDB0001429,APOC3,Phosphate,NA,from_to,Enzyme–substrate/product,Protein,Metabolite
P02671,HMDB0001429,FGA,Phosphate,NA,from_to,Enzyme–substrate/product,Protein,Metabolite
P00747,HMDB0001429,PLG,Phosphate,NA,from_to,Enzyme–substrate/product,Protein,Metabolite
P00734,HMDB0001429,F2,Phosphate,NA,from_to,Enzyme–substrate/product,Protein,Metabolite
P02786,HMDB0001429,TFRC,Phosphate,NA,from_to,Enzyme–substrate/product,Protein,Metabolite
P02649,HMDB0001429,APOE,Phosphate,NA,from_to,Enzyme–substrate/product,Protein,Metabolite
P10599,HMDB0001429,TXN,Phosphate,NA,from_to,Enzyme–substrate/product,Protein,Metabolite
P00568,HMDB0001341,AK1,ADP,NA,from_to,Enzyme–substrate/product,Protein,Metabolite
P55263,HMDB0001341,ADK,ADP,NA,from_to,Enzyme–substrate/product,Protein,Metabolite
P27708,HMDB0001341,CAD,ADP,NA,from_to,Enzyme–substrate/product,Protein,Metabolite
O75356,HMDB0001341,ENTPD5,ADP,NA,from_to,Enzyme–substrate/product,Protein,Metabolite
P21281,HMDB0001341,ATP6V1B2,ADP,NA,from_to,Enzyme–substrate/product,Protein,Metabolite
P10619,HMDB0001341,CTSA,ADP,NA,from_to,Enzyme–substrate/product,Protein,Metabolite
P06732,HMDB0001341,CKM,ADP,NA,from_to,Enzyme–substrate/product,Protein,Metabolite
P48506,HMDB0001341,GCLC,ADP,NA,from_to,Enzyme–substrate/product,Protein,Metabolite
O14773,HMDB0001341,TPP1,ADP,NA,from_to,Enzyme–substrate/product,Protein,Metabolite
P48637,HMDB0001341,GSS,ADP,NA,from_to,Enzyme–substrate/product,Protein,Metabolite
P52790,HMDB0001341,HK3,ADP,NA,from_to,Enzyme–substrate/product,Protein,Metabolite
P02647,HMDB0001341,APOA1,ADP,NA,from_to,Enzyme–substrate/product,Protein,Metabolite
P32004,HMDB0001341,L1CAM,ADP,NA,from_to,Enzyme–substrate/product,Protein,Metabolite
P13497,HMDB0001341,BMP1,ADP,NA,from_to,Enzyme–substrate/product,Protein,Metabolite
Q9UBR2,HMDB0001341,CTSZ,ADP,NA,from_to,Enzyme–substrate/product,Protein,Metabolite
P25774,HMDB0001341,CTSS,ADP,NA,from_to,Enzyme–substrate/product,Protein,Metabolite
P09668,HMDB0001341,CTSH,ADP,NA,from_to,Enzyme–substrate/product,Protein,Metabolite
P07711,HMDB0001341,CTSL,ADP,NA,from_to,Enzyme–substrate/product,Protein,Metabolite
P53634,HMDB0001341,CTSC,ADP,NA,from_to,Enzyme–substrate/product,Protein,Metabolite
P07858,HMDB0001341,CTSB,ADP,NA,from_to,Enzyme–substrate/product,Protein,Metabolite
P07339,HMDB0001341,CTSD,ADP,NA,from_to,Enzyme–substrate/product,Protein,Metabolite
P08311,HMDB0001341,CTSG,ADP,NA,from_to,Enzyme–substrate/product,Protein,Metabolite
P56202,HMDB0001341,CTSW,ADP,NA,from_to,Enzyme–substrate/product,Protein,Metabolite
Q8TCS8,HMDB0001341,PNPT1,ADP,NA,from_to,Enzyme–substrate/product,Protein,Metabolite
P22607,HMDB0001341,FGFR3,ADP,NA,from_to,Enzyme–substrate/product,Protein,Metabolite
Q13308,HMDB0001341,PTK7,ADP,NA,from_to,Enzyme–substrate/product,Protein,Metabolite
Q05397,HMDB0001341,PTK2,ADP,NA,from_to,Enzyme–substrate/product,Protein,Metabolite
P12931,HMDB0001341,SRC,ADP,NA,from_to,Enzyme–substrate/product,Protein,Metabolite
P35916,HMDB0001341,FLT4,ADP,NA,from_to,Enzyme–substrate/product,Protein,Metabolite
P35590,HMDB0001341,TIE1,ADP,NA,from_to,Enzyme–substrate/product,Protein,Metabolite
Q01973,HMDB0001341,ROR1,ADP,NA,from_to,Enzyme–substrate/product,Protein,Metabolite
P08581,HMDB0001341,MET,ADP,NA,from_to,Enzyme–substrate/product,Protein,Metabolite
P30530,HMDB0001341,AXL,ADP,NA,from_to,Enzyme–substrate/product,Protein,Metabolite
P07948,HMDB0001341,LYN,ADP,NA,from_to,Enzyme–substrate/product,Protein,Metabolite
Q12866,HMDB0001341,MERTK,ADP,NA,from_to,Enzyme–substrate/product,Protein,Metabolite
P10721,HMDB0001341,KIT,ADP,NA,from_to,Enzyme–substrate/product,Protein,Metabolite
P07333,HMDB0001341,CSF1R,ADP,NA,from_to,Enzyme–substrate/product,Protein,Metabolite
P22455,HMDB0001341,FGFR4,ADP,NA,from_to,Enzyme–substrate/product,Protein,Metabolite
P11362,HMDB0001341,FGFR1,ADP,NA,from_to,Enzyme–substrate/product,Protein,Metabolite
P29323,HMDB0001341,EPHB2,ADP,NA,from_to,Enzyme–substrate/product,Protein,Metabolite
P35968,HMDB0001341,KDR,ADP,NA,from_to,Enzyme–substrate/product,Protein,Metabolite
Q16832,HMDB0001341,DDR2,ADP,NA,from_to,Enzyme–substrate/product,Protein,Metabolite
P00533,HMDB0001341,EGFR,ADP,NA,from_to,Enzyme–substrate/product,Protein,Metabolite
P54764,HMDB0001341,EPHA4,ADP,NA,from_to,Enzyme–substrate/product,Protein,Metabolite
P21709,HMDB0001341,EPHA1,ADP,NA,from_to,Enzyme–substrate/product,Protein,Metabolite
P09619,HMDB0001341,PDGFRB,ADP,NA,from_to,Enzyme–substrate/product,Protein,Metabolite
Q15746,HMDB0001341,MYLK,ADP,NA,from_to,Enzyme–substrate/product,Protein,Metabolite
O14874,HMDB0001341,BCKDK,ADP,NA,from_to,Enzyme–substrate/product,Protein,Metabolite
P14314,HMDB0001341,PRKCSH,ADP,NA,from_to,Enzyme–substrate/product,Protein,Metabolite
O95382,HMDB0001341,MAP3K6,ADP,NA,from_to,Enzyme–substrate/product,Protein,Metabolite
Q6P0Q8,HMDB0001341,MAST2,ADP,NA,from_to,Enzyme–substrate/product,Protein,Metabolite
P51955,HMDB0001341,NEK2,ADP,NA,from_to,Enzyme–substrate/product,Protein,Metabolite
Q13418,HMDB0001341,ILK,ADP,NA,from_to,Enzyme–substrate/product,Protein,Metabolite
Q8WZ42,HMDB0001341,TTN,ADP,NA,from_to,Enzyme–substrate/product,Protein,Metabolite
P37173,HMDB0001341,TGFBR2,ADP,NA,from_to,Enzyme–substrate/product,Protein,Metabolite
Q9Y5S2,HMDB0001341,CDC42BPB,ADP,NA,from_to,Enzyme–substrate/product,Protein,Metabolite
P15531,HMDB0001341,NME1,ADP,NA,from_to,Enzyme–substrate/product,Protein,Metabolite
Q13232,HMDB0001341,NME3,ADP,NA,from_to,Enzyme–substrate/product,Protein,Metabolite
P14415,HMDB0001341,ATP1B2,ADP,NA,from_to,Enzyme–substrate/product,Protein,Metabolite
P05026,HMDB0001341,ATP1B1,ADP,NA,from_to,Enzyme–substrate/product,Protein,Metabolite
Q9Y2Q0,HMDB0001341,ATP8A1,ADP,NA,from_to,Enzyme–substrate/product,Protein,Metabolite
Q5JRA6,HMDB0001341,MIA3,ADP,NA,from_to,Enzyme–substrate/product,Protein,Metabolite
P00558,HMDB0001341,PGKÂ 1.00,ADP,NA,from_to,Enzyme–substrate/product,Protein,Metabolite
P48426,HMDB0001341,PIP4K2A,ADP,NA,from_to,Enzyme–substrate/product,Protein,Metabolite
Q9NVE7,HMDB0001341,PANK4,ADP,NA,from_to,Enzyme–substrate/product,Protein,Metabolite
P14618,HMDB0001341,PKM,ADP,NA,from_to,Enzyme–substrate/product,Protein,Metabolite
P02768,HMDB0001341,ALB,ADP,NA,from_to,Enzyme–substrate/product,Protein,Metabolite
P01011,HMDB0001341,SERPINA3,ADP,NA,from_to,Enzyme–substrate/product,Protein,Metabolite
P01009,HMDB0001341,SERPINA1,ADP,NA,from_to,Enzyme–substrate/product,Protein,Metabolite
P04114,HMDB0001341,APOB,ADP,NA,from_to,Enzyme–substrate/product,Protein,Metabolite
P02654,HMDB0001341,APOC1,ADP,NA,from_to,Enzyme–substrate/product,Protein,Metabolite
P02656,HMDB0001341,APOC3,ADP,NA,from_to,Enzyme–substrate/product,Protein,Metabolite
P02671,HMDB0001341,FGA,ADP,NA,from_to,Enzyme–substrate/product,Protein,Metabolite
P00747,HMDB0001341,PLG,ADP,NA,from_to,Enzyme–substrate/product,Protein,Metabolite
P00734,HMDB0001341,F2,ADP,NA,from_to,Enzyme–substrate/product,Protein,Metabolite
P02786,HMDB0001341,TFRC,ADP,NA,from_to,Enzyme–substrate/product,Protein,Metabolite
P02649,HMDB0001341,APOE,ADP,NA,from_to,Enzyme–substrate/product,Protein,Metabolite
P10599,HMDB0001341,TXN,ADP,NA,from_to,Enzyme–substrate/product,Protein,Metabolite
Q16853,HMDB0001377,AOC3,Oxygen,NA,from_to,Enzyme–substrate/product,Protein,Metabolite
P32754,HMDB0001377,HPD,Oxygen,NA,from_to,Enzyme–substrate/product,Protein,Metabolite
Q08426,HMDB0001377,EHHADH,Oxygen,NA,from_to,Enzyme–substrate/product,Protein,Metabolite
P51659,HMDB0001377,HSD17B4,Oxygen,NA,from_to,Enzyme–substrate/product,Protein,Metabolite
P09110,HMDB0001377,ACAA1,Oxygen,NA,from_to,Enzyme–substrate/product,Protein,Metabolite
P09917,HMDB0001377,ALOX5,Oxygen,NA,from_to,Enzyme–substrate/product,Protein,Metabolite
P04040,HMDB0001377,CAT,Oxygen,NA,from_to,Enzyme–substrate/product,Protein,Metabolite
P42126,HMDB0001377,ECI1,Oxygen,NA,from_to,Enzyme–substrate/product,Protein,Metabolite
P09172,HMDB0001377,DBH,Oxygen,NA,from_to,Enzyme–substrate/product,Protein,Metabolite
P33260,HMDB0001377,CYP2C18,Oxygen,NA,from_to,Enzyme–substrate/product,Protein,Metabolite
Q96SQ9,HMDB0001377,CYP2S1,Oxygen,NA,from_to,Enzyme–substrate/product,Protein,Metabolite
P30041,HMDB0001377,PRDX6,Oxygen,NA,from_to,Enzyme–substrate/product,Protein,Metabolite
Q96CM8,HMDB0001377,ACSF2,Oxygen,NA,from_to,Enzyme–substrate/product,Protein,Metabolite
P11678,HMDB0001377,EPX,Oxygen,NA,from_to,Enzyme–substrate/product,Protein,Metabolite
Q02809,HMDB0001377,PLOD1,Oxygen,NA,from_to,Enzyme–substrate/product,Protein,Metabolite
Q9UHG3,HMDB0001377,PCYOX1,Oxygen,NA,from_to,Enzyme–substrate/product,Protein,Metabolite
Q12797,HMDB0001377,ASPH,Oxygen,NA,from_to,Enzyme–substrate/product,Protein,Metabolite
P19021,HMDB0001377,PAM,Oxygen,NA,from_to,Enzyme–substrate/product,Protein,Metabolite
P07237,HMDB0001377,P4HB,Oxygen,NA,from_to,Enzyme–substrate/product,Protein,Metabolite
P00441,HMDB0001377,SOD1,Oxygen,NA,from_to,Enzyme–substrate/product,Protein,Metabolite
P04179,HMDB0001377,SOD2,Oxygen,NA,from_to,Enzyme–substrate/product,Protein,Metabolite
P02792,HMDB0001377,FTL,Oxygen,NA,from_to,Enzyme–substrate/product,Protein,Metabolite
P02794,HMDB0001377,FTH1,Oxygen,NA,from_to,Enzyme–substrate/product,Protein,Metabolite
P00450,HMDB0001377,CP,Oxygen,NA,from_to,Enzyme–substrate/product,Protein,Metabolite
Q08426,HMDB0000217,EHHADH,NADP,NA,from_to,Enzyme–substrate/product,Protein,Metabolite
P51659,HMDB0000217,HSD17B4,NADP,NA,from_to,Enzyme–substrate/product,Protein,Metabolite
P09110,HMDB0000217,ACAA1,NADP,NA,from_to,Enzyme–substrate/product,Protein,Metabolite
P13686,HMDB0000217,ACP5,NADP,NA,from_to,Enzyme–substrate/product,Protein,Metabolite
P09917,HMDB0000217,ALOX5,NADP,NA,from_to,Enzyme–substrate/product,Protein,Metabolite
P30043,HMDB0000217,BLVRB,NADP,NA,from_to,Enzyme–substrate/product,Protein,Metabolite
P16152,HMDB0000217,CBR1,NADP,NA,from_to,Enzyme–substrate/product,Protein,Metabolite
P35754,HMDB0000217,GLRX,NADP,NA,from_to,Enzyme–substrate/product,Protein,Metabolite
Q12882,HMDB0000217,DPYD,NADP,NA,from_to,Enzyme–substrate/product,Protein,Metabolite
O95479,HMDB0000217,H6PD,NADP,NA,from_to,Enzyme–substrate/product,Protein,Metabolite
P11413,HMDB0000217,G6PD,NADP,NA,from_to,Enzyme–substrate/product,Protein,Metabolite
P00367,HMDB0000217,GLUD1,NADP,NA,from_to,Enzyme–substrate/product,Protein,Metabolite
P52209,HMDB0000217,PGD,NADP,NA,from_to,Enzyme–substrate/product,Protein,Metabolite
P00390,HMDB0000217,GSR,NADP,NA,from_to,Enzyme–substrate/product,Protein,Metabolite
P07203,HMDB0000217,GPX1,NADP,NA,from_to,Enzyme–substrate/product,Protein,Metabolite
P22352,HMDB0000217,GPX3,NADP,NA,from_to,Enzyme–substrate/product,Protein,Metabolite
P48163,HMDB0000217,ME1,NADP,NA,from_to,Enzyme–substrate/product,Protein,Metabolite
P33260,HMDB0000217,CYP2C18,NADP,NA,from_to,Enzyme–substrate/product,Protein,Metabolite
Q96SQ9,HMDB0000217,CYP2S1,NADP,NA,from_to,Enzyme–substrate/product,Protein,Metabolite
P30041,HMDB0000217,PRDX6,NADP,NA,from_to,Enzyme–substrate/product,Protein,Metabolite
O75874,HMDB0000217,IDH1,NADP,NA,from_to,Enzyme–substrate/product,Protein,Metabolite
P48735,HMDB0000217,IDH2,NADP,NA,from_to,Enzyme–substrate/product,Protein,Metabolite
Q9BY49,HMDB0000217,PECR,NADP,NA,from_to,Enzyme–substrate/product,Protein,Metabolite
Q08426,HMDB0000221,EHHADH,NADPH,NA,from_to,Enzyme–substrate/product,Protein,Metabolite
P51659,HMDB0000221,HSD17B4,NADPH,NA,from_to,Enzyme–substrate/product,Protein,Metabolite
P09110,HMDB0000221,ACAA1,NADPH,NA,from_to,Enzyme–substrate/product,Protein,Metabolite
P09917,HMDB0000221,ALOX5,NADPH,NA,from_to,Enzyme–substrate/product,Protein,Metabolite
P30043,HMDB0000221,BLVRB,NADPH,NA,from_to,Enzyme–substrate/product,Protein,Metabolite
P16152,HMDB0000221,CBR1,NADPH,NA,from_to,Enzyme–substrate/product,Protein,Metabolite
P35754,HMDB0000221,GLRX,NADPH,NA,from_to,Enzyme–substrate/product,Protein,Metabolite
Q12882,HMDB0000221,DPYD,NADPH,NA,from_to,Enzyme–substrate/product,Protein,Metabolite
O95479,HMDB0000221,H6PD,NADPH,NA,from_to,Enzyme–substrate/product,Protein,Metabolite
P11413,HMDB0000221,G6PD,NADPH,NA,from_to,Enzyme–substrate/product,Protein,Metabolite
P00367,HMDB0000221,GLUD1,NADPH,NA,from_to,Enzyme–substrate/product,Protein,Metabolite
P52209,HMDB0000221,PGD,NADPH,NA,from_to,Enzyme–substrate/product,Protein,Metabolite
P00390,HMDB0000221,GSR,NADPH,NA,from_to,Enzyme–substrate/product,Protein,Metabolite
P07203,HMDB0000221,GPX1,NADPH,NA,from_to,Enzyme–substrate/product,Protein,Metabolite
P22352,HMDB0000221,GPX3,NADPH,NA,from_to,Enzyme–substrate/product,Protein,Metabolite
P48163,HMDB0000221,ME1,NADPH,NA,from_to,Enzyme–substrate/product,Protein,Metabolite
P33260,HMDB0000221,CYP2C18,NADPH,NA,from_to,Enzyme–substrate/product,Protein,Metabolite
Q96SQ9,HMDB0000221,CYP2S1,NADPH,NA,from_to,Enzyme–substrate/product,Protein,Metabolite
P30041,HMDB0000221,PRDX6,NADPH,NA,from_to,Enzyme–substrate/product,Protein,Metabolite
O75874,HMDB0000221,IDH1,NADPH,NA,from_to,Enzyme–substrate/product,Protein,Metabolite
P48735,HMDB0000221,IDH2,NADPH,NA,from_to,Enzyme–substrate/product,Protein,Metabolite
Q9BY49,HMDB0000221,PECR,NADPH,NA,from_to,Enzyme–substrate/product,Protein,Metabolite
P07195,HMDB0001487,LDHB,NADH,NA,from_to,Enzyme–substrate/product,Protein,Metabolite
P00338,HMDB0001487,LDHA,NADH,NA,from_to,Enzyme–substrate/product,Protein,Metabolite
P36957,HMDB0001487,DLST,NADH,NA,from_to,Enzyme–substrate/product,Protein,Metabolite
P08319,HMDB0001487,ADH4,NADH,NA,from_to,Enzyme–substrate/product,Protein,Metabolite
P00325,HMDB0001487,ADH1B,NADH,NA,from_to,Enzyme–substrate/product,Protein,Metabolite
Q08426,HMDB0001487,EHHADH,NADH,NA,from_to,Enzyme–substrate/product,Protein,Metabolite
P51659,HMDB0001487,HSD17B4,NADH,NA,from_to,Enzyme–substrate/product,Protein,Metabolite
P09110,HMDB0001487,ACAA1,NADH,NA,from_to,Enzyme–substrate/product,Protein,Metabolite
P00352,HMDB0001487,ALDH1A1,NADH,NA,from_to,Enzyme–substrate/product,Protein,Metabolite
P30043,HMDB0001487,BLVRB,NADH,NA,from_to,Enzyme–substrate/product,Protein,Metabolite
P16152,HMDB0001487,CBR1,NADH,NA,from_to,Enzyme–substrate/product,Protein,Metabolite
P42126,HMDB0001487,ECI1,NADH,NA,from_to,Enzyme–substrate/product,Protein,Metabolite
O95479,HMDB0001487,H6PD,NADH,NA,from_to,Enzyme–substrate/product,Protein,Metabolite
P04406,HMDB0001487,GAPDH,NADH,NA,from_to,Enzyme–substrate/product,Protein,Metabolite
P00367,HMDB0001487,GLUD1,NADH,NA,from_to,Enzyme–substrate/product,Protein,Metabolite
P00390,HMDB0001487,GSR,NADH,NA,from_to,Enzyme–substrate/product,Protein,Metabolite
Q96CM8,HMDB0001487,ACSF2,NADH,NA,from_to,Enzyme–substrate/product,Protein,Metabolite
O75874,HMDB0001487,IDH1,NADH,NA,from_to,Enzyme–substrate/product,Protein,Metabolite
P48735,HMDB0001487,IDH2,NADH,NA,from_to,Enzyme–substrate/product,Protein,Metabolite
P40925,HMDB0001487,MDH1,NADH,NA,from_to,Enzyme–substrate/product,Protein,Metabolite
P40926,HMDB0001487,MDH2,NADH,NA,from_to,Enzyme–substrate/product,Protein,Metabolite
P10515,HMDB0001487,DLAT,NADH,NA,from_to,Enzyme–substrate/product,Protein,Metabolite
Q00796,HMDB0001487,SORD,NADH,NA,from_to,Enzyme–substrate/product,Protein,Metabolite
P00387,HMDB0001487,CYB5R3,NADH,NA,from_to,Enzyme–substrate/product,Protein,Metabolite
P07195,HMDB0000902,LDHB,NAD,NA,from_to,Enzyme–substrate/product,Protein,Metabolite
P00338,HMDB0000902,LDHA,NAD,NA,from_to,Enzyme–substrate/product,Protein,Metabolite
P36957,HMDB0000902,DLST,NAD,NA,from_to,Enzyme–substrate/product,Protein,Metabolite
P08319,HMDB0000902,ADH4,NAD,NA,from_to,Enzyme–substrate/product,Protein,Metabolite
P00325,HMDB0000902,ADH1B,NAD,NA,from_to,Enzyme–substrate/product,Protein,Metabolite
Q08426,HMDB0000902,EHHADH,NAD,NA,from_to,Enzyme–substrate/product,Protein,Metabolite
P51659,HMDB0000902,HSD17B4,NAD,NA,from_to,Enzyme–substrate/product,Protein,Metabolite
P09110,HMDB0000902,ACAA1,NAD,NA,from_to,Enzyme–substrate/product,Protein,Metabolite
P13686,HMDB0000902,ACP5,NAD,NA,from_to,Enzyme–substrate/product,Protein,Metabolite
P00352,HMDB0000902,ALDH1A1,NAD,NA,from_to,Enzyme–substrate/product,Protein,Metabolite
P30043,HMDB0000902,BLVRB,NAD,NA,from_to,Enzyme–substrate/product,Protein,Metabolite
P16152,HMDB0000902,CBR1,NAD,NA,from_to,Enzyme–substrate/product,Protein,Metabolite
P42126,HMDB0000902,ECI1,NAD,NA,from_to,Enzyme–substrate/product,Protein,Metabolite
O95479,HMDB0000902,H6PD,NAD,NA,from_to,Enzyme–substrate/product,Protein,Metabolite
P04406,HMDB0000902,GAPDH,NAD,NA,from_to,Enzyme–substrate/product,Protein,Metabolite
P00367,HMDB0000902,GLUD1,NAD,NA,from_to,Enzyme–substrate/product,Protein,Metabolite
P00390,HMDB0000902,GSR,NAD,NA,from_to,Enzyme–substrate/product,Protein,Metabolite
Q96CM8,HMDB0000902,ACSF2,NAD,NA,from_to,Enzyme–substrate/product,Protein,Metabolite
Q93070,HMDB0000902,ART4,NAD,NA,from_to,Enzyme–substrate/product,Protein,Metabolite
Q13508,HMDB0000902,ART3,NAD,NA,from_to,Enzyme–substrate/product,Protein,Metabolite
Q9UKK3,HMDB0000902,PARP4,NAD,NA,from_to,Enzyme–substrate/product,Protein,Metabolite
Q460N5,HMDB0000902,PARP14,NAD,NA,from_to,Enzyme–substrate/product,Protein,Metabolite
O75874,HMDB0000902,IDH1,NAD,NA,from_to,Enzyme–substrate/product,Protein,Metabolite
P48735,HMDB0000902,IDH2,NAD,NA,from_to,Enzyme–substrate/product,Protein,Metabolite
P40925,HMDB0000902,MDH1,NAD,NA,from_to,Enzyme–substrate/product,Protein,Metabolite
P40926,HMDB0000902,MDH2,NAD,NA,from_to,Enzyme–substrate/product,Protein,Metabolite
P10515,HMDB0000902,DLAT,NAD,NA,from_to,Enzyme–substrate/product,Protein,Metabolite
Q00796,HMDB0000902,SORD,NAD,NA,from_to,Enzyme–substrate/product,Protein,Metabolite
P00387,HMDB0000902,CYB5R3,NAD,NA,from_to,Enzyme–substrate/product,Protein,Metabolite
P51659,HMDB0000538,HSD17B4,Adenosine triphosphate,NA,from_to,Enzyme–substrate/product,Protein,Metabolite
P09110,HMDB0000538,ACAA1,Adenosine triphosphate,NA,from_to,Enzyme–substrate/product,Protein,Metabolite
P00568,HMDB0000538,AK1,Adenosine triphosphate,NA,from_to,Enzyme–substrate/product,Protein,Metabolite
P55263,HMDB0000538,ADK,Adenosine triphosphate,NA,from_to,Enzyme–substrate/product,Protein,Metabolite
P00966,HMDB0000538,ASS1,Adenosine triphosphate,NA,from_to,Enzyme–substrate/product,Protein,Metabolite
P27708,HMDB0000538,CAD,Adenosine triphosphate,NA,from_to,Enzyme–substrate/product,Protein,Metabolite
O75356,HMDB0000538,ENTPD5,Adenosine triphosphate,NA,from_to,Enzyme–substrate/product,Protein,Metabolite
P21281,HMDB0000538,ATP6V1B2,Adenosine triphosphate,NA,from_to,Enzyme–substrate/product,Protein,Metabolite
P10619,HMDB0000538,CTSA,Adenosine triphosphate,NA,from_to,Enzyme–substrate/product,Protein,Metabolite
P06732,HMDB0000538,CKM,Adenosine triphosphate,NA,from_to,Enzyme–substrate/product,Protein,Metabolite
P42126,HMDB0000538,ECI1,Adenosine triphosphate,NA,from_to,Enzyme–substrate/product,Protein,Metabolite
P48506,HMDB0000538,GCLC,Adenosine triphosphate,NA,from_to,Enzyme–substrate/product,Protein,Metabolite
O14773,HMDB0000538,TPP1,Adenosine triphosphate,NA,from_to,Enzyme–substrate/product,Protein,Metabolite
P48637,HMDB0000538,GSS,Adenosine triphosphate,NA,from_to,Enzyme–substrate/product,Protein,Metabolite
P52790,HMDB0000538,HK3,Adenosine triphosphate,NA,from_to,Enzyme–substrate/product,Protein,Metabolite
P02647,HMDB0000538,APOA1,Adenosine triphosphate,NA,from_to,Enzyme–substrate/product,Protein,Metabolite
Q96CM8,HMDB0000538,ACSF2,Adenosine triphosphate,NA,from_to,Enzyme–substrate/product,Protein,Metabolite
P32004,HMDB0000538,L1CAM,Adenosine triphosphate,NA,from_to,Enzyme–substrate/product,Protein,Metabolite
Q5JPH6,HMDB0000538,EARS2,Adenosine triphosphate,NA,from_to,Enzyme–substrate/product,Protein,Metabolite
P23381,HMDB0000538,WARS,Adenosine triphosphate,NA,from_to,Enzyme–substrate/product,Protein,Metabolite
P13497,HMDB0000538,BMP1,Adenosine triphosphate,NA,from_to,Enzyme–substrate/product,Protein,Metabolite
Q9UBR2,HMDB0000538,CTSZ,Adenosine triphosphate,NA,from_to,Enzyme–substrate/product,Protein,Metabolite
P25774,HMDB0000538,CTSS,Adenosine triphosphate,NA,from_to,Enzyme–substrate/product,Protein,Metabolite
P09668,HMDB0000538,CTSH,Adenosine triphosphate,NA,from_to,Enzyme–substrate/product,Protein,Metabolite
P07711,HMDB0000538,CTSL,Adenosine triphosphate,NA,from_to,Enzyme–substrate/product,Protein,Metabolite
P53634,HMDB0000538,CTSC,Adenosine triphosphate,NA,from_to,Enzyme–substrate/product,Protein,Metabolite
P07858,HMDB0000538,CTSB,Adenosine triphosphate,NA,from_to,Enzyme–substrate/product,Protein,Metabolite
P07339,HMDB0000538,CTSD,Adenosine triphosphate,NA,from_to,Enzyme–substrate/product,Protein,Metabolite
P08311,HMDB0000538,CTSG,Adenosine triphosphate,NA,from_to,Enzyme–substrate/product,Protein,Metabolite
P56202,HMDB0000538,CTSW,Adenosine triphosphate,NA,from_to,Enzyme–substrate/product,Protein,Metabolite
Q5TAX3,HMDB0000538,ZCCHC11,Adenosine triphosphate,NA,from_to,Enzyme–substrate/product,Protein,Metabolite
P51003,HMDB0000538,PAPOLA,Adenosine triphosphate,NA,from_to,Enzyme–substrate/product,Protein,Metabolite
P22607,HMDB0000538,FGFR3,Adenosine triphosphate,NA,from_to,Enzyme–substrate/product,Protein,Metabolite
Q13308,HMDB0000538,PTK7,Adenosine triphosphate,NA,from_to,Enzyme–substrate/product,Protein,Metabolite
Q05397,HMDB0000538,PTK2,Adenosine triphosphate,NA,from_to,Enzyme–substrate/product,Protein,Metabolite
P12931,HMDB0000538,SRC,Adenosine triphosphate,NA,from_to,Enzyme–substrate/product,Protein,Metabolite
P35916,HMDB0000538,FLT4,Adenosine triphosphate,NA,from_to,Enzyme–substrate/product,Protein,Metabolite
P35590,HMDB0000538,TIE1,Adenosine triphosphate,NA,from_to,Enzyme–substrate/product,Protein,Metabolite
Q01973,HMDB0000538,ROR1,Adenosine triphosphate,NA,from_to,Enzyme–substrate/product,Protein,Metabolite
P08581,HMDB0000538,MET,Adenosine triphosphate,NA,from_to,Enzyme–substrate/product,Protein,Metabolite
P30530,HMDB0000538,AXL,Adenosine triphosphate,NA,from_to,Enzyme–substrate/product,Protein,Metabolite
P07948,HMDB0000538,LYN,Adenosine triphosphate,NA,from_to,Enzyme–substrate/product,Protein,Metabolite
Q12866,HMDB0000538,MERTK,Adenosine triphosphate,NA,from_to,Enzyme–substrate/product,Protein,Metabolite
P10721,HMDB0000538,KIT,Adenosine triphosphate,NA,from_to,Enzyme–substrate/product,Protein,Metabolite
P07333,HMDB0000538,CSF1R,Adenosine triphosphate,NA,from_to,Enzyme–substrate/product,Protein,Metabolite
P22455,HMDB0000538,FGFR4,Adenosine triphosphate,NA,from_to,Enzyme–substrate/product,Protein,Metabolite
P11362,HMDB0000538,FGFR1,Adenosine triphosphate,NA,from_to,Enzyme–substrate/product,Protein,Metabolite
P29323,HMDB0000538,EPHB2,Adenosine triphosphate,NA,from_to,Enzyme–substrate/product,Protein,Metabolite
P35968,HMDB0000538,KDR,Adenosine triphosphate,NA,from_to,Enzyme–substrate/product,Protein,Metabolite
Q16832,HMDB0000538,DDR2,Adenosine triphosphate,NA,from_to,Enzyme–substrate/product,Protein,Metabolite
P00533,HMDB0000538,EGFR,Adenosine triphosphate,NA,from_to,Enzyme–substrate/product,Protein,Metabolite
P54764,HMDB0000538,EPHA4,Adenosine triphosphate,NA,from_to,Enzyme–substrate/product,Protein,Metabolite
P21709,HMDB0000538,EPHA1,Adenosine triphosphate,NA,from_to,Enzyme–substrate/product,Protein,Metabolite
P09619,HMDB0000538,PDGFRB,Adenosine triphosphate,NA,from_to,Enzyme–substrate/product,Protein,Metabolite
P61088,HMDB0000538,UBE2N,Adenosine triphosphate,NA,from_to,Enzyme–substrate/product,Protein,Metabolite
P46934,HMDB0000538,NEDD4,Adenosine triphosphate,NA,from_to,Enzyme–substrate/product,Protein,Metabolite
P61086,HMDB0000538,UBE2K,Adenosine triphosphate,NA,from_to,Enzyme–substrate/product,Protein,Metabolite
P68036,HMDB0000538,UBE2L3,Adenosine triphosphate,NA,from_to,Enzyme–substrate/product,Protein,Metabolite
O43567,HMDB0000538,RNF13,Adenosine triphosphate,NA,from_to,Enzyme–substrate/product,Protein,Metabolite
Q7Z3V4,HMDB0000538,UBE3B,Adenosine triphosphate,NA,from_to,Enzyme–substrate/product,Protein,Metabolite
Q9NW38,HMDB0000538,FANCL,Adenosine triphosphate,NA,from_to,Enzyme–substrate/product,Protein,Metabolite
O95071,HMDB0000538,UBR5,Adenosine triphosphate,NA,from_to,Enzyme–substrate/product,Protein,Metabolite
P22314,HMDB0000538,UBA1,Adenosine triphosphate,NA,from_to,Enzyme–substrate/product,Protein,Metabolite
Q15746,HMDB0000538,MYLK,Adenosine triphosphate,NA,from_to,Enzyme–substrate/product,Protein,Metabolite
O14874,HMDB0000538,BCKDK,Adenosine triphosphate,NA,from_to,Enzyme–substrate/product,Protein,Metabolite
P14314,HMDB0000538,PRKCSH,Adenosine triphosphate,NA,from_to,Enzyme–substrate/product,Protein,Metabolite
O95382,HMDB0000538,MAP3K6,Adenosine triphosphate,NA,from_to,Enzyme–substrate/product,Protein,Metabolite
Q6P0Q8,HMDB0000538,MAST2,Adenosine triphosphate,NA,from_to,Enzyme–substrate/product,Protein,Metabolite
P51955,HMDB0000538,NEK2,Adenosine triphosphate,NA,from_to,Enzyme–substrate/product,Protein,Metabolite
Q13418,HMDB0000538,ILK,Adenosine triphosphate,NA,from_to,Enzyme–substrate/product,Protein,Metabolite
Q8WZ42,HMDB0000538,TTN,Adenosine triphosphate,NA,from_to,Enzyme–substrate/product,Protein,Metabolite
P37173,HMDB0000538,TGFBR2,Adenosine triphosphate,NA,from_to,Enzyme–substrate/product,Protein,Metabolite
Q9Y5S2,HMDB0000538,CDC42BPB,Adenosine triphosphate,NA,from_to,Enzyme–substrate/product,Protein,Metabolite
Q9NZL9,HMDB0000538,MAT2B,Adenosine triphosphate,NA,from_to,Enzyme–substrate/product,Protein,Metabolite
P15531,HMDB0000538,NME1,Adenosine triphosphate,NA,from_to,Enzyme–substrate/product,Protein,Metabolite
Q13232,HMDB0000538,NME3,Adenosine triphosphate,NA,from_to,Enzyme–substrate/product,Protein,Metabolite
P14415,HMDB0000538,ATP1B2,Adenosine triphosphate,NA,from_to,Enzyme–substrate/product,Protein,Metabolite
P05026,HMDB0000538,ATP1B1,Adenosine triphosphate,NA,from_to,Enzyme–substrate/product,Protein,Metabolite
Q9Y2Q0,HMDB0000538,ATP8A1,Adenosine triphosphate,NA,from_to,Enzyme–substrate/product,Protein,Metabolite
Q5JRA6,HMDB0000538,MIA3,Adenosine triphosphate,NA,from_to,Enzyme–substrate/product,Protein,Metabolite
P00558,HMDB0000538,PGKÂ 1.00,Adenosine triphosphate,NA,from_to,Enzyme–substrate/product,Protein,Metabolite
P48426,HMDB0000538,PIP4K2A,Adenosine triphosphate,NA,from_to,Enzyme–substrate/product,Protein,Metabolite
Q9NVE7,HMDB0000538,PANK4,Adenosine triphosphate,NA,from_to,Enzyme–substrate/product,Protein,Metabolite
P60891,HMDB0000538,PRPS1,Adenosine triphosphate,NA,from_to,Enzyme–substrate/product,Protein,Metabolite
P14618,HMDB0000538,PKM,Adenosine triphosphate,NA,from_to,Enzyme–substrate/product,Protein,Metabolite
P02768,HMDB0000538,ALB,Adenosine triphosphate,NA,from_to,Enzyme–substrate/product,Protein,Metabolite
P01011,HMDB0000538,SERPINA3,Adenosine triphosphate,NA,from_to,Enzyme–substrate/product,Protein,Metabolite
P01009,HMDB0000538,SERPINA1,Adenosine triphosphate,NA,from_to,Enzyme–substrate/product,Protein,Metabolite
P04114,HMDB0000538,APOB,Adenosine triphosphate,NA,from_to,Enzyme–substrate/product,Protein,Metabolite
P02654,HMDB0000538,APOC1,Adenosine triphosphate,NA,from_to,Enzyme–substrate/product,Protein,Metabolite
P02656,HMDB0000538,APOC3,Adenosine triphosphate,NA,from_to,Enzyme–substrate/product,Protein,Metabolite
P02671,HMDB0000538,FGA,Adenosine triphosphate,NA,from_to,Enzyme–substrate/product,Protein,Metabolite
P00747,HMDB0000538,PLG,Adenosine triphosphate,NA,from_to,Enzyme–substrate/product,Protein,Metabolite
P00734,HMDB0000538,F2,Adenosine triphosphate,NA,from_to,Enzyme–substrate/product,Protein,Metabolite
P02786,HMDB0000538,TFRC,Adenosine triphosphate,NA,from_to,Enzyme–substrate/product,Protein,Metabolite
P02649,HMDB0000538,APOE,Adenosine triphosphate,NA,from_to,Enzyme–substrate/product,Protein,Metabolite
P10599,HMDB0000538,TXN,Adenosine triphosphate,NA,from_to,Enzyme–substrate/product,Protein,Metabolite
Q16853,HMDB0002111,AOC3,Water,NA,from_to,Enzyme–substrate/product,Protein,Metabolite
P07195,HMDB0002111,LDHB,Water,NA,from_to,Enzyme–substrate/product,Protein,Metabolite
P00338,HMDB0002111,LDHA,Water,NA,from_to,Enzyme–substrate/product,Protein,Metabolite
P08319,HMDB0002111,ADH4,Water,NA,from_to,Enzyme–substrate/product,Protein,Metabolite
P00325,HMDB0002111,ADH1B,Water,NA,from_to,Enzyme–substrate/product,Protein,Metabolite
P08195,HMDB0002111,SLC3A2,Water,NA,from_to,Enzyme–substrate/product,Protein,Metabolite
Q08426,HMDB0002111,EHHADH,Water,NA,from_to,Enzyme–substrate/product,Protein,Metabolite
P51659,HMDB0002111,HSD17B4,Water,NA,from_to,Enzyme–substrate/product,Protein,Metabolite
P09110,HMDB0002111,ACAA1,Water,NA,from_to,Enzyme–substrate/product,Protein,Metabolite
P13686,HMDB0002111,ACP5,Water,NA,from_to,Enzyme–substrate/product,Protein,Metabolite
Q03154,HMDB0002111,ACY1,Water,NA,from_to,Enzyme–substrate/product,Protein,Metabolite
P21399,HMDB0002111,ACO1,Water,NA,from_to,Enzyme–substrate/product,Protein,Metabolite
P06865,HMDB0002111,HEXA,Water,NA,from_to,Enzyme–substrate/product,Protein,Metabolite
P07686,HMDB0002111,HEXB,Water,NA,from_to,Enzyme–substrate/product,Protein,Metabolite
Q96KN2,HMDB0002111,CNDP1,Water,NA,from_to,Enzyme–substrate/product,Protein,Metabolite
Q96KP4,HMDB0002111,CNDP2,Water,NA,from_to,Enzyme–substrate/product,Protein,Metabolite
P00352,HMDB0002111,ALDH1A1,Water,NA,from_to,Enzyme–substrate/product,Protein,Metabolite
P05186,HMDB0002111,ALPL,Water,NA,from_to,Enzyme–substrate/product,Protein,Metabolite
P09917,HMDB0002111,ALOX5,Water,NA,from_to,Enzyme–substrate/product,Protein,Metabolite
P15144,HMDB0002111,ANPEP,Water,NA,from_to,Enzyme–substrate/product,Protein,Metabolite
P04746,HMDB0002111,AMY2A,Water,NA,from_to,Enzyme–substrate/product,Protein,Metabolite
P05089,HMDB0002111,ARG1,Water,NA,from_to,Enzyme–substrate/product,Protein,Metabolite
P27708,HMDB0002111,CAD,Water,NA,from_to,Enzyme–substrate/product,Protein,Metabolite
O75356,HMDB0002111,ENTPD5,Water,NA,from_to,Enzyme–substrate/product,Protein,Metabolite
P21281,HMDB0002111,ATP6V1B2,Water,NA,from_to,Enzyme–substrate/product,Protein,Metabolite
P07602,HMDB0002111,PSAP,Water,NA,from_to,Enzyme–substrate/product,Protein,Metabolite
P17900,HMDB0002111,GM2A,Water,NA,from_to,Enzyme–substrate/product,Protein,Metabolite
P10619,HMDB0002111,CTSA,Water,NA,from_to,Enzyme–substrate/product,Protein,Metabolite
P43251,HMDB0002111,BTD,Water,NA,from_to,Enzyme–substrate/product,Protein,Metabolite
P04040,HMDB0002111,CAT,Water,NA,from_to,Enzyme–substrate/product,Protein,Metabolite
Q13231,HMDB0002111,CHIT1,Water,NA,from_to,Enzyme–substrate/product,Protein,Metabolite
P08236,HMDB0002111,GUSB,Water,NA,from_to,Enzyme–substrate/product,Protein,Metabolite
P42126,HMDB0002111,ECI1,Water,NA,from_to,Enzyme–substrate/product,Protein,Metabolite
P09172,HMDB0002111,DBH,Water,NA,from_to,Enzyme–substrate/product,Protein,Metabolite
P18669,HMDB0002111,PGAM1,Water,NA,from_to,Enzyme–substrate/product,Protein,Metabolite
P07738,HMDB0002111,BPGM,Water,NA,from_to,Enzyme–substrate/product,Protein,Metabolite
P33316,HMDB0002111,DUT,Water,NA,from_to,Enzyme–substrate/product,Protein,Metabolite
P06733,HMDB0002111,ENO1,Water,NA,from_to,Enzyme–substrate/product,Protein,Metabolite
P22413,HMDB0002111,ENPP1,Water,NA,from_to,Enzyme–substrate/product,Protein,Metabolite
O00757,HMDB0002111,FBP2,Water,NA,from_to,Enzyme–substrate/product,Protein,Metabolite
P09467,HMDB0002111,FBP1,Water,NA,from_to,Enzyme–substrate/product,Protein,Metabolite
Q9BTY2,HMDB0002111,FUCA2,Water,NA,from_to,Enzyme–substrate/product,Protein,Metabolite
P04066,HMDB0002111,FUCA1,Water,NA,from_to,Enzyme–substrate/product,Protein,Metabolite
P16930,HMDB0002111,FAH,Water,NA,from_to,Enzyme–substrate/product,Protein,Metabolite
O95479,HMDB0002111,H6PD,Water,NA,from_to,Enzyme–substrate/product,Protein,Metabolite
O43451,HMDB0002111,MGAM,Water,NA,from_to,Enzyme–substrate/product,Protein,Metabolite
Q92820,HMDB0002111,GGH,Water,NA,from_to,Enzyme–substrate/product,Protein,Metabolite
P54802,HMDB0002111,NAGLU,Water,NA,from_to,Enzyme–substrate/product,Protein,Metabolite
P06737,HMDB0002111,PYGL,Water,NA,from_to,Enzyme–substrate/product,Protein,Metabolite
P11216,HMDB0002111,PYGB,Water,NA,from_to,Enzyme–substrate/product,Protein,Metabolite
P00367,HMDB0002111,GLUD1,Water,NA,from_to,Enzyme–substrate/product,Protein,Metabolite
Q16775,HMDB0002111,HAGH,Water,NA,from_to,Enzyme–substrate/product,Protein,Metabolite
P12955,HMDB0002111,PEPD,Water,NA,from_to,Enzyme–substrate/product,Protein,Metabolite
O14773,HMDB0002111,TPP1,Water,NA,from_to,Enzyme–substrate/product,Protein,Metabolite
Q9NPB8,HMDB0002111,GPCPD1,Water,NA,from_to,Enzyme–substrate/product,Protein,Metabolite
P07203,HMDB0002111,GPX1,Water,NA,from_to,Enzyme–substrate/product,Protein,Metabolite
Q06830,HMDB0002111,PRDX1,Water,NA,from_to,Enzyme–substrate/product,Protein,Metabolite
P32119,HMDB0002111,PRDX2,Water,NA,from_to,Enzyme–substrate/product,Protein,Metabolite
P22352,HMDB0002111,GPX3,Water,NA,from_to,Enzyme–substrate/product,Protein,Metabolite
Q9Y2T3,HMDB0002111,GDA,Water,NA,from_to,Enzyme–substrate/product,Protein,Metabolite
P00918,HMDB0002111,CA2,Water,NA,from_to,Enzyme–substrate/product,Protein,Metabolite
P23280,HMDB0002111,CA6,Water,NA,from_to,Enzyme–substrate/product,Protein,Metabolite
P00915,HMDB0002111,CA1,Water,NA,from_to,Enzyme–substrate/product,Protein,Metabolite
P11150,HMDB0002111,LIPC,Water,NA,from_to,Enzyme–substrate/product,Protein,Metabolite
P02647,HMDB0002111,APOA1,Water,NA,from_to,Enzyme–substrate/product,Protein,Metabolite
P62136,HMDB0002111,PPP1CA,Water,NA,from_to,Enzyme–substrate/product,Protein,Metabolite
P0C869,HMDB0002111,JMJD7-PLA2G4B,Water,NA,from_to,Enzyme–substrate/product,Protein,Metabolite
Q8IV08,HMDB0002111,PLD3,Water,NA,from_to,Enzyme–substrate/product,Protein,Metabolite
Q96BZ4,HMDB0002111,PLD4,Water,NA,from_to,Enzyme–substrate/product,Protein,Metabolite
Q8NCC3,HMDB0002111,PLA2G15,Water,NA,from_to,Enzyme–substrate/product,Protein,Metabolite
P06276,HMDB0002111,BCHE,Water,NA,from_to,Enzyme–substrate/product,Protein,Metabolite
Q9P212,HMDB0002111,PLCE1,Water,NA,from_to,Enzyme–substrate/product,Protein,Metabolite
P17405,HMDB0002111,SMPD1,Water,NA,from_to,Enzyme–substrate/product,Protein,Metabolite
P17050,HMDB0002111,NAGA,Water,NA,from_to,Enzyme–substrate/product,Protein,Metabolite
P33260,HMDB0002111,CYP2C18,Water,NA,from_to,Enzyme–substrate/product,Protein,Metabolite
Q96SQ9,HMDB0002111,CYP2S1,Water,NA,from_to,Enzyme–substrate/product,Protein,Metabolite
P30041,HMDB0002111,PRDX6,Water,NA,from_to,Enzyme–substrate/product,Protein,Metabolite
Q96CM8,HMDB0002111,ACSF2,Water,NA,from_to,Enzyme–substrate/product,Protein,Metabolite
Q9H4A9,HMDB0002111,DPEP2,Water,NA,from_to,Enzyme–substrate/product,Protein,Metabolite
P05164,HMDB0002111,MPO,Water,NA,from_to,Enzyme–substrate/product,Protein,Metabolite
P11678,HMDB0002111,EPX,Water,NA,from_to,Enzyme–substrate/product,Protein,Metabolite
P32004,HMDB0002111,L1CAM,Water,NA,from_to,Enzyme–substrate/product,Protein,Metabolite
P13497,HMDB0002111,BMP1,Water,NA,from_to,Enzyme–substrate/product,Protein,Metabolite
Q9UBR2,HMDB0002111,CTSZ,Water,NA,from_to,Enzyme–substrate/product,Protein,Metabolite
P25774,HMDB0002111,CTSS,Water,NA,from_to,Enzyme–substrate/product,Protein,Metabolite
P09668,HMDB0002111,CTSH,Water,NA,from_to,Enzyme–substrate/product,Protein,Metabolite
P07711,HMDB0002111,CTSL,Water,NA,from_to,Enzyme–substrate/product,Protein,Metabolite
P53634,HMDB0002111,CTSC,Water,NA,from_to,Enzyme–substrate/product,Protein,Metabolite
P07858,HMDB0002111,CTSB,Water,NA,from_to,Enzyme–substrate/product,Protein,Metabolite
P07339,HMDB0002111,CTSD,Water,NA,from_to,Enzyme–substrate/product,Protein,Metabolite
P08311,HMDB0002111,CTSG,Water,NA,from_to,Enzyme–substrate/product,Protein,Metabolite
P56202,HMDB0002111,CTSW,Water,NA,from_to,Enzyme–substrate/product,Protein,Metabolite
Q10713,HMDB0002111,PMPCA,Water,NA,from_to,Enzyme–substrate/product,Protein,Metabolite
Q9UNW1,HMDB0002111,MINPP1,Water,NA,from_to,Enzyme–substrate/product,Protein,Metabolite
P02753,HMDB0002111,RBP4,Water,NA,from_to,Enzyme–substrate/product,Protein,Metabolite
P23141,HMDB0002111,CES1,Water,NA,from_to,Enzyme–substrate/product,Protein,Metabolite
Q02809,HMDB0002111,PLOD1,Water,NA,from_to,Enzyme–substrate/product,Protein,Metabolite
P09211,HMDB0002111,GSTP1,Water,NA,from_to,Enzyme–substrate/product,Protein,Metabolite
P78417,HMDB0002111,GSTO1,Water,NA,from_to,Enzyme–substrate/product,Protein,Metabolite
P30711,HMDB0002111,GSTT1,Water,NA,from_to,Enzyme–substrate/product,Protein,Metabolite
Q9UHG3,HMDB0002111,PCYOX1,Water,NA,from_to,Enzyme–substrate/product,Protein,Metabolite
P80108,HMDB0002111,GPLD1,Water,NA,from_to,Enzyme–substrate/product,Protein,Metabolite
Q13822,HMDB0002111,ENPP2,Water,NA,from_to,Enzyme–substrate/product,Protein,Metabolite
P29350,HMDB0002111,PTPN6,Water,NA,from_to,Enzyme–substrate/product,Protein,Metabolite
Q16827,HMDB0002111,PTPRO,Water,NA,from_to,Enzyme–substrate/product,Protein,Metabolite
Q12913,HMDB0002111,PTPRJ,Water,NA,from_to,Enzyme–substrate/product,Protein,Metabolite
P23471,HMDB0002111,PTPRZ1,Water,NA,from_to,Enzyme–substrate/product,Protein,Metabolite
P51452,HMDB0002111,DUSP3,Water,NA,from_to,Enzyme–substrate/product,Protein,Metabolite
Q13332,HMDB0002111,PTPRS,Water,NA,from_to,Enzyme–substrate/product,Protein,Metabolite
Q15262,HMDB0002111,PTPRK,Water,NA,from_to,Enzyme–substrate/product,Protein,Metabolite
P23469,HMDB0002111,PTPRE,Water,NA,from_to,Enzyme–substrate/product,Protein,Metabolite
P08575,HMDB0002111,PTPRC,Water,NA,from_to,Enzyme–substrate/product,Protein,Metabolite
P23467,HMDB0002111,PTPRB,Water,NA,from_to,Enzyme–substrate/product,Protein,Metabolite
P28827,HMDB0002111,PTPRM,Water,NA,from_to,Enzyme–substrate/product,Protein,Metabolite
P23470,HMDB0002111,PTPRG,Water,NA,from_to,Enzyme–substrate/product,Protein,Metabolite
P10586,HMDB0002111,PTPRF,Water,NA,from_to,Enzyme–substrate/product,Protein,Metabolite
P36222,HMDB0002111,CHI3L1,Water,NA,from_to,Enzyme–substrate/product,Protein,Metabolite
Q9H9J4,HMDB0002111,USP42,Water,NA,from_to,Enzyme–substrate/product,Protein,Metabolite
Q8TEY7,HMDB0002111,USP33,Water,NA,from_to,Enzyme–substrate/product,Protein,Metabolite
Q9P2H5,HMDB0002111,USP35,Water,NA,from_to,Enzyme–substrate/product,Protein,Metabolite
P54578,HMDB0002111,USP14,Water,NA,from_to,Enzyme–substrate/product,Protein,Metabolite
Q70CQ3,HMDB0002111,USP30,Water,NA,from_to,Enzyme–substrate/product,Protein,Metabolite
O95865,HMDB0002111,DDAH2,Water,NA,from_to,Enzyme–substrate/product,Protein,Metabolite
O75594,HMDB0002111,PGLYRP1,Water,NA,from_to,Enzyme–substrate/product,Protein,Metabolite
P12429,HMDB0002111,ANXA3,Water,NA,from_to,Enzyme–substrate/product,Protein,Metabolite
P19021,HMDB0002111,PAM,Water,NA,from_to,Enzyme–substrate/product,Protein,Metabolite
Q9UK23,HMDB0002111,NAGPA,Water,NA,from_to,Enzyme–substrate/product,Protein,Metabolite
Q9Y2T4,HMDB0002111,PPP2R2C,Water,NA,from_to,Enzyme–substrate/product,Protein,Metabolite
O60346,HMDB0002111,PHLPP1,Water,NA,from_to,Enzyme–substrate/product,Protein,Metabolite
P35813,HMDB0002111,PPM1A,Water,NA,from_to,Enzyme–substrate/product,Protein,Metabolite
O14829,HMDB0002111,PPEF1,Water,NA,from_to,Enzyme–substrate/product,Protein,Metabolite
P28838,HMDB0002111,LAP3,Water,NA,from_to,Enzyme–substrate/product,Protein,Metabolite
P09960,HMDB0002111,LTA4H,Water,NA,from_to,Enzyme–substrate/product,Protein,Metabolite
P49641,HMDB0002111,MAN2A2,Water,NA,from_to,Enzyme–substrate/product,Protein,Metabolite
Q16706,HMDB0002111,MAN2A1,Water,NA,from_to,Enzyme–substrate/product,Protein,Metabolite
Q9NZL9,HMDB0002111,MAT2B,Water,NA,from_to,Enzyme–substrate/product,Protein,Metabolite
Q13724,HMDB0002111,MOGS,Water,NA,from_to,Enzyme–substrate/product,Protein,Metabolite
P21589,HMDB0002111,NT5E,Water,NA,from_to,Enzyme–substrate/product,Protein,Metabolite
P14415,HMDB0002111,ATP1B2,Water,NA,from_to,Enzyme–substrate/product,Protein,Metabolite
P05026,HMDB0002111,ATP1B1,Water,NA,from_to,Enzyme–substrate/product,Protein,Metabolite
Q15102,HMDB0002111,PAFAH1B3,Water,NA,from_to,Enzyme–substrate/product,Protein,Metabolite
P68402,HMDB0002111,PAFAH1B2,Water,NA,from_to,Enzyme–substrate/product,Protein,Metabolite
Q13093,HMDB0002111,PLA2G7,Water,NA,from_to,Enzyme–substrate/product,Protein,Metabolite
Q9Y2Q0,HMDB0002111,ATP8A1,Water,NA,from_to,Enzyme–substrate/product,Protein,Metabolite
A6NDG6,HMDB0002111,PGP,Water,NA,from_to,Enzyme–substrate/product,Protein,Metabolite
P13716,HMDB0002111,ALAD,Water,NA,from_to,Enzyme–substrate/product,Protein,Metabolite
P15085,HMDB0002111,CPA1,Water,NA,from_to,Enzyme–substrate/product,Protein,Metabolite
Q9UKU6,HMDB0002111,TRHDE,Water,NA,from_to,Enzyme–substrate/product,Protein,Metabolite
P12821,HMDB0002111,ACE,Water,NA,from_to,Enzyme–substrate/product,Protein,Metabolite
P22304,HMDB0002111,IDS,Water,NA,from_to,Enzyme–substrate/product,Protein,Metabolite
P15848,HMDB0002111,ARSB,Water,NA,from_to,Enzyme–substrate/product,Protein,Metabolite
P15586,HMDB0002111,GNS,Water,NA,from_to,Enzyme–substrate/product,Protein,Metabolite
P10768,HMDB0002111,ESD,Water,NA,from_to,Enzyme–substrate/product,Protein,Metabolite
P02792,HMDB0002111,FTL,Water,NA,from_to,Enzyme–substrate/product,Protein,Metabolite
P02794,HMDB0002111,FTH1,Water,NA,from_to,Enzyme–substrate/product,Protein,Metabolite
P00450,HMDB0002111,CP,Water,NA,from_to,Enzyme–substrate/product,Protein,Metabolite
P02768,HMDB0002111,ALB,Water,NA,from_to,Enzyme–substrate/product,Protein,Metabolite
P01011,HMDB0002111,SERPINA3,Water,NA,from_to,Enzyme–substrate/product,Protein,Metabolite
P01009,HMDB0002111,SERPINA1,Water,NA,from_to,Enzyme–substrate/product,Protein,Metabolite
P04114,HMDB0002111,APOB,Water,NA,from_to,Enzyme–substrate/product,Protein,Metabolite
P02654,HMDB0002111,APOC1,Water,NA,from_to,Enzyme–substrate/product,Protein,Metabolite
P02656,HMDB0002111,APOC3,Water,NA,from_to,Enzyme–substrate/product,Protein,Metabolite
P02671,HMDB0002111,FGA,Water,NA,from_to,Enzyme–substrate/product,Protein,Metabolite
P00747,HMDB0002111,PLG,Water,NA,from_to,Enzyme–substrate/product,Protein,Metabolite
P00734,HMDB0002111,F2,Water,NA,from_to,Enzyme–substrate/product,Protein,Metabolite
P02786,HMDB0002111,TFRC,Water,NA,from_to,Enzyme–substrate/product,Protein,Metabolite
P02649,HMDB0002111,APOE,Water,NA,from_to,Enzyme–substrate/product,Protein,Metabolite
P10599,HMDB0002111,TXN,Water,NA,from_to,Enzyme–substrate/product,Protein,Metabolite
Q16853,2-Hydroxy-3-Methyl-Valerate,AOC3,2-Hydroxy-3-Methyl-Valerate,NA,from_to,Enzyme–substrate/product,Protein,Metabolite
P07195,2-Hydroxy-3-Methyl-Valerate,LDHB,2-Hydroxy-3-Methyl-Valerate,NA,from_to,Enzyme–substrate/product,Protein,Metabolite
P00338,2-Hydroxy-3-Methyl-Valerate,LDHA,2-Hydroxy-3-Methyl-Valerate,NA,from_to,Enzyme–substrate/product,Protein,Metabolite
P07108,2-Hydroxy-3-Methyl-Valerate,DBI,2-Hydroxy-3-Methyl-Valerate,NA,from_to,Enzyme–substrate/product,Protein,Metabolite
P08319,2-Hydroxy-3-Methyl-Valerate,ADH4,2-Hydroxy-3-Methyl-Valerate,NA,from_to,Enzyme–substrate/product,Protein,Metabolite
P00325,2-Hydroxy-3-Methyl-Valerate,ADH1B,2-Hydroxy-3-Methyl-Valerate,NA,from_to,Enzyme–substrate/product,Protein,Metabolite
P08195,2-Hydroxy-3-Methyl-Valerate,SLC3A2,2-Hydroxy-3-Methyl-Valerate,NA,from_to,Enzyme–substrate/product,Protein,Metabolite
Q08426,2-Hydroxy-3-Methyl-Valerate,EHHADH,2-Hydroxy-3-Methyl-Valerate,NA,from_to,Enzyme–substrate/product,Protein,Metabolite
P51659,2-Hydroxy-3-Methyl-Valerate,HSD17B4,2-Hydroxy-3-Methyl-Valerate,NA,from_to,Enzyme–substrate/product,Protein,Metabolite
P09110,2-Hydroxy-3-Methyl-Valerate,ACAA1,2-Hydroxy-3-Methyl-Valerate,NA,from_to,Enzyme–substrate/product,Protein,Metabolite
P13686,2-Hydroxy-3-Methyl-Valerate,ACP5,2-Hydroxy-3-Methyl-Valerate,NA,from_to,Enzyme–substrate/product,Protein,Metabolite
P02730,2-Hydroxy-3-Methyl-Valerate,SLC4A1,2-Hydroxy-3-Methyl-Valerate,NA,from_to,Enzyme–substrate/product,Protein,Metabolite
Q9NY97,2-Hydroxy-3-Methyl-Valerate,B3GNT2,2-Hydroxy-3-Methyl-Valerate,NA,from_to,Enzyme–substrate/product,Protein,Metabolite
O43505,2-Hydroxy-3-Methyl-Valerate,B3GNT1,2-Hydroxy-3-Methyl-Valerate,NA,from_to,Enzyme–substrate/product,Protein,Metabolite
P06865,2-Hydroxy-3-Methyl-Valerate,HEXA,2-Hydroxy-3-Methyl-Valerate,NA,from_to,Enzyme–substrate/product,Protein,Metabolite
P07686,2-Hydroxy-3-Methyl-Valerate,HEXB,2-Hydroxy-3-Methyl-Valerate,NA,from_to,Enzyme–substrate/product,Protein,Metabolite
Q96KN2,2-Hydroxy-3-Methyl-Valerate,CNDP1,2-Hydroxy-3-Methyl-Valerate,NA,from_to,Enzyme–substrate/product,Protein,Metabolite
Q96KP4,2-Hydroxy-3-Methyl-Valerate,CNDP2,2-Hydroxy-3-Methyl-Valerate,NA,from_to,Enzyme–substrate/product,Protein,Metabolite
P24298,2-Hydroxy-3-Methyl-Valerate,GPT,2-Hydroxy-3-Methyl-Valerate,NA,from_to,Enzyme–substrate/product,Protein,Metabolite
P09917,2-Hydroxy-3-Methyl-Valerate,ALOX5,2-Hydroxy-3-Methyl-Valerate,NA,from_to,Enzyme–substrate/product,Protein,Metabolite
P04746,2-Hydroxy-3-Methyl-Valerate,AMY2A,2-Hydroxy-3-Methyl-Valerate,NA,from_to,Enzyme–substrate/product,Protein,Metabolite
P07602,2-Hydroxy-3-Methyl-Valerate,PSAP,2-Hydroxy-3-Methyl-Valerate,NA,from_to,Enzyme–substrate/product,Protein,Metabolite
P17900,2-Hydroxy-3-Methyl-Valerate,GM2A,2-Hydroxy-3-Methyl-Valerate,NA,from_to,Enzyme–substrate/product,Protein,Metabolite
P10619,2-Hydroxy-3-Methyl-Valerate,CTSA,2-Hydroxy-3-Methyl-Valerate,NA,from_to,Enzyme–substrate/product,Protein,Metabolite
P16152,2-Hydroxy-3-Methyl-Valerate,CBR1,2-Hydroxy-3-Methyl-Valerate,NA,from_to,Enzyme–substrate/product,Protein,Metabolite
Q13231,2-Hydroxy-3-Methyl-Valerate,CHIT1,2-Hydroxy-3-Methyl-Valerate,NA,from_to,Enzyme–substrate/product,Protein,Metabolite
P08236,2-Hydroxy-3-Methyl-Valerate,GUSB,2-Hydroxy-3-Methyl-Valerate,NA,from_to,Enzyme–substrate/product,Protein,Metabolite
P42126,2-Hydroxy-3-Methyl-Valerate,ECI1,2-Hydroxy-3-Methyl-Valerate,NA,from_to,Enzyme–substrate/product,Protein,Metabolite
P04843,2-Hydroxy-3-Methyl-Valerate,RPN1,2-Hydroxy-3-Methyl-Valerate,NA,from_to,Enzyme–substrate/product,Protein,Metabolite
Q9P2X0,2-Hydroxy-3-Methyl-Valerate,DPM3,2-Hydroxy-3-Methyl-Valerate,NA,from_to,Enzyme–substrate/product,Protein,Metabolite
P04075,2-Hydroxy-3-Methyl-Valerate,ALDOA,2-Hydroxy-3-Methyl-Valerate,NA,from_to,Enzyme–substrate/product,Protein,Metabolite
P05062,2-Hydroxy-3-Methyl-Valerate,ALDOB,2-Hydroxy-3-Methyl-Valerate,NA,from_to,Enzyme–substrate/product,Protein,Metabolite
P09972,2-Hydroxy-3-Methyl-Valerate,ALDOC,2-Hydroxy-3-Methyl-Valerate,NA,from_to,Enzyme–substrate/product,Protein,Metabolite
Q9BTY2,2-Hydroxy-3-Methyl-Valerate,FUCA2,2-Hydroxy-3-Methyl-Valerate,NA,from_to,Enzyme–substrate/product,Protein,Metabolite
P04066,2-Hydroxy-3-Methyl-Valerate,FUCA1,2-Hydroxy-3-Methyl-Valerate,NA,from_to,Enzyme–substrate/product,Protein,Metabolite
P15291,2-Hydroxy-3-Methyl-Valerate,B4GALT1,2-Hydroxy-3-Methyl-Valerate,NA,from_to,Enzyme–substrate/product,Protein,Metabolite
Q10471,2-Hydroxy-3-Methyl-Valerate,GALNT2,2-Hydroxy-3-Methyl-Valerate,NA,from_to,Enzyme–substrate/product,Protein,Metabolite
Q7Z7M9,2-Hydroxy-3-Methyl-Valerate,GALNT5,2-Hydroxy-3-Methyl-Valerate,NA,from_to,Enzyme–substrate/product,Protein,Metabolite
Q86SF2,2-Hydroxy-3-Methyl-Valerate,GALNT7,2-Hydroxy-3-Methyl-Valerate,NA,from_to,Enzyme–substrate/product,Protein,Metabolite
Q10472,2-Hydroxy-3-Methyl-Valerate,GALNT1,2-Hydroxy-3-Methyl-Valerate,NA,from_to,Enzyme–substrate/product,Protein,Metabolite
O43451,2-Hydroxy-3-Methyl-Valerate,MGAM,2-Hydroxy-3-Methyl-Valerate,NA,from_to,Enzyme–substrate/product,Protein,Metabolite
Q92820,2-Hydroxy-3-Methyl-Valerate,GGH,2-Hydroxy-3-Methyl-Valerate,NA,from_to,Enzyme–substrate/product,Protein,Metabolite
Q04446,2-Hydroxy-3-Methyl-Valerate,GBE1,2-Hydroxy-3-Methyl-Valerate,NA,from_to,Enzyme–substrate/product,Protein,Metabolite
Q93063,2-Hydroxy-3-Methyl-Valerate,EXT2,2-Hydroxy-3-Methyl-Valerate,NA,from_to,Enzyme–substrate/product,Protein,Metabolite
Q16394,2-Hydroxy-3-Methyl-Valerate,EXT1,2-Hydroxy-3-Methyl-Valerate,NA,from_to,Enzyme–substrate/product,Protein,Metabolite
P54802,2-Hydroxy-3-Methyl-Valerate,NAGLU,2-Hydroxy-3-Methyl-Valerate,NA,from_to,Enzyme–substrate/product,Protein,Metabolite
P06737,2-Hydroxy-3-Methyl-Valerate,PYGL,2-Hydroxy-3-Methyl-Valerate,NA,from_to,Enzyme–substrate/product,Protein,Metabolite
P11216,2-Hydroxy-3-Methyl-Valerate,PYGB,2-Hydroxy-3-Methyl-Valerate,NA,from_to,Enzyme–substrate/product,Protein,Metabolite
P12955,2-Hydroxy-3-Methyl-Valerate,PEPD,2-Hydroxy-3-Methyl-Valerate,NA,from_to,Enzyme–substrate/product,Protein,Metabolite
O14773,2-Hydroxy-3-Methyl-Valerate,TPP1,2-Hydroxy-3-Methyl-Valerate,NA,from_to,Enzyme–substrate/product,Protein,Metabolite
Q9NPB8,2-Hydroxy-3-Methyl-Valerate,GPCPD1,2-Hydroxy-3-Methyl-Valerate,NA,from_to,Enzyme–substrate/product,Protein,Metabolite
P07203,2-Hydroxy-3-Methyl-Valerate,GPX1,2-Hydroxy-3-Methyl-Valerate,NA,from_to,Enzyme–substrate/product,Protein,Metabolite
P22352,2-Hydroxy-3-Methyl-Valerate,GPX3,2-Hydroxy-3-Methyl-Valerate,NA,from_to,Enzyme–substrate/product,Protein,Metabolite
P98160,2-Hydroxy-3-Methyl-Valerate,HSPG2,2-Hydroxy-3-Methyl-Valerate,NA,from_to,Enzyme–substrate/product,Protein,Metabolite
P11150,2-Hydroxy-3-Methyl-Valerate,LIPC,2-Hydroxy-3-Methyl-Valerate,NA,from_to,Enzyme–substrate/product,Protein,Metabolite
P07148,2-Hydroxy-3-Methyl-Valerate,FABP1,2-Hydroxy-3-Methyl-Valerate,NA,from_to,Enzyme–substrate/product,Protein,Metabolite
P48163,2-Hydroxy-3-Methyl-Valerate,ME1,2-Hydroxy-3-Methyl-Valerate,NA,from_to,Enzyme–substrate/product,Protein,Metabolite
P02647,2-Hydroxy-3-Methyl-Valerate,APOA1,2-Hydroxy-3-Methyl-Valerate,NA,from_to,Enzyme–substrate/product,Protein,Metabolite
P02652,2-Hydroxy-3-Methyl-Valerate,APOA2,2-Hydroxy-3-Methyl-Valerate,NA,from_to,Enzyme–substrate/product,Protein,Metabolite
Q6Q788,2-Hydroxy-3-Methyl-Valerate,APOA5,2-Hydroxy-3-Methyl-Valerate,NA,from_to,Enzyme–substrate/product,Protein,Metabolite
P29279,2-Hydroxy-3-Methyl-Valerate,CTGF,2-Hydroxy-3-Methyl-Valerate,NA,from_to,Enzyme–substrate/product,Protein,Metabolite
P01019,2-Hydroxy-3-Methyl-Valerate,AGT,2-Hydroxy-3-Methyl-Valerate,NA,from_to,Enzyme–substrate/product,Protein,Metabolite
P55157,2-Hydroxy-3-Methyl-Valerate,MTTP,2-Hydroxy-3-Methyl-Valerate,NA,from_to,Enzyme–substrate/product,Protein,Metabolite
P55058,2-Hydroxy-3-Methyl-Valerate,PLTP,2-Hydroxy-3-Methyl-Valerate,NA,from_to,Enzyme–substrate/product,Protein,Metabolite
A5D6W6,2-Hydroxy-3-Methyl-Valerate,FITM1,2-Hydroxy-3-Methyl-Valerate,NA,from_to,Enzyme–substrate/product,Protein,Metabolite
P62136,2-Hydroxy-3-Methyl-Valerate,PPP1CA,2-Hydroxy-3-Methyl-Valerate,NA,from_to,Enzyme–substrate/product,Protein,Metabolite
P51161,2-Hydroxy-3-Methyl-Valerate,FABP6,2-Hydroxy-3-Methyl-Valerate,NA,from_to,Enzyme–substrate/product,Protein,Metabolite
P0C869,2-Hydroxy-3-Methyl-Valerate,JMJD7-PLA2G4B,2-Hydroxy-3-Methyl-Valerate,NA,from_to,Enzyme–substrate/product,Protein,Metabolite
Q9UG56,2-Hydroxy-3-Methyl-Valerate,PISD,2-Hydroxy-3-Methyl-Valerate,NA,from_to,Enzyme–substrate/product,Protein,Metabolite
Q8IV08,2-Hydroxy-3-Methyl-Valerate,PLD3,2-Hydroxy-3-Methyl-Valerate,NA,from_to,Enzyme–substrate/product,Protein,Metabolite
Q96BZ4,2-Hydroxy-3-Methyl-Valerate,PLD4,2-Hydroxy-3-Methyl-Valerate,NA,from_to,Enzyme–substrate/product,Protein,Metabolite
Q8NCC3,2-Hydroxy-3-Methyl-Valerate,PLA2G15,2-Hydroxy-3-Methyl-Valerate,NA,from_to,Enzyme–substrate/product,Protein,Metabolite
P04180,2-Hydroxy-3-Methyl-Valerate,LCAT,2-Hydroxy-3-Methyl-Valerate,NA,from_to,Enzyme–substrate/product,Protein,Metabolite
Q9P212,2-Hydroxy-3-Methyl-Valerate,PLCE1,2-Hydroxy-3-Methyl-Valerate,NA,from_to,Enzyme–substrate/product,Protein,Metabolite
Q8WZA1,2-Hydroxy-3-Methyl-Valerate,POMGNT1,2-Hydroxy-3-Methyl-Valerate,NA,from_to,Enzyme–substrate/product,Protein,Metabolite
Q9NYU2,2-Hydroxy-3-Methyl-Valerate,UGGT1,2-Hydroxy-3-Methyl-Valerate,NA,from_to,Enzyme–substrate/product,Protein,Metabolite
P17405,2-Hydroxy-3-Methyl-Valerate,SMPD1,2-Hydroxy-3-Methyl-Valerate,NA,from_to,Enzyme–substrate/product,Protein,Metabolite
P17050,2-Hydroxy-3-Methyl-Valerate,NAGA,2-Hydroxy-3-Methyl-Valerate,NA,from_to,Enzyme–substrate/product,Protein,Metabolite
Q11201,2-Hydroxy-3-Methyl-Valerate,ST3GAL1,2-Hydroxy-3-Methyl-Valerate,NA,from_to,Enzyme–substrate/product,Protein,Metabolite
Q9Y274,2-Hydroxy-3-Methyl-Valerate,ST3GAL6,2-Hydroxy-3-Methyl-Valerate,NA,from_to,Enzyme–substrate/product,Protein,Metabolite
P33260,2-Hydroxy-3-Methyl-Valerate,CYP2C18,2-Hydroxy-3-Methyl-Valerate,NA,from_to,Enzyme–substrate/product,Protein,Metabolite
Q96SQ9,2-Hydroxy-3-Methyl-Valerate,CYP2S1,2-Hydroxy-3-Methyl-Valerate,NA,from_to,Enzyme–substrate/product,Protein,Metabolite
P30041,2-Hydroxy-3-Methyl-Valerate,PRDX6,2-Hydroxy-3-Methyl-Valerate,NA,from_to,Enzyme–substrate/product,Protein,Metabolite
Q96CM8,2-Hydroxy-3-Methyl-Valerate,ACSF2,2-Hydroxy-3-Methyl-Valerate,NA,from_to,Enzyme–substrate/product,Protein,Metabolite
P05164,2-Hydroxy-3-Methyl-Valerate,MPO,2-Hydroxy-3-Methyl-Valerate,NA,from_to,Enzyme–substrate/product,Protein,Metabolite
P11678,2-Hydroxy-3-Methyl-Valerate,EPX,2-Hydroxy-3-Methyl-Valerate,NA,from_to,Enzyme–substrate/product,Protein,Metabolite
P32004,2-Hydroxy-3-Methyl-Valerate,L1CAM,2-Hydroxy-3-Methyl-Valerate,NA,from_to,Enzyme–substrate/product,Protein,Metabolite
O43529,2-Hydroxy-3-Methyl-Valerate,CHST10,2-Hydroxy-3-Methyl-Valerate,NA,from_to,Enzyme–substrate/product,Protein,Metabolite
P13497,2-Hydroxy-3-Methyl-Valerate,BMP1,2-Hydroxy-3-Methyl-Valerate,NA,from_to,Enzyme–substrate/product,Protein,Metabolite
P01130,2-Hydroxy-3-Methyl-Valerate,LDLR,2-Hydroxy-3-Methyl-Valerate,NA,from_to,Enzyme–substrate/product,Protein,Metabolite
Q9UBR2,2-Hydroxy-3-Methyl-Valerate,CTSZ,2-Hydroxy-3-Methyl-Valerate,NA,from_to,Enzyme–substrate/product,Protein,Metabolite
P25774,2-Hydroxy-3-Methyl-Valerate,CTSS,2-Hydroxy-3-Methyl-Valerate,NA,from_to,Enzyme–substrate/product,Protein,Metabolite
P09668,2-Hydroxy-3-Methyl-Valerate,CTSH,2-Hydroxy-3-Methyl-Valerate,NA,from_to,Enzyme–substrate/product,Protein,Metabolite
P07711,2-Hydroxy-3-Methyl-Valerate,CTSL,2-Hydroxy-3-Methyl-Valerate,NA,from_to,Enzyme–substrate/product,Protein,Metabolite
P53634,2-Hydroxy-3-Methyl-Valerate,CTSC,2-Hydroxy-3-Methyl-Valerate,NA,from_to,Enzyme–substrate/product,Protein,Metabolite
P07858,2-Hydroxy-3-Methyl-Valerate,CTSB,2-Hydroxy-3-Methyl-Valerate,NA,from_to,Enzyme–substrate/product,Protein,Metabolite
P07339,2-Hydroxy-3-Methyl-Valerate,CTSD,2-Hydroxy-3-Methyl-Valerate,NA,from_to,Enzyme–substrate/product,Protein,Metabolite
P08311,2-Hydroxy-3-Methyl-Valerate,CTSG,2-Hydroxy-3-Methyl-Valerate,NA,from_to,Enzyme–substrate/product,Protein,Metabolite
P56202,2-Hydroxy-3-Methyl-Valerate,CTSW,2-Hydroxy-3-Methyl-Valerate,NA,from_to,Enzyme–substrate/product,Protein,Metabolite
P02753,2-Hydroxy-3-Methyl-Valerate,RBP4,2-Hydroxy-3-Methyl-Valerate,NA,from_to,Enzyme–substrate/product,Protein,Metabolite
P23141,2-Hydroxy-3-Methyl-Valerate,CES1,2-Hydroxy-3-Methyl-Valerate,NA,from_to,Enzyme–substrate/product,Protein,Metabolite
P09211,2-Hydroxy-3-Methyl-Valerate,GSTP1,2-Hydroxy-3-Methyl-Valerate,NA,from_to,Enzyme–substrate/product,Protein,Metabolite
P78417,2-Hydroxy-3-Methyl-Valerate,GSTO1,2-Hydroxy-3-Methyl-Valerate,NA,from_to,Enzyme–substrate/product,Protein,Metabolite
P30711,2-Hydroxy-3-Methyl-Valerate,GSTT1,2-Hydroxy-3-Methyl-Valerate,NA,from_to,Enzyme–substrate/product,Protein,Metabolite
Q9UHG3,2-Hydroxy-3-Methyl-Valerate,PCYOX1,2-Hydroxy-3-Methyl-Valerate,NA,from_to,Enzyme–substrate/product,Protein,Metabolite
P80108,2-Hydroxy-3-Methyl-Valerate,GPLD1,2-Hydroxy-3-Methyl-Valerate,NA,from_to,Enzyme–substrate/product,Protein,Metabolite
P28838,2-Hydroxy-3-Methyl-Valerate,LAP3,2-Hydroxy-3-Methyl-Valerate,NA,from_to,Enzyme–substrate/product,Protein,Metabolite
P49641,2-Hydroxy-3-Methyl-Valerate,MAN2A2,2-Hydroxy-3-Methyl-Valerate,NA,from_to,Enzyme–substrate/product,Protein,Metabolite
Q16706,2-Hydroxy-3-Methyl-Valerate,MAN2A1,2-Hydroxy-3-Methyl-Valerate,NA,from_to,Enzyme–substrate/product,Protein,Metabolite
P26572,2-Hydroxy-3-Methyl-Valerate,MGAT1,2-Hydroxy-3-Methyl-Valerate,NA,from_to,Enzyme–substrate/product,Protein,Metabolite
Q13724,2-Hydroxy-3-Methyl-Valerate,MOGS,2-Hydroxy-3-Methyl-Valerate,NA,from_to,Enzyme–substrate/product,Protein,Metabolite
Q9Y2Q0,2-Hydroxy-3-Methyl-Valerate,ATP8A1,2-Hydroxy-3-Methyl-Valerate,NA,from_to,Enzyme–substrate/product,Protein,Metabolite
P48426,2-Hydroxy-3-Methyl-Valerate,PIP4K2A,2-Hydroxy-3-Methyl-Valerate,NA,from_to,Enzyme–substrate/product,Protein,Metabolite
P15085,2-Hydroxy-3-Methyl-Valerate,CPA1,2-Hydroxy-3-Methyl-Valerate,NA,from_to,Enzyme–substrate/product,Protein,Metabolite
Q9UKU6,2-Hydroxy-3-Methyl-Valerate,TRHDE,2-Hydroxy-3-Methyl-Valerate,NA,from_to,Enzyme–substrate/product,Protein,Metabolite
P12821,2-Hydroxy-3-Methyl-Valerate,ACE,2-Hydroxy-3-Methyl-Valerate,NA,from_to,Enzyme–substrate/product,Protein,Metabolite
P22304,2-Hydroxy-3-Methyl-Valerate,IDS,2-Hydroxy-3-Methyl-Valerate,NA,from_to,Enzyme–substrate/product,Protein,Metabolite
P15848,2-Hydroxy-3-Methyl-Valerate,ARSB,2-Hydroxy-3-Methyl-Valerate,NA,from_to,Enzyme–substrate/product,Protein,Metabolite
P15586,2-Hydroxy-3-Methyl-Valerate,GNS,2-Hydroxy-3-Methyl-Valerate,NA,from_to,Enzyme–substrate/product,Protein,Metabolite
P02768,2-Hydroxy-3-Methyl-Valerate,ALB,2-Hydroxy-3-Methyl-Valerate,NA,from_to,Enzyme–substrate/product,Protein,Metabolite
P01011,2-Hydroxy-3-Methyl-Valerate,SERPINA3,2-Hydroxy-3-Methyl-Valerate,NA,from_to,Enzyme–substrate/product,Protein,Metabolite
P01009,2-Hydroxy-3-Methyl-Valerate,SERPINA1,2-Hydroxy-3-Methyl-Valerate,NA,from_to,Enzyme–substrate/product,Protein,Metabolite
P04114,2-Hydroxy-3-Methyl-Valerate,APOB,2-Hydroxy-3-Methyl-Valerate,NA,from_to,Enzyme–substrate/product,Protein,Metabolite
P02654,2-Hydroxy-3-Methyl-Valerate,APOC1,2-Hydroxy-3-Methyl-Valerate,NA,from_to,Enzyme–substrate/product,Protein,Metabolite
P02656,2-Hydroxy-3-Methyl-Valerate,APOC3,2-Hydroxy-3-Methyl-Valerate,NA,from_to,Enzyme–substrate/product,Protein,Metabolite
P00747,2-Hydroxy-3-Methyl-Valerate,PLG,2-Hydroxy-3-Methyl-Valerate,NA,from_to,Enzyme–substrate/product,Protein,Metabolite
P00734,2-Hydroxy-3-Methyl-Valerate,F2,2-Hydroxy-3-Methyl-Valerate,NA,from_to,Enzyme–substrate/product,Protein,Metabolite
P02649,2-Hydroxy-3-Methyl-Valerate,APOE,2-Hydroxy-3-Methyl-Valerate,NA,from_to,Enzyme–substrate/product,Protein,Metabolite
