from,to,fromName,toName,edgeWeight,edgeDirection,edgeType,fromOmic,toOmic
ENSG00000284442,ENSG00000100219,hsa-mir-2110,XBP1,0.84,Negative,miRNA-mRNA interaction,RNA,RNA
ENSG00000207631,ENSG00000123908,hsa-mir-641,AGO2,0.9,Negative,miRNA-mRNA interaction,RNA,RNA
ENSG00000207931,ENSG00000108256,hsa-mir-577,NUFIP2,0.71,Negative,miRNA-mRNA interaction,RNA,RNA
ENSG00000264566,ENSG00000120686,hsa-mir-23c,UFM1,0.81,Negative,miRNA-mRNA interaction,RNA,RNA
ENSG00000284346,ENSG00000124209,hsa-mir-940,RAB22A,0.87,Negative,miRNA-mRNA interaction,RNA,RNA
ENSG00000199080,ENSG00000124766,hsa-mir-133b,SOX4,0.96,Negative,miRNA-mRNA interaction,RNA,RNA
ENSG00000202566,ENSG00000126821,hsa-mir-421,SGPP1,0.74,Negative,miRNA-mRNA interaction,RNA,RNA
ENSG00000284346,ENSG00000074695,hsa-mir-940,LMAN1,0.77,Negative,miRNA-mRNA interaction,RNA,RNA
ENSG00000264566,ENSG00000130766,hsa-mir-23c,SESN2,0.88,Negative,miRNA-mRNA interaction,RNA,RNA
ENSG00000221203,ENSG00000130766,hsa-mir-1262,SESN2,0.79,Negative,miRNA-mRNA interaction,RNA,RNA
ENSG00000221476,ENSG00000132485,hsa-mir-1827,ZRANB2,0.85,Negative,miRNA-mRNA interaction,RNA,RNA
ENSG00000207931,ENSG00000132953,hsa-mir-577,XPO4,0.77,Negative,miRNA-mRNA interaction,RNA,RNA
ENSG00000207642,ENSG00000135679,hsa-mir-571,MDM2,0.75,Negative,miRNA-mRNA interaction,RNA,RNA
ENSG00000266228,ENSG00000160551,hsa-mir-3611,TAOK1,0.9,Negative,miRNA-mRNA interaction,RNA,RNA
ENSG00000207631,ENSG00000088179,hsa-mir-641,PTPN4,0.75,Negative,miRNA-mRNA interaction,RNA,RNA
ENSG00000284583,ENSG00000091009,hsa-mir-935,RBM27,0.75,Negative,miRNA-mRNA interaction,RNA,RNA
ENSG00000221476,ENSG00000143363,hsa-mir-1827,PRUNE1,0.86,Negative,miRNA-mRNA interaction,RNA,RNA
ENSG00000199080,ENSG00000146731,hsa-mir-133b,CCT6A,0.72,Negative,miRNA-mRNA interaction,RNA,RNA
ENSG00000221203,ENSG00000162928,hsa-mir-1262,PEX13,0.94,Negative,miRNA-mRNA interaction,RNA,RNA
ENSG00000264566,ENSG00000164104,hsa-mir-23c,HMGB2,0.9,Negative,miRNA-mRNA interaction,RNA,RNA
ENSG00000221669,ENSG00000164104,hsa-mir-548n,HMGB2,0.77,Negative,miRNA-mRNA interaction,RNA,RNA
ENSG00000284442,ENSG00000131711,hsa-mir-2110,MAP1B,0.91,Negative,miRNA-mRNA interaction,RNA,RNA
ENSG00000283203,ENSG00000165934,hsa-mir-1246,CPSF2,0.92,Negative,miRNA-mRNA interaction,RNA,RNA
ENSG00000221754,ENSG00000167088,hsa-mir-1260a,SNRPD1,0.71,Negative,miRNA-mRNA interaction,RNA,RNA
ENSG00000284442,ENSG00000167470,hsa-mir-2110,MIDN,0.82,Negative,miRNA-mRNA interaction,RNA,RNA
ENSG00000265520,ENSG00000168209,hsa-mir-548v,DDIT4,0.95,Negative,miRNA-mRNA interaction,RNA,RNA
ENSG00000265520,ENSG00000196705,hsa-mir-548v,ZNF431,0.76,Negative,miRNA-mRNA interaction,RNA,RNA
ENSG00000265520,ENSG00000176749,hsa-mir-548v,CDK5R1,0.92,Negative,miRNA-mRNA interaction,RNA,RNA
ENSG00000284346,ENSG00000174010,hsa-mir-940,KLHL15,0.73,Negative,miRNA-mRNA interaction,RNA,RNA
ENSG00000207631,ENSG00000174010,hsa-mir-641,KLHL15,0.89,Negative,miRNA-mRNA interaction,RNA,RNA
ENSG00000283203,ENSG00000174010,hsa-mir-1246,KLHL15,0.76,Negative,miRNA-mRNA interaction,RNA,RNA
ENSG00000264566,ENSG00000164284,hsa-mir-23c,GRPEL2,0.81,Negative,miRNA-mRNA interaction,RNA,RNA
ENSG00000199080,ENSG00000185129,hsa-mir-133b,PURA,0.91,Negative,miRNA-mRNA interaction,RNA,RNA
ENSG00000221476,ENSG00000083312,hsa-mir-1827,TNPO1,0.71,Negative,miRNA-mRNA interaction,RNA,RNA
ENSG00000283799,ENSG00000139146,hsa-mir-1182,SINHCAF,0.92,Negative,miRNA-mRNA interaction,RNA,RNA
ENSG00000283203,ENSG00000197050,hsa-mir-1246,ZNF420,0.8,Negative,miRNA-mRNA interaction,RNA,RNA
ENSG00000207631,ENSG00000189060,hsa-mir-641,H1F0,0.72,Negative,miRNA-mRNA interaction,RNA,RNA
ENSG00000284583,ENSG00000102908,hsa-mir-935,NFAT5,0.8,Negative,miRNA-mRNA interaction,RNA,RNA
ENSG00000266228,ENSG00000120784,hsa-mir-3611,ZFP30,0.84,Negative,miRNA-mRNA interaction,RNA,RNA
ENSG00000221754,ENSG00000114739,hsa-mir-1260a,ACVR2B,0.72,Negative,miRNA-mRNA interaction,RNA,RNA
ENSG00000266192,ENSG00000114739,hsa-mir-1260b,ACVR2B,0.73,Negative,miRNA-mRNA interaction,RNA,RNA
ENSG00000221476,ENSG00000099942,hsa-mir-1827,CRKL,0.9,Negative,miRNA-mRNA interaction,RNA,RNA
ENSG00000207631,ENSG00000198093,hsa-mir-641,ZNF649,0.91,Negative,miRNA-mRNA interaction,RNA,RNA
ENSG00000221669,ENSG00000007944,hsa-mir-548n,MYLIP,0.99,Negative,miRNA-mRNA interaction,RNA,RNA
ENSG00000207631,ENSG00000179456,hsa-mir-641,ZBTB18,0.85,Negative,miRNA-mRNA interaction,RNA,RNA
ENSG00000283799,ENSG00000165280,hsa-mir-1182,VCP,0.97,Negative,miRNA-mRNA interaction,RNA,RNA
ENSG00000264566,ENSG00000165280,hsa-mir-23c,VCP,0.79,Negative,miRNA-mRNA interaction,RNA,RNA
ENSG00000199080,ENSG00000162704,hsa-mir-133b,ARPC5,0.92,Negative,miRNA-mRNA interaction,RNA,RNA
ENSG00000221203,ENSG00000197714,hsa-mir-1262,ZNF460,0.76,Negative,miRNA-mRNA interaction,RNA,RNA
ENSG00000284346,ENSG00000082805,hsa-mir-940,ERC1,0.9,Negative,miRNA-mRNA interaction,RNA,RNA
ENSG00000284346,ENSG00000119285,hsa-mir-940,HEATR1,0.83,Negative,miRNA-mRNA interaction,RNA,RNA
ENSG00000284346,ENSG00000146433,hsa-mir-940,TMEM181,0.79,Negative,miRNA-mRNA interaction,RNA,RNA
ENSG00000266192,ENSG00000099194,hsa-mir-1260b,SCD,0.92,Negative,miRNA-mRNA interaction,RNA,RNA
ENSG00000221754,ENSG00000099194,hsa-mir-1260a,SCD,0.92,Negative,miRNA-mRNA interaction,RNA,RNA
ENSG00000284346,ENSG00000153936,hsa-mir-940,HS2ST1,0.79,Negative,miRNA-mRNA interaction,RNA,RNA
ENSG00000221476,ENSG00000132825,hsa-mir-1827,PPP1R3D,0.84,Negative,miRNA-mRNA interaction,RNA,RNA
ENSG00000284442,ENSG00000196233,hsa-mir-2110,LCOR,0.84,Negative,miRNA-mRNA interaction,RNA,RNA
ENSG00000284442,ENSG00000058804,hsa-mir-2110,NDC1,0.74,Negative,miRNA-mRNA interaction,RNA,RNA
ENSG00000264566,ENSG00000165678,hsa-mir-23c,GHITM,0.81,Negative,miRNA-mRNA interaction,RNA,RNA
ENSG00000284442,ENSG00000157514,hsa-mir-2110,TSC22D3,0.73,Negative,miRNA-mRNA interaction,RNA,RNA
ENSG00000221476,ENSG00000092847,hsa-mir-1827,AGO1,0.76,Negative,miRNA-mRNA interaction,RNA,RNA
ENSG00000207631,ENSG00000092847,hsa-mir-641,AGO1,0.78,Negative,miRNA-mRNA interaction,RNA,RNA
ENSG00000284583,ENSG00000056586,hsa-mir-935,RC3H2,0.77,Negative,miRNA-mRNA interaction,RNA,RNA
ENSG00000266192,ENSG00000135018,hsa-mir-1260b,UBQLN1,0.71,Negative,miRNA-mRNA interaction,RNA,RNA
ENSG00000266228,ENSG00000136156,hsa-mir-3611,ITM2B,0.78,Negative,miRNA-mRNA interaction,RNA,RNA
ENSG00000264566,ENSG00000107105,hsa-mir-23c,ELAVL2,0.72,Negative,miRNA-mRNA interaction,RNA,RNA
ENSG00000284583,ENSG00000155545,hsa-mir-935,MIER3,0.78,Negative,miRNA-mRNA interaction,RNA,RNA
ENSG00000207631,ENSG00000205730,hsa-mir-641,ITPRIPL2,0.81,Negative,miRNA-mRNA interaction,RNA,RNA
ENSG00000199080,ENSG00000166200,hsa-mir-133b,COPS2,0.71,Negative,miRNA-mRNA interaction,RNA,RNA
ENSG00000264572,ENSG00000010244,hsa-mir-4296,ZNF207,0.82,Negative,miRNA-mRNA interaction,RNA,RNA
ENSG00000199080,ENSG00000066117,hsa-mir-133b,SMARCD1,1,Negative,miRNA-mRNA interaction,RNA,RNA
ENSG00000264566,ENSG00000149187,hsa-mir-23c,CELF1,0.98,Negative,miRNA-mRNA interaction,RNA,RNA
ENSG00000199080,ENSG00000090905,hsa-mir-133b,TNRC6A,0.78,Negative,miRNA-mRNA interaction,RNA,RNA
ENSG00000284442,ENSG00000090905,hsa-mir-2110,TNRC6A,1,Negative,miRNA-mRNA interaction,RNA,RNA
ENSG00000266228,ENSG00000152409,hsa-mir-3611,JMY,0.82,Negative,miRNA-mRNA interaction,RNA,RNA
ENSG00000221476,ENSG00000132388,hsa-mir-1827,UBE2G1,0.72,Negative,miRNA-mRNA interaction,RNA,RNA
ENSG00000264566,ENSG00000006459,hsa-mir-23c,KDM7A,0.95,Negative,miRNA-mRNA interaction,RNA,RNA
ENSG00000207642,ENSG00000106012,hsa-mir-571,IQCE,0.74,Negative,miRNA-mRNA interaction,RNA,RNA
ENSG00000266228,ENSG00000157212,hsa-mir-3611,PAXIP1,0.87,Negative,miRNA-mRNA interaction,RNA,RNA
ENSG00000207642,ENSG00000066044,hsa-mir-571,ELAVL1,0.81,Negative,miRNA-mRNA interaction,RNA,RNA
ENSG00000263785,ENSG00000075420,hsa-mir-3182,FNDC3B,0.88,Negative,miRNA-mRNA interaction,RNA,RNA
ENSG00000221476,ENSG00000151892,hsa-mir-1827,GFRA1,0.89,Negative,miRNA-mRNA interaction,RNA,RNA
ENSG00000266228,ENSG00000151892,hsa-mir-3611,GFRA1,0.73,Negative,miRNA-mRNA interaction,RNA,RNA
ENSG00000207931,ENSG00000162928,hsa-mir-577,PEX13,0.95,Negative,miRNA-mRNA interaction,RNA,RNA
ENSG00000221669,ENSG00000157106,hsa-mir-548n,SMG1,0.99,Negative,miRNA-mRNA interaction,RNA,RNA
ENSG00000264566,ENSG00000163214,hsa-mir-23c,DHX57,0.76,Negative,miRNA-mRNA interaction,RNA,RNA
ENSG00000221203,ENSG00000197312,hsa-mir-1262,DDI2,0.88,Negative,miRNA-mRNA interaction,RNA,RNA
ENSG00000221754,ENSG00000171566,hsa-mir-1260a,PLRG1,0.88,Negative,miRNA-mRNA interaction,RNA,RNA
ENSG00000284583,ENSG00000080822,hsa-mir-935,CLDND1,0.71,Negative,miRNA-mRNA interaction,RNA,RNA
ENSG00000284583,ENSG00000110321,hsa-mir-935,EIF4G2,0.83,Negative,miRNA-mRNA interaction,RNA,RNA
ENSG00000221476,ENSG00000173120,hsa-mir-1827,KDM2A,0.88,Negative,miRNA-mRNA interaction,RNA,RNA
ENSG00000281842,ENSG00000023171,hsa-mir-1291,GRAMD1B,0.88,Negative,miRNA-mRNA interaction,RNA,RNA
ENSG00000284442,ENSG00000132341,hsa-mir-2110,RAN,0.78,Negative,miRNA-mRNA interaction,RNA,RNA
ENSG00000281842,ENSG00000275126,hsa-mir-1291,HIST1H4L,0.75,Negative,miRNA-mRNA interaction,RNA,RNA
ENSG00000264566,ENSG00000215301,hsa-mir-23c,DDX3X,0.84,Negative,miRNA-mRNA interaction,RNA,RNA
ENSG00000207736,ENSG00000037965,hsa-mir-657,HOXC8,0.93,Negative,miRNA-mRNA interaction,RNA,RNA
ENSG00000284442,ENSG00000077684,hsa-mir-2110,JADE1,0.87,Negative,miRNA-mRNA interaction,RNA,RNA
ENSG00000199080,ENSG00000117616,hsa-mir-133b,RSRP1,0.8,Negative,miRNA-mRNA interaction,RNA,RNA
ENSG00000207631,ENSG00000130749,hsa-mir-641,AC008755.1,0.88,Negative,miRNA-mRNA interaction,RNA,RNA
ENSG00000221669,ENSG00000134294,hsa-mir-548n,SLC38A2,0.96,Negative,miRNA-mRNA interaction,RNA,RNA
ENSG00000264566,ENSG00000135679,hsa-mir-23c,MDM2,0.73,Negative,miRNA-mRNA interaction,RNA,RNA
ENSG00000207631,ENSG00000175387,hsa-mir-641,SMAD2,1,Negative,miRNA-mRNA interaction,RNA,RNA
ENSG00000264566,ENSG00000114529,hsa-mir-23c,C3orf52,0.96,Negative,miRNA-mRNA interaction,RNA,RNA
ENSG00000207736,ENSG00000109586,hsa-mir-657,GALNT7,0.8,Negative,miRNA-mRNA interaction,RNA,RNA
ENSG00000207631,ENSG00000141424,hsa-mir-641,SLC39A6,0.93,Negative,miRNA-mRNA interaction,RNA,RNA
ENSG00000207631,ENSG00000141753,hsa-mir-641,IGFBP4,0.73,Negative,miRNA-mRNA interaction,RNA,RNA
ENSG00000264566,ENSG00000148411,hsa-mir-23c,NACC2,1,Negative,miRNA-mRNA interaction,RNA,RNA
ENSG00000207931,ENSG00000152683,hsa-mir-577,SLC30A6,0.93,Negative,miRNA-mRNA interaction,RNA,RNA
ENSG00000264572,ENSG00000167325,hsa-mir-4296,RRM1,0.81,Negative,miRNA-mRNA interaction,RNA,RNA
ENSG00000284346,ENSG00000189091,hsa-mir-940,SF3B3,0.8,Negative,miRNA-mRNA interaction,RNA,RNA
ENSG00000264572,ENSG00000118518,hsa-mir-4296,RNF146,0.91,Negative,miRNA-mRNA interaction,RNA,RNA
ENSG00000221669,ENSG00000173404,hsa-mir-548n,INSM1,0.99,Negative,miRNA-mRNA interaction,RNA,RNA
ENSG00000284346,ENSG00000178971,hsa-mir-940,CTC1,0.8,Negative,miRNA-mRNA interaction,RNA,RNA
ENSG00000264572,ENSG00000069345,hsa-mir-4296,DNAJA2,0.84,Negative,miRNA-mRNA interaction,RNA,RNA
ENSG00000264566,ENSG00000181472,hsa-mir-23c,ZBTB2,0.73,Negative,miRNA-mRNA interaction,RNA,RNA
ENSG00000266228,ENSG00000182287,hsa-mir-3611,AP1S2,0.73,Negative,miRNA-mRNA interaction,RNA,RNA
ENSG00000221203,ENSG00000162607,hsa-mir-1262,USP1,0.86,Negative,miRNA-mRNA interaction,RNA,RNA
ENSG00000221669,ENSG00000077585,hsa-mir-548n,GPR137B,0.98,Negative,miRNA-mRNA interaction,RNA,RNA
ENSG00000284442,ENSG00000213281,hsa-mir-2110,NRAS,0.86,Negative,miRNA-mRNA interaction,RNA,RNA
ENSG00000207642,ENSG00000116473,hsa-mir-571,RAP1A,0.75,Negative,miRNA-mRNA interaction,RNA,RNA
ENSG00000284346,ENSG00000012660,hsa-mir-940,ELOVL5,0.74,Negative,miRNA-mRNA interaction,RNA,RNA
ENSG00000199080,ENSG00000137166,hsa-mir-133b,FOXP4,0.73,Negative,miRNA-mRNA interaction,RNA,RNA
ENSG00000221669,ENSG00000134644,hsa-mir-548n,PUM1,0.88,Negative,miRNA-mRNA interaction,RNA,RNA
ENSG00000207931,ENSG00000165997,hsa-mir-577,ARL5B,0.77,Negative,miRNA-mRNA interaction,RNA,RNA
ENSG00000199080,ENSG00000169895,hsa-mir-133b,SYAP1,0.84,Negative,miRNA-mRNA interaction,RNA,RNA
ENSG00000199080,ENSG00000153012,hsa-mir-133b,LGI2,0.79,Negative,miRNA-mRNA interaction,RNA,RNA
ENSG00000284346,ENSG00000161011,hsa-mir-940,SQSTM1,0.71,Negative,miRNA-mRNA interaction,RNA,RNA
ENSG00000264566,ENSG00000109332,hsa-mir-23c,UBE2D3,0.94,Negative,miRNA-mRNA interaction,RNA,RNA
ENSG00000283203,ENSG00000146676,hsa-mir-1246,PURB,0.9,Negative,miRNA-mRNA interaction,RNA,RNA
ENSG00000264572,ENSG00000168137,hsa-mir-4296,SETD5,0.82,Negative,miRNA-mRNA interaction,RNA,RNA
ENSG00000264566,ENSG00000162599,hsa-mir-23c,NFIA,0.9,Negative,miRNA-mRNA interaction,RNA,RNA
ENSG00000207931,ENSG00000067560,hsa-mir-577,RHOA,0.97,Negative,miRNA-mRNA interaction,RNA,RNA
ENSG00000263785,ENSG00000163349,hsa-mir-3182,HIPK1,0.72,Negative,miRNA-mRNA interaction,RNA,RNA
ENSG00000221669,ENSG00000177565,hsa-mir-548n,TBL1XR1,0.95,Negative,miRNA-mRNA interaction,RNA,RNA
ENSG00000284442,ENSG00000125505,hsa-mir-2110,MBOAT7,0.82,Negative,miRNA-mRNA interaction,RNA,RNA
ENSG00000221669,ENSG00000100354,hsa-mir-548n,TNRC6B,0.89,Negative,miRNA-mRNA interaction,RNA,RNA
ENSG00000264566,ENSG00000148200,hsa-mir-23c,NR6A1,1,Negative,miRNA-mRNA interaction,RNA,RNA
ENSG00000207631,ENSG00000183579,hsa-mir-641,ZNRF3,0.89,Negative,miRNA-mRNA interaction,RNA,RNA
ENSG00000284346,ENSG00000139977,hsa-mir-940,NAA30,0.86,Negative,miRNA-mRNA interaction,RNA,RNA
ENSG00000283799,ENSG00000277586,hsa-mir-1182,NEFL,0.76,Negative,miRNA-mRNA interaction,RNA,RNA
ENSG00000264566,ENSG00000204920,hsa-mir-23c,ZNF155,0.74,Negative,miRNA-mRNA interaction,RNA,RNA
ENSG00000266228,ENSG00000136100,hsa-mir-3611,VPS36,0.72,Negative,miRNA-mRNA interaction,RNA,RNA
ENSG00000265520,ENSG00000099246,hsa-mir-548v,RAB18,0.75,Negative,miRNA-mRNA interaction,RNA,RNA
ENSG00000284346,ENSG00000275066,hsa-mir-940,SYNRG,0.74,Negative,miRNA-mRNA interaction,RNA,RNA
ENSG00000221476,ENSG00000136997,hsa-mir-1827,MYC,1,Negative,miRNA-mRNA interaction,RNA,RNA
ENSG00000199080,ENSG00000054598,hsa-mir-133b,FOXC1,0.99,Negative,miRNA-mRNA interaction,RNA,RNA
ENSG00000211581,ENSG00000101115,hsa-mir-765,SALL4,0.78,Negative,miRNA-mRNA interaction,RNA,RNA
ENSG00000199001,ENSG00000102081,hsa-mir-448,FMR1,0.96,Negative,miRNA-mRNA interaction,RNA,RNA
ENSG00000211581,ENSG00000103005,hsa-mir-765,USB1,0.86,Negative,miRNA-mRNA interaction,RNA,RNA
ENSG00000211581,ENSG00000105866,hsa-mir-765,SP4,0.79,Negative,miRNA-mRNA interaction,RNA,RNA
ENSG00000216192,ENSG00000106344,hsa-mir-920,RBM28,0.81,Negative,miRNA-mRNA interaction,RNA,RNA
ENSG00000207631,ENSG00000108256,hsa-mir-641,NUFIP2,0.96,Negative,miRNA-mRNA interaction,RNA,RNA
ENSG00000211581,ENSG00000108840,hsa-mir-765,HDAC5,0.91,Negative,miRNA-mRNA interaction,RNA,RNA
ENSG00000211581,ENSG00000116731,hsa-mir-765,PRDM2,0.82,Negative,miRNA-mRNA interaction,RNA,RNA
ENSG00000198976,ENSG00000131873,hsa-mir-429,CHSY1,0.84,Negative,miRNA-mRNA interaction,RNA,RNA
ENSG00000211581,ENSG00000132953,hsa-mir-765,XPO4,0.72,Negative,miRNA-mRNA interaction,RNA,RNA
ENSG00000198976,ENSG00000134294,hsa-mir-429,SLC38A2,0.99,Negative,miRNA-mRNA interaction,RNA,RNA
ENSG00000207974,ENSG00000135679,hsa-mir-557,MDM2,0.72,Negative,miRNA-mRNA interaction,RNA,RNA
ENSG00000211581,ENSG00000113712,hsa-mir-765,CSNK1A1,0.71,Negative,miRNA-mRNA interaction,RNA,RNA
ENSG00000202566,ENSG00000070770,hsa-mir-421,CSNK2A2,0.79,Negative,miRNA-mRNA interaction,RNA,RNA
ENSG00000211581,ENSG00000110400,hsa-mir-765,NECTIN1,0.83,Negative,miRNA-mRNA interaction,RNA,RNA
ENSG00000199001,ENSG00000109171,hsa-mir-448,SLAIN2,0.85,Negative,miRNA-mRNA interaction,RNA,RNA
ENSG00000211581,ENSG00000075426,hsa-mir-765,FOSL2,0.73,Negative,miRNA-mRNA interaction,RNA,RNA
ENSG00000211581,ENSG00000105556,hsa-mir-765,MIER2,0.72,Negative,miRNA-mRNA interaction,RNA,RNA
ENSG00000211581,ENSG00000091009,hsa-mir-765,RBM27,0.85,Negative,miRNA-mRNA interaction,RNA,RNA
ENSG00000207692,ENSG00000065361,hsa-mir-592,ERBB3,0.99,Negative,miRNA-mRNA interaction,RNA,RNA
ENSG00000211581,ENSG00000213064,hsa-mir-765,SFT2D2,0.75,Negative,miRNA-mRNA interaction,RNA,RNA
ENSG00000202566,ENSG00000148143,hsa-mir-421,ZNF462,0.97,Negative,miRNA-mRNA interaction,RNA,RNA
ENSG00000207974,ENSG00000151422,hsa-mir-557,FER,0.73,Negative,miRNA-mRNA interaction,RNA,RNA
ENSG00000198976,ENSG00000155903,hsa-mir-429,RASA2,0.99,Negative,miRNA-mRNA interaction,RNA,RNA
ENSG00000211581,ENSG00000087088,hsa-mir-765,BAX,0.75,Negative,miRNA-mRNA interaction,RNA,RNA
ENSG00000211581,ENSG00000162139,hsa-mir-765,NEU3,0.93,Negative,miRNA-mRNA interaction,RNA,RNA
ENSG00000216192,ENSG00000131711,hsa-mir-920,MAP1B,0.79,Negative,miRNA-mRNA interaction,RNA,RNA
ENSG00000198976,ENSG00000165410,hsa-mir-429,CFL2,1,Negative,miRNA-mRNA interaction,RNA,RNA
ENSG00000207631,ENSG00000165832,hsa-mir-641,TRUB1,0.94,Negative,miRNA-mRNA interaction,RNA,RNA
ENSG00000199001,ENSG00000166068,hsa-mir-448,SPRED1,0.88,Negative,miRNA-mRNA interaction,RNA,RNA
ENSG00000207692,ENSG00000166886,hsa-mir-592,NAB2,0.71,Negative,miRNA-mRNA interaction,RNA,RNA
ENSG00000207974,ENSG00000105750,hsa-mir-557,ZNF85,0.84,Negative,miRNA-mRNA interaction,RNA,RNA
ENSG00000211581,ENSG00000089154,hsa-mir-765,GCN1,0.92,Negative,miRNA-mRNA interaction,RNA,RNA
ENSG00000211581,ENSG00000167978,hsa-mir-765,SRRM2,0.72,Negative,miRNA-mRNA interaction,RNA,RNA
ENSG00000207631,ENSG00000170759,hsa-mir-641,KIF5B,0.87,Negative,miRNA-mRNA interaction,RNA,RNA
ENSG00000207974,ENSG00000168374,hsa-mir-557,ARF4,0.71,Negative,miRNA-mRNA interaction,RNA,RNA
ENSG00000207974,ENSG00000110066,hsa-mir-557,KMT5B,0.79,Negative,miRNA-mRNA interaction,RNA,RNA
ENSG00000207631,ENSG00000171103,hsa-mir-641,TRMT61B,0.71,Negative,miRNA-mRNA interaction,RNA,RNA
ENSG00000199001,ENSG00000171150,hsa-mir-448,SOCS5,0.99,Negative,miRNA-mRNA interaction,RNA,RNA
ENSG00000207692,ENSG00000170185,hsa-mir-592,USP38,0.8,Negative,miRNA-mRNA interaction,RNA,RNA
ENSG00000211581,ENSG00000220205,hsa-mir-765,VAMP2,0.86,Negative,miRNA-mRNA interaction,RNA,RNA
ENSG00000199001,ENSG00000141682,hsa-mir-448,PMAIP1,0.79,Negative,miRNA-mRNA interaction,RNA,RNA
ENSG00000207974,ENSG00000175928,hsa-mir-557,LRRN1,0.92,Negative,miRNA-mRNA interaction,RNA,RNA
ENSG00000211581,ENSG00000178209,hsa-mir-765,PLEC,0.75,Negative,miRNA-mRNA interaction,RNA,RNA
ENSG00000207974,ENSG00000151748,hsa-mir-557,SAV1,0.83,Negative,miRNA-mRNA interaction,RNA,RNA
ENSG00000207631,ENSG00000180182,hsa-mir-641,MED14,0.72,Negative,miRNA-mRNA interaction,RNA,RNA
ENSG00000211581,ENSG00000185591,hsa-mir-765,SP1,0.8,Negative,miRNA-mRNA interaction,RNA,RNA
ENSG00000211581,ENSG00000011114,hsa-mir-765,BTBD7,0.73,Negative,miRNA-mRNA interaction,RNA,RNA
ENSG00000211581,ENSG00000161791,hsa-mir-765,FMNL3,0.97,Negative,miRNA-mRNA interaction,RNA,RNA
ENSG00000211581,ENSG00000157191,hsa-mir-765,NECAP2,0.73,Negative,miRNA-mRNA interaction,RNA,RNA
ENSG00000211581,ENSG00000142512,hsa-mir-765,SIGLEC10,0.74,Negative,miRNA-mRNA interaction,RNA,RNA
ENSG00000199001,ENSG00000100647,hsa-mir-448,SUSD6,0.73,Negative,miRNA-mRNA interaction,RNA,RNA
ENSG00000211581,ENSG00000092421,hsa-mir-765,SEMA6A,0.88,Negative,miRNA-mRNA interaction,RNA,RNA
ENSG00000207692,ENSG00000122779,hsa-mir-592,TRIM24,0.83,Negative,miRNA-mRNA interaction,RNA,RNA
ENSG00000198976,ENSG00000113810,hsa-mir-429,SMC4,0.72,Negative,miRNA-mRNA interaction,RNA,RNA
ENSG00000211581,ENSG00000181852,hsa-mir-765,RNF41,0.87,Negative,miRNA-mRNA interaction,RNA,RNA
ENSG00000199001,ENSG00000085733,hsa-mir-448,CTTN,0.96,Negative,miRNA-mRNA interaction,RNA,RNA
ENSG00000207974,ENSG00000112242,hsa-mir-557,E2F3,0.9,Negative,miRNA-mRNA interaction,RNA,RNA
ENSG00000202566,ENSG00000196850,hsa-mir-421,PPTC7,0.73,Negative,miRNA-mRNA interaction,RNA,RNA
ENSG00000211581,ENSG00000078269,hsa-mir-765,SYNJ2,0.73,Negative,miRNA-mRNA interaction,RNA,RNA
ENSG00000199001,ENSG00000146592,hsa-mir-448,CREB5,0.97,Negative,miRNA-mRNA interaction,RNA,RNA
ENSG00000211581,ENSG00000128891,hsa-mir-765,CCDC32,0.72,Negative,miRNA-mRNA interaction,RNA,RNA
ENSG00000265154,ENSG00000117362,hsa-mir-151b,APH1A,0.75,Negative,miRNA-mRNA interaction,RNA,RNA
ENSG00000211581,ENSG00000257923,hsa-mir-765,CUX1,0.92,Negative,miRNA-mRNA interaction,RNA,RNA
ENSG00000211581,ENSG00000111540,hsa-mir-765,RAB5B,0.91,Negative,miRNA-mRNA interaction,RNA,RNA
ENSG00000199001,ENSG00000111540,hsa-mir-448,RAB5B,0.76,Negative,miRNA-mRNA interaction,RNA,RNA
ENSG00000207974,ENSG00000163848,hsa-mir-557,ZNF148,0.74,Negative,miRNA-mRNA interaction,RNA,RNA
ENSG00000207974,ENSG00000112531,hsa-mir-557,QKI,0.72,Negative,miRNA-mRNA interaction,RNA,RNA
ENSG00000202566,ENSG00000112531,hsa-mir-421,QKI,0.8,Negative,miRNA-mRNA interaction,RNA,RNA
ENSG00000211581,ENSG00000064932,hsa-mir-765,SBNO2,0.82,Negative,miRNA-mRNA interaction,RNA,RNA
ENSG00000211581,ENSG00000143756,hsa-mir-765,FBXO28,0.72,Negative,miRNA-mRNA interaction,RNA,RNA
ENSG00000199001,ENSG00000152104,hsa-mir-448,PTPN14,1,Negative,miRNA-mRNA interaction,RNA,RNA
ENSG00000216192,ENSG00000135870,hsa-mir-920,RC3H1,0.77,Negative,miRNA-mRNA interaction,RNA,RNA
ENSG00000211581,ENSG00000185278,hsa-mir-765,ZBTB37,0.95,Negative,miRNA-mRNA interaction,RNA,RNA
ENSG00000207692,ENSG00000117523,hsa-mir-592,PRRC2C,0.83,Negative,miRNA-mRNA interaction,RNA,RNA
ENSG00000211581,ENSG00000143614,hsa-mir-765,GATAD2B,0.78,Negative,miRNA-mRNA interaction,RNA,RNA
ENSG00000211581,ENSG00000163159,hsa-mir-765,VPS72,0.71,Negative,miRNA-mRNA interaction,RNA,RNA
ENSG00000198976,ENSG00000123728,hsa-mir-429,RAP2C,1,Negative,miRNA-mRNA interaction,RNA,RNA
ENSG00000198976,ENSG00000162407,hsa-mir-429,PLPP3,0.8,Negative,miRNA-mRNA interaction,RNA,RNA
ENSG00000211581,ENSG00000196396,hsa-mir-765,PTPN1,0.86,Negative,miRNA-mRNA interaction,RNA,RNA
ENSG00000198976,ENSG00000101109,hsa-mir-429,STK4,0.91,Negative,miRNA-mRNA interaction,RNA,RNA
ENSG00000211581,ENSG00000124181,hsa-mir-765,PLCG1,0.75,Negative,miRNA-mRNA interaction,RNA,RNA
ENSG00000207974,ENSG00000107643,hsa-mir-557,MAPK8,0.71,Negative,miRNA-mRNA interaction,RNA,RNA
ENSG00000198976,ENSG00000102096,hsa-mir-429,PIM2,0.86,Negative,miRNA-mRNA interaction,RNA,RNA
ENSG00000211581,ENSG00000171603,hsa-mir-765,CLSTN1,0.74,Negative,miRNA-mRNA interaction,RNA,RNA
ENSG00000207692,ENSG00000124486,hsa-mir-592,USP9X,0.72,Negative,miRNA-mRNA interaction,RNA,RNA
ENSG00000207692,ENSG00000128567,hsa-mir-592,PODXL,0.81,Negative,miRNA-mRNA interaction,RNA,RNA
ENSG00000211581,ENSG00000183778,hsa-mir-765,B3GALT5,0.76,Negative,miRNA-mRNA interaction,RNA,RNA
ENSG00000211581,ENSG00000221914,hsa-mir-765,PPP2R2A,0.94,Negative,miRNA-mRNA interaction,RNA,RNA
ENSG00000199001,ENSG00000147852,hsa-mir-448,VLDLR,0.74,Negative,miRNA-mRNA interaction,RNA,RNA
ENSG00000198976,ENSG00000206557,hsa-mir-429,TRIM71,0.87,Negative,miRNA-mRNA interaction,RNA,RNA
ENSG00000211581,ENSG00000152102,hsa-mir-765,FAM168B,0.81,Negative,miRNA-mRNA interaction,RNA,RNA
ENSG00000211581,ENSG00000090372,hsa-mir-765,STRN4,0.76,Negative,miRNA-mRNA interaction,RNA,RNA
ENSG00000207631,ENSG00000161547,hsa-mir-641,SRSF2,0.75,Negative,miRNA-mRNA interaction,RNA,RNA
ENSG00000211581,ENSG00000161547,hsa-mir-765,SRSF2,0.72,Negative,miRNA-mRNA interaction,RNA,RNA
ENSG00000207631,ENSG00000145907,hsa-mir-641,G3BP1,0.86,Negative,miRNA-mRNA interaction,RNA,RNA
ENSG00000207974,ENSG00000149187,hsa-mir-557,CELF1,0.91,Negative,miRNA-mRNA interaction,RNA,RNA
ENSG00000207631,ENSG00000126777,hsa-mir-641,KTN1,0.71,Negative,miRNA-mRNA interaction,RNA,RNA
ENSG00000265154,ENSG00000072864,hsa-mir-151b,NDE1,0.8,Negative,miRNA-mRNA interaction,RNA,RNA
ENSG00000207974,ENSG00000196172,hsa-mir-557,ZNF681,0.88,Negative,miRNA-mRNA interaction,RNA,RNA
ENSG00000216192,ENSG00000124762,hsa-mir-920,CDKN1A,0.74,Negative,miRNA-mRNA interaction,RNA,RNA
ENSG00000211581,ENSG00000057935,hsa-mir-765,MTA3,0.88,Negative,miRNA-mRNA interaction,RNA,RNA
ENSG00000199001,ENSG00000196730,hsa-mir-448,DAPK1,0.8,Negative,miRNA-mRNA interaction,RNA,RNA
ENSG00000211581,ENSG00000115641,hsa-mir-765,FHL2,0.91,Negative,miRNA-mRNA interaction,RNA,RNA
ENSG00000198976,ENSG00000075420,hsa-mir-429,FNDC3B,0.81,Negative,miRNA-mRNA interaction,RNA,RNA
ENSG00000198976,ENSG00000033867,hsa-mir-429,SLC4A7,0.95,Negative,miRNA-mRNA interaction,RNA,RNA
ENSG00000211581,ENSG00000088888,hsa-mir-765,MAVS,0.88,Negative,miRNA-mRNA interaction,RNA,RNA
ENSG00000207692,ENSG00000177565,hsa-mir-592,TBL1XR1,0.76,Negative,miRNA-mRNA interaction,RNA,RNA
ENSG00000207974,ENSG00000174574,hsa-mir-557,AKIRIN1,0.96,Negative,miRNA-mRNA interaction,RNA,RNA
ENSG00000216192,ENSG00000136279,hsa-mir-920,DBNL,0.72,Negative,miRNA-mRNA interaction,RNA,RNA
ENSG00000198976,ENSG00000121274,hsa-mir-429,TENT4B,0.91,Negative,miRNA-mRNA interaction,RNA,RNA
ENSG00000211581,ENSG00000187764,hsa-mir-765,SEMA4D,0.75,Negative,miRNA-mRNA interaction,RNA,RNA
ENSG00000211581,ENSG00000119414,hsa-mir-765,PPP6C,0.77,Negative,miRNA-mRNA interaction,RNA,RNA
ENSG00000211581,ENSG00000100354,hsa-mir-765,TNRC6B,0.76,Negative,miRNA-mRNA interaction,RNA,RNA
ENSG00000207692,ENSG00000100354,hsa-mir-592,TNRC6B,0.88,Negative,miRNA-mRNA interaction,RNA,RNA
ENSG00000211581,ENSG00000160352,hsa-mir-765,ZNF714,0.72,Negative,miRNA-mRNA interaction,RNA,RNA
ENSG00000207631,ENSG00000157741,hsa-mir-641,UBN2,0.72,Negative,miRNA-mRNA interaction,RNA,RNA
ENSG00000207974,ENSG00000151458,hsa-mir-557,ANKRD50,0.84,Negative,miRNA-mRNA interaction,RNA,RNA
ENSG00000216192,ENSG00000151612,hsa-mir-920,ZNF827,0.78,Negative,miRNA-mRNA interaction,RNA,RNA
ENSG00000207631,ENSG00000177034,hsa-mir-641,MTX3,0.93,Negative,miRNA-mRNA interaction,RNA,RNA
ENSG00000198976,ENSG00000167904,hsa-mir-429,TMEM68,0.74,Negative,miRNA-mRNA interaction,RNA,RNA
ENSG00000207974,ENSG00000104626,hsa-mir-557,ERI1,0.96,Negative,miRNA-mRNA interaction,RNA,RNA
ENSG00000211581,ENSG00000184384,hsa-mir-765,MAML2,0.94,Negative,miRNA-mRNA interaction,RNA,RNA
ENSG00000207631,ENSG00000110321,hsa-mir-641,EIF4G2,0.98,Negative,miRNA-mRNA interaction,RNA,RNA
ENSG00000211581,ENSG00000173120,hsa-mir-765,KDM2A,0.91,Negative,miRNA-mRNA interaction,RNA,RNA
ENSG00000199001,ENSG00000117620,hsa-mir-448,SLC35A3,0.75,Negative,miRNA-mRNA interaction,RNA,RNA
ENSG00000211581,ENSG00000118058,hsa-mir-765,KMT2A,0.73,Negative,miRNA-mRNA interaction,RNA,RNA
ENSG00000211581,ENSG00000215021,hsa-mir-765,PHB2,0.72,Negative,miRNA-mRNA interaction,RNA,RNA
ENSG00000211581,ENSG00000174437,hsa-mir-765,ATP2A2,0.81,Negative,miRNA-mRNA interaction,RNA,RNA
ENSG00000211581,ENSG00000173517,hsa-mir-765,PEAK1,0.85,Negative,miRNA-mRNA interaction,RNA,RNA
ENSG00000207631,ENSG00000166446,hsa-mir-641,CDYL2,0.75,Negative,miRNA-mRNA interaction,RNA,RNA
ENSG00000211581,ENSG00000079432,hsa-mir-765,CIC,0.75,Negative,miRNA-mRNA interaction,RNA,RNA
ENSG00000198976,ENSG00000182831,hsa-mir-429,C16orf72,0.91,Negative,miRNA-mRNA interaction,RNA,RNA
ENSG00000207974,ENSG00000136451,hsa-mir-557,VEZF1,0.72,Negative,miRNA-mRNA interaction,RNA,RNA
ENSG00000202566,ENSG00000116141,hsa-mir-421,MARK1,0.88,Negative,miRNA-mRNA interaction,RNA,RNA
ENSG00000211581,ENSG00000147050,hsa-mir-765,KDM6A,0.97,Negative,miRNA-mRNA interaction,RNA,RNA
ENSG00000198976,ENSG00000277443,hsa-mir-429,MARCKS,1,Negative,miRNA-mRNA interaction,RNA,RNA
ENSG00000207974,ENSG00000278311,hsa-mir-557,GGNBP2,0.99,Negative,miRNA-mRNA interaction,RNA,RNA
ENSG00000211581,ENSG00000197183,hsa-mir-765,NOL4L,0.82,Negative,miRNA-mRNA interaction,RNA,RNA
ENSG00000211581,ENSG00000163637,hsa-mir-765,PRICKLE2,0.71,Negative,miRNA-mRNA interaction,RNA,RNA
ENSG00000199001,ENSG00000158321,hsa-mir-448,AUTS2,1,Negative,miRNA-mRNA interaction,RNA,RNA
ENSG00000199001,ENSG00000206418,hsa-mir-448,RAB12,0.94,Negative,miRNA-mRNA interaction,RNA,RNA
ENSG00000198976,ENSG00000108960,hsa-mir-429,MMD,1,Negative,miRNA-mRNA interaction,RNA,RNA
ENSG00000207692,ENSG00000140443,hsa-mir-592,IGF1R,0.73,Negative,miRNA-mRNA interaction,RNA,RNA
ENSG00000207974,ENSG00000157168,hsa-mir-557,NRG1,0.81,Negative,miRNA-mRNA interaction,RNA,RNA
ENSG00000221697,ENSG00000005175,hsa-mir-1275,RPAP3,0.77,Negative,miRNA-mRNA interaction,RNA,RNA
ENSG00000207931,ENSG00000023516,hsa-mir-577,AKAP11,0.93,Negative,miRNA-mRNA interaction,RNA,RNA
ENSG00000284442,ENSG00000094916,hsa-mir-2110,CBX5,0.83,Negative,miRNA-mRNA interaction,RNA,RNA
ENSG00000221662,ENSG00000100281,hsa-mir-1290,HMGXB4,0.82,Negative,miRNA-mRNA interaction,RNA,RNA
ENSG00000221697,ENSG00000100385,hsa-mir-1275,IL2RB,0.83,Negative,miRNA-mRNA interaction,RNA,RNA
ENSG00000263945,ENSG00000090060,hsa-mir-548y,PAPOLA,0.82,Negative,miRNA-mRNA interaction,RNA,RNA
ENSG00000283203,ENSG00000090060,hsa-mir-1246,PAPOLA,0.75,Negative,miRNA-mRNA interaction,RNA,RNA
ENSG00000221662,ENSG00000100625,hsa-mir-1290,SIX4,0.8,Negative,miRNA-mRNA interaction,RNA,RNA
ENSG00000275377,ENSG00000100664,hsa-mir-1299,EIF5,0.73,Negative,miRNA-mRNA interaction,RNA,RNA
ENSG00000221662,ENSG00000100664,hsa-mir-1290,EIF5,0.9,Negative,miRNA-mRNA interaction,RNA,RNA
ENSG00000221333,ENSG00000123908,hsa-mir-548k,AGO2,0.83,Negative,miRNA-mRNA interaction,RNA,RNA
ENSG00000284442,ENSG00000123908,hsa-mir-2110,AGO2,0.88,Negative,miRNA-mRNA interaction,RNA,RNA
ENSG00000221662,ENSG00000123908,hsa-mir-1290,AGO2,0.75,Negative,miRNA-mRNA interaction,RNA,RNA
ENSG00000283203,ENSG00000104695,hsa-mir-1246,PPP2CB,0.77,Negative,miRNA-mRNA interaction,RNA,RNA
ENSG00000266514,ENSG00000105866,hsa-mir-3689f,SP4,0.99,Negative,miRNA-mRNA interaction,RNA,RNA
ENSG00000266514,ENSG00000105926,hsa-mir-3689f,MPP6,0.95,Negative,miRNA-mRNA interaction,RNA,RNA
ENSG00000221333,ENSG00000106299,hsa-mir-548k,WASL,0.8,Negative,miRNA-mRNA interaction,RNA,RNA
ENSG00000263945,ENSG00000106299,hsa-mir-548y,WASL,0.84,Negative,miRNA-mRNA interaction,RNA,RNA
ENSG00000207931,ENSG00000106415,hsa-mir-577,GLCCI1,0.84,Negative,miRNA-mRNA interaction,RNA,RNA
ENSG00000221662,ENSG00000107290,hsa-mir-1290,SETX,0.74,Negative,miRNA-mRNA interaction,RNA,RNA
ENSG00000221662,ENSG00000005100,hsa-mir-1290,DHX33,0.86,Negative,miRNA-mRNA interaction,RNA,RNA
ENSG00000263945,ENSG00000109320,hsa-mir-548y,NFKB1,0.82,Negative,miRNA-mRNA interaction,RNA,RNA
ENSG00000207931,ENSG00000110851,hsa-mir-577,PRDM4,0.87,Negative,miRNA-mRNA interaction,RNA,RNA
ENSG00000221662,ENSG00000111145,hsa-mir-1290,ELK3,0.74,Negative,miRNA-mRNA interaction,RNA,RNA
ENSG00000221662,ENSG00000111247,hsa-mir-1290,RAD51AP1,0.75,Negative,miRNA-mRNA interaction,RNA,RNA
ENSG00000221697,ENSG00000113583,hsa-mir-1275,C5orf15,0.86,Negative,miRNA-mRNA interaction,RNA,RNA
ENSG00000221662,ENSG00000115540,hsa-mir-1290,MOB4,0.78,Negative,miRNA-mRNA interaction,RNA,RNA
ENSG00000283203,ENSG00000116128,hsa-mir-1246,BCL9,0.77,Negative,miRNA-mRNA interaction,RNA,RNA
ENSG00000263945,ENSG00000116667,hsa-mir-548y,C1orf21,0.96,Negative,miRNA-mRNA interaction,RNA,RNA
ENSG00000221662,ENSG00000116731,hsa-mir-1290,PRDM2,0.75,Negative,miRNA-mRNA interaction,RNA,RNA
ENSG00000284442,ENSG00000120137,hsa-mir-2110,PANK3,0.88,Negative,miRNA-mRNA interaction,RNA,RNA
ENSG00000263945,ENSG00000104290,hsa-mir-548y,FZD3,0.97,Negative,miRNA-mRNA interaction,RNA,RNA
ENSG00000221662,ENSG00000125347,hsa-mir-1290,IRF1,0.8,Negative,miRNA-mRNA interaction,RNA,RNA
ENSG00000266514,ENSG00000130803,hsa-mir-3689f,ZNF317,0.72,Negative,miRNA-mRNA interaction,RNA,RNA
ENSG00000264926,ENSG00000116641,hsa-mir-378f,DOCK7,0.71,Negative,miRNA-mRNA interaction,RNA,RNA
ENSG00000266514,ENSG00000110344,hsa-mir-3689f,UBE4A,0.71,Negative,miRNA-mRNA interaction,RNA,RNA
ENSG00000221333,ENSG00000130227,hsa-mir-548k,XPO7,0.84,Negative,miRNA-mRNA interaction,RNA,RNA
ENSG00000284442,ENSG00000132383,hsa-mir-2110,RPA1,0.71,Negative,miRNA-mRNA interaction,RNA,RNA
ENSG00000221662,ENSG00000134049,hsa-mir-1290,IER3IP1,0.72,Negative,miRNA-mRNA interaction,RNA,RNA
ENSG00000207931,ENSG00000134049,hsa-mir-577,IER3IP1,0.81,Negative,miRNA-mRNA interaction,RNA,RNA
ENSG00000263945,ENSG00000134250,hsa-mir-548y,NOTCH2,0.9,Negative,miRNA-mRNA interaction,RNA,RNA
ENSG00000283203,ENSG00000134294,hsa-mir-1246,SLC38A2,0.95,Negative,miRNA-mRNA interaction,RNA,RNA
ENSG00000221333,ENSG00000134294,hsa-mir-548k,SLC38A2,0.84,Negative,miRNA-mRNA interaction,RNA,RNA
ENSG00000221333,ENSG00000135679,hsa-mir-548k,MDM2,0.83,Negative,miRNA-mRNA interaction,RNA,RNA
ENSG00000221697,ENSG00000135720,hsa-mir-1275,DYNC1LI2,0.73,Negative,miRNA-mRNA interaction,RNA,RNA
ENSG00000221563,ENSG00000135932,hsa-mir-1269a,CAB39,0.74,Negative,miRNA-mRNA interaction,RNA,RNA
ENSG00000263945,ENSG00000136450,hsa-mir-548y,SRSF1,0.8,Negative,miRNA-mRNA interaction,RNA,RNA
ENSG00000221697,ENSG00000136986,hsa-mir-1275,DERL1,0.82,Negative,miRNA-mRNA interaction,RNA,RNA
ENSG00000221333,ENSG00000137770,hsa-mir-548k,CTDSPL2,0.95,Negative,miRNA-mRNA interaction,RNA,RNA
ENSG00000263945,ENSG00000138448,hsa-mir-548y,ITGAV,0.85,Negative,miRNA-mRNA interaction,RNA,RNA
ENSG00000221662,ENSG00000171681,hsa-mir-1290,ATF7IP,0.99,Negative,miRNA-mRNA interaction,RNA,RNA
ENSG00000207931,ENSG00000048540,hsa-mir-577,LMO3,0.96,Negative,miRNA-mRNA interaction,RNA,RNA
ENSG00000221662,ENSG00000078140,hsa-mir-1290,UBE2K,0.82,Negative,miRNA-mRNA interaction,RNA,RNA
ENSG00000284442,ENSG00000081019,hsa-mir-2110,RSBN1,0.71,Negative,miRNA-mRNA interaction,RNA,RNA
ENSG00000221662,ENSG00000118620,hsa-mir-1290,ZNF430,0.94,Negative,miRNA-mRNA interaction,RNA,RNA
ENSG00000221333,ENSG00000134758,hsa-mir-548k,RNF138,0.91,Negative,miRNA-mRNA interaction,RNA,RNA
ENSG00000221662,ENSG00000160551,hsa-mir-1290,TAOK1,0.84,Negative,miRNA-mRNA interaction,RNA,RNA
ENSG00000284442,ENSG00000113712,hsa-mir-2110,CSNK1A1,0.99,Negative,miRNA-mRNA interaction,RNA,RNA
ENSG00000284442,ENSG00000047346,hsa-mir-2110,FAM214A,0.72,Negative,miRNA-mRNA interaction,RNA,RNA
ENSG00000284442,ENSG00000074696,hsa-mir-2110,HACD3,0.92,Negative,miRNA-mRNA interaction,RNA,RNA
ENSG00000263945,ENSG00000103769,hsa-mir-548y,RAB11A,0.97,Negative,miRNA-mRNA interaction,RNA,RNA
ENSG00000221662,ENSG00000126216,hsa-mir-1290,TUBGCP3,0.82,Negative,miRNA-mRNA interaction,RNA,RNA
ENSG00000263945,ENSG00000076067,hsa-mir-548y,RBMS2,0.79,Negative,miRNA-mRNA interaction,RNA,RNA
ENSG00000221662,ENSG00000118482,hsa-mir-1290,PHF3,0.79,Negative,miRNA-mRNA interaction,RNA,RNA
ENSG00000238517,ENSG00000118482,hsa-mir-1270,PHF3,0.76,Negative,miRNA-mRNA interaction,RNA,RNA
ENSG00000221662,ENSG00000101745,hsa-mir-1290,ANKRD12,0.78,Negative,miRNA-mRNA interaction,RNA,RNA
ENSG00000275377,ENSG00000175387,hsa-mir-1299,SMAD2,0.87,Negative,miRNA-mRNA interaction,RNA,RNA
ENSG00000207931,ENSG00000055609,hsa-mir-577,KMT2C,0.95,Negative,miRNA-mRNA interaction,RNA,RNA
ENSG00000263945,ENSG00000062716,hsa-mir-548y,VMP1,0.94,Negative,miRNA-mRNA interaction,RNA,RNA
ENSG00000238517,ENSG00000105656,hsa-mir-1270,ELL,0.86,Negative,miRNA-mRNA interaction,RNA,RNA
ENSG00000284442,ENSG00000101935,hsa-mir-2110,AMMECR1,0.94,Negative,miRNA-mRNA interaction,RNA,RNA
ENSG00000284442,ENSG00000088812,hsa-mir-2110,ATRN,0.82,Negative,miRNA-mRNA interaction,RNA,RNA
ENSG00000238517,ENSG00000116489,hsa-mir-1270,CAPZA1,0.76,Negative,miRNA-mRNA interaction,RNA,RNA
ENSG00000221662,ENSG00000114166,hsa-mir-1290,KAT2B,0.86,Negative,miRNA-mRNA interaction,RNA,RNA
ENSG00000238517,ENSG00000109920,hsa-mir-1270,FNBP4,0.84,Negative,miRNA-mRNA interaction,RNA,RNA
ENSG00000284442,ENSG00000110048,hsa-mir-2110,OSBP,0.84,Negative,miRNA-mRNA interaction,RNA,RNA
ENSG00000284442,ENSG00000110395,hsa-mir-2110,CBL,0.77,Negative,miRNA-mRNA interaction,RNA,RNA
ENSG00000238517,ENSG00000082258,hsa-mir-1270,CCNT2,0.98,Negative,miRNA-mRNA interaction,RNA,RNA
ENSG00000283203,ENSG00000082701,hsa-mir-1246,GSK3B,0.79,Negative,miRNA-mRNA interaction,RNA,RNA
ENSG00000238517,ENSG00000138650,hsa-mir-1270,PCDH10,0.8,Negative,miRNA-mRNA interaction,RNA,RNA
ENSG00000207931,ENSG00000113742,hsa-mir-577,CPEB4,0.87,Negative,miRNA-mRNA interaction,RNA,RNA
ENSG00000263945,ENSG00000113742,hsa-mir-548y,CPEB4,0.98,Negative,miRNA-mRNA interaction,RNA,RNA
ENSG00000221662,ENSG00000113369,hsa-mir-1290,ARRDC3,0.94,Negative,miRNA-mRNA interaction,RNA,RNA
ENSG00000263945,ENSG00000105810,hsa-mir-548y,CDK6,0.99,Negative,miRNA-mRNA interaction,RNA,RNA
ENSG00000263945,ENSG00000001629,hsa-mir-548y,ANKIB1,0.9,Negative,miRNA-mRNA interaction,RNA,RNA
ENSG00000221333,ENSG00000096746,hsa-mir-548k,HNRNPH3,0.72,Negative,miRNA-mRNA interaction,RNA,RNA
ENSG00000221662,ENSG00000060339,hsa-mir-1290,CCAR1,0.78,Negative,miRNA-mRNA interaction,RNA,RNA
ENSG00000283203,ENSG00000120451,hsa-mir-1246,SNX19,0.75,Negative,miRNA-mRNA interaction,RNA,RNA
ENSG00000221697,ENSG00000139645,hsa-mir-1275,ANKRD52,0.91,Negative,miRNA-mRNA interaction,RNA,RNA
ENSG00000284442,ENSG00000139645,hsa-mir-2110,ANKRD52,0.93,Negative,miRNA-mRNA interaction,RNA,RNA
ENSG00000221563,ENSG00000140262,hsa-mir-1269a,TCF12,0.84,Negative,miRNA-mRNA interaction,RNA,RNA
ENSG00000221754,ENSG00000170558,hsa-mir-1260a,CDH2,0.8,Negative,miRNA-mRNA interaction,RNA,RNA
ENSG00000263945,ENSG00000213064,hsa-mir-548y,SFT2D2,0.8,Negative,miRNA-mRNA interaction,RNA,RNA
ENSG00000263932,ENSG00000143442,hsa-mir-4448,POGZ,0.76,Negative,miRNA-mRNA interaction,RNA,RNA
ENSG00000221662,ENSG00000143952,hsa-mir-1290,VPS54,0.82,Negative,miRNA-mRNA interaction,RNA,RNA
ENSG00000207931,ENSG00000145391,hsa-mir-577,SETD7,0.83,Negative,miRNA-mRNA interaction,RNA,RNA
ENSG00000263945,ENSG00000145780,hsa-mir-548y,FEM1C,0.76,Negative,miRNA-mRNA interaction,RNA,RNA
ENSG00000221662,ENSG00000146066,hsa-mir-1290,HIGD2A,0.99,Negative,miRNA-mRNA interaction,RNA,RNA
ENSG00000263945,ENSG00000146247,hsa-mir-548y,PHIP,0.76,Negative,miRNA-mRNA interaction,RNA,RNA
ENSG00000221662,ENSG00000135655,hsa-mir-1290,USP15,0.98,Negative,miRNA-mRNA interaction,RNA,RNA
ENSG00000202566,ENSG00000152518,hsa-mir-421,ZFP36L2,0.81,Negative,miRNA-mRNA interaction,RNA,RNA
ENSG00000221662,ENSG00000152518,hsa-mir-1290,ZFP36L2,0.81,Negative,miRNA-mRNA interaction,RNA,RNA
ENSG00000283203,ENSG00000164190,hsa-mir-1246,NIPBL,0.89,Negative,miRNA-mRNA interaction,RNA,RNA
ENSG00000263945,ENSG00000153561,hsa-mir-548y,RMND5A,0.97,Negative,miRNA-mRNA interaction,RNA,RNA
ENSG00000283203,ENSG00000153827,hsa-mir-1246,TRIP12,0.78,Negative,miRNA-mRNA interaction,RNA,RNA
ENSG00000284442,ENSG00000154945,hsa-mir-2110,ANKRD40,0.74,Negative,miRNA-mRNA interaction,RNA,RNA
ENSG00000275377,ENSG00000159128,hsa-mir-1299,IFNGR2,0.98,Negative,miRNA-mRNA interaction,RNA,RNA
ENSG00000238517,ENSG00000067955,hsa-mir-1270,CBFB,0.92,Negative,miRNA-mRNA interaction,RNA,RNA
ENSG00000263945,ENSG00000161021,hsa-mir-548y,MAML1,0.97,Negative,miRNA-mRNA interaction,RNA,RNA
ENSG00000221662,ENSG00000163468,hsa-mir-1290,CCT3,0.78,Negative,miRNA-mRNA interaction,RNA,RNA
ENSG00000263945,ENSG00000163527,hsa-mir-548y,STT3B,0.84,Negative,miRNA-mRNA interaction,RNA,RNA
ENSG00000264926,ENSG00000138443,hsa-mir-378f,ABI2,0.8,Negative,miRNA-mRNA interaction,RNA,RNA
ENSG00000221662,ENSG00000163788,hsa-mir-1290,SNRK,0.97,Negative,miRNA-mRNA interaction,RNA,RNA
ENSG00000221662,ENSG00000145349,hsa-mir-1290,CAMK2D,0.8,Negative,miRNA-mRNA interaction,RNA,RNA
ENSG00000263945,ENSG00000164603,hsa-mir-548y,BMT2,0.93,Negative,miRNA-mRNA interaction,RNA,RNA
ENSG00000284442,ENSG00000164933,hsa-mir-2110,SLC25A32,0.86,Negative,miRNA-mRNA interaction,RNA,RNA
ENSG00000275377,ENSG00000165527,hsa-mir-1299,ARF6,0.93,Negative,miRNA-mRNA interaction,RNA,RNA
ENSG00000221662,ENSG00000062650,hsa-mir-1290,WAPL,0.77,Negative,miRNA-mRNA interaction,RNA,RNA
ENSG00000221333,ENSG00000062650,hsa-mir-548k,WAPL,0.98,Negative,miRNA-mRNA interaction,RNA,RNA
ENSG00000266514,ENSG00000166068,hsa-mir-3689f,SPRED1,0.8,Negative,miRNA-mRNA interaction,RNA,RNA
ENSG00000266827,ENSG00000166068,hsa-mir-3689e,SPRED1,0.81,Negative,miRNA-mRNA interaction,RNA,RNA
ENSG00000263945,ENSG00000166734,hsa-mir-548y,CASC4,0.96,Negative,miRNA-mRNA interaction,RNA,RNA
ENSG00000221697,ENSG00000166747,hsa-mir-1275,AP1G1,0.8,Negative,miRNA-mRNA interaction,RNA,RNA
ENSG00000263945,ENSG00000167005,hsa-mir-548y,NUDT21,0.91,Negative,miRNA-mRNA interaction,RNA,RNA
ENSG00000221662,ENSG00000125686,hsa-mir-1290,MED1,0.77,Negative,miRNA-mRNA interaction,RNA,RNA
ENSG00000221662,ENSG00000167325,hsa-mir-1290,RRM1,0.71,Negative,miRNA-mRNA interaction,RNA,RNA
ENSG00000221662,ENSG00000167548,hsa-mir-1290,KMT2D,0.88,Negative,miRNA-mRNA interaction,RNA,RNA
ENSG00000283203,ENSG00000167548,hsa-mir-1246,KMT2D,0.78,Negative,miRNA-mRNA interaction,RNA,RNA
ENSG00000221697,ENSG00000167548,hsa-mir-1275,KMT2D,0.9,Negative,miRNA-mRNA interaction,RNA,RNA
ENSG00000284442,ENSG00000125648,hsa-mir-2110,SLC25A23,0.95,Negative,miRNA-mRNA interaction,RNA,RNA
ENSG00000275377,ENSG00000169057,hsa-mir-1299,MECP2,0.98,Negative,miRNA-mRNA interaction,RNA,RNA
ENSG00000221697,ENSG00000170145,hsa-mir-1275,SIK2,0.71,Negative,miRNA-mRNA interaction,RNA,RNA
ENSG00000274713,ENSG00000172292,hsa-mir-7974,CERS6,0.75,Negative,miRNA-mRNA interaction,RNA,RNA
ENSG00000221662,ENSG00000168843,hsa-mir-1290,FSTL5,0.75,Negative,miRNA-mRNA interaction,RNA,RNA
ENSG00000263945,ENSG00000170185,hsa-mir-548y,USP38,0.77,Negative,miRNA-mRNA interaction,RNA,RNA
ENSG00000284442,ENSG00000172432,hsa-mir-2110,GTPBP2,0.82,Negative,miRNA-mRNA interaction,RNA,RNA
ENSG00000221662,ENSG00000048649,hsa-mir-1290,RSF1,0.88,Negative,miRNA-mRNA interaction,RNA,RNA
ENSG00000283203,ENSG00000175548,hsa-mir-1246,ALG10B,0.79,Negative,miRNA-mRNA interaction,RNA,RNA
ENSG00000263945,ENSG00000084093,hsa-mir-548y,REST,0.79,Negative,miRNA-mRNA interaction,RNA,RNA
ENSG00000221563,ENSG00000084093,hsa-mir-1269a,REST,0.94,Negative,miRNA-mRNA interaction,RNA,RNA
ENSG00000221662,ENSG00000174749,hsa-mir-1290,FAM241A,0.77,Negative,miRNA-mRNA interaction,RNA,RNA
ENSG00000284442,ENSG00000172845,hsa-mir-2110,SP3,0.72,Negative,miRNA-mRNA interaction,RNA,RNA
ENSG00000238517,ENSG00000173744,hsa-mir-1270,AGFG1,0.75,Negative,miRNA-mRNA interaction,RNA,RNA
ENSG00000221563,ENSG00000172817,hsa-mir-1269a,CYP7B1,0.9,Negative,miRNA-mRNA interaction,RNA,RNA
ENSG00000221662,ENSG00000165416,hsa-mir-1290,SUGT1,0.8,Negative,miRNA-mRNA interaction,RNA,RNA
ENSG00000283203,ENSG00000173276,hsa-mir-1246,ZBTB21,0.82,Negative,miRNA-mRNA interaction,RNA,RNA
ENSG00000283203,ENSG00000196705,hsa-mir-1246,ZNF431,0.84,Negative,miRNA-mRNA interaction,RNA,RNA
ENSG00000221333,ENSG00000005483,hsa-mir-548k,KMT2E,0.92,Negative,miRNA-mRNA interaction,RNA,RNA
ENSG00000263945,ENSG00000005483,hsa-mir-548y,KMT2E,0.77,Negative,miRNA-mRNA interaction,RNA,RNA
ENSG00000284442,ENSG00000173334,hsa-mir-2110,TRIB1,0.75,Negative,miRNA-mRNA interaction,RNA,RNA
ENSG00000284442,ENSG00000133703,hsa-mir-2110,KRAS,0.72,Negative,miRNA-mRNA interaction,RNA,RNA
ENSG00000221333,ENSG00000133703,hsa-mir-548k,KRAS,0.93,Negative,miRNA-mRNA interaction,RNA,RNA
ENSG00000263945,ENSG00000133703,hsa-mir-548y,KRAS,0.89,Negative,miRNA-mRNA interaction,RNA,RNA
ENSG00000221697,ENSG00000179833,hsa-mir-1275,SERTAD2,0.98,Negative,miRNA-mRNA interaction,RNA,RNA
ENSG00000221333,ENSG00000179833,hsa-mir-548k,SERTAD2,0.99,Negative,miRNA-mRNA interaction,RNA,RNA
ENSG00000275377,ENSG00000059769,hsa-mir-1299,DNAJC25,0.83,Negative,miRNA-mRNA interaction,RNA,RNA
ENSG00000221662,ENSG00000178974,hsa-mir-1290,FBXO34,0.77,Negative,miRNA-mRNA interaction,RNA,RNA
ENSG00000274713,ENSG00000116871,hsa-mir-7974,MAP7D1,0.83,Negative,miRNA-mRNA interaction,RNA,RNA
ENSG00000221697,ENSG00000116871,hsa-mir-1275,MAP7D1,0.72,Negative,miRNA-mRNA interaction,RNA,RNA
ENSG00000221662,ENSG00000176542,hsa-mir-1290,USF3,0.73,Negative,miRNA-mRNA interaction,RNA,RNA
ENSG00000221697,ENSG00000166147,hsa-mir-1275,FBN1,0.79,Negative,miRNA-mRNA interaction,RNA,RNA
ENSG00000283203,ENSG00000181690,hsa-mir-1246,PLAG1,0.8,Negative,miRNA-mRNA interaction,RNA,RNA
ENSG00000263945,ENSG00000147548,hsa-mir-548y,NSD3,0.77,Negative,miRNA-mRNA interaction,RNA,RNA
ENSG00000275377,ENSG00000125107,hsa-mir-1299,CNOT1,0.76,Negative,miRNA-mRNA interaction,RNA,RNA
ENSG00000207931,ENSG00000152443,hsa-mir-577,ZNF776,0.86,Negative,miRNA-mRNA interaction,RNA,RNA
ENSG00000221662,ENSG00000163961,hsa-mir-1290,RNF168,0.83,Negative,miRNA-mRNA interaction,RNA,RNA
ENSG00000274713,ENSG00000177889,hsa-mir-7974,UBE2N,0.98,Negative,miRNA-mRNA interaction,RNA,RNA
ENSG00000284442,ENSG00000180530,hsa-mir-2110,NRIP1,0.92,Negative,miRNA-mRNA interaction,RNA,RNA
ENSG00000221697,ENSG00000067225,hsa-mir-1275,PKM,0.91,Negative,miRNA-mRNA interaction,RNA,RNA
ENSG00000238517,ENSG00000107164,hsa-mir-1270,FUBP3,0.89,Negative,miRNA-mRNA interaction,RNA,RNA
ENSG00000275377,ENSG00000120616,hsa-mir-1299,EPC1,0.8,Negative,miRNA-mRNA interaction,RNA,RNA
ENSG00000221662,ENSG00000178951,hsa-mir-1290,ZBTB7A,0.77,Negative,miRNA-mRNA interaction,RNA,RNA
ENSG00000207931,ENSG00000165891,hsa-mir-577,E2F7,0.82,Negative,miRNA-mRNA interaction,RNA,RNA
ENSG00000238517,ENSG00000119231,hsa-mir-1270,SENP5,0.94,Negative,miRNA-mRNA interaction,RNA,RNA
ENSG00000264926,ENSG00000176390,hsa-mir-378f,CRLF3,0.73,Negative,miRNA-mRNA interaction,RNA,RNA
ENSG00000221563,ENSG00000176390,hsa-mir-1269a,CRLF3,0.85,Negative,miRNA-mRNA interaction,RNA,RNA
ENSG00000221697,ENSG00000117713,hsa-mir-1275,ARID1A,0.91,Negative,miRNA-mRNA interaction,RNA,RNA
ENSG00000238517,ENSG00000158467,hsa-mir-1270,AHCYL2,0.73,Negative,miRNA-mRNA interaction,RNA,RNA
ENSG00000263945,ENSG00000114439,hsa-mir-548y,BBX,0.91,Negative,miRNA-mRNA interaction,RNA,RNA
ENSG00000284442,ENSG00000114331,hsa-mir-2110,ACAP2,0.71,Negative,miRNA-mRNA interaction,RNA,RNA
ENSG00000263945,ENSG00000174010,hsa-mir-548y,KLHL15,0.71,Negative,miRNA-mRNA interaction,RNA,RNA
ENSG00000221662,ENSG00000155592,hsa-mir-1290,ZKSCAN2,0.79,Negative,miRNA-mRNA interaction,RNA,RNA
ENSG00000263945,ENSG00000188153,hsa-mir-548y,COL4A5,0.75,Negative,miRNA-mRNA interaction,RNA,RNA
ENSG00000263932,ENSG00000164916,hsa-mir-4448,FOXK1,0.98,Negative,miRNA-mRNA interaction,RNA,RNA
ENSG00000284442,ENSG00000101361,hsa-mir-2110,NOP56,0.91,Negative,miRNA-mRNA interaction,RNA,RNA
ENSG00000284442,ENSG00000112038,hsa-mir-2110,OPRM1,0.98,Negative,miRNA-mRNA interaction,RNA,RNA
ENSG00000264926,ENSG00000151276,hsa-mir-378f,MAGI1,0.85,Negative,miRNA-mRNA interaction,RNA,RNA
ENSG00000284442,ENSG00000185129,hsa-mir-2110,PURA,0.79,Negative,miRNA-mRNA interaction,RNA,RNA
ENSG00000263945,ENSG00000011114,hsa-mir-548y,BTBD7,0.97,Negative,miRNA-mRNA interaction,RNA,RNA
ENSG00000221662,ENSG00000115524,hsa-mir-1290,SF3B1,0.89,Negative,miRNA-mRNA interaction,RNA,RNA
ENSG00000221662,ENSG00000069667,hsa-mir-1290,RORA,0.87,Negative,miRNA-mRNA interaction,RNA,RNA
ENSG00000283203,ENSG00000069667,hsa-mir-1246,RORA,0.91,Negative,miRNA-mRNA interaction,RNA,RNA
ENSG00000238517,ENSG00000188785,hsa-mir-1270,ZNF548,0.89,Negative,miRNA-mRNA interaction,RNA,RNA
ENSG00000221662,ENSG00000121775,hsa-mir-1290,TMEM39B,0.87,Negative,miRNA-mRNA interaction,RNA,RNA
ENSG00000275377,ENSG00000127946,hsa-mir-1299,HIP1,0.79,Negative,miRNA-mRNA interaction,RNA,RNA
ENSG00000275377,ENSG00000123933,hsa-mir-1299,MXD4,0.99,Negative,miRNA-mRNA interaction,RNA,RNA
ENSG00000238517,ENSG00000083312,hsa-mir-1270,TNPO1,0.78,Negative,miRNA-mRNA interaction,RNA,RNA
ENSG00000263945,ENSG00000122565,hsa-mir-548y,CBX3,0.96,Negative,miRNA-mRNA interaction,RNA,RNA
ENSG00000284442,ENSG00000176422,hsa-mir-2110,SPRYD4,0.79,Negative,miRNA-mRNA interaction,RNA,RNA
ENSG00000221662,ENSG00000067141,hsa-mir-1290,NEO1,0.86,Negative,miRNA-mRNA interaction,RNA,RNA
ENSG00000202566,ENSG00000153234,hsa-mir-421,NR4A2,0.79,Negative,miRNA-mRNA interaction,RNA,RNA
ENSG00000275377,ENSG00000189043,hsa-mir-1299,NDUFA4,0.93,Negative,miRNA-mRNA interaction,RNA,RNA
ENSG00000221697,ENSG00000149532,hsa-mir-1275,CPSF7,0.8,Negative,miRNA-mRNA interaction,RNA,RNA
ENSG00000283203,ENSG00000196418,hsa-mir-1246,ZNF124,0.9,Negative,miRNA-mRNA interaction,RNA,RNA
ENSG00000284442,ENSG00000131844,hsa-mir-2110,MCCC2,0.74,Negative,miRNA-mRNA interaction,RNA,RNA
ENSG00000221333,ENSG00000118564,hsa-mir-548k,FBXL5,0.75,Negative,miRNA-mRNA interaction,RNA,RNA
ENSG00000283203,ENSG00000184992,hsa-mir-1246,BRI3BP,0.87,Negative,miRNA-mRNA interaction,RNA,RNA
ENSG00000263945,ENSG00000008083,hsa-mir-548y,JARID2,0.99,Negative,miRNA-mRNA interaction,RNA,RNA
ENSG00000263945,ENSG00000182504,hsa-mir-548y,CEP97,0.75,Negative,miRNA-mRNA interaction,RNA,RNA
ENSG00000221563,ENSG00000185658,hsa-mir-1269a,BRWD1,0.87,Negative,miRNA-mRNA interaction,RNA,RNA
ENSG00000221662,ENSG00000185658,hsa-mir-1290,BRWD1,0.78,Negative,miRNA-mRNA interaction,RNA,RNA
ENSG00000263945,ENSG00000185658,hsa-mir-548y,BRWD1,1,Negative,miRNA-mRNA interaction,RNA,RNA
ENSG00000221697,ENSG00000177732,hsa-mir-1275,SOX12,0.77,Negative,miRNA-mRNA interaction,RNA,RNA
ENSG00000284442,ENSG00000083896,hsa-mir-2110,YTHDC1,0.93,Negative,miRNA-mRNA interaction,RNA,RNA
ENSG00000221563,ENSG00000083896,hsa-mir-1269a,YTHDC1,0.86,Negative,miRNA-mRNA interaction,RNA,RNA
ENSG00000221662,ENSG00000114030,hsa-mir-1290,KPNA1,0.84,Negative,miRNA-mRNA interaction,RNA,RNA
ENSG00000263945,ENSG00000114030,hsa-mir-548y,KPNA1,0.86,Negative,miRNA-mRNA interaction,RNA,RNA
ENSG00000221662,ENSG00000113810,hsa-mir-1290,SMC4,0.87,Negative,miRNA-mRNA interaction,RNA,RNA
ENSG00000221333,ENSG00000139793,hsa-mir-548k,MBNL2,0.83,Negative,miRNA-mRNA interaction,RNA,RNA
ENSG00000221333,ENSG00000182022,hsa-mir-548k,CHST15,0.92,Negative,miRNA-mRNA interaction,RNA,RNA
ENSG00000238517,ENSG00000087053,hsa-mir-1270,MTMR2,0.76,Negative,miRNA-mRNA interaction,RNA,RNA
ENSG00000221662,ENSG00000161405,hsa-mir-1290,IKZF3,0.85,Negative,miRNA-mRNA interaction,RNA,RNA
ENSG00000221697,ENSG00000116604,hsa-mir-1275,MEF2D,0.91,Negative,miRNA-mRNA interaction,RNA,RNA
ENSG00000284442,ENSG00000065183,hsa-mir-2110,WDR3,0.71,Negative,miRNA-mRNA interaction,RNA,RNA
ENSG00000263945,ENSG00000196850,hsa-mir-548y,PPTC7,0.77,Negative,miRNA-mRNA interaction,RNA,RNA
ENSG00000221697,ENSG00000196497,hsa-mir-1275,IPO4,0.73,Negative,miRNA-mRNA interaction,RNA,RNA
ENSG00000283203,ENSG00000198252,hsa-mir-1246,STYX,0.86,Negative,miRNA-mRNA interaction,RNA,RNA
ENSG00000284442,ENSG00000122566,hsa-mir-2110,HNRNPA2B1,0.74,Negative,miRNA-mRNA interaction,RNA,RNA
ENSG00000221333,ENSG00000196935,hsa-mir-548k,SRGAP1,0.95,Negative,miRNA-mRNA interaction,RNA,RNA
ENSG00000221662,ENSG00000225830,hsa-mir-1290,ERCC6,0.84,Negative,miRNA-mRNA interaction,RNA,RNA
ENSG00000221697,ENSG00000146833,hsa-mir-1275,TRIM4,0.82,Negative,miRNA-mRNA interaction,RNA,RNA
ENSG00000221662,ENSG00000163939,hsa-mir-1290,PBRM1,0.73,Negative,miRNA-mRNA interaction,RNA,RNA
ENSG00000264926,ENSG00000164751,hsa-mir-378f,PEX2,0.74,Negative,miRNA-mRNA interaction,RNA,RNA
ENSG00000221662,ENSG00000112343,hsa-mir-1290,TRIM38,0.73,Negative,miRNA-mRNA interaction,RNA,RNA
ENSG00000264926,ENSG00000181722,hsa-mir-378f,ZBTB20,0.82,Negative,miRNA-mRNA interaction,RNA,RNA
ENSG00000221697,ENSG00000181722,hsa-mir-1275,ZBTB20,0.75,Negative,miRNA-mRNA interaction,RNA,RNA
ENSG00000284160,ENSG00000181722,hsa-mir-7706,ZBTB20,0.99,Negative,miRNA-mRNA interaction,RNA,RNA
ENSG00000274713,ENSG00000181722,hsa-mir-7974,ZBTB20,0.79,Negative,miRNA-mRNA interaction,RNA,RNA
ENSG00000207931,ENSG00000181722,hsa-mir-577,ZBTB20,1,Negative,miRNA-mRNA interaction,RNA,RNA
ENSG00000284442,ENSG00000164327,hsa-mir-2110,RICTOR,0.79,Negative,miRNA-mRNA interaction,RNA,RNA
ENSG00000221662,ENSG00000146592,hsa-mir-1290,CREB5,0.94,Negative,miRNA-mRNA interaction,RNA,RNA
ENSG00000284442,ENSG00000158711,hsa-mir-2110,ELK4,0.87,Negative,miRNA-mRNA interaction,RNA,RNA
ENSG00000263945,ENSG00000196712,hsa-mir-548y,NF1,0.72,Negative,miRNA-mRNA interaction,RNA,RNA
ENSG00000284442,ENSG00000197013,hsa-mir-2110,ZNF429,0.82,Negative,miRNA-mRNA interaction,RNA,RNA
ENSG00000266514,ENSG00000143437,hsa-mir-3689f,ARNT,0.93,Negative,miRNA-mRNA interaction,RNA,RNA
ENSG00000238517,ENSG00000143437,hsa-mir-1270,ARNT,0.77,Negative,miRNA-mRNA interaction,RNA,RNA
ENSG00000263945,ENSG00000132466,hsa-mir-548y,ANKRD17,0.73,Negative,miRNA-mRNA interaction,RNA,RNA
ENSG00000221333,ENSG00000198265,hsa-mir-548k,HELZ,0.8,Negative,miRNA-mRNA interaction,RNA,RNA
ENSG00000263945,ENSG00000077458,hsa-mir-548y,FAM76B,0.97,Negative,miRNA-mRNA interaction,RNA,RNA
ENSG00000221333,ENSG00000077458,hsa-mir-548k,FAM76B,1,Negative,miRNA-mRNA interaction,RNA,RNA
ENSG00000221662,ENSG00000165280,hsa-mir-1290,VCP,0.87,Negative,miRNA-mRNA interaction,RNA,RNA
ENSG00000263945,ENSG00000118873,hsa-mir-548y,RAB3GAP2,0.81,Negative,miRNA-mRNA interaction,RNA,RNA
ENSG00000221662,ENSG00000197442,hsa-mir-1290,MAP3K5,0.76,Negative,miRNA-mRNA interaction,RNA,RNA
ENSG00000263945,ENSG00000198087,hsa-mir-548y,CD2AP,0.94,Negative,miRNA-mRNA interaction,RNA,RNA
ENSG00000275377,ENSG00000100207,hsa-mir-1299,TCF20,0.97,Negative,miRNA-mRNA interaction,RNA,RNA
ENSG00000284442,ENSG00000138757,hsa-mir-2110,G3BP2,1,Negative,miRNA-mRNA interaction,RNA,RNA
ENSG00000284442,ENSG00000100461,hsa-mir-2110,RBM23,0.82,Negative,miRNA-mRNA interaction,RNA,RNA
ENSG00000221697,ENSG00000100461,hsa-mir-1275,RBM23,0.84,Negative,miRNA-mRNA interaction,RNA,RNA
ENSG00000263932,ENSG00000257923,hsa-mir-4448,CUX1,0.86,Negative,miRNA-mRNA interaction,RNA,RNA
ENSG00000284442,ENSG00000257923,hsa-mir-2110,CUX1,0.94,Negative,miRNA-mRNA interaction,RNA,RNA
ENSG00000266827,ENSG00000082805,hsa-mir-3689e,ERC1,0.87,Negative,miRNA-mRNA interaction,RNA,RNA
ENSG00000221662,ENSG00000198791,hsa-mir-1290,CNOT7,0.95,Negative,miRNA-mRNA interaction,RNA,RNA
ENSG00000283203,ENSG00000061676,hsa-mir-1246,NCKAP1,0.81,Negative,miRNA-mRNA interaction,RNA,RNA
ENSG00000263945,ENSG00000100804,hsa-mir-548y,PSMB5,0.73,Negative,miRNA-mRNA interaction,RNA,RNA
ENSG00000221333,ENSG00000196428,hsa-mir-548k,TSC22D2,0.94,Negative,miRNA-mRNA interaction,RNA,RNA
ENSG00000263945,ENSG00000198740,hsa-mir-548y,ZNF652,0.99,Negative,miRNA-mRNA interaction,RNA,RNA
ENSG00000284442,ENSG00000143756,hsa-mir-2110,FBXO28,0.85,Negative,miRNA-mRNA interaction,RNA,RNA
ENSG00000238517,ENSG00000143756,hsa-mir-1270,FBXO28,0.71,Negative,miRNA-mRNA interaction,RNA,RNA
ENSG00000221662,ENSG00000143756,hsa-mir-1290,FBXO28,0.71,Negative,miRNA-mRNA interaction,RNA,RNA
ENSG00000264926,ENSG00000131018,hsa-mir-378f,SYNE1,0.79,Negative,miRNA-mRNA interaction,RNA,RNA
ENSG00000221662,ENSG00000117139,hsa-mir-1290,KDM5B,0.73,Negative,miRNA-mRNA interaction,RNA,RNA
ENSG00000263945,ENSG00000116747,hsa-mir-548y,RO60,0.97,Negative,miRNA-mRNA interaction,RNA,RNA
ENSG00000263945,ENSG00000010818,hsa-mir-548y,HIVEP2,0.97,Negative,miRNA-mRNA interaction,RNA,RNA
ENSG00000283203,ENSG00000009844,hsa-mir-1246,VTA1,0.72,Negative,miRNA-mRNA interaction,RNA,RNA
ENSG00000221563,ENSG00000009844,hsa-mir-1269a,VTA1,0.77,Negative,miRNA-mRNA interaction,RNA,RNA
ENSG00000274713,ENSG00000198771,hsa-mir-7974,RCSD1,0.82,Negative,miRNA-mRNA interaction,RNA,RNA
ENSG00000284442,ENSG00000198771,hsa-mir-2110,RCSD1,0.85,Negative,miRNA-mRNA interaction,RNA,RNA
ENSG00000221333,ENSG00000143190,hsa-mir-548k,POU2F1,0.95,Negative,miRNA-mRNA interaction,RNA,RNA
ENSG00000264926,ENSG00000118217,hsa-mir-378f,ATF6,0.78,Negative,miRNA-mRNA interaction,RNA,RNA
ENSG00000284442,ENSG00000143315,hsa-mir-2110,PIGM,0.99,Negative,miRNA-mRNA interaction,RNA,RNA
ENSG00000221697,ENSG00000163348,hsa-mir-1275,PYGO2,0.71,Negative,miRNA-mRNA interaction,RNA,RNA
ENSG00000221697,ENSG00000143614,hsa-mir-1275,GATAD2B,0.96,Negative,miRNA-mRNA interaction,RNA,RNA
ENSG00000284442,ENSG00000155111,hsa-mir-2110,CDK19,0.79,Negative,miRNA-mRNA interaction,RNA,RNA
ENSG00000284442,ENSG00000057657,hsa-mir-2110,PRDM1,0.75,Negative,miRNA-mRNA interaction,RNA,RNA
ENSG00000238517,ENSG00000196865,hsa-mir-1270,NHLRC2,0.72,Negative,miRNA-mRNA interaction,RNA,RNA
ENSG00000221662,ENSG00000111880,hsa-mir-1290,RNGTT,0.79,Negative,miRNA-mRNA interaction,RNA,RNA
ENSG00000221662,ENSG00000213281,hsa-mir-1290,NRAS,0.86,Negative,miRNA-mRNA interaction,RNA,RNA
ENSG00000221662,ENSG00000188994,hsa-mir-1290,ZNF292,0.96,Negative,miRNA-mRNA interaction,RNA,RNA
ENSG00000284442,ENSG00000107957,hsa-mir-2110,SH3PXD2A,0.71,Negative,miRNA-mRNA interaction,RNA,RNA
ENSG00000221662,ENSG00000285976,hsa-mir-1290,AL135905.2,0.77,Negative,miRNA-mRNA interaction,RNA,RNA
ENSG00000221662,ENSG00000196233,hsa-mir-1290,LCOR,0.86,Negative,miRNA-mRNA interaction,RNA,RNA
ENSG00000263945,ENSG00000196233,hsa-mir-548y,LCOR,0.82,Negative,miRNA-mRNA interaction,RNA,RNA
ENSG00000207931,ENSG00000077147,hsa-mir-577,TM9SF3,0.91,Negative,miRNA-mRNA interaction,RNA,RNA
ENSG00000263945,ENSG00000077147,hsa-mir-548y,TM9SF3,0.94,Negative,miRNA-mRNA interaction,RNA,RNA
ENSG00000221333,ENSG00000124813,hsa-mir-548k,RUNX2,0.94,Negative,miRNA-mRNA interaction,RNA,RNA
ENSG00000263945,ENSG00000124813,hsa-mir-548y,RUNX2,0.76,Negative,miRNA-mRNA interaction,RNA,RNA
ENSG00000263945,ENSG00000077721,hsa-mir-548y,UBE2A,0.94,Negative,miRNA-mRNA interaction,RNA,RNA
ENSG00000221697,ENSG00000167118,hsa-mir-1275,URM1,0.73,Negative,miRNA-mRNA interaction,RNA,RNA
ENSG00000221697,ENSG00000090621,hsa-mir-1275,PABPC4,0.77,Negative,miRNA-mRNA interaction,RNA,RNA
ENSG00000221662,ENSG00000188786,hsa-mir-1290,MTF1,0.87,Negative,miRNA-mRNA interaction,RNA,RNA
ENSG00000263945,ENSG00000126070,hsa-mir-548y,AGO3,0.95,Negative,miRNA-mRNA interaction,RNA,RNA
ENSG00000263945,ENSG00000134698,hsa-mir-548y,AGO4,0.89,Negative,miRNA-mRNA interaction,RNA,RNA
ENSG00000263932,ENSG00000165288,hsa-mir-4448,BRWD3,0.85,Negative,miRNA-mRNA interaction,RNA,RNA
ENSG00000274713,ENSG00000084623,hsa-mir-7974,EIF3I,0.75,Negative,miRNA-mRNA interaction,RNA,RNA
ENSG00000283203,ENSG00000056586,hsa-mir-1246,RC3H2,0.9,Negative,miRNA-mRNA interaction,RNA,RNA
ENSG00000284160,ENSG00000181915,hsa-mir-7706,ADO,0.86,Negative,miRNA-mRNA interaction,RNA,RNA
ENSG00000275377,ENSG00000117751,hsa-mir-1299,PPP1R8,0.82,Negative,miRNA-mRNA interaction,RNA,RNA
ENSG00000221662,ENSG00000157693,hsa-mir-1290,TMEM268,0.84,Negative,miRNA-mRNA interaction,RNA,RNA
ENSG00000221333,ENSG00000157654,hsa-mir-548k,PALM2-AKAP2,0.97,Negative,miRNA-mRNA interaction,RNA,RNA
ENSG00000221697,ENSG00000157654,hsa-mir-1275,PALM2-AKAP2,0.73,Negative,miRNA-mRNA interaction,RNA,RNA
ENSG00000263945,ENSG00000204217,hsa-mir-548y,BMPR2,0.89,Negative,miRNA-mRNA interaction,RNA,RNA
ENSG00000221662,ENSG00000136870,hsa-mir-1290,ZNF189,0.83,Negative,miRNA-mRNA interaction,RNA,RNA
ENSG00000221662,ENSG00000204272,hsa-mir-1290,NBDY,0.87,Negative,miRNA-mRNA interaction,RNA,RNA
ENSG00000207931,ENSG00000127483,hsa-mir-577,HP1BP3,0.99,Negative,miRNA-mRNA interaction,RNA,RNA
ENSG00000221662,ENSG00000165244,hsa-mir-1290,ZNF367,0.76,Negative,miRNA-mRNA interaction,RNA,RNA
ENSG00000263932,ENSG00000072501,hsa-mir-4448,SMC1A,0.96,Negative,miRNA-mRNA interaction,RNA,RNA
ENSG00000283203,ENSG00000135070,hsa-mir-1246,ISCA1,0.79,Negative,miRNA-mRNA interaction,RNA,RNA
ENSG00000221333,ENSG00000165312,hsa-mir-548k,OTUD1,0.95,Negative,miRNA-mRNA interaction,RNA,RNA
ENSG00000263945,ENSG00000165312,hsa-mir-548y,OTUD1,0.85,Negative,miRNA-mRNA interaction,RNA,RNA
ENSG00000264926,ENSG00000102096,hsa-mir-378f,PIM2,0.83,Negative,miRNA-mRNA interaction,RNA,RNA
ENSG00000263932,ENSG00000102096,hsa-mir-4448,PIM2,0.91,Negative,miRNA-mRNA interaction,RNA,RNA
ENSG00000221697,ENSG00000167182,hsa-mir-1275,SP2,0.74,Negative,miRNA-mRNA interaction,RNA,RNA
ENSG00000221662,ENSG00000167182,hsa-mir-1290,SP2,0.97,Negative,miRNA-mRNA interaction,RNA,RNA
ENSG00000263945,ENSG00000198963,hsa-mir-548y,RORB,1,Negative,miRNA-mRNA interaction,RNA,RNA
ENSG00000263945,ENSG00000083520,hsa-mir-548y,DIS3,0.91,Negative,miRNA-mRNA interaction,RNA,RNA
ENSG00000221333,ENSG00000124486,hsa-mir-548k,USP9X,0.87,Negative,miRNA-mRNA interaction,RNA,RNA
ENSG00000266827,ENSG00000136156,hsa-mir-3689e,ITM2B,1,Negative,miRNA-mRNA interaction,RNA,RNA
ENSG00000221697,ENSG00000133858,hsa-mir-1275,ZFC3H1,0.76,Negative,miRNA-mRNA interaction,RNA,RNA
ENSG00000221697,ENSG00000205138,hsa-mir-1275,SDHAF1,0.84,Negative,miRNA-mRNA interaction,RNA,RNA
ENSG00000238517,ENSG00000137073,hsa-mir-1270,UBAP2,0.75,Negative,miRNA-mRNA interaction,RNA,RNA
ENSG00000284442,ENSG00000076108,hsa-mir-2110,BAZ2A,0.86,Negative,miRNA-mRNA interaction,RNA,RNA
ENSG00000284442,ENSG00000134986,hsa-mir-2110,NREP,0.98,Negative,miRNA-mRNA interaction,RNA,RNA
ENSG00000275377,ENSG00000166233,hsa-mir-1299,ARIH1,0.99,Negative,miRNA-mRNA interaction,RNA,RNA
ENSG00000221662,ENSG00000171843,hsa-mir-1290,MLLT3,0.8,Negative,miRNA-mRNA interaction,RNA,RNA
ENSG00000221662,ENSG00000164985,hsa-mir-1290,PSIP1,0.96,Negative,miRNA-mRNA interaction,RNA,RNA
ENSG00000283203,ENSG00000164985,hsa-mir-1246,PSIP1,0.83,Negative,miRNA-mRNA interaction,RNA,RNA
ENSG00000284442,ENSG00000004961,hsa-mir-2110,HCCS,0.9,Negative,miRNA-mRNA interaction,RNA,RNA
ENSG00000221333,ENSG00000147862,hsa-mir-548k,NFIB,0.97,Negative,miRNA-mRNA interaction,RNA,RNA
ENSG00000284442,ENSG00000147862,hsa-mir-2110,NFIB,0.92,Negative,miRNA-mRNA interaction,RNA,RNA
ENSG00000263945,ENSG00000197860,hsa-mir-548y,SGTB,0.75,Negative,miRNA-mRNA interaction,RNA,RNA
ENSG00000221662,ENSG00000155545,hsa-mir-1290,MIER3,0.71,Negative,miRNA-mRNA interaction,RNA,RNA
ENSG00000284442,ENSG00000134352,hsa-mir-2110,IL6ST,0.8,Negative,miRNA-mRNA interaction,RNA,RNA
ENSG00000284442,ENSG00000205726,hsa-mir-2110,ITSN1,0.88,Negative,miRNA-mRNA interaction,RNA,RNA
ENSG00000221697,ENSG00000205765,hsa-mir-1275,C5orf51,0.71,Negative,miRNA-mRNA interaction,RNA,RNA
ENSG00000263945,ENSG00000150712,hsa-mir-548y,MTMR12,0.72,Negative,miRNA-mRNA interaction,RNA,RNA
ENSG00000221662,ENSG00000151835,hsa-mir-1290,SACS,0.71,Negative,miRNA-mRNA interaction,RNA,RNA
ENSG00000263945,ENSG00000151835,hsa-mir-548y,SACS,0.95,Negative,miRNA-mRNA interaction,RNA,RNA
ENSG00000221662,ENSG00000147364,hsa-mir-1290,FBXO25,0.71,Negative,miRNA-mRNA interaction,RNA,RNA
ENSG00000263945,ENSG00000204130,hsa-mir-548y,RUFY2,0.83,Negative,miRNA-mRNA interaction,RNA,RNA
ENSG00000221662,ENSG00000166200,hsa-mir-1290,COPS2,0.75,Negative,miRNA-mRNA interaction,RNA,RNA
ENSG00000221662,ENSG00000074356,hsa-mir-1290,NCBP3,0.72,Negative,miRNA-mRNA interaction,RNA,RNA
ENSG00000238517,ENSG00000074356,hsa-mir-1270,NCBP3,0.71,Negative,miRNA-mRNA interaction,RNA,RNA
ENSG00000263945,ENSG00000211456,hsa-mir-548y,SACM1L,0.78,Negative,miRNA-mRNA interaction,RNA,RNA
ENSG00000207931,ENSG00000167565,hsa-mir-577,SERTAD3,0.86,Negative,miRNA-mRNA interaction,RNA,RNA
ENSG00000221697,ENSG00000105221,hsa-mir-1275,AKT2,0.73,Negative,miRNA-mRNA interaction,RNA,RNA
ENSG00000221662,ENSG00000116539,hsa-mir-1290,ASH1L,0.8,Negative,miRNA-mRNA interaction,RNA,RNA
ENSG00000221697,ENSG00000116539,hsa-mir-1275,ASH1L,0.89,Negative,miRNA-mRNA interaction,RNA,RNA
ENSG00000207931,ENSG00000061987,hsa-mir-577,MON2,1,Negative,miRNA-mRNA interaction,RNA,RNA
ENSG00000221333,ENSG00000280987,hsa-mir-548k,MATR3,0.91,Negative,miRNA-mRNA interaction,RNA,RNA
ENSG00000283203,ENSG00000109332,hsa-mir-1246,UBE2D3,0.74,Negative,miRNA-mRNA interaction,RNA,RNA
ENSG00000221333,ENSG00000138814,hsa-mir-548k,PPP3CA,0.85,Negative,miRNA-mRNA interaction,RNA,RNA
ENSG00000221333,ENSG00000100614,hsa-mir-548k,PPM1A,0.85,Negative,miRNA-mRNA interaction,RNA,RNA
ENSG00000283203,ENSG00000213639,hsa-mir-1246,PPP1CB,0.79,Negative,miRNA-mRNA interaction,RNA,RNA
ENSG00000221662,ENSG00000213639,hsa-mir-1290,PPP1CB,0.92,Negative,miRNA-mRNA interaction,RNA,RNA
ENSG00000266514,ENSG00000129292,hsa-mir-3689f,PHF20L1,0.97,Negative,miRNA-mRNA interaction,RNA,RNA
ENSG00000221333,ENSG00000196247,hsa-mir-548k,ZNF107,0.93,Negative,miRNA-mRNA interaction,RNA,RNA
ENSG00000284442,ENSG00000172164,hsa-mir-2110,SNTB1,0.93,Negative,miRNA-mRNA interaction,RNA,RNA
ENSG00000284160,ENSG00000146676,hsa-mir-7706,PURB,0.76,Negative,miRNA-mRNA interaction,RNA,RNA
ENSG00000221697,ENSG00000169740,hsa-mir-1275,ZNF32,0.84,Negative,miRNA-mRNA interaction,RNA,RNA
ENSG00000274713,ENSG00000138592,hsa-mir-7974,USP8,0.77,Negative,miRNA-mRNA interaction,RNA,RNA
ENSG00000284442,ENSG00000132388,hsa-mir-2110,UBE2G1,0.87,Negative,miRNA-mRNA interaction,RNA,RNA
ENSG00000238517,ENSG00000132388,hsa-mir-1270,UBE2G1,0.83,Negative,miRNA-mRNA interaction,RNA,RNA
ENSG00000202566,ENSG00000132388,hsa-mir-421,UBE2G1,0.75,Negative,miRNA-mRNA interaction,RNA,RNA
ENSG00000221662,ENSG00000132356,hsa-mir-1290,PRKAA1,0.77,Negative,miRNA-mRNA interaction,RNA,RNA
ENSG00000263945,ENSG00000088247,hsa-mir-548y,KHSRP,0.98,Negative,miRNA-mRNA interaction,RNA,RNA
ENSG00000263945,ENSG00000008277,hsa-mir-548y,ADAM22,0.98,Negative,miRNA-mRNA interaction,RNA,RNA
ENSG00000238517,ENSG00000163320,hsa-mir-1270,CGGBP1,0.71,Negative,miRNA-mRNA interaction,RNA,RNA
ENSG00000263945,ENSG00000161813,hsa-mir-548y,LARP4,0.96,Negative,miRNA-mRNA interaction,RNA,RNA
ENSG00000263945,ENSG00000136167,hsa-mir-548y,LCP1,0.71,Negative,miRNA-mRNA interaction,RNA,RNA
ENSG00000283203,ENSG00000131508,hsa-mir-1246,UBE2D2,0.71,Negative,miRNA-mRNA interaction,RNA,RNA
ENSG00000263945,ENSG00000092148,hsa-mir-548y,HECTD1,0.77,Negative,miRNA-mRNA interaction,RNA,RNA
ENSG00000221662,ENSG00000073614,hsa-mir-1290,KDM5A,0.97,Negative,miRNA-mRNA interaction,RNA,RNA
ENSG00000221662,ENSG00000082898,hsa-mir-1290,XPO1,0.77,Negative,miRNA-mRNA interaction,RNA,RNA
ENSG00000263945,ENSG00000205268,hsa-mir-548y,PDE7A,0.78,Negative,miRNA-mRNA interaction,RNA,RNA
ENSG00000221697,ENSG00000168137,hsa-mir-1275,SETD5,0.82,Negative,miRNA-mRNA interaction,RNA,RNA
ENSG00000283203,ENSG00000162599,hsa-mir-1246,NFIA,0.79,Negative,miRNA-mRNA interaction,RNA,RNA
ENSG00000238517,ENSG00000162599,hsa-mir-1270,NFIA,0.83,Negative,miRNA-mRNA interaction,RNA,RNA
ENSG00000284442,ENSG00000162599,hsa-mir-2110,NFIA,0.75,Negative,miRNA-mRNA interaction,RNA,RNA
ENSG00000221333,ENSG00000162599,hsa-mir-548k,NFIA,0.93,Negative,miRNA-mRNA interaction,RNA,RNA
ENSG00000221333,ENSG00000115762,hsa-mir-548k,PLEKHB2,0.72,Negative,miRNA-mRNA interaction,RNA,RNA
ENSG00000275377,ENSG00000084676,hsa-mir-1299,NCOA1,0.84,Negative,miRNA-mRNA interaction,RNA,RNA
ENSG00000263945,ENSG00000123094,hsa-mir-548y,RASSF8,0.87,Negative,miRNA-mRNA interaction,RNA,RNA
ENSG00000221333,ENSG00000123094,hsa-mir-548k,RASSF8,0.87,Negative,miRNA-mRNA interaction,RNA,RNA
ENSG00000284442,ENSG00000064393,hsa-mir-2110,HIPK2,0.84,Negative,miRNA-mRNA interaction,RNA,RNA
ENSG00000221697,ENSG00000183741,hsa-mir-1275,CBX6,0.84,Negative,miRNA-mRNA interaction,RNA,RNA
ENSG00000263945,ENSG00000066044,hsa-mir-548y,ELAVL1,0.9,Negative,miRNA-mRNA interaction,RNA,RNA
ENSG00000284442,ENSG00000040933,hsa-mir-2110,INPP4A,0.91,Negative,miRNA-mRNA interaction,RNA,RNA
ENSG00000284442,ENSG00000115977,hsa-mir-2110,AAK1,0.8,Negative,miRNA-mRNA interaction,RNA,RNA
ENSG00000221697,ENSG00000187605,hsa-mir-1275,TET3,0.74,Negative,miRNA-mRNA interaction,RNA,RNA
ENSG00000266827,ENSG00000187605,hsa-mir-3689e,TET3,0.96,Negative,miRNA-mRNA interaction,RNA,RNA
ENSG00000266514,ENSG00000187605,hsa-mir-3689f,TET3,0.94,Negative,miRNA-mRNA interaction,RNA,RNA
ENSG00000207931,ENSG00000187605,hsa-mir-577,TET3,0.98,Negative,miRNA-mRNA interaction,RNA,RNA
ENSG00000202566,ENSG00000181555,hsa-mir-421,SETD2,0.74,Negative,miRNA-mRNA interaction,RNA,RNA
ENSG00000263945,ENSG00000169967,hsa-mir-548y,MAP3K2,0.92,Negative,miRNA-mRNA interaction,RNA,RNA
ENSG00000263945,ENSG00000107036,hsa-mir-548y,RIC1,0.89,Negative,miRNA-mRNA interaction,RNA,RNA
ENSG00000266514,ENSG00000006576,hsa-mir-3689f,PHTF2,0.91,Negative,miRNA-mRNA interaction,RNA,RNA
ENSG00000266827,ENSG00000160305,hsa-mir-3689e,DIP2A,0.91,Negative,miRNA-mRNA interaction,RNA,RNA
ENSG00000221662,ENSG00000139737,hsa-mir-1290,SLAIN1,0.96,Negative,miRNA-mRNA interaction,RNA,RNA
ENSG00000283203,ENSG00000139737,hsa-mir-1246,SLAIN1,0.87,Negative,miRNA-mRNA interaction,RNA,RNA
ENSG00000221697,ENSG00000170653,hsa-mir-1275,ATF7,0.77,Negative,miRNA-mRNA interaction,RNA,RNA
ENSG00000274713,ENSG00000185630,hsa-mir-7974,PBX1,0.76,Negative,miRNA-mRNA interaction,RNA,RNA
ENSG00000263945,ENSG00000115760,hsa-mir-548y,BIRC6,0.77,Negative,miRNA-mRNA interaction,RNA,RNA
ENSG00000284442,ENSG00000235750,hsa-mir-2110,KIAA0040,0.79,Negative,miRNA-mRNA interaction,RNA,RNA
ENSG00000221333,ENSG00000115904,hsa-mir-548k,SOS1,0.98,Negative,miRNA-mRNA interaction,RNA,RNA
ENSG00000263945,ENSG00000177565,hsa-mir-548y,TBL1XR1,0.87,Negative,miRNA-mRNA interaction,RNA,RNA
ENSG00000283203,ENSG00000134283,hsa-mir-1246,PPHLN1,0.84,Negative,miRNA-mRNA interaction,RNA,RNA
ENSG00000221333,ENSG00000174574,hsa-mir-548k,AKIRIN1,0.74,Negative,miRNA-mRNA interaction,RNA,RNA
ENSG00000263945,ENSG00000009413,hsa-mir-548y,REV3L,0.99,Negative,miRNA-mRNA interaction,RNA,RNA
ENSG00000284442,ENSG00000165671,hsa-mir-2110,NSD1,0.9,Negative,miRNA-mRNA interaction,RNA,RNA
ENSG00000221697,ENSG00000165671,hsa-mir-1275,NSD1,0.81,Negative,miRNA-mRNA interaction,RNA,RNA
ENSG00000263945,ENSG00000162946,hsa-mir-548y,DISC1,0.84,Negative,miRNA-mRNA interaction,RNA,RNA
ENSG00000221662,ENSG00000105879,hsa-mir-1290,CBLL1,0.95,Negative,miRNA-mRNA interaction,RNA,RNA
ENSG00000274713,ENSG00000157106,hsa-mir-7974,SMG1,0.99,Negative,miRNA-mRNA interaction,RNA,RNA
ENSG00000263945,ENSG00000157106,hsa-mir-548y,SMG1,0.96,Negative,miRNA-mRNA interaction,RNA,RNA
ENSG00000221754,ENSG00000197111,hsa-mir-1260a,PCBP2,0.75,Negative,miRNA-mRNA interaction,RNA,RNA
ENSG00000266192,ENSG00000197111,hsa-mir-1260b,PCBP2,0.97,Negative,miRNA-mRNA interaction,RNA,RNA
ENSG00000221333,ENSG00000079387,hsa-mir-548k,SENP1,0.77,Negative,miRNA-mRNA interaction,RNA,RNA
ENSG00000263945,ENSG00000079387,hsa-mir-548y,SENP1,0.88,Negative,miRNA-mRNA interaction,RNA,RNA
ENSG00000284442,ENSG00000168802,hsa-mir-2110,CHTF8,0.73,Negative,miRNA-mRNA interaction,RNA,RNA
ENSG00000221333,ENSG00000076554,hsa-mir-548k,TPD52,0.77,Negative,miRNA-mRNA interaction,RNA,RNA
ENSG00000266514,ENSG00000139746,hsa-mir-3689f,RBM26,0.78,Negative,miRNA-mRNA interaction,RNA,RNA
ENSG00000221662,ENSG00000135597,hsa-mir-1290,REPS1,0.73,Negative,miRNA-mRNA interaction,RNA,RNA
ENSG00000207931,ENSG00000119414,hsa-mir-577,PPP6C,0.93,Negative,miRNA-mRNA interaction,RNA,RNA
ENSG00000263945,ENSG00000119414,hsa-mir-548y,PPP6C,0.88,Negative,miRNA-mRNA interaction,RNA,RNA
ENSG00000263945,ENSG00000136527,hsa-mir-548y,TRA2B,0.96,Negative,miRNA-mRNA interaction,RNA,RNA
ENSG00000265538,ENSG00000100354,hsa-mir-4421,TNRC6B,0.76,Negative,miRNA-mRNA interaction,RNA,RNA
ENSG00000283203,ENSG00000100354,hsa-mir-1246,TNRC6B,0.71,Negative,miRNA-mRNA interaction,RNA,RNA
ENSG00000266827,ENSG00000100354,hsa-mir-3689e,TNRC6B,0.88,Negative,miRNA-mRNA interaction,RNA,RNA
ENSG00000221697,ENSG00000100354,hsa-mir-1275,TNRC6B,0.72,Negative,miRNA-mRNA interaction,RNA,RNA
ENSG00000221333,ENSG00000100354,hsa-mir-548k,TNRC6B,0.83,Negative,miRNA-mRNA interaction,RNA,RNA
ENSG00000263945,ENSG00000100354,hsa-mir-548y,TNRC6B,0.82,Negative,miRNA-mRNA interaction,RNA,RNA
ENSG00000221662,ENSG00000180957,hsa-mir-1290,PITPNB,0.73,Negative,miRNA-mRNA interaction,RNA,RNA
ENSG00000283203,ENSG00000160352,hsa-mir-1246,ZNF714,0.71,Negative,miRNA-mRNA interaction,RNA,RNA
ENSG00000283203,ENSG00000145715,hsa-mir-1246,RASA1,0.92,Negative,miRNA-mRNA interaction,RNA,RNA
ENSG00000275377,ENSG00000145715,hsa-mir-1299,RASA1,0.86,Negative,miRNA-mRNA interaction,RNA,RNA
ENSG00000221662,ENSG00000170248,hsa-mir-1290,PDCD6IP,0.93,Negative,miRNA-mRNA interaction,RNA,RNA
ENSG00000221333,ENSG00000116044,hsa-mir-548k,NFE2L2,0.94,Negative,miRNA-mRNA interaction,RNA,RNA
ENSG00000284442,ENSG00000157741,hsa-mir-2110,UBN2,0.89,Negative,miRNA-mRNA interaction,RNA,RNA
ENSG00000238517,ENSG00000157741,hsa-mir-1270,UBN2,0.75,Negative,miRNA-mRNA interaction,RNA,RNA
ENSG00000275377,ENSG00000163602,hsa-mir-1299,RYBP,0.84,Negative,miRNA-mRNA interaction,RNA,RNA
ENSG00000221662,ENSG00000152332,hsa-mir-1290,UHMK1,0.72,Negative,miRNA-mRNA interaction,RNA,RNA
ENSG00000207931,ENSG00000138459,hsa-mir-577,SLC35A5,0.88,Negative,miRNA-mRNA interaction,RNA,RNA
ENSG00000266514,ENSG00000173889,hsa-mir-3689f,PHC3,0.87,Negative,miRNA-mRNA interaction,RNA,RNA
ENSG00000221662,ENSG00000163655,hsa-mir-1290,GMPS,0.84,Negative,miRNA-mRNA interaction,RNA,RNA
ENSG00000263932,ENSG00000120705,hsa-mir-4448,ETF1,0.96,Negative,miRNA-mRNA interaction,RNA,RNA
ENSG00000284442,ENSG00000080822,hsa-mir-2110,CLDND1,0.72,Negative,miRNA-mRNA interaction,RNA,RNA
ENSG00000221662,ENSG00000163138,hsa-mir-1290,PACRGL,0.78,Negative,miRNA-mRNA interaction,RNA,RNA
ENSG00000221662,ENSG00000109133,hsa-mir-1290,TMEM33,0.8,Negative,miRNA-mRNA interaction,RNA,RNA
ENSG00000221662,ENSG00000134987,hsa-mir-1290,WDR36,0.88,Negative,miRNA-mRNA interaction,RNA,RNA
ENSG00000221662,ENSG00000134852,hsa-mir-1290,CLOCK,0.93,Negative,miRNA-mRNA interaction,RNA,RNA
ENSG00000221662,ENSG00000164830,hsa-mir-1290,OXR1,0.84,Negative,miRNA-mRNA interaction,RNA,RNA
ENSG00000263945,ENSG00000153310,hsa-mir-548y,FAM49B,0.75,Negative,miRNA-mRNA interaction,RNA,RNA
ENSG00000283203,ENSG00000253719,hsa-mir-1246,ATXN7L3B,0.72,Negative,miRNA-mRNA interaction,RNA,RNA
ENSG00000284442,ENSG00000067167,hsa-mir-2110,TRAM1,0.96,Negative,miRNA-mRNA interaction,RNA,RNA
ENSG00000207931,ENSG00000067167,hsa-mir-577,TRAM1,0.85,Negative,miRNA-mRNA interaction,RNA,RNA
ENSG00000266827,ENSG00000253710,hsa-mir-3689e,ALG11,0.79,Negative,miRNA-mRNA interaction,RNA,RNA
ENSG00000221662,ENSG00000120533,hsa-mir-1290,ENY2,0.82,Negative,miRNA-mRNA interaction,RNA,RNA
ENSG00000266514,ENSG00000169139,hsa-mir-3689f,UBE2V2,0.93,Negative,miRNA-mRNA interaction,RNA,RNA
ENSG00000221662,ENSG00000104375,hsa-mir-1290,STK3,0.82,Negative,miRNA-mRNA interaction,RNA,RNA
ENSG00000266514,ENSG00000100697,hsa-mir-3689f,DICER1,0.94,Negative,miRNA-mRNA interaction,RNA,RNA
ENSG00000238517,ENSG00000173120,hsa-mir-1270,KDM2A,0.92,Negative,miRNA-mRNA interaction,RNA,RNA
ENSG00000221697,ENSG00000254726,hsa-mir-1275,MEX3A,0.9,Negative,miRNA-mRNA interaction,RNA,RNA
ENSG00000221662,ENSG00000117620,hsa-mir-1290,SLC35A3,0.73,Negative,miRNA-mRNA interaction,RNA,RNA
ENSG00000221333,ENSG00000118058,hsa-mir-548k,KMT2A,0.92,Negative,miRNA-mRNA interaction,RNA,RNA
ENSG00000264926,ENSG00000118058,hsa-mir-378f,KMT2A,0.73,Negative,miRNA-mRNA interaction,RNA,RNA
ENSG00000221563,ENSG00000118058,hsa-mir-1269a,KMT2A,0.96,Negative,miRNA-mRNA interaction,RNA,RNA
ENSG00000284442,ENSG00000089159,hsa-mir-2110,PXN,0.74,Negative,miRNA-mRNA interaction,RNA,RNA
ENSG00000221697,ENSG00000110987,hsa-mir-1275,BCL7A,0.89,Negative,miRNA-mRNA interaction,RNA,RNA
ENSG00000284442,ENSG00000112096,hsa-mir-2110,SOD2,0.9,Negative,miRNA-mRNA interaction,RNA,RNA
ENSG00000221662,ENSG00000137449,hsa-mir-1290,CPEB2,0.99,Negative,miRNA-mRNA interaction,RNA,RNA
ENSG00000263945,ENSG00000137449,hsa-mir-548y,CPEB2,0.72,Negative,miRNA-mRNA interaction,RNA,RNA
ENSG00000221697,ENSG00000085185,hsa-mir-1275,BCORL1,0.8,Negative,miRNA-mRNA interaction,RNA,RNA
ENSG00000284442,ENSG00000059728,hsa-mir-2110,MXD1,0.78,Negative,miRNA-mRNA interaction,RNA,RNA
ENSG00000263945,ENSG00000057252,hsa-mir-548y,SOAT1,0.78,Negative,miRNA-mRNA interaction,RNA,RNA
ENSG00000283203,ENSG00000102531,hsa-mir-1246,FNDC3A,0.85,Negative,miRNA-mRNA interaction,RNA,RNA
ENSG00000221662,ENSG00000102531,hsa-mir-1290,FNDC3A,0.97,Negative,miRNA-mRNA interaction,RNA,RNA
ENSG00000221662,ENSG00000143476,hsa-mir-1290,DTL,0.93,Negative,miRNA-mRNA interaction,RNA,RNA
ENSG00000263945,ENSG00000113658,hsa-mir-548y,SMAD5,0.96,Negative,miRNA-mRNA interaction,RNA,RNA
ENSG00000284442,ENSG00000135486,hsa-mir-2110,HNRNPA1,0.93,Negative,miRNA-mRNA interaction,RNA,RNA
ENSG00000263945,ENSG00000166225,hsa-mir-548y,FRS2,0.72,Negative,miRNA-mRNA interaction,RNA,RNA
ENSG00000221662,ENSG00000100796,hsa-mir-1290,PPP4R3A,0.84,Negative,miRNA-mRNA interaction,RNA,RNA
ENSG00000221333,ENSG00000197045,hsa-mir-548k,GMFB,0.77,Negative,miRNA-mRNA interaction,RNA,RNA
ENSG00000207931,ENSG00000181827,hsa-mir-577,RFX7,0.72,Negative,miRNA-mRNA interaction,RNA,RNA
ENSG00000207931,ENSG00000138593,hsa-mir-577,SECISBP2L,0.82,Negative,miRNA-mRNA interaction,RNA,RNA
ENSG00000263945,ENSG00000138593,hsa-mir-548y,SECISBP2L,0.86,Negative,miRNA-mRNA interaction,RNA,RNA
ENSG00000274713,ENSG00000177200,hsa-mir-7974,CHD9,0.79,Negative,miRNA-mRNA interaction,RNA,RNA
ENSG00000221697,ENSG00000174197,hsa-mir-1275,MGA,0.8,Negative,miRNA-mRNA interaction,RNA,RNA
ENSG00000238517,ENSG00000186260,hsa-mir-1270,MRTFB,0.74,Negative,miRNA-mRNA interaction,RNA,RNA
ENSG00000263945,ENSG00000264364,hsa-mir-548y,DYNLL2,0.72,Negative,miRNA-mRNA interaction,RNA,RNA
ENSG00000202566,ENSG00000136451,hsa-mir-421,VEZF1,0.9,Negative,miRNA-mRNA interaction,RNA,RNA
ENSG00000266192,ENSG00000175662,hsa-mir-1260b,TOM1L2,0.76,Negative,miRNA-mRNA interaction,RNA,RNA
ENSG00000284442,ENSG00000173065,hsa-mir-2110,FAM222B,0.84,Negative,miRNA-mRNA interaction,RNA,RNA
ENSG00000284442,ENSG00000136448,hsa-mir-2110,NMT1,0.94,Negative,miRNA-mRNA interaction,RNA,RNA
ENSG00000275377,ENSG00000128016,hsa-mir-1299,ZFP36,0.77,Negative,miRNA-mRNA interaction,RNA,RNA
ENSG00000221662,ENSG00000197619,hsa-mir-1290,ZNF615,0.98,Negative,miRNA-mRNA interaction,RNA,RNA
ENSG00000284442,ENSG00000116221,hsa-mir-2110,MRPL37,0.97,Negative,miRNA-mRNA interaction,RNA,RNA
ENSG00000283203,ENSG00000111816,hsa-mir-1246,FRK,0.9,Negative,miRNA-mRNA interaction,RNA,RNA
ENSG00000238517,ENSG00000009307,hsa-mir-1270,CSDE1,0.71,Negative,miRNA-mRNA interaction,RNA,RNA
ENSG00000283203,ENSG00000099246,hsa-mir-1246,RAB18,0.85,Negative,miRNA-mRNA interaction,RNA,RNA
ENSG00000221662,ENSG00000099246,hsa-mir-1290,RAB18,0.92,Negative,miRNA-mRNA interaction,RNA,RNA
ENSG00000275377,ENSG00000102471,hsa-mir-1299,NDFIP2,0.75,Negative,miRNA-mRNA interaction,RNA,RNA
ENSG00000283203,ENSG00000213096,hsa-mir-1246,ZNF254,0.73,Negative,miRNA-mRNA interaction,RNA,RNA
ENSG00000263945,ENSG00000136758,hsa-mir-548y,YME1L1,0.78,Negative,miRNA-mRNA interaction,RNA,RNA
ENSG00000202566,ENSG00000100784,hsa-mir-421,RPS6KA5,0.91,Negative,miRNA-mRNA interaction,RNA,RNA
ENSG00000263945,ENSG00000163110,hsa-mir-548y,PDLIM5,0.85,Negative,miRNA-mRNA interaction,RNA,RNA
ENSG00000284442,ENSG00000157657,hsa-mir-2110,ZNF618,0.87,Negative,miRNA-mRNA interaction,RNA,RNA
ENSG00000238517,ENSG00000115306,hsa-mir-1270,SPTBN1,0.98,Negative,miRNA-mRNA interaction,RNA,RNA
ENSG00000207931,ENSG00000115306,hsa-mir-577,SPTBN1,0.75,Negative,miRNA-mRNA interaction,RNA,RNA
ENSG00000266514,ENSG00000135316,hsa-mir-3689f,SYNCRIP,0.83,Negative,miRNA-mRNA interaction,RNA,RNA
ENSG00000266827,ENSG00000135316,hsa-mir-3689e,SYNCRIP,0.83,Negative,miRNA-mRNA interaction,RNA,RNA
ENSG00000221333,ENSG00000135316,hsa-mir-548k,SYNCRIP,0.86,Negative,miRNA-mRNA interaction,RNA,RNA
ENSG00000263945,ENSG00000145386,hsa-mir-548y,CCNA2,0.88,Negative,miRNA-mRNA interaction,RNA,RNA
ENSG00000263945,ENSG00000213047,hsa-mir-548y,DENND1B,0.95,Negative,miRNA-mRNA interaction,RNA,RNA
ENSG00000266514,ENSG00000048052,hsa-mir-3689f,HDAC9,0.75,Negative,miRNA-mRNA interaction,RNA,RNA
ENSG00000263945,ENSG00000185728,hsa-mir-548y,YTHDF3,0.78,Negative,miRNA-mRNA interaction,RNA,RNA
ENSG00000263945,ENSG00000008086,hsa-mir-548y,CDKL5,0.95,Negative,miRNA-mRNA interaction,RNA,RNA
ENSG00000283203,ENSG00000204120,hsa-mir-1246,GIGYF2,0.89,Negative,miRNA-mRNA interaction,RNA,RNA
ENSG00000284442,ENSG00000197283,hsa-mir-2110,SYNGAP1,0.78,Negative,miRNA-mRNA interaction,RNA,RNA
ENSG00000284160,ENSG00000196628,hsa-mir-7706,TCF4,0.8,Negative,miRNA-mRNA interaction,RNA,RNA
ENSG00000221662,ENSG00000259330,hsa-mir-1290,INAFM2,0.75,Negative,miRNA-mRNA interaction,RNA,RNA
ENSG00000284442,ENSG00000109911,hsa-mir-2110,ELP4,0.74,Negative,miRNA-mRNA interaction,RNA,RNA
ENSG00000221697,ENSG00000108439,hsa-mir-1275,PNPO,0.74,Negative,miRNA-mRNA interaction,RNA,RNA
ENSG00000221697,ENSG00000165699,hsa-mir-1275,TSC1,0.81,Negative,miRNA-mRNA interaction,RNA,RNA
ENSG00000263945,ENSG00000109756,hsa-mir-548y,RAPGEF2,0.71,Negative,miRNA-mRNA interaction,RNA,RNA
ENSG00000263945,ENSG00000215301,hsa-mir-548y,DDX3X,0.82,Negative,miRNA-mRNA interaction,RNA,RNA
ENSG00000202566,ENSG00000215301,hsa-mir-421,DDX3X,0.9,Negative,miRNA-mRNA interaction,RNA,RNA
ENSG00000284442,ENSG00000177189,hsa-mir-2110,RPS6KA3,0.75,Negative,miRNA-mRNA interaction,RNA,RNA
ENSG00000221662,ENSG00000157540,hsa-mir-1290,DYRK1A,0.85,Negative,miRNA-mRNA interaction,RNA,RNA
ENSG00000238517,ENSG00000157540,hsa-mir-1270,DYRK1A,0.79,Negative,miRNA-mRNA interaction,RNA,RNA
ENSG00000221754,ENSG00000157540,hsa-mir-1260a,DYRK1A,1,Negative,miRNA-mRNA interaction,RNA,RNA
ENSG00000221697,ENSG00000157540,hsa-mir-1275,DYRK1A,0.79,Negative,miRNA-mRNA interaction,RNA,RNA
ENSG00000221697,ENSG00000169427,hsa-mir-1275,KCNK9,0.71,Negative,miRNA-mRNA interaction,RNA,RNA
ENSG00000221697,ENSG00000160710,hsa-mir-1275,ADAR,0.77,Negative,miRNA-mRNA interaction,RNA,RNA
ENSG00000221662,ENSG00000172765,hsa-mir-1290,TMCC1,0.81,Negative,miRNA-mRNA interaction,RNA,RNA
ENSG00000284442,ENSG00000119139,hsa-mir-2110,TJP2,0.74,Negative,miRNA-mRNA interaction,RNA,RNA
ENSG00000283203,ENSG00000134371,hsa-mir-1246,CDC73,0.88,Negative,miRNA-mRNA interaction,RNA,RNA
ENSG00000263945,ENSG00000134371,hsa-mir-548y,CDC73,0.8,Negative,miRNA-mRNA interaction,RNA,RNA
ENSG00000263945,ENSG00000104343,hsa-mir-548y,UBE2W,0.98,Negative,miRNA-mRNA interaction,RNA,RNA
ENSG00000284442,ENSG00000019582,hsa-mir-2110,CD74,0.89,Negative,miRNA-mRNA interaction,RNA,RNA
ENSG00000264566,ENSG00000023516,hsa-mir-23c,AKAP11,0.85,Negative,miRNA-mRNA interaction,RNA,RNA
ENSG00000284442,ENSG00000023516,hsa-mir-2110,AKAP11,0.92,Negative,miRNA-mRNA interaction,RNA,RNA
ENSG00000221662,ENSG00000004897,hsa-mir-1290,CDC27,0.94,Negative,miRNA-mRNA interaction,RNA,RNA
ENSG00000284388,ENSG00000068697,hsa-mir-4496,LAPTM4A,0.72,Negative,miRNA-mRNA interaction,RNA,RNA
ENSG00000263762,ENSG00000085721,hsa-mir-4286,RRN3,0.8,Negative,miRNA-mRNA interaction,RNA,RNA
ENSG00000207631,ENSG00000086189,hsa-mir-641,DIMT1,0.75,Negative,miRNA-mRNA interaction,RNA,RNA
ENSG00000221662,ENSG00000091844,hsa-mir-1290,RGS17,0.8,Negative,miRNA-mRNA interaction,RNA,RNA
ENSG00000284442,ENSG00000100030,hsa-mir-2110,MAPK1,0.9,Negative,miRNA-mRNA interaction,RNA,RNA
ENSG00000265653,ENSG00000102081,hsa-mir-548ak,FMR1,0.76,Negative,miRNA-mRNA interaction,RNA,RNA
ENSG00000221333,ENSG00000102081,hsa-mir-548k,FMR1,0.99,Negative,miRNA-mRNA interaction,RNA,RNA
ENSG00000238517,ENSG00000103966,hsa-mir-1270,EHD4,0.73,Negative,miRNA-mRNA interaction,RNA,RNA
ENSG00000284388,ENSG00000123908,hsa-mir-4496,AGO2,0.71,Negative,miRNA-mRNA interaction,RNA,RNA
ENSG00000263932,ENSG00000076641,hsa-mir-4448,PAG1,0.75,Negative,miRNA-mRNA interaction,RNA,RNA
ENSG00000221662,ENSG00000104312,hsa-mir-1290,RIPK2,0.83,Negative,miRNA-mRNA interaction,RNA,RNA
ENSG00000264566,ENSG00000108256,hsa-mir-23c,NUFIP2,0.95,Negative,miRNA-mRNA interaction,RNA,RNA
ENSG00000221333,ENSG00000108588,hsa-mir-548k,CCDC47,0.72,Negative,miRNA-mRNA interaction,RNA,RNA
ENSG00000264371,ENSG00000110042,hsa-mir-4425,DTX4,0.76,Negative,miRNA-mRNA interaction,RNA,RNA
ENSG00000264032,ENSG00000111269,hsa-mir-4491,CREBL2,0.82,Negative,miRNA-mRNA interaction,RNA,RNA
ENSG00000221662,ENSG00000111615,hsa-mir-1290,KRR1,0.77,Negative,miRNA-mRNA interaction,RNA,RNA
ENSG00000283203,ENSG00000113441,hsa-mir-1246,LNPEP,0.74,Negative,miRNA-mRNA interaction,RNA,RNA
ENSG00000264566,ENSG00000113583,hsa-mir-23c,C5orf15,0.89,Negative,miRNA-mRNA interaction,RNA,RNA
ENSG00000284442,ENSG00000116095,hsa-mir-2110,PLEKHA3,0.9,Negative,miRNA-mRNA interaction,RNA,RNA
ENSG00000221697,ENSG00000149639,hsa-mir-1275,SOGA1,0.74,Negative,miRNA-mRNA interaction,RNA,RNA
ENSG00000284388,ENSG00000149639,hsa-mir-4496,SOGA1,0.89,Negative,miRNA-mRNA interaction,RNA,RNA
ENSG00000221662,ENSG00000129173,hsa-mir-1290,E2F8,0.83,Negative,miRNA-mRNA interaction,RNA,RNA
ENSG00000221697,ENSG00000099875,hsa-mir-1275,MKNK2,0.71,Negative,miRNA-mRNA interaction,RNA,RNA
ENSG00000221333,ENSG00000074695,hsa-mir-548k,LMAN1,0.89,Negative,miRNA-mRNA interaction,RNA,RNA
ENSG00000265653,ENSG00000110344,hsa-mir-548ak,UBE4A,0.9,Negative,miRNA-mRNA interaction,RNA,RNA
ENSG00000221662,ENSG00000110344,hsa-mir-1290,UBE4A,0.71,Negative,miRNA-mRNA interaction,RNA,RNA
ENSG00000202566,ENSG00000131725,hsa-mir-421,WDR44,0.78,Negative,miRNA-mRNA interaction,RNA,RNA
ENSG00000221662,ENSG00000132485,hsa-mir-1290,ZRANB2,0.88,Negative,miRNA-mRNA interaction,RNA,RNA
ENSG00000265653,ENSG00000132485,hsa-mir-548ak,ZRANB2,0.94,Negative,miRNA-mRNA interaction,RNA,RNA
ENSG00000221697,ENSG00000132510,hsa-mir-1275,KDM6B,0.74,Negative,miRNA-mRNA interaction,RNA,RNA
ENSG00000265140,ENSG00000132510,hsa-mir-4301,KDM6B,0.82,Negative,miRNA-mRNA interaction,RNA,RNA
ENSG00000221662,ENSG00000132604,hsa-mir-1290,TERF2,0.85,Negative,miRNA-mRNA interaction,RNA,RNA
ENSG00000221333,ENSG00000134057,hsa-mir-548k,CCNB1,0.91,Negative,miRNA-mRNA interaction,RNA,RNA
ENSG00000221697,ENSG00000134686,hsa-mir-1275,PHC2,0.81,Negative,miRNA-mRNA interaction,RNA,RNA
ENSG00000265653,ENSG00000135720,hsa-mir-548ak,DYNC1LI2,0.88,Negative,miRNA-mRNA interaction,RNA,RNA
ENSG00000264566,ENSG00000135932,hsa-mir-23c,CAB39,0.99,Negative,miRNA-mRNA interaction,RNA,RNA
ENSG00000264371,ENSG00000137845,hsa-mir-4425,ADAM10,0.83,Negative,miRNA-mRNA interaction,RNA,RNA
ENSG00000264566,ENSG00000137845,hsa-mir-23c,ADAM10,0.77,Negative,miRNA-mRNA interaction,RNA,RNA
ENSG00000221697,ENSG00000138443,hsa-mir-1275,ABI2,0.96,Negative,miRNA-mRNA interaction,RNA,RNA
ENSG00000221662,ENSG00000080371,hsa-mir-1290,RAB21,0.84,Negative,miRNA-mRNA interaction,RNA,RNA
ENSG00000284442,ENSG00000102780,hsa-mir-2110,DGKH,0.8,Negative,miRNA-mRNA interaction,RNA,RNA
ENSG00000264566,ENSG00000052802,hsa-mir-23c,MSMO1,0.89,Negative,miRNA-mRNA interaction,RNA,RNA
ENSG00000264032,ENSG00000101752,hsa-mir-4491,MIB1,0.74,Negative,miRNA-mRNA interaction,RNA,RNA
ENSG00000264032,ENSG00000160551,hsa-mir-4491,TAOK1,0.82,Negative,miRNA-mRNA interaction,RNA,RNA
ENSG00000283203,ENSG00000160551,hsa-mir-1246,TAOK1,0.93,Negative,miRNA-mRNA interaction,RNA,RNA
ENSG00000284388,ENSG00000160551,hsa-mir-4496,TAOK1,0.83,Negative,miRNA-mRNA interaction,RNA,RNA
ENSG00000264371,ENSG00000160551,hsa-mir-4425,TAOK1,0.79,Negative,miRNA-mRNA interaction,RNA,RNA
ENSG00000264371,ENSG00000103723,hsa-mir-4425,AP3B2,0.76,Negative,miRNA-mRNA interaction,RNA,RNA
ENSG00000221333,ENSG00000113712,hsa-mir-548k,CSNK1A1,0.73,Negative,miRNA-mRNA interaction,RNA,RNA
ENSG00000284442,ENSG00000103479,hsa-mir-2110,RBL2,0.86,Negative,miRNA-mRNA interaction,RNA,RNA
ENSG00000274713,ENSG00000175387,hsa-mir-7974,SMAD2,0.99,Negative,miRNA-mRNA interaction,RNA,RNA
ENSG00000284442,ENSG00000067596,hsa-mir-2110,DHX8,0.74,Negative,miRNA-mRNA interaction,RNA,RNA
ENSG00000221333,ENSG00000090054,hsa-mir-548k,SPTLC1,0.73,Negative,miRNA-mRNA interaction,RNA,RNA
ENSG00000202566,ENSG00000183943,hsa-mir-421,PRKX,0.98,Negative,miRNA-mRNA interaction,RNA,RNA
ENSG00000265653,ENSG00000088812,hsa-mir-548ak,ATRN,0.75,Negative,miRNA-mRNA interaction,RNA,RNA
ENSG00000264566,ENSG00000124207,hsa-mir-23c,CSE1L,0.87,Negative,miRNA-mRNA interaction,RNA,RNA
ENSG00000284388,ENSG00000100393,hsa-mir-4496,EP300,0.75,Negative,miRNA-mRNA interaction,RNA,RNA
ENSG00000221662,ENSG00000126903,hsa-mir-1290,SLC10A3,0.85,Negative,miRNA-mRNA interaction,RNA,RNA
ENSG00000283203,ENSG00000115561,hsa-mir-1246,CHMP3,0.84,Negative,miRNA-mRNA interaction,RNA,RNA
ENSG00000221697,ENSG00000115504,hsa-mir-1275,EHBP1,0.8,Negative,miRNA-mRNA interaction,RNA,RNA
ENSG00000284388,ENSG00000109929,hsa-mir-4496,SC5D,0.83,Negative,miRNA-mRNA interaction,RNA,RNA
ENSG00000264032,ENSG00000082258,hsa-mir-4491,CCNT2,0.96,Negative,miRNA-mRNA interaction,RNA,RNA
ENSG00000284442,ENSG00000138678,hsa-mir-2110,GPAT3,0.73,Negative,miRNA-mRNA interaction,RNA,RNA
ENSG00000265653,ENSG00000138750,hsa-mir-548ak,NUP54,1,Negative,miRNA-mRNA interaction,RNA,RNA
ENSG00000265653,ENSG00000113742,hsa-mir-548ak,CPEB4,0.98,Negative,miRNA-mRNA interaction,RNA,RNA
ENSG00000264032,ENSG00000072364,hsa-mir-4491,AFF4,0.96,Negative,miRNA-mRNA interaction,RNA,RNA
ENSG00000221333,ENSG00000072364,hsa-mir-548k,AFF4,0.71,Negative,miRNA-mRNA interaction,RNA,RNA
ENSG00000284442,ENSG00000139163,hsa-mir-2110,ETNK1,0.79,Negative,miRNA-mRNA interaction,RNA,RNA
ENSG00000202566,ENSG00000120802,hsa-mir-421,TMPO,0.81,Negative,miRNA-mRNA interaction,RNA,RNA
ENSG00000265653,ENSG00000139370,hsa-mir-548ak,SLC15A4,0.88,Negative,miRNA-mRNA interaction,RNA,RNA
ENSG00000284388,ENSG00000140299,hsa-mir-4496,BNIP2,0.83,Negative,miRNA-mRNA interaction,RNA,RNA
ENSG00000265653,ENSG00000128881,hsa-mir-548ak,TTBK2,0.85,Negative,miRNA-mRNA interaction,RNA,RNA
ENSG00000266192,ENSG00000063245,hsa-mir-1260b,EPN1,0.73,Negative,miRNA-mRNA interaction,RNA,RNA
ENSG00000207631,ENSG00000143751,hsa-mir-641,SDE2,0.96,Negative,miRNA-mRNA interaction,RNA,RNA
ENSG00000221662,ENSG00000143933,hsa-mir-1290,CALM2,0.78,Negative,miRNA-mRNA interaction,RNA,RNA
ENSG00000265653,ENSG00000145495,hsa-mir-548ak,MARCH6,0.82,Negative,miRNA-mRNA interaction,RNA,RNA
ENSG00000264371,ENSG00000148672,hsa-mir-4425,GLUD1,0.83,Negative,miRNA-mRNA interaction,RNA,RNA
ENSG00000284442,ENSG00000151012,hsa-mir-2110,SLC7A11,0.88,Negative,miRNA-mRNA interaction,RNA,RNA
ENSG00000221662,ENSG00000153827,hsa-mir-1290,TRIP12,0.87,Negative,miRNA-mRNA interaction,RNA,RNA
ENSG00000221662,ENSG00000154165,hsa-mir-1290,GPR15,0.8,Negative,miRNA-mRNA interaction,RNA,RNA
ENSG00000221662,ENSG00000163625,hsa-mir-1290,WDFY3,0.8,Negative,miRNA-mRNA interaction,RNA,RNA
ENSG00000221662,ENSG00000163660,hsa-mir-1290,CCNL1,0.73,Negative,miRNA-mRNA interaction,RNA,RNA
ENSG00000221333,ENSG00000163694,hsa-mir-548k,RBM47,0.72,Negative,miRNA-mRNA interaction,RNA,RNA
ENSG00000264566,ENSG00000164134,hsa-mir-23c,NAA15,0.84,Negative,miRNA-mRNA interaction,RNA,RNA
ENSG00000221662,ENSG00000164168,hsa-mir-1290,TMEM184C,0.87,Negative,miRNA-mRNA interaction,RNA,RNA
ENSG00000284388,ENSG00000164463,hsa-mir-4496,CREBRF,0.97,Negative,miRNA-mRNA interaction,RNA,RNA
ENSG00000265653,ENSG00000164463,hsa-mir-548ak,CREBRF,0.85,Negative,miRNA-mRNA interaction,RNA,RNA
ENSG00000221333,ENSG00000164463,hsa-mir-548k,CREBRF,0.94,Negative,miRNA-mRNA interaction,RNA,RNA
ENSG00000264566,ENSG00000166598,hsa-mir-23c,HSP90B1,0.93,Negative,miRNA-mRNA interaction,RNA,RNA
ENSG00000284442,ENSG00000166860,hsa-mir-2110,ZBTB39,0.98,Negative,miRNA-mRNA interaction,RNA,RNA
ENSG00000284442,ENSG00000166889,hsa-mir-2110,PATL1,0.99,Negative,miRNA-mRNA interaction,RNA,RNA
ENSG00000264566,ENSG00000167232,hsa-mir-23c,ZNF91,0.96,Negative,miRNA-mRNA interaction,RNA,RNA
ENSG00000264032,ENSG00000167325,hsa-mir-4491,RRM1,0.79,Negative,miRNA-mRNA interaction,RNA,RNA
ENSG00000221662,ENSG00000167460,hsa-mir-1290,TPM4,0.76,Negative,miRNA-mRNA interaction,RNA,RNA
ENSG00000264371,ENSG00000170759,hsa-mir-4425,KIF5B,0.88,Negative,miRNA-mRNA interaction,RNA,RNA
ENSG00000264032,ENSG00000110422,hsa-mir-4491,HIPK3,0.71,Negative,miRNA-mRNA interaction,RNA,RNA
ENSG00000221662,ENSG00000186416,hsa-mir-1290,NKRF,0.83,Negative,miRNA-mRNA interaction,RNA,RNA
ENSG00000284442,ENSG00000100731,hsa-mir-2110,PCNX1,0.71,Negative,miRNA-mRNA interaction,RNA,RNA
ENSG00000284388,ENSG00000170145,hsa-mir-4496,SIK2,0.76,Negative,miRNA-mRNA interaction,RNA,RNA
ENSG00000265653,ENSG00000170989,hsa-mir-548ak,S1PR1,0.99,Negative,miRNA-mRNA interaction,RNA,RNA
ENSG00000221333,ENSG00000170989,hsa-mir-548k,S1PR1,0.98,Negative,miRNA-mRNA interaction,RNA,RNA
ENSG00000264371,ENSG00000170836,hsa-mir-4425,PPM1D,0.99,Negative,miRNA-mRNA interaction,RNA,RNA
ENSG00000284442,ENSG00000170876,hsa-mir-2110,TMEM43,0.81,Negative,miRNA-mRNA interaction,RNA,RNA
ENSG00000207631,ENSG00000170017,hsa-mir-641,ALCAM,0.98,Negative,miRNA-mRNA interaction,RNA,RNA
ENSG00000266305,ENSG00000172613,hsa-mir-4518,RAD9A,0.94,Negative,miRNA-mRNA interaction,RNA,RNA
ENSG00000284388,ENSG00000084093,hsa-mir-4496,REST,0.87,Negative,miRNA-mRNA interaction,RNA,RNA
ENSG00000266305,ENSG00000155846,hsa-mir-4518,PPARGC1B,0.8,Negative,miRNA-mRNA interaction,RNA,RNA
ENSG00000284442,ENSG00000173744,hsa-mir-2110,AGFG1,0.78,Negative,miRNA-mRNA interaction,RNA,RNA
ENSG00000265653,ENSG00000102786,hsa-mir-548ak,INTS6,1,Negative,miRNA-mRNA interaction,RNA,RNA
ENSG00000284442,ENSG00000174282,hsa-mir-2110,ZBTB4,0.92,Negative,miRNA-mRNA interaction,RNA,RNA
ENSG00000221697,ENSG00000174282,hsa-mir-1275,ZBTB4,0.87,Negative,miRNA-mRNA interaction,RNA,RNA
ENSG00000265653,ENSG00000176165,hsa-mir-548ak,FOXG1,0.91,Negative,miRNA-mRNA interaction,RNA,RNA
ENSG00000265653,ENSG00000179833,hsa-mir-548ak,SERTAD2,0.99,Negative,miRNA-mRNA interaction,RNA,RNA
ENSG00000221662,ENSG00000164330,hsa-mir-1290,EBF1,0.74,Negative,miRNA-mRNA interaction,RNA,RNA
ENSG00000266305,ENSG00000069345,hsa-mir-4518,DNAJA2,0.77,Negative,miRNA-mRNA interaction,RNA,RNA
ENSG00000265653,ENSG00000105778,hsa-mir-548ak,AVL9,0.86,Negative,miRNA-mRNA interaction,RNA,RNA
ENSG00000265653,ENSG00000177125,hsa-mir-548ak,ZBTB34,0.85,Negative,miRNA-mRNA interaction,RNA,RNA
ENSG00000264371,ENSG00000177084,hsa-mir-4425,POLE,0.8,Negative,miRNA-mRNA interaction,RNA,RNA
ENSG00000264371,ENSG00000163082,hsa-mir-4425,SGPP2,0.75,Negative,miRNA-mRNA interaction,RNA,RNA
ENSG00000221662,ENSG00000166128,hsa-mir-1290,RAB8B,0.83,Negative,miRNA-mRNA interaction,RNA,RNA
ENSG00000221333,ENSG00000166128,hsa-mir-548k,RAB8B,0.73,Negative,miRNA-mRNA interaction,RNA,RNA
ENSG00000265653,ENSG00000145725,hsa-mir-548ak,PPIP5K2,0.96,Negative,miRNA-mRNA interaction,RNA,RNA
ENSG00000221662,ENSG00000171634,hsa-mir-1290,BPTF,0.91,Negative,miRNA-mRNA interaction,RNA,RNA
ENSG00000265653,ENSG00000102189,hsa-mir-548ak,EEA1,0.95,Negative,miRNA-mRNA interaction,RNA,RNA
ENSG00000221333,ENSG00000102189,hsa-mir-548k,EEA1,0.8,Negative,miRNA-mRNA interaction,RNA,RNA
ENSG00000283203,ENSG00000178567,hsa-mir-1246,EPM2AIP1,0.92,Negative,miRNA-mRNA interaction,RNA,RNA
ENSG00000264566,ENSG00000177432,hsa-mir-23c,NAP1L5,0.97,Negative,miRNA-mRNA interaction,RNA,RNA
ENSG00000284388,ENSG00000179583,hsa-mir-4496,CIITA,0.76,Negative,miRNA-mRNA interaction,RNA,RNA
ENSG00000207631,ENSG00000179583,hsa-mir-641,CIITA,0.78,Negative,miRNA-mRNA interaction,RNA,RNA
ENSG00000274713,ENSG00000106261,hsa-mir-7974,ZKSCAN1,0.71,Negative,miRNA-mRNA interaction,RNA,RNA
ENSG00000265653,ENSG00000100614,hsa-mir-548ak,PPM1A,0.86,Negative,miRNA-mRNA interaction,RNA,RNA
ENSG00000284442,ENSG00000180357,hsa-mir-2110,ZNF609,0.97,Negative,miRNA-mRNA interaction,RNA,RNA
ENSG00000221662,ENSG00000121774,hsa-mir-1290,KHDRBS1,0.96,Negative,miRNA-mRNA interaction,RNA,RNA
ENSG00000221662,ENSG00000086475,hsa-mir-1290,SEPHS1,0.95,Negative,miRNA-mRNA interaction,RNA,RNA
ENSG00000202566,ENSG00000086475,hsa-mir-421,SEPHS1,0.84,Negative,miRNA-mRNA interaction,RNA,RNA
ENSG00000221697,ENSG00000166949,hsa-mir-1275,SMAD3,0.73,Negative,miRNA-mRNA interaction,RNA,RNA
ENSG00000284442,ENSG00000185591,hsa-mir-2110,SP1,0.93,Negative,miRNA-mRNA interaction,RNA,RNA
ENSG00000284442,ENSG00000078674,hsa-mir-2110,PCM1,0.82,Negative,miRNA-mRNA interaction,RNA,RNA
ENSG00000284442,ENSG00000182158,hsa-mir-2110,CREB3L2,0.88,Negative,miRNA-mRNA interaction,RNA,RNA
ENSG00000265653,ENSG00000182158,hsa-mir-548ak,CREB3L2,0.76,Negative,miRNA-mRNA interaction,RNA,RNA
ENSG00000221662,ENSG00000185088,hsa-mir-1290,RPS27L,0.74,Negative,miRNA-mRNA interaction,RNA,RNA
ENSG00000221662,ENSG00000177613,hsa-mir-1290,CSTF2T,0.82,Negative,miRNA-mRNA interaction,RNA,RNA
ENSG00000264566,ENSG00000186265,hsa-mir-23c,BTLA,0.78,Negative,miRNA-mRNA interaction,RNA,RNA
ENSG00000265653,ENSG00000011114,hsa-mir-548ak,BTBD7,0.94,Negative,miRNA-mRNA interaction,RNA,RNA
ENSG00000238517,ENSG00000161791,hsa-mir-1270,FMNL3,0.8,Negative,miRNA-mRNA interaction,RNA,RNA
ENSG00000284388,ENSG00000161791,hsa-mir-4496,FMNL3,0.73,Negative,miRNA-mRNA interaction,RNA,RNA
ENSG00000274713,ENSG00000123416,hsa-mir-7974,TUBA1B,0.72,Negative,miRNA-mRNA interaction,RNA,RNA
ENSG00000221662,ENSG00000147649,hsa-mir-1290,MTDH,0.94,Negative,miRNA-mRNA interaction,RNA,RNA
ENSG00000221662,ENSG00000182923,hsa-mir-1290,CEP63,0.73,Negative,miRNA-mRNA interaction,RNA,RNA
ENSG00000265653,ENSG00000083312,hsa-mir-548ak,TNPO1,0.86,Negative,miRNA-mRNA interaction,RNA,RNA
ENSG00000284388,ENSG00000017427,hsa-mir-4496,IGF1,0.8,Negative,miRNA-mRNA interaction,RNA,RNA
ENSG00000221662,ENSG00000065548,hsa-mir-1290,ZC3H15,0.93,Negative,miRNA-mRNA interaction,RNA,RNA
ENSG00000264566,ENSG00000111897,hsa-mir-23c,SERINC1,0.8,Negative,miRNA-mRNA interaction,RNA,RNA
ENSG00000264032,ENSG00000145868,hsa-mir-4491,FBXO38,0.83,Negative,miRNA-mRNA interaction,RNA,RNA
ENSG00000264371,ENSG00000120253,hsa-mir-4425,NUP43,0.97,Negative,miRNA-mRNA interaction,RNA,RNA
ENSG00000202566,ENSG00000188647,hsa-mir-421,PTAR1,0.8,Negative,miRNA-mRNA interaction,RNA,RNA
ENSG00000264566,ENSG00000188647,hsa-mir-23c,PTAR1,0.87,Negative,miRNA-mRNA interaction,RNA,RNA
ENSG00000264566,ENSG00000113328,hsa-mir-23c,CCNG1,0.84,Negative,miRNA-mRNA interaction,RNA,RNA
ENSG00000202566,ENSG00000119616,hsa-mir-421,FCF1,0.79,Negative,miRNA-mRNA interaction,RNA,RNA
ENSG00000265653,ENSG00000185658,hsa-mir-548ak,BRWD1,1,Negative,miRNA-mRNA interaction,RNA,RNA
ENSG00000202566,ENSG00000156504,hsa-mir-421,FAM122B,0.9,Negative,miRNA-mRNA interaction,RNA,RNA
ENSG00000238517,ENSG00000113580,hsa-mir-1270,NR3C1,0.9,Negative,miRNA-mRNA interaction,RNA,RNA
ENSG00000207631,ENSG00000038382,hsa-mir-641,TRIO,0.76,Negative,miRNA-mRNA interaction,RNA,RNA
ENSG00000238517,ENSG00000139793,hsa-mir-1270,MBNL2,0.96,Negative,miRNA-mRNA interaction,RNA,RNA
ENSG00000264566,ENSG00000151292,hsa-mir-23c,CSNK1G3,0.96,Negative,miRNA-mRNA interaction,RNA,RNA
ENSG00000221662,ENSG00000172175,hsa-mir-1290,MALT1,0.8,Negative,miRNA-mRNA interaction,RNA,RNA
ENSG00000238517,ENSG00000102908,hsa-mir-1270,NFAT5,0.87,Negative,miRNA-mRNA interaction,RNA,RNA
ENSG00000283203,ENSG00000128573,hsa-mir-1246,FOXP2,0.83,Negative,miRNA-mRNA interaction,RNA,RNA
ENSG00000221662,ENSG00000156642,hsa-mir-1290,NPTN,0.73,Negative,miRNA-mRNA interaction,RNA,RNA
ENSG00000264566,ENSG00000120685,hsa-mir-23c,PROSER1,0.83,Negative,miRNA-mRNA interaction,RNA,RNA
ENSG00000284388,ENSG00000113558,hsa-mir-4496,SKP1,0.83,Negative,miRNA-mRNA interaction,RNA,RNA
ENSG00000264032,ENSG00000068305,hsa-mir-4491,MEF2A,0.71,Negative,miRNA-mRNA interaction,RNA,RNA
ENSG00000221662,ENSG00000197121,hsa-mir-1290,PGAP1,0.74,Negative,miRNA-mRNA interaction,RNA,RNA
ENSG00000221697,ENSG00000156860,hsa-mir-1275,FBRS,0.98,Negative,miRNA-mRNA interaction,RNA,RNA
ENSG00000284442,ENSG00000122986,hsa-mir-2110,HVCN1,0.78,Negative,miRNA-mRNA interaction,RNA,RNA
ENSG00000265653,ENSG00000196236,hsa-mir-548ak,XPNPEP3,0.97,Negative,miRNA-mRNA interaction,RNA,RNA
ENSG00000221662,ENSG00000181722,hsa-mir-1290,ZBTB20,0.83,Negative,miRNA-mRNA interaction,RNA,RNA
ENSG00000238517,ENSG00000181722,hsa-mir-1270,ZBTB20,0.91,Negative,miRNA-mRNA interaction,RNA,RNA
ENSG00000284442,ENSG00000181722,hsa-mir-2110,ZBTB20,0.93,Negative,miRNA-mRNA interaction,RNA,RNA
ENSG00000265653,ENSG00000181722,hsa-mir-548ak,ZBTB20,1,Negative,miRNA-mRNA interaction,RNA,RNA
ENSG00000284388,ENSG00000181722,hsa-mir-4496,ZBTB20,1,Negative,miRNA-mRNA interaction,RNA,RNA
ENSG00000221333,ENSG00000181722,hsa-mir-548k,ZBTB20,1,Negative,miRNA-mRNA interaction,RNA,RNA
ENSG00000221697,ENSG00000197852,hsa-mir-1275,INKA2,0.92,Negative,miRNA-mRNA interaction,RNA,RNA
ENSG00000265653,ENSG00000164327,hsa-mir-548ak,RICTOR,0.92,Negative,miRNA-mRNA interaction,RNA,RNA
ENSG00000265653,ENSG00000158711,hsa-mir-548ak,ELK4,0.8,Negative,miRNA-mRNA interaction,RNA,RNA
ENSG00000221697,ENSG00000128891,hsa-mir-1275,CCDC32,0.73,Negative,miRNA-mRNA interaction,RNA,RNA
ENSG00000265653,ENSG00000196712,hsa-mir-548ak,NF1,0.73,Negative,miRNA-mRNA interaction,RNA,RNA
ENSG00000284442,ENSG00000132466,hsa-mir-2110,ANKRD17,0.96,Negative,miRNA-mRNA interaction,RNA,RNA
ENSG00000238517,ENSG00000198265,hsa-mir-1270,HELZ,0.73,Negative,miRNA-mRNA interaction,RNA,RNA
ENSG00000264566,ENSG00000196371,hsa-mir-23c,FUT4,0.89,Negative,miRNA-mRNA interaction,RNA,RNA
ENSG00000265653,ENSG00000163848,hsa-mir-548ak,ZNF148,1,Negative,miRNA-mRNA interaction,RNA,RNA
ENSG00000221662,ENSG00000163848,hsa-mir-1290,ZNF148,0.75,Negative,miRNA-mRNA interaction,RNA,RNA
ENSG00000221333,ENSG00000163848,hsa-mir-548k,ZNF148,0.93,Negative,miRNA-mRNA interaction,RNA,RNA
ENSG00000265653,ENSG00000100804,hsa-mir-548ak,PSMB5,0.74,Negative,miRNA-mRNA interaction,RNA,RNA
ENSG00000221333,ENSG00000112531,hsa-mir-548k,QKI,0.97,Negative,miRNA-mRNA interaction,RNA,RNA
ENSG00000265653,ENSG00000112531,hsa-mir-548ak,QKI,0.8,Negative,miRNA-mRNA interaction,RNA,RNA
ENSG00000284442,ENSG00000198740,hsa-mir-2110,ZNF652,0.81,Negative,miRNA-mRNA interaction,RNA,RNA
ENSG00000264566,ENSG00000198740,hsa-mir-23c,ZNF652,0.85,Negative,miRNA-mRNA interaction,RNA,RNA
ENSG00000221333,ENSG00000182827,hsa-mir-548k,ACBD3,0.73,Negative,miRNA-mRNA interaction,RNA,RNA
ENSG00000264371,ENSG00000112029,hsa-mir-4425,FBXO5,0.75,Negative,miRNA-mRNA interaction,RNA,RNA
ENSG00000264566,ENSG00000117139,hsa-mir-23c,KDM5B,0.72,Negative,miRNA-mRNA interaction,RNA,RNA
ENSG00000284442,ENSG00000117139,hsa-mir-2110,KDM5B,0.74,Negative,miRNA-mRNA interaction,RNA,RNA
ENSG00000221333,ENSG00000177888,hsa-mir-548k,ZBTB41,0.91,Negative,miRNA-mRNA interaction,RNA,RNA
ENSG00000221333,ENSG00000164506,hsa-mir-548k,STXBP5,0.98,Negative,miRNA-mRNA interaction,RNA,RNA
ENSG00000264032,ENSG00000116679,hsa-mir-4491,IVNS1ABP,0.86,Negative,miRNA-mRNA interaction,RNA,RNA
ENSG00000265653,ENSG00000010818,hsa-mir-548ak,HIVEP2,0.96,Negative,miRNA-mRNA interaction,RNA,RNA
ENSG00000221662,ENSG00000185278,hsa-mir-1290,ZBTB37,0.9,Negative,miRNA-mRNA interaction,RNA,RNA
ENSG00000207631,ENSG00000143190,hsa-mir-641,POU2F1,0.9,Negative,miRNA-mRNA interaction,RNA,RNA
ENSG00000265653,ENSG00000143190,hsa-mir-548ak,POU2F1,0.92,Negative,miRNA-mRNA interaction,RNA,RNA
ENSG00000266192,ENSG00000117036,hsa-mir-1260b,ETV3,0.93,Negative,miRNA-mRNA interaction,RNA,RNA
ENSG00000264926,ENSG00000143622,hsa-mir-378f,RIT1,0.71,Negative,miRNA-mRNA interaction,RNA,RNA
ENSG00000221662,ENSG00000154473,hsa-mir-1290,BUB3,0.82,Negative,miRNA-mRNA interaction,RNA,RNA
ENSG00000284388,ENSG00000154473,hsa-mir-4496,BUB3,0.91,Negative,miRNA-mRNA interaction,RNA,RNA
ENSG00000221662,ENSG00000136631,hsa-mir-1290,VPS45,1,Negative,miRNA-mRNA interaction,RNA,RNA
ENSG00000265653,ENSG00000107581,hsa-mir-548ak,EIF3A,0.82,Negative,miRNA-mRNA interaction,RNA,RNA
ENSG00000265653,ENSG00000112234,hsa-mir-548ak,FBXL4,0.86,Negative,miRNA-mRNA interaction,RNA,RNA
ENSG00000265653,ENSG00000108061,hsa-mir-548ak,SHOC2,0.84,Negative,miRNA-mRNA interaction,RNA,RNA
ENSG00000284442,ENSG00000108061,hsa-mir-2110,SHOC2,0.9,Negative,miRNA-mRNA interaction,RNA,RNA
ENSG00000264566,ENSG00000138166,hsa-mir-23c,DUSP5,0.89,Negative,miRNA-mRNA interaction,RNA,RNA
ENSG00000284442,ENSG00000065615,hsa-mir-2110,CYB5R4,0.85,Negative,miRNA-mRNA interaction,RNA,RNA
ENSG00000264566,ENSG00000143093,hsa-mir-23c,STRIP1,0.73,Negative,miRNA-mRNA interaction,RNA,RNA
ENSG00000221662,ENSG00000065135,hsa-mir-1290,GNAI3,0.72,Negative,miRNA-mRNA interaction,RNA,RNA
ENSG00000265653,ENSG00000117505,hsa-mir-548ak,DR1,0.82,Negative,miRNA-mRNA interaction,RNA,RNA
ENSG00000284442,ENSG00000143033,hsa-mir-2110,MTF2,0.98,Negative,miRNA-mRNA interaction,RNA,RNA
ENSG00000264566,ENSG00000112200,hsa-mir-23c,ZNF451,0.8,Negative,miRNA-mRNA interaction,RNA,RNA
ENSG00000265653,ENSG00000162616,hsa-mir-548ak,DNAJB4,0.95,Negative,miRNA-mRNA interaction,RNA,RNA
ENSG00000283203,ENSG00000123728,hsa-mir-1246,RAP2C,0.72,Negative,miRNA-mRNA interaction,RNA,RNA
ENSG00000221662,ENSG00000123728,hsa-mir-1290,RAP2C,0.71,Negative,miRNA-mRNA interaction,RNA,RNA
ENSG00000264371,ENSG00000079739,hsa-mir-4425,PGM1,0.75,Negative,miRNA-mRNA interaction,RNA,RNA
ENSG00000221333,ENSG00000077147,hsa-mir-548k,TM9SF3,0.98,Negative,miRNA-mRNA interaction,RNA,RNA
ENSG00000284388,ENSG00000077147,hsa-mir-4496,TM9SF3,0.85,Negative,miRNA-mRNA interaction,RNA,RNA
ENSG00000284442,ENSG00000141867,hsa-mir-2110,BRD4,0.71,Negative,miRNA-mRNA interaction,RNA,RNA
ENSG00000264371,ENSG00000124214,hsa-mir-4425,STAU1,1,Negative,miRNA-mRNA interaction,RNA,RNA
ENSG00000221662,ENSG00000159658,hsa-mir-1290,EFCAB14,0.88,Negative,miRNA-mRNA interaction,RNA,RNA
ENSG00000265653,ENSG00000156671,hsa-mir-548ak,SAMD8,0.76,Negative,miRNA-mRNA interaction,RNA,RNA
ENSG00000264371,ENSG00000183431,hsa-mir-4425,SF3A3,0.78,Negative,miRNA-mRNA interaction,RNA,RNA
ENSG00000264566,ENSG00000188786,hsa-mir-23c,MTF1,0.96,Negative,miRNA-mRNA interaction,RNA,RNA
ENSG00000265653,ENSG00000092847,hsa-mir-548ak,AGO1,0.95,Negative,miRNA-mRNA interaction,RNA,RNA
ENSG00000221662,ENSG00000085224,hsa-mir-1290,ATRX,0.84,Negative,miRNA-mRNA interaction,RNA,RNA
ENSG00000263762,ENSG00000134684,hsa-mir-4286,YARS,0.81,Negative,miRNA-mRNA interaction,RNA,RNA
ENSG00000238517,ENSG00000171448,hsa-mir-1270,ZBTB26,0.76,Negative,miRNA-mRNA interaction,RNA,RNA
ENSG00000283203,ENSG00000080839,hsa-mir-1246,RBL1,0.8,Negative,miRNA-mRNA interaction,RNA,RNA
ENSG00000284388,ENSG00000131043,hsa-mir-4496,AAR2,0.79,Negative,miRNA-mRNA interaction,RNA,RNA
ENSG00000264032,ENSG00000244462,hsa-mir-4491,RBM12,0.76,Negative,miRNA-mRNA interaction,RNA,RNA
ENSG00000264566,ENSG00000106771,hsa-mir-23c,TMEM245,0.78,Negative,miRNA-mRNA interaction,RNA,RNA
ENSG00000221662,ENSG00000168283,hsa-mir-1290,BMI1,0.99,Negative,miRNA-mRNA interaction,RNA,RNA
ENSG00000238517,ENSG00000083520,hsa-mir-1270,DIS3,0.77,Negative,miRNA-mRNA interaction,RNA,RNA
ENSG00000264371,ENSG00000083520,hsa-mir-4425,DIS3,0.71,Negative,miRNA-mRNA interaction,RNA,RNA
ENSG00000283203,ENSG00000107614,hsa-mir-1246,TRDMT1,0.83,Negative,miRNA-mRNA interaction,RNA,RNA
ENSG00000266305,ENSG00000070610,hsa-mir-4518,GBA2,0.88,Negative,miRNA-mRNA interaction,RNA,RNA
ENSG00000264566,ENSG00000112308,hsa-mir-23c,C6orf62,0.78,Negative,miRNA-mRNA interaction,RNA,RNA
ENSG00000264371,ENSG00000198944,hsa-mir-4425,SOWAHA,0.71,Negative,miRNA-mRNA interaction,RNA,RNA
ENSG00000264371,ENSG00000182149,hsa-mir-4425,IST1,0.83,Negative,miRNA-mRNA interaction,RNA,RNA
ENSG00000284388,ENSG00000173681,hsa-mir-4496,BCLAF3,0.78,Negative,miRNA-mRNA interaction,RNA,RNA
ENSG00000221697,ENSG00000166233,hsa-mir-1275,ARIH1,0.97,Negative,miRNA-mRNA interaction,RNA,RNA
ENSG00000207631,ENSG00000170542,hsa-mir-641,SERPINB9,0.77,Negative,miRNA-mRNA interaction,RNA,RNA
ENSG00000265653,ENSG00000104064,hsa-mir-548ak,GABPB1,0.97,Negative,miRNA-mRNA interaction,RNA,RNA
ENSG00000265653,ENSG00000155545,hsa-mir-548ak,MIER3,0.9,Negative,miRNA-mRNA interaction,RNA,RNA
ENSG00000221333,ENSG00000080298,hsa-mir-548k,RFX3,0.97,Negative,miRNA-mRNA interaction,RNA,RNA
ENSG00000264032,ENSG00000150457,hsa-mir-4491,LATS2,0.88,Negative,miRNA-mRNA interaction,RNA,RNA
ENSG00000264566,ENSG00000198431,hsa-mir-23c,TXNRD1,0.93,Negative,miRNA-mRNA interaction,RNA,RNA
ENSG00000264566,ENSG00000211455,hsa-mir-23c,STK38L,0.74,Negative,miRNA-mRNA interaction,RNA,RNA
ENSG00000221662,ENSG00000172795,hsa-mir-1290,DCP2,0.82,Negative,miRNA-mRNA interaction,RNA,RNA
ENSG00000221697,ENSG00000028277,hsa-mir-1275,POU2F2,0.84,Negative,miRNA-mRNA interaction,RNA,RNA
ENSG00000284442,ENSG00000143669,hsa-mir-2110,LYST,0.77,Negative,miRNA-mRNA interaction,RNA,RNA
ENSG00000284388,ENSG00000015133,hsa-mir-4496,CCDC88C,0.98,Negative,miRNA-mRNA interaction,RNA,RNA
ENSG00000265653,ENSG00000077157,hsa-mir-548ak,PPP1R12B,0.71,Negative,miRNA-mRNA interaction,RNA,RNA
ENSG00000264371,ENSG00000072274,hsa-mir-4425,TFRC,0.75,Negative,miRNA-mRNA interaction,RNA,RNA
ENSG00000284388,ENSG00000116539,hsa-mir-4496,ASH1L,0.95,Negative,miRNA-mRNA interaction,RNA,RNA
ENSG00000266192,ENSG00000134954,hsa-mir-1260b,ETS1,0.9,Negative,miRNA-mRNA interaction,RNA,RNA
ENSG00000265653,ENSG00000123636,hsa-mir-548ak,BAZ2B,0.78,Negative,miRNA-mRNA interaction,RNA,RNA
ENSG00000284442,ENSG00000151532,hsa-mir-2110,VTI1A,0.79,Negative,miRNA-mRNA interaction,RNA,RNA
ENSG00000221662,ENSG00000073921,hsa-mir-1290,PICALM,0.95,Negative,miRNA-mRNA interaction,RNA,RNA
ENSG00000284388,ENSG00000113300,hsa-mir-4496,CNOT6,0.8,Negative,miRNA-mRNA interaction,RNA,RNA
ENSG00000221662,ENSG00000135966,hsa-mir-1290,TGFBRAP1,0.75,Negative,miRNA-mRNA interaction,RNA,RNA
ENSG00000284388,ENSG00000061987,hsa-mir-4496,MON2,0.79,Negative,miRNA-mRNA interaction,RNA,RNA
ENSG00000284388,ENSG00000204287,hsa-mir-4496,HLA-DRA,0.95,Negative,miRNA-mRNA interaction,RNA,RNA
ENSG00000264566,ENSG00000196247,hsa-mir-23c,ZNF107,0.97,Negative,miRNA-mRNA interaction,RNA,RNA
ENSG00000221333,ENSG00000168175,hsa-mir-548k,MAPK1IP1L,0.72,Negative,miRNA-mRNA interaction,RNA,RNA
ENSG00000264032,ENSG00000151239,hsa-mir-4491,TWF1,0.73,Negative,miRNA-mRNA interaction,RNA,RNA
ENSG00000264371,ENSG00000100523,hsa-mir-4425,DDHD1,0.86,Negative,miRNA-mRNA interaction,RNA,RNA
ENSG00000265653,ENSG00000104447,hsa-mir-548ak,TRPS1,0.89,Negative,miRNA-mRNA interaction,RNA,RNA
ENSG00000263932,ENSG00000090905,hsa-mir-4448,TNRC6A,0.83,Negative,miRNA-mRNA interaction,RNA,RNA
ENSG00000238517,ENSG00000152409,hsa-mir-1270,JMY,0.94,Negative,miRNA-mRNA interaction,RNA,RNA
ENSG00000265653,ENSG00000165322,hsa-mir-548ak,ARHGAP12,0.83,Negative,miRNA-mRNA interaction,RNA,RNA
ENSG00000264566,ENSG00000179889,hsa-mir-23c,PDXDC1,0.82,Negative,miRNA-mRNA interaction,RNA,RNA
ENSG00000265653,ENSG00000164749,hsa-mir-548ak,HNF4G,0.92,Negative,miRNA-mRNA interaction,RNA,RNA
ENSG00000265653,ENSG00000085788,hsa-mir-548ak,DDHD2,0.83,Negative,miRNA-mRNA interaction,RNA,RNA
ENSG00000284442,ENSG00000147421,hsa-mir-2110,HMBOX1,0.87,Negative,miRNA-mRNA interaction,RNA,RNA
ENSG00000207631,ENSG00000170677,hsa-mir-641,SOCS6,0.72,Negative,miRNA-mRNA interaction,RNA,RNA
ENSG00000221333,ENSG00000171791,hsa-mir-548k,BCL2,0.83,Negative,miRNA-mRNA interaction,RNA,RNA
ENSG00000264566,ENSG00000171791,hsa-mir-23c,BCL2,0.73,Negative,miRNA-mRNA interaction,RNA,RNA
ENSG00000284442,ENSG00000111371,hsa-mir-2110,SLC38A1,0.99,Negative,miRNA-mRNA interaction,RNA,RNA
ENSG00000265653,ENSG00000156273,hsa-mir-548ak,BACH1,0.92,Negative,miRNA-mRNA interaction,RNA,RNA
ENSG00000264371,ENSG00000072518,hsa-mir-4425,MARK2,0.89,Negative,miRNA-mRNA interaction,RNA,RNA
ENSG00000202566,ENSG00000091513,hsa-mir-421,TF,0.8,Negative,miRNA-mRNA interaction,RNA,RNA
ENSG00000284442,ENSG00000114933,hsa-mir-2110,INO80D,0.93,Negative,miRNA-mRNA interaction,RNA,RNA
ENSG00000284388,ENSG00000084676,hsa-mir-4496,NCOA1,0.87,Negative,miRNA-mRNA interaction,RNA,RNA
ENSG00000264371,ENSG00000057935,hsa-mir-4425,MTA3,0.72,Negative,miRNA-mRNA interaction,RNA,RNA
ENSG00000264371,ENSG00000176624,hsa-mir-4425,MEX3C,0.95,Negative,miRNA-mRNA interaction,RNA,RNA
ENSG00000284388,ENSG00000083168,hsa-mir-4496,KAT6A,0.78,Negative,miRNA-mRNA interaction,RNA,RNA
ENSG00000284442,ENSG00000083168,hsa-mir-2110,KAT6A,0.74,Negative,miRNA-mRNA interaction,RNA,RNA
ENSG00000284388,ENSG00000064393,hsa-mir-4496,HIPK2,0.72,Negative,miRNA-mRNA interaction,RNA,RNA
ENSG00000221333,ENSG00000064393,hsa-mir-548k,HIPK2,0.83,Negative,miRNA-mRNA interaction,RNA,RNA
ENSG00000221333,ENSG00000066044,hsa-mir-548k,ELAVL1,0.83,Negative,miRNA-mRNA interaction,RNA,RNA
ENSG00000266192,ENSG00000177570,hsa-mir-1260b,SAMD12,0.87,Negative,miRNA-mRNA interaction,RNA,RNA
ENSG00000221754,ENSG00000177570,hsa-mir-1260a,SAMD12,0.85,Negative,miRNA-mRNA interaction,RNA,RNA
ENSG00000284388,ENSG00000115977,hsa-mir-4496,AAK1,0.9,Negative,miRNA-mRNA interaction,RNA,RNA
ENSG00000265653,ENSG00000136536,hsa-mir-548ak,MARCH7,0.93,Negative,miRNA-mRNA interaction,RNA,RNA
ENSG00000238517,ENSG00000187605,hsa-mir-1270,TET3,0.95,Negative,miRNA-mRNA interaction,RNA,RNA
ENSG00000264566,ENSG00000187605,hsa-mir-23c,TET3,0.81,Negative,miRNA-mRNA interaction,RNA,RNA
ENSG00000221662,ENSG00000135905,hsa-mir-1290,DOCK10,0.92,Negative,miRNA-mRNA interaction,RNA,RNA
ENSG00000264032,ENSG00000169967,hsa-mir-4491,MAP3K2,0.74,Negative,miRNA-mRNA interaction,RNA,RNA
ENSG00000264566,ENSG00000169967,hsa-mir-23c,MAP3K2,0.72,Negative,miRNA-mRNA interaction,RNA,RNA
ENSG00000264032,ENSG00000075420,hsa-mir-4491,FNDC3B,0.79,Negative,miRNA-mRNA interaction,RNA,RNA
ENSG00000207631,ENSG00000155744,hsa-mir-641,FAM126B,0.85,Negative,miRNA-mRNA interaction,RNA,RNA
ENSG00000264032,ENSG00000155744,hsa-mir-4491,FAM126B,0.85,Negative,miRNA-mRNA interaction,RNA,RNA
ENSG00000221333,ENSG00000082269,hsa-mir-548k,FAM135A,0.97,Negative,miRNA-mRNA interaction,RNA,RNA
ENSG00000265653,ENSG00000146776,hsa-mir-548ak,ATXN7L1,0.94,Negative,miRNA-mRNA interaction,RNA,RNA
ENSG00000284388,ENSG00000187189,hsa-mir-4496,TSPYL4,0.92,Negative,miRNA-mRNA interaction,RNA,RNA
ENSG00000266305,ENSG00000196233,hsa-mir-4518,LCOR,0.79,Negative,miRNA-mRNA interaction,RNA,RNA
ENSG00000284388,ENSG00000196233,hsa-mir-4496,LCOR,0.81,Negative,miRNA-mRNA interaction,RNA,RNA
ENSG00000264566,ENSG00000184588,hsa-mir-23c,PDE4B,1,Negative,miRNA-mRNA interaction,RNA,RNA
ENSG00000202566,ENSG00000171316,hsa-mir-421,CHD7,0.87,Negative,miRNA-mRNA interaction,RNA,RNA
ENSG00000221697,ENSG00000163812,hsa-mir-1275,ZDHHC3,0.81,Negative,miRNA-mRNA interaction,RNA,RNA
ENSG00000284442,ENSG00000083799,hsa-mir-2110,CYLD,0.75,Negative,miRNA-mRNA interaction,RNA,RNA
ENSG00000264566,ENSG00000083799,hsa-mir-23c,CYLD,0.71,Negative,miRNA-mRNA interaction,RNA,RNA
ENSG00000283203,ENSG00000070961,hsa-mir-1246,ATP2B1,0.75,Negative,miRNA-mRNA interaction,RNA,RNA
ENSG00000264371,ENSG00000102524,hsa-mir-4425,TNFSF13B,0.85,Negative,miRNA-mRNA interaction,RNA,RNA
ENSG00000264032,ENSG00000116747,hsa-mir-4491,RO60,0.71,Negative,miRNA-mRNA interaction,RNA,RNA
ENSG00000284388,ENSG00000111605,hsa-mir-4496,CPSF6,0.75,Negative,miRNA-mRNA interaction,RNA,RNA
ENSG00000238517,ENSG00000154310,hsa-mir-1270,TNIK,0.96,Negative,miRNA-mRNA interaction,RNA,RNA
ENSG00000264032,ENSG00000154144,hsa-mir-4491,TBRG1,0.74,Negative,miRNA-mRNA interaction,RNA,RNA
ENSG00000264371,ENSG00000138035,hsa-mir-4425,PNPT1,0.94,Negative,miRNA-mRNA interaction,RNA,RNA
ENSG00000265653,ENSG00000163029,hsa-mir-548ak,SMC6,0.85,Negative,miRNA-mRNA interaction,RNA,RNA
ENSG00000265653,ENSG00000164938,hsa-mir-548ak,TP53INP1,0.95,Negative,miRNA-mRNA interaction,RNA,RNA
ENSG00000265653,ENSG00000087470,hsa-mir-548ak,DNM1L,0.92,Negative,miRNA-mRNA interaction,RNA,RNA
ENSG00000264566,ENSG00000149289,hsa-mir-23c,ZC3H12C,0.95,Negative,miRNA-mRNA interaction,RNA,RNA
ENSG00000221662,ENSG00000160352,hsa-mir-1290,ZNF714,1,Negative,miRNA-mRNA interaction,RNA,RNA
ENSG00000265653,ENSG00000145715,hsa-mir-548ak,RASA1,0.89,Negative,miRNA-mRNA interaction,RNA,RNA
ENSG00000221697,ENSG00000102225,hsa-mir-1275,CDK16,0.86,Negative,miRNA-mRNA interaction,RNA,RNA
ENSG00000265653,ENSG00000119314,hsa-mir-548ak,PTBP3,0.95,Negative,miRNA-mRNA interaction,RNA,RNA
ENSG00000264566,ENSG00000119314,hsa-mir-23c,PTBP3,0.74,Negative,miRNA-mRNA interaction,RNA,RNA
ENSG00000266192,ENSG00000123595,hsa-mir-1260b,RAB9A,0.75,Negative,miRNA-mRNA interaction,RNA,RNA
ENSG00000221333,ENSG00000157741,hsa-mir-548k,UBN2,0.74,Negative,miRNA-mRNA interaction,RNA,RNA
ENSG00000264032,ENSG00000163602,hsa-mir-4491,RYBP,0.78,Negative,miRNA-mRNA interaction,RNA,RNA
ENSG00000266305,ENSG00000183826,hsa-mir-4518,BTBD9,0.88,Negative,miRNA-mRNA interaction,RNA,RNA
ENSG00000284388,ENSG00000152332,hsa-mir-4496,UHMK1,0.9,Negative,miRNA-mRNA interaction,RNA,RNA
ENSG00000221697,ENSG00000078699,hsa-mir-1275,CBFA2T2,0.87,Negative,miRNA-mRNA interaction,RNA,RNA
ENSG00000284388,ENSG00000123575,hsa-mir-4496,FAM199X,0.74,Negative,miRNA-mRNA interaction,RNA,RNA
ENSG00000265653,ENSG00000164086,hsa-mir-548ak,DUSP7,0.8,Negative,miRNA-mRNA interaction,RNA,RNA
ENSG00000265653,ENSG00000120705,hsa-mir-548ak,ETF1,0.98,Negative,miRNA-mRNA interaction,RNA,RNA
ENSG00000284388,ENSG00000247315,hsa-mir-4496,ZCCHC3,0.74,Negative,miRNA-mRNA interaction,RNA,RNA
ENSG00000264032,ENSG00000143322,hsa-mir-4491,ABL2,0.72,Negative,miRNA-mRNA interaction,RNA,RNA
ENSG00000284388,ENSG00000129128,hsa-mir-4496,SPCS3,0.76,Negative,miRNA-mRNA interaction,RNA,RNA
ENSG00000238517,ENSG00000134987,hsa-mir-1270,WDR36,0.96,Negative,miRNA-mRNA interaction,RNA,RNA
ENSG00000284388,ENSG00000134852,hsa-mir-4496,CLOCK,0.93,Negative,miRNA-mRNA interaction,RNA,RNA
ENSG00000221662,ENSG00000253719,hsa-mir-1290,ATXN7L3B,0.86,Negative,miRNA-mRNA interaction,RNA,RNA
ENSG00000264032,ENSG00000067167,hsa-mir-4491,TRAM1,0.71,Negative,miRNA-mRNA interaction,RNA,RNA
ENSG00000221662,ENSG00000197892,hsa-mir-1290,KIF13B,0.99,Negative,miRNA-mRNA interaction,RNA,RNA
ENSG00000221697,ENSG00000196535,hsa-mir-1275,MYO18A,0.84,Negative,miRNA-mRNA interaction,RNA,RNA
ENSG00000265653,ENSG00000196535,hsa-mir-548ak,MYO18A,0.77,Negative,miRNA-mRNA interaction,RNA,RNA
ENSG00000202566,ENSG00000137504,hsa-mir-421,CREBZF,0.76,Negative,miRNA-mRNA interaction,RNA,RNA
ENSG00000221662,ENSG00000182919,hsa-mir-1290,C11orf54,0.94,Negative,miRNA-mRNA interaction,RNA,RNA
ENSG00000284442,ENSG00000166340,hsa-mir-2110,TPP1,0.91,Negative,miRNA-mRNA interaction,RNA,RNA
ENSG00000284388,ENSG00000118058,hsa-mir-4496,KMT2A,0.87,Negative,miRNA-mRNA interaction,RNA,RNA
ENSG00000266305,ENSG00000118058,hsa-mir-4518,KMT2A,0.84,Negative,miRNA-mRNA interaction,RNA,RNA
ENSG00000265483,ENSG00000147140,hsa-mir-4443,NONO,0.73,Negative,miRNA-mRNA interaction,RNA,RNA
ENSG00000221333,ENSG00000100934,hsa-mir-548k,SEC23A,0.84,Negative,miRNA-mRNA interaction,RNA,RNA
ENSG00000221662,ENSG00000076770,hsa-mir-1290,MBNL3,0.81,Negative,miRNA-mRNA interaction,RNA,RNA
ENSG00000265653,ENSG00000076770,hsa-mir-548ak,MBNL3,0.76,Negative,miRNA-mRNA interaction,RNA,RNA
ENSG00000221333,ENSG00000182389,hsa-mir-548k,CACNB4,0.82,Negative,miRNA-mRNA interaction,RNA,RNA
ENSG00000221697,ENSG00000039523,hsa-mir-1275,RIPOR1,0.8,Negative,miRNA-mRNA interaction,RNA,RNA
ENSG00000265653,ENSG00000104432,hsa-mir-548ak,IL7,0.73,Negative,miRNA-mRNA interaction,RNA,RNA
ENSG00000265653,ENSG00000131023,hsa-mir-548ak,LATS1,0.94,Negative,miRNA-mRNA interaction,RNA,RNA
ENSG00000264032,ENSG00000132341,hsa-mir-4491,RAN,0.74,Negative,miRNA-mRNA interaction,RNA,RNA
ENSG00000265653,ENSG00000113658,hsa-mir-548ak,SMAD5,0.96,Negative,miRNA-mRNA interaction,RNA,RNA
ENSG00000207631,ENSG00000135486,hsa-mir-641,HNRNPA1,0.86,Negative,miRNA-mRNA interaction,RNA,RNA
ENSG00000264371,ENSG00000118596,hsa-mir-4425,SLC16A7,0.79,Negative,miRNA-mRNA interaction,RNA,RNA
ENSG00000221662,ENSG00000118596,hsa-mir-1290,SLC16A7,0.82,Negative,miRNA-mRNA interaction,RNA,RNA
ENSG00000263762,ENSG00000100796,hsa-mir-4286,PPP4R3A,0.71,Negative,miRNA-mRNA interaction,RNA,RNA
ENSG00000264371,ENSG00000100629,hsa-mir-4425,CEP128,0.98,Negative,miRNA-mRNA interaction,RNA,RNA
ENSG00000284388,ENSG00000181827,hsa-mir-4496,RFX7,0.85,Negative,miRNA-mRNA interaction,RNA,RNA
ENSG00000264371,ENSG00000138593,hsa-mir-4425,SECISBP2L,0.98,Negative,miRNA-mRNA interaction,RNA,RNA
ENSG00000265653,ENSG00000138593,hsa-mir-548ak,SECISBP2L,0.93,Negative,miRNA-mRNA interaction,RNA,RNA
ENSG00000264566,ENSG00000166822,hsa-mir-23c,TMEM170A,0.9,Negative,miRNA-mRNA interaction,RNA,RNA
ENSG00000284442,ENSG00000197943,hsa-mir-2110,PLCG2,0.83,Negative,miRNA-mRNA interaction,RNA,RNA
ENSG00000265653,ENSG00000177200,hsa-mir-548ak,CHD9,0.86,Negative,miRNA-mRNA interaction,RNA,RNA
ENSG00000284442,ENSG00000128989,hsa-mir-2110,ARPP19,0.79,Negative,miRNA-mRNA interaction,RNA,RNA
ENSG00000265653,ENSG00000182676,hsa-mir-548ak,PPP1R27,0.87,Negative,miRNA-mRNA interaction,RNA,RNA
ENSG00000284442,ENSG00000109118,hsa-mir-2110,PHF12,0.75,Negative,miRNA-mRNA interaction,RNA,RNA
ENSG00000238517,ENSG00000173065,hsa-mir-1270,FAM222B,0.86,Negative,miRNA-mRNA interaction,RNA,RNA
ENSG00000264032,ENSG00000173065,hsa-mir-4491,FAM222B,0.78,Negative,miRNA-mRNA interaction,RNA,RNA
ENSG00000263932,ENSG00000108984,hsa-mir-4448,MAP2K6,0.83,Negative,miRNA-mRNA interaction,RNA,RNA
ENSG00000202566,ENSG00000111816,hsa-mir-421,FRK,0.94,Negative,miRNA-mRNA interaction,RNA,RNA
ENSG00000284442,ENSG00000100523,hsa-mir-2110,DDHD1,0.78,Negative,miRNA-mRNA interaction,RNA,RNA
ENSG00000284442,ENSG00000118503,hsa-mir-2110,TNFAIP3,0.74,Negative,miRNA-mRNA interaction,RNA,RNA
ENSG00000264566,ENSG00000213096,hsa-mir-23c,ZNF254,0.94,Negative,miRNA-mRNA interaction,RNA,RNA
ENSG00000264371,ENSG00000153922,hsa-mir-4425,CHD1,1,Negative,miRNA-mRNA interaction,RNA,RNA
ENSG00000284442,ENSG00000146112,hsa-mir-2110,PPP1R18,0.96,Negative,miRNA-mRNA interaction,RNA,RNA
ENSG00000264926,ENSG00000169499,hsa-mir-378f,PLEKHA2,0.77,Negative,miRNA-mRNA interaction,RNA,RNA
ENSG00000264926,ENSG00000177463,hsa-mir-378f,NR2C2,0.73,Negative,miRNA-mRNA interaction,RNA,RNA
ENSG00000266192,ENSG00000177426,hsa-mir-1260b,TGIF1,0.81,Negative,miRNA-mRNA interaction,RNA,RNA
ENSG00000221333,ENSG00000110367,hsa-mir-548k,DDX6,0.76,Negative,miRNA-mRNA interaction,RNA,RNA
ENSG00000283203,ENSG00000131115,hsa-mir-1246,ZNF227,0.8,Negative,miRNA-mRNA interaction,RNA,RNA
ENSG00000284442,ENSG00000158769,hsa-mir-2110,F11R,0.72,Negative,miRNA-mRNA interaction,RNA,RNA
ENSG00000264032,ENSG00000141367,hsa-mir-4491,CLTC,0.73,Negative,miRNA-mRNA interaction,RNA,RNA
ENSG00000284388,ENSG00000125675,hsa-mir-4496,GRIA3,0.75,Negative,miRNA-mRNA interaction,RNA,RNA
ENSG00000284442,ENSG00000111206,hsa-mir-2110,FOXM1,0.77,Negative,miRNA-mRNA interaction,RNA,RNA
ENSG00000207631,ENSG00000178177,hsa-mir-641,LCORL,0.8,Negative,miRNA-mRNA interaction,RNA,RNA
ENSG00000264032,ENSG00000106546,hsa-mir-4491,AHR,0.75,Negative,miRNA-mRNA interaction,RNA,RNA
ENSG00000221662,ENSG00000163554,hsa-mir-1290,SPTA1,0.74,Negative,miRNA-mRNA interaction,RNA,RNA
ENSG00000265653,ENSG00000158321,hsa-mir-548ak,AUTS2,0.8,Negative,miRNA-mRNA interaction,RNA,RNA
ENSG00000221333,ENSG00000158321,hsa-mir-548k,AUTS2,0.71,Negative,miRNA-mRNA interaction,RNA,RNA
ENSG00000284388,ENSG00000177189,hsa-mir-4496,RPS6KA3,0.77,Negative,miRNA-mRNA interaction,RNA,RNA
ENSG00000265653,ENSG00000177189,hsa-mir-548ak,RPS6KA3,0.76,Negative,miRNA-mRNA interaction,RNA,RNA
ENSG00000264371,ENSG00000157540,hsa-mir-4425,DYRK1A,0.88,Negative,miRNA-mRNA interaction,RNA,RNA
ENSG00000264371,ENSG00000101849,hsa-mir-4425,TBL1X,0.92,Negative,miRNA-mRNA interaction,RNA,RNA
ENSG00000284442,ENSG00000267534,hsa-mir-2110,S1PR2,0.9,Negative,miRNA-mRNA interaction,RNA,RNA
ENSG00000265653,ENSG00000104343,hsa-mir-548ak,UBE2W,0.97,Negative,miRNA-mRNA interaction,RNA,RNA
ENSG00000275377,ENSG00000006125,hsa-mir-1299,AP2B1,0.81,Negative,miRNA-mRNA interaction,RNA,RNA
ENSG00000275377,ENSG00000017797,hsa-mir-1299,RALBP1,0.73,Negative,miRNA-mRNA interaction,RNA,RNA
ENSG00000275377,ENSG00000183864,hsa-mir-1299,TOB2,0.94,Negative,miRNA-mRNA interaction,RNA,RNA
ENSG00000221227,ENSG00000144366,hsa-mir-1305,GULP1,0.97,Negative,miRNA-mRNA interaction,RNA,RNA
ENSG00000221227,ENSG00000171451,hsa-mir-1305,DSEL,0.85,Negative,miRNA-mRNA interaction,RNA,RNA
ENSG00000264926,ENSG00000100387,hsa-mir-378f,RBX1,0.78,Negative,miRNA-mRNA interaction,RNA,RNA
ENSG00000202566,ENSG00000075415,hsa-mir-421,SLC25A3,0.95,Negative,miRNA-mRNA interaction,RNA,RNA
ENSG00000202566,ENSG00000113712,hsa-mir-421,CSNK1A1,0.76,Negative,miRNA-mRNA interaction,RNA,RNA
ENSG00000202566,ENSG00000135486,hsa-mir-421,HNRNPA1,0.8,Negative,miRNA-mRNA interaction,RNA,RNA
ENSG00000266704,ENSG00000025800,hsa-mir-4498,KPNA6,0.79,Negative,miRNA-mRNA interaction,RNA,RNA
ENSG00000263945,ENSG00000011523,hsa-mir-548y,CEP68,0.76,Negative,miRNA-mRNA interaction,RNA,RNA
ENSG00000263945,ENSG00000138018,hsa-mir-548y,SELENOI,0.81,Negative,miRNA-mRNA interaction,RNA,RNA
ENSG00000266016,ENSG00000118579,hsa-mir-548z,MED28,0.97,Negative,miRNA-mRNA interaction,RNA,RNA
ENSG00000207546,ENSG00000118579,hsa-mir-548z,MED28,0.97,Negative,miRNA-mRNA interaction,RNA,RNA
ENSG00000266016,ENSG00000130164,hsa-mir-548z,LDLR,0.81,Negative,miRNA-mRNA interaction,RNA,RNA
ENSG00000207546,ENSG00000130164,hsa-mir-548z,LDLR,0.81,Negative,miRNA-mRNA interaction,RNA,RNA
ENSG00000266016,ENSG00000134294,hsa-mir-548z,SLC38A2,0.95,Negative,miRNA-mRNA interaction,RNA,RNA
ENSG00000207546,ENSG00000134294,hsa-mir-548z,SLC38A2,0.95,Negative,miRNA-mRNA interaction,RNA,RNA
ENSG00000266016,ENSG00000140350,hsa-mir-548z,ANP32A,0.94,Negative,miRNA-mRNA interaction,RNA,RNA
ENSG00000207546,ENSG00000140350,hsa-mir-548z,ANP32A,0.94,Negative,miRNA-mRNA interaction,RNA,RNA
ENSG00000275377,ENSG00000143493,hsa-mir-1299,INTS7,0.94,Negative,miRNA-mRNA interaction,RNA,RNA
ENSG00000275377,ENSG00000167395,hsa-mir-1299,ZNF646,0.72,Negative,miRNA-mRNA interaction,RNA,RNA
ENSG00000221227,ENSG00000198961,hsa-mir-1305,PJA2,0.76,Negative,miRNA-mRNA interaction,RNA,RNA
ENSG00000284442,ENSG00000164548,hsa-mir-2110,TRA2A,0.93,Negative,miRNA-mRNA interaction,RNA,RNA
ENSG00000202566,ENSG00000138434,hsa-mir-421,ITPRID2,0.72,Negative,miRNA-mRNA interaction,RNA,RNA
ENSG00000263762,ENSG00000128594,hsa-mir-4286,LRRC4,0.99,Negative,miRNA-mRNA interaction,RNA,RNA
ENSG00000221634,ENSG00000184270,hsa-mir-1276,H2AC21,0.99,Negative,miRNA-mRNA interaction,RNA,RNA
ENSG00000275377,ENSG00000197121,hsa-mir-1299,PGAP1,0.73,Negative,miRNA-mRNA interaction,RNA,RNA
ENSG00000221227,ENSG00000067992,hsa-mir-1305,PDK3,0.98,Negative,miRNA-mRNA interaction,RNA,RNA
ENSG00000221227,ENSG00000121741,hsa-mir-1305,ZMYM2,0.98,Negative,miRNA-mRNA interaction,RNA,RNA
ENSG00000221227,ENSG00000258461,hsa-mir-1305,ENSG00000258461,0.78,Negative,miRNA-mRNA interaction,RNA,RNA
ENSG00000266235,ENSG00000173852,hsa-mir-3176,DPY19L1,0.86,Negative,miRNA-mRNA interaction,RNA,RNA
ENSG00000202566,ENSG00000116604,hsa-mir-421,MEF2D,0.95,Negative,miRNA-mRNA interaction,RNA,RNA
ENSG00000202566,ENSG00000164031,hsa-mir-421,DNAJB14,0.76,Negative,miRNA-mRNA interaction,RNA,RNA
ENSG00000202566,ENSG00000186298,hsa-mir-421,PPP1CC,0.94,Negative,miRNA-mRNA interaction,RNA,RNA
ENSG00000207931,ENSG00000065883,hsa-mir-577,CDK13,0.98,Negative,miRNA-mRNA interaction,RNA,RNA
ENSG00000283798,ENSG00000009307,hsa-mir-630,CSDE1,0.71,Negative,miRNA-mRNA interaction,RNA,RNA
ENSG00000283798,ENSG00000138592,hsa-mir-630,USP8,0.84,Negative,miRNA-mRNA interaction,RNA,RNA
ENSG00000283798,ENSG00000149658,hsa-mir-630,YTHDF1,0.92,Negative,miRNA-mRNA interaction,RNA,RNA
ENSG00000283798,ENSG00000198792,hsa-mir-630,TMEM184B,0.77,Negative,miRNA-mRNA interaction,RNA,RNA
ENSG00000207631,ENSG00000169908,hsa-mir-641,TM4SF1,0.97,Negative,miRNA-mRNA interaction,RNA,RNA
ENSG00000208002,ENSG00000145495,hsa-mir-643,MARCHF6,0.72,Negative,miRNA-mRNA interaction,RNA,RNA
ENSG00000283203,ENSG00000188647,hsa-mir-1246,PTAR1,0.88,Negative,miRNA-mRNA interaction,RNA,RNA
ENSG00000265154,ENSG00000187741,hsa-mir-151b,FANCA,0.87,Negative,miRNA-mRNA interaction,RNA,RNA
ENSG00000202566,ENSG00000035862,hsa-mir-421,TIMP2,0.88,Negative,miRNA-mRNA interaction,RNA,RNA
ENSG00000202566,ENSG00000048828,hsa-mir-421,FAM120A,0.75,Negative,miRNA-mRNA interaction,RNA,RNA
ENSG00000202566,ENSG00000056097,hsa-mir-421,ZFR,0.89,Negative,miRNA-mRNA interaction,RNA,RNA
ENSG00000202566,ENSG00000056586,hsa-mir-421,RC3H2,0.73,Negative,miRNA-mRNA interaction,RNA,RNA
ENSG00000202566,ENSG00000074054,hsa-mir-421,CLASP1,0.71,Negative,miRNA-mRNA interaction,RNA,RNA
ENSG00000202566,ENSG00000096746,hsa-mir-421,HNRNPH3,0.8,Negative,miRNA-mRNA interaction,RNA,RNA
ENSG00000202566,ENSG00000112851,hsa-mir-421,ERBIN,0.82,Negative,miRNA-mRNA interaction,RNA,RNA
ENSG00000202566,ENSG00000121274,hsa-mir-421,TENT4B,0.91,Negative,miRNA-mRNA interaction,RNA,RNA
ENSG00000202566,ENSG00000124225,hsa-mir-421,PMEPA1,0.77,Negative,miRNA-mRNA interaction,RNA,RNA
ENSG00000202566,ENSG00000124766,hsa-mir-421,SOX4,0.85,Negative,miRNA-mRNA interaction,RNA,RNA
ENSG00000202566,ENSG00000128989,hsa-mir-421,ARPP19,0.78,Negative,miRNA-mRNA interaction,RNA,RNA
ENSG00000202566,ENSG00000136603,hsa-mir-421,SKIL,0.8,Negative,miRNA-mRNA interaction,RNA,RNA
ENSG00000202566,ENSG00000137770,hsa-mir-421,CTDSPL2,0.96,Negative,miRNA-mRNA interaction,RNA,RNA
ENSG00000202566,ENSG00000141858,hsa-mir-421,SAMD1,0.74,Negative,miRNA-mRNA interaction,RNA,RNA
ENSG00000202566,ENSG00000146648,hsa-mir-421,EGFR,0.93,Negative,miRNA-mRNA interaction,RNA,RNA
ENSG00000202566,ENSG00000152332,hsa-mir-421,UHMK1,0.99,Negative,miRNA-mRNA interaction,RNA,RNA
ENSG00000202566,ENSG00000173575,hsa-mir-421,CHD2,0.81,Negative,miRNA-mRNA interaction,RNA,RNA
ENSG00000202566,ENSG00000184575,hsa-mir-421,XPOT,0.82,Negative,miRNA-mRNA interaction,RNA,RNA
ENSG00000202566,ENSG00000196428,hsa-mir-421,TSC22D2,0.75,Negative,miRNA-mRNA interaction,RNA,RNA
ENSG00000202566,ENSG00000213064,hsa-mir-421,SFT2D2,0.91,Negative,miRNA-mRNA interaction,RNA,RNA
ENSG00000284565,ENSG00000122482,hsa-mir-451a,ZNF644,0.74,Negative,miRNA-mRNA interaction,RNA,RNA
ENSG00000207931,ENSG00000137193,hsa-mir-577,PIM1,0.9,Negative,miRNA-mRNA interaction,RNA,RNA
ENSG00000207931,ENSG00000164920,hsa-mir-577,OSR2,0.79,Negative,miRNA-mRNA interaction,RNA,RNA
ENSG00000283798,ENSG00000006576,hsa-mir-630,PHTF2,0.84,Negative,miRNA-mRNA interaction,RNA,RNA
ENSG00000283798,ENSG00000100852,hsa-mir-630,ARHGAP5,0.71,Negative,miRNA-mRNA interaction,RNA,RNA
ENSG00000283798,ENSG00000106462,hsa-mir-630,EZH2,0.93,Negative,miRNA-mRNA interaction,RNA,RNA
ENSG00000283798,ENSG00000116489,hsa-mir-630,CAPZA1,0.82,Negative,miRNA-mRNA interaction,RNA,RNA
ENSG00000283798,ENSG00000120616,hsa-mir-630,EPC1,0.91,Negative,miRNA-mRNA interaction,RNA,RNA
ENSG00000283798,ENSG00000131148,hsa-mir-630,EMC8,0.85,Negative,miRNA-mRNA interaction,RNA,RNA
ENSG00000283798,ENSG00000137770,hsa-mir-630,CTDSPL2,0.75,Negative,miRNA-mRNA interaction,RNA,RNA
ENSG00000283798,ENSG00000145780,hsa-mir-630,FEM1C,0.77,Negative,miRNA-mRNA interaction,RNA,RNA
ENSG00000283798,ENSG00000155545,hsa-mir-630,MIER3,0.84,Negative,miRNA-mRNA interaction,RNA,RNA
ENSG00000283798,ENSG00000177200,hsa-mir-630,CHD9,0.97,Negative,miRNA-mRNA interaction,RNA,RNA
ENSG00000283798,ENSG00000240849,hsa-mir-630,PEDS1,0.77,Negative,miRNA-mRNA interaction,RNA,RNA
ENSG00000207631,ENSG00000100485,hsa-mir-641,SOS2,0.85,Negative,miRNA-mRNA interaction,RNA,RNA
ENSG00000207631,ENSG00000106799,hsa-mir-641,TGFBR1,0.89,Negative,miRNA-mRNA interaction,RNA,RNA
ENSG00000207631,ENSG00000113300,hsa-mir-641,CNOT6,0.88,Negative,miRNA-mRNA interaction,RNA,RNA
ENSG00000207631,ENSG00000140836,hsa-mir-641,ZFHX3,0.97,Negative,miRNA-mRNA interaction,RNA,RNA
ENSG00000207631,ENSG00000165300,hsa-mir-641,SLITRK5,0.9,Negative,miRNA-mRNA interaction,RNA,RNA
ENSG00000207631,ENSG00000166483,hsa-mir-641,WEE1,0.88,Negative,miRNA-mRNA interaction,RNA,RNA
ENSG00000207631,ENSG00000187079,hsa-mir-641,TEAD1,0.93,Negative,miRNA-mRNA interaction,RNA,RNA
ENSG00000208002,ENSG00000043143,hsa-mir-643,JADE2,0.78,Negative,miRNA-mRNA interaction,RNA,RNA
ENSG00000208002,ENSG00000101126,hsa-mir-643,ADNP,0.8,Negative,miRNA-mRNA interaction,RNA,RNA
ENSG00000208002,ENSG00000131389,hsa-mir-643,SLC6A6,0.74,Negative,miRNA-mRNA interaction,RNA,RNA
ENSG00000208002,ENSG00000165219,hsa-mir-643,GAPVD1,0.8,Negative,miRNA-mRNA interaction,RNA,RNA
ENSG00000208002,ENSG00000275052,hsa-mir-643,PPP4R3B,0.76,Negative,miRNA-mRNA interaction,RNA,RNA
ENSG00000208002,ENSG00000276644,hsa-mir-643,DACH1,0.88,Negative,miRNA-mRNA interaction,RNA,RNA
ENSG00000274713,ENSG00000100320,hsa-mir-7974,RBFOX2,0.85,Negative,miRNA-mRNA interaction,RNA,RNA
ENSG00000274713,ENSG00000113649,hsa-mir-7974,TCERG1,0.72,Negative,miRNA-mRNA interaction,RNA,RNA
ENSG00000284346,ENSG00000112941,hsa-mir-940,TENT4A,0.74,Negative,miRNA-mRNA interaction,RNA,RNA
ENSG00000199080,ENSG00000119844,hsa-mir-133b,AFTPH,1,Negative,miRNA-mRNA interaction,RNA,RNA
ENSG00000221476,ENSG00000124788,hsa-mir-1827,ATXN1,0.88,Negative,miRNA-mRNA interaction,RNA,RNA
ENSG00000264566,ENSG00000136450,hsa-mir-23c,SRSF1,0.77,Negative,miRNA-mRNA interaction,RNA,RNA
ENSG00000221476,ENSG00000077514,hsa-mir-1827,POLD3,0.77,Negative,miRNA-mRNA interaction,RNA,RNA
ENSG00000266228,ENSG00000091009,hsa-mir-3611,RBM27,0.88,Negative,miRNA-mRNA interaction,RNA,RNA
ENSG00000284346,ENSG00000112658,hsa-mir-940,SRF,0.85,Negative,miRNA-mRNA interaction,RNA,RNA
ENSG00000284346,ENSG00000152518,hsa-mir-940,ZFP36L2,0.8,Negative,miRNA-mRNA interaction,RNA,RNA
ENSG00000264566,ENSG00000145349,hsa-mir-23c,CAMK2D,0.71,Negative,miRNA-mRNA interaction,RNA,RNA
ENSG00000284346,ENSG00000167522,hsa-mir-940,ANKRD11,0.78,Negative,miRNA-mRNA interaction,RNA,RNA
ENSG00000199080,ENSG00000173530,hsa-mir-133b,TNFRSF10D,0.91,Negative,miRNA-mRNA interaction,RNA,RNA
ENSG00000221476,ENSG00000175879,hsa-mir-1827,HOXD8,0.73,Negative,miRNA-mRNA interaction,RNA,RNA
ENSG00000284346,ENSG00000220205,hsa-mir-940,VAMP2,0.77,Negative,miRNA-mRNA interaction,RNA,RNA
ENSG00000283203,ENSG00000086475,hsa-mir-1246,SEPHS1,0.72,Negative,miRNA-mRNA interaction,RNA,RNA
ENSG00000284419,ENSG00000183779,hsa-mir-663a,ZNF703,0.75,Negative,miRNA-mRNA interaction,RNA,RNA
ENSG00000264566,ENSG00000078687,hsa-mir-23c,TNRC6C,0.92,Negative,miRNA-mRNA interaction,RNA,RNA
ENSG00000207642,ENSG00000169783,hsa-mir-571,LINGO1,0.94,Negative,miRNA-mRNA interaction,RNA,RNA
ENSG00000221203,ENSG00000143321,hsa-mir-1262,HDGF,0.8,Negative,miRNA-mRNA interaction,RNA,RNA
ENSG00000221203,ENSG00000112531,hsa-mir-1262,QKI,1,Negative,miRNA-mRNA interaction,RNA,RNA
ENSG00000264572,ENSG00000055208,hsa-mir-4296,TAB2,0.97,Negative,miRNA-mRNA interaction,RNA,RNA
ENSG00000284442,ENSG00000117505,hsa-mir-2110,DR1,0.97,Negative,miRNA-mRNA interaction,RNA,RNA
ENSG00000207631,ENSG00000012660,hsa-mir-641,ELOVL5,0.99,Negative,miRNA-mRNA interaction,RNA,RNA
ENSG00000284346,ENSG00000101126,hsa-mir-940,ADNP,0.81,Negative,miRNA-mRNA interaction,RNA,RNA
ENSG00000264566,ENSG00000198815,hsa-mir-23c,FOXJ3,0.78,Negative,miRNA-mRNA interaction,RNA,RNA
ENSG00000221669,ENSG00000079332,hsa-mir-548n,SAR1A,0.83,Negative,miRNA-mRNA interaction,RNA,RNA
ENSG00000264566,ENSG00000124767,hsa-mir-23c,GLO1,0.83,Negative,miRNA-mRNA interaction,RNA,RNA
ENSG00000284442,ENSG00000144524,hsa-mir-2110,COPS7B,0.73,Negative,miRNA-mRNA interaction,RNA,RNA
ENSG00000264566,ENSG00000136870,hsa-mir-23c,ZNF189,0.83,Negative,miRNA-mRNA interaction,RNA,RNA
ENSG00000264572,ENSG00000101367,hsa-mir-4296,MAPRE1,0.76,Negative,miRNA-mRNA interaction,RNA,RNA
ENSG00000207931,ENSG00000205339,hsa-mir-577,IPO7,0.87,Negative,miRNA-mRNA interaction,RNA,RNA
ENSG00000264566,ENSG00000125834,hsa-mir-23c,STK35,0.9,Negative,miRNA-mRNA interaction,RNA,RNA
ENSG00000284346,ENSG00000116539,hsa-mir-940,ASH1L,0.78,Negative,miRNA-mRNA interaction,RNA,RNA
ENSG00000284583,ENSG00000145907,hsa-mir-935,G3BP1,0.72,Negative,miRNA-mRNA interaction,RNA,RNA
ENSG00000284346,ENSG00000164924,hsa-mir-940,YWHAZ,0.81,Negative,miRNA-mRNA interaction,RNA,RNA
ENSG00000284346,ENSG00000100836,hsa-mir-940,PABPN1,0.93,Negative,miRNA-mRNA interaction,RNA,RNA
ENSG00000283799,ENSG00000184708,hsa-mir-1182,EIF4ENIF1,0.74,Negative,miRNA-mRNA interaction,RNA,RNA
ENSG00000221476,ENSG00000082898,hsa-mir-1827,XPO1,0.77,Negative,miRNA-mRNA interaction,RNA,RNA
ENSG00000284442,ENSG00000184677,hsa-mir-2110,ZBTB40,0.73,Negative,miRNA-mRNA interaction,RNA,RNA
ENSG00000266228,ENSG00000066044,hsa-mir-3611,ELAVL1,0.89,Negative,miRNA-mRNA interaction,RNA,RNA
ENSG00000264566,ENSG00000161800,hsa-mir-23c,RACGAP1,0.72,Negative,miRNA-mRNA interaction,RNA,RNA
ENSG00000284583,ENSG00000178385,hsa-mir-935,PLEKHM3,0.79,Negative,miRNA-mRNA interaction,RNA,RNA
ENSG00000199080,ENSG00000161057,hsa-mir-133b,PSMC2,0.76,Negative,miRNA-mRNA interaction,RNA,RNA
ENSG00000284346,ENSG00000139684,hsa-mir-940,ESD,0.91,Negative,miRNA-mRNA interaction,RNA,RNA
ENSG00000207642,ENSG00000137504,hsa-mir-571,CREBZF,0.83,Negative,miRNA-mRNA interaction,RNA,RNA
ENSG00000207931,ENSG00000257103,hsa-mir-577,LSM14A,0.93,Negative,miRNA-mRNA interaction,RNA,RNA
ENSG00000221669,ENSG00000257103,hsa-mir-548n,LSM14A,0.79,Negative,miRNA-mRNA interaction,RNA,RNA
ENSG00000264572,ENSG00000113658,hsa-mir-4296,SMAD5,0.73,Negative,miRNA-mRNA interaction,RNA,RNA
ENSG00000207642,ENSG00000153922,hsa-mir-571,CHD1,0.93,Negative,miRNA-mRNA interaction,RNA,RNA
ENSG00000199080,ENSG00000011304,hsa-mir-133b,PTBP1,0.97,Negative,miRNA-mRNA interaction,RNA,RNA
ENSG00000266228,ENSG00000120071,hsa-mir-3611,KANSL1,0.74,Negative,miRNA-mRNA interaction,RNA,RNA
ENSG00000221476,ENSG00000157540,hsa-mir-1827,DYRK1A,0.83,Negative,miRNA-mRNA interaction,RNA,RNA
ENSG00000284346,ENSG00000101255,hsa-mir-940,TRIB3,0.89,Negative,miRNA-mRNA interaction,RNA,RNA
ENSG00000284346,ENSG00000125149,hsa-mir-940,C16orf70,0.76,Negative,miRNA-mRNA interaction,RNA,RNA
ENSG00000284346,ENSG00000106299,hsa-mir-940,WASL,0.72,Negative,miRNA-mRNA interaction,RNA,RNA
ENSG00000284346,ENSG00000108256,hsa-mir-940,NUFIP2,0.81,Negative,miRNA-mRNA interaction,RNA,RNA
ENSG00000284346,ENSG00000120137,hsa-mir-940,PANK3,0.82,Negative,miRNA-mRNA interaction,RNA,RNA
ENSG00000207930,ENSG00000121579,hsa-mir-603,NAA50,0.75,Negative,miRNA-mRNA interaction,RNA,RNA
ENSG00000202566,ENSG00000124783,hsa-mir-421,SSR1,0.92,Negative,miRNA-mRNA interaction,RNA,RNA
ENSG00000284346,ENSG00000127947,hsa-mir-940,PTPN12,1,Negative,miRNA-mRNA interaction,RNA,RNA
ENSG00000284346,ENSG00000130227,hsa-mir-940,XPO7,0.93,Negative,miRNA-mRNA interaction,RNA,RNA
ENSG00000284346,ENSG00000131759,hsa-mir-940,RARA,0.8,Negative,miRNA-mRNA interaction,RNA,RNA
ENSG00000198976,ENSG00000133997,hsa-mir-429,MED6,0.82,Negative,miRNA-mRNA interaction,RNA,RNA
ENSG00000284346,ENSG00000135457,hsa-mir-940,TFCP2,0.72,Negative,miRNA-mRNA interaction,RNA,RNA
ENSG00000198976,ENSG00000136381,hsa-mir-429,IREB2,0.72,Negative,miRNA-mRNA interaction,RNA,RNA
ENSG00000207631,ENSG00000080371,hsa-mir-641,RAB21,0.78,Negative,miRNA-mRNA interaction,RNA,RNA
ENSG00000284346,ENSG00000046604,hsa-mir-940,DSG2,0.79,Negative,miRNA-mRNA interaction,RNA,RNA
ENSG00000284346,ENSG00000101557,hsa-mir-940,USP14,0.84,Negative,miRNA-mRNA interaction,RNA,RNA
ENSG00000284346,ENSG00000138617,hsa-mir-940,PARP16,0.94,Negative,miRNA-mRNA interaction,RNA,RNA
ENSG00000202566,ENSG00000129315,hsa-mir-421,CCNT1,0.75,Negative,miRNA-mRNA interaction,RNA,RNA
ENSG00000284346,ENSG00000108797,hsa-mir-940,CNTNAP1,0.83,Negative,miRNA-mRNA interaction,RNA,RNA
ENSG00000207631,ENSG00000056097,hsa-mir-641,ZFR,0.77,Negative,miRNA-mRNA interaction,RNA,RNA
ENSG00000284346,ENSG00000107864,hsa-mir-940,CPEB3,0.8,Negative,miRNA-mRNA interaction,RNA,RNA
ENSG00000202566,ENSG00000143294,hsa-mir-421,PRCC,0.99,Negative,miRNA-mRNA interaction,RNA,RNA
ENSG00000284346,ENSG00000143418,hsa-mir-940,CERS2,0.82,Negative,miRNA-mRNA interaction,RNA,RNA
ENSG00000207631,ENSG00000143442,hsa-mir-641,POGZ,0.86,Negative,miRNA-mRNA interaction,RNA,RNA
ENSG00000284346,ENSG00000143933,hsa-mir-940,CALM2,0.73,Negative,miRNA-mRNA interaction,RNA,RNA
ENSG00000284346,ENSG00000144579,hsa-mir-940,CTDSP1,0.97,Negative,miRNA-mRNA interaction,RNA,RNA
ENSG00000284346,ENSG00000144677,hsa-mir-940,CTDSPL,0.83,Negative,miRNA-mRNA interaction,RNA,RNA
ENSG00000207631,ENSG00000145780,hsa-mir-641,FEM1C,0.78,Negative,miRNA-mRNA interaction,RNA,RNA
ENSG00000284346,ENSG00000146830,hsa-mir-940,GIGYF1,0.76,Negative,miRNA-mRNA interaction,RNA,RNA
ENSG00000207930,ENSG00000150938,hsa-mir-603,CRIM1,0.78,Negative,miRNA-mRNA interaction,RNA,RNA
ENSG00000207631,ENSG00000162924,hsa-mir-641,REL,0.81,Negative,miRNA-mRNA interaction,RNA,RNA
ENSG00000284346,ENSG00000164463,hsa-mir-940,CREBRF,0.89,Negative,miRNA-mRNA interaction,RNA,RNA
ENSG00000198976,ENSG00000166135,hsa-mir-429,HIF1AN,0.81,Negative,miRNA-mRNA interaction,RNA,RNA
ENSG00000198976,ENSG00000166260,hsa-mir-429,COX11,0.91,Negative,miRNA-mRNA interaction,RNA,RNA
ENSG00000207631,ENSG00000169439,hsa-mir-641,SDC2,0.75,Negative,miRNA-mRNA interaction,RNA,RNA
ENSG00000207631,ENSG00000189091,hsa-mir-641,SF3B3,0.81,Negative,miRNA-mRNA interaction,RNA,RNA
ENSG00000207930,ENSG00000180818,hsa-mir-603,HOXC10,0.84,Negative,miRNA-mRNA interaction,RNA,RNA
ENSG00000198976,ENSG00000171150,hsa-mir-429,SOCS5,0.82,Negative,miRNA-mRNA interaction,RNA,RNA
ENSG00000202566,ENSG00000174840,hsa-mir-421,PDE12,0.72,Negative,miRNA-mRNA interaction,RNA,RNA
ENSG00000198976,ENSG00000174684,hsa-mir-429,B4GAT1,0.99,Negative,miRNA-mRNA interaction,RNA,RNA
ENSG00000284346,ENSG00000175220,hsa-mir-940,ARHGAP1,0.91,Negative,miRNA-mRNA interaction,RNA,RNA
ENSG00000198976,ENSG00000177125,hsa-mir-429,ZBTB34,0.8,Negative,miRNA-mRNA interaction,RNA,RNA
ENSG00000207631,ENSG00000178502,hsa-mir-641,KLHL11,0.9,Negative,miRNA-mRNA interaction,RNA,RNA
ENSG00000284346,ENSG00000170275,hsa-mir-940,CRTAP,0.89,Negative,miRNA-mRNA interaction,RNA,RNA
ENSG00000207930,ENSG00000105568,hsa-mir-603,PPP2R1A,0.77,Negative,miRNA-mRNA interaction,RNA,RNA
ENSG00000284346,ENSG00000171475,hsa-mir-940,WIPF2,0.86,Negative,miRNA-mRNA interaction,RNA,RNA
ENSG00000284346,ENSG00000188215,hsa-mir-940,DCUN1D3,0.94,Negative,miRNA-mRNA interaction,RNA,RNA
ENSG00000284346,ENSG00000100335,hsa-mir-940,MIEF1,0.75,Negative,miRNA-mRNA interaction,RNA,RNA
ENSG00000284346,ENSG00000121864,hsa-mir-940,ZNF639,0.82,Negative,miRNA-mRNA interaction,RNA,RNA
ENSG00000284346,ENSG00000182752,hsa-mir-940,PAPPA,0.86,Negative,miRNA-mRNA interaction,RNA,RNA
ENSG00000284346,ENSG00000164916,hsa-mir-940,FOXK1,0.73,Negative,miRNA-mRNA interaction,RNA,RNA
ENSG00000207631,ENSG00000198315,hsa-mir-641,ZKSCAN8,0.92,Negative,miRNA-mRNA interaction,RNA,RNA
ENSG00000207631,ENSG00000185070,hsa-mir-641,FLRT2,0.97,Negative,miRNA-mRNA interaction,RNA,RNA
ENSG00000284346,ENSG00000161791,hsa-mir-940,FMNL3,0.78,Negative,miRNA-mRNA interaction,RNA,RNA
ENSG00000207631,ENSG00000154001,hsa-mir-641,PPP2R5E,0.75,Negative,miRNA-mRNA interaction,RNA,RNA
ENSG00000198976,ENSG00000151292,hsa-mir-429,CSNK1G3,0.96,Negative,miRNA-mRNA interaction,RNA,RNA
ENSG00000284346,ENSG00000099942,hsa-mir-940,CRKL,0.86,Negative,miRNA-mRNA interaction,RNA,RNA
ENSG00000207631,ENSG00000185009,hsa-mir-641,AP3M1,0.71,Negative,miRNA-mRNA interaction,RNA,RNA
ENSG00000284346,ENSG00000173218,hsa-mir-940,VANGL1,0.94,Negative,miRNA-mRNA interaction,RNA,RNA
ENSG00000207631,ENSG00000198162,hsa-mir-641,MAN1A2,0.74,Negative,miRNA-mRNA interaction,RNA,RNA
ENSG00000202566,ENSG00000115204,hsa-mir-421,MPV17,0.72,Negative,miRNA-mRNA interaction,RNA,RNA
ENSG00000207631,ENSG00000198160,hsa-mir-641,MIER1,1,Negative,miRNA-mRNA interaction,RNA,RNA
ENSG00000284346,ENSG00000197323,hsa-mir-940,TRIM33,0.87,Negative,miRNA-mRNA interaction,RNA,RNA
ENSG00000207631,ENSG00000196363,hsa-mir-641,WDR5,0.86,Negative,miRNA-mRNA interaction,RNA,RNA
ENSG00000198976,ENSG00000172572,hsa-mir-429,PDE3A,0.79,Negative,miRNA-mRNA interaction,RNA,RNA
ENSG00000284346,ENSG00000019995,hsa-mir-940,ZRANB1,0.71,Negative,miRNA-mRNA interaction,RNA,RNA
ENSG00000284346,ENSG00000257923,hsa-mir-940,CUX1,0.83,Negative,miRNA-mRNA interaction,RNA,RNA
ENSG00000284346,ENSG00000198774,hsa-mir-940,RASSF9,0.87,Negative,miRNA-mRNA interaction,RNA,RNA
ENSG00000202566,ENSG00000198793,hsa-mir-421,MTOR,0.86,Negative,miRNA-mRNA interaction,RNA,RNA
ENSG00000207631,ENSG00000158615,hsa-mir-641,PPP1R15B,0.74,Negative,miRNA-mRNA interaction,RNA,RNA
ENSG00000284346,ENSG00000135837,hsa-mir-940,CEP350,0.75,Negative,miRNA-mRNA interaction,RNA,RNA
ENSG00000284346,ENSG00000143190,hsa-mir-940,POU2F1,0.73,Negative,miRNA-mRNA interaction,RNA,RNA
ENSG00000284346,ENSG00000162734,hsa-mir-940,PEA15,0.95,Negative,miRNA-mRNA interaction,RNA,RNA
ENSG00000207631,ENSG00000160679,hsa-mir-641,CHTOP,0.84,Negative,miRNA-mRNA interaction,RNA,RNA
ENSG00000207631,ENSG00000123505,hsa-mir-641,AMD1,0.8,Negative,miRNA-mRNA interaction,RNA,RNA
ENSG00000207631,ENSG00000065135,hsa-mir-641,GNAI3,0.74,Negative,miRNA-mRNA interaction,RNA,RNA
ENSG00000284346,ENSG00000148842,hsa-mir-940,CNNM2,0.85,Negative,miRNA-mRNA interaction,RNA,RNA
ENSG00000284346,ENSG00000117519,hsa-mir-940,CNN3,0.75,Negative,miRNA-mRNA interaction,RNA,RNA
ENSG00000284346,ENSG00000099194,hsa-mir-940,SCD,0.81,Negative,miRNA-mRNA interaction,RNA,RNA
ENSG00000198976,ENSG00000285976,hsa-mir-429,AL135905.2,0.98,Negative,miRNA-mRNA interaction,RNA,RNA
ENSG00000284346,ENSG00000108219,hsa-mir-940,TSPAN14,0.86,Negative,miRNA-mRNA interaction,RNA,RNA
ENSG00000207930,ENSG00000147224,hsa-mir-603,PRPS1,0.88,Negative,miRNA-mRNA interaction,RNA,RNA
ENSG00000284346,ENSG00000137193,hsa-mir-940,PIM1,0.9,Negative,miRNA-mRNA interaction,RNA,RNA
ENSG00000284346,ENSG00000084652,hsa-mir-940,TXLNA,0.88,Negative,miRNA-mRNA interaction,RNA,RNA
ENSG00000284346,ENSG00000162419,hsa-mir-940,GMEB1,0.78,Negative,miRNA-mRNA interaction,RNA,RNA
ENSG00000207631,ENSG00000152749,hsa-mir-641,GPR180,0.74,Negative,miRNA-mRNA interaction,RNA,RNA
ENSG00000207631,ENSG00000122741,hsa-mir-641,DCAF10,0.87,Negative,miRNA-mRNA interaction,RNA,RNA
ENSG00000284346,ENSG00000124486,hsa-mir-940,USP9X,1,Negative,miRNA-mRNA interaction,RNA,RNA
ENSG00000284346,ENSG00000076108,hsa-mir-940,BAZ2A,0.8,Negative,miRNA-mRNA interaction,RNA,RNA
ENSG00000207631,ENSG00000127954,hsa-mir-641,STEAP4,0.77,Negative,miRNA-mRNA interaction,RNA,RNA
ENSG00000207930,ENSG00000139514,hsa-mir-603,SLC7A1,0.73,Negative,miRNA-mRNA interaction,RNA,RNA
ENSG00000207631,ENSG00000138944,hsa-mir-641,SHISAL1,0.88,Negative,miRNA-mRNA interaction,RNA,RNA
ENSG00000207930,ENSG00000075618,hsa-mir-603,FSCN1,0.91,Negative,miRNA-mRNA interaction,RNA,RNA
ENSG00000284346,ENSG00000103978,hsa-mir-940,TMEM87A,0.74,Negative,miRNA-mRNA interaction,RNA,RNA
ENSG00000202566,ENSG00000135966,hsa-mir-421,TGFBRAP1,0.81,Negative,miRNA-mRNA interaction,RNA,RNA
ENSG00000198976,ENSG00000145907,hsa-mir-429,G3BP1,0.73,Negative,miRNA-mRNA interaction,RNA,RNA
ENSG00000284346,ENSG00000010244,hsa-mir-940,ZNF207,0.78,Negative,miRNA-mRNA interaction,RNA,RNA
ENSG00000198976,ENSG00000280987,hsa-mir-429,MATR3,0.99,Negative,miRNA-mRNA interaction,RNA,RNA
ENSG00000284346,ENSG00000066117,hsa-mir-940,SMARCD1,0.95,Negative,miRNA-mRNA interaction,RNA,RNA
ENSG00000198976,ENSG00000073712,hsa-mir-429,FERMT2,0.82,Negative,miRNA-mRNA interaction,RNA,RNA
ENSG00000207930,ENSG00000146676,hsa-mir-603,PURB,0.75,Negative,miRNA-mRNA interaction,RNA,RNA
ENSG00000207631,ENSG00000146676,hsa-mir-641,PURB,0.96,Negative,miRNA-mRNA interaction,RNA,RNA
ENSG00000198976,ENSG00000104447,hsa-mir-429,TRPS1,0.74,Negative,miRNA-mRNA interaction,RNA,RNA
ENSG00000207631,ENSG00000164924,hsa-mir-641,YWHAZ,0.78,Negative,miRNA-mRNA interaction,RNA,RNA
ENSG00000198976,ENSG00000196230,hsa-mir-429,TUBB,0.95,Negative,miRNA-mRNA interaction,RNA,RNA
ENSG00000284346,ENSG00000197296,hsa-mir-940,FITM2,0.78,Negative,miRNA-mRNA interaction,RNA,RNA
ENSG00000284346,ENSG00000007545,hsa-mir-940,CRAMP1,0.85,Negative,miRNA-mRNA interaction,RNA,RNA
ENSG00000207631,ENSG00000214517,hsa-mir-641,PPME1,0.74,Negative,miRNA-mRNA interaction,RNA,RNA
ENSG00000284346,ENSG00000184743,hsa-mir-940,ATL3,0.93,Negative,miRNA-mRNA interaction,RNA,RNA
ENSG00000284346,ENSG00000183741,hsa-mir-940,CBX6,0.71,Negative,miRNA-mRNA interaction,RNA,RNA
ENSG00000284346,ENSG00000133740,hsa-mir-940,E2F5,0.81,Negative,miRNA-mRNA interaction,RNA,RNA
ENSG00000284346,ENSG00000006576,hsa-mir-940,PHTF2,0.76,Negative,miRNA-mRNA interaction,RNA,RNA
ENSG00000207631,ENSG00000170653,hsa-mir-641,ATF7,0.76,Negative,miRNA-mRNA interaction,RNA,RNA
ENSG00000202566,ENSG00000107566,hsa-mir-421,ERLIN1,0.93,Negative,miRNA-mRNA interaction,RNA,RNA
ENSG00000207631,ENSG00000039560,hsa-mir-641,RAI14,0.75,Negative,miRNA-mRNA interaction,RNA,RNA
ENSG00000207631,ENSG00000009413,hsa-mir-641,REV3L,0.9,Negative,miRNA-mRNA interaction,RNA,RNA
ENSG00000284346,ENSG00000165671,hsa-mir-940,NSD1,0.72,Negative,miRNA-mRNA interaction,RNA,RNA
ENSG00000207930,ENSG00000119042,hsa-mir-603,SATB2,0.81,Negative,miRNA-mRNA interaction,RNA,RNA
ENSG00000284346,ENSG00000114120,hsa-mir-940,SLC25A36,0.76,Negative,miRNA-mRNA interaction,RNA,RNA
ENSG00000198976,ENSG00000114120,hsa-mir-429,SLC25A36,0.91,Negative,miRNA-mRNA interaction,RNA,RNA
ENSG00000284346,ENSG00000166272,hsa-mir-940,WBP1L,0.74,Negative,miRNA-mRNA interaction,RNA,RNA
ENSG00000284346,ENSG00000100354,hsa-mir-940,TNRC6B,0.76,Negative,miRNA-mRNA interaction,RNA,RNA
ENSG00000284346,ENSG00000102225,hsa-mir-940,CDK16,0.92,Negative,miRNA-mRNA interaction,RNA,RNA
ENSG00000207930,ENSG00000157741,hsa-mir-603,UBN2,0.99,Negative,miRNA-mRNA interaction,RNA,RNA
ENSG00000207930,ENSG00000143322,hsa-mir-603,ABL2,0.89,Negative,miRNA-mRNA interaction,RNA,RNA
ENSG00000198976,ENSG00000114019,hsa-mir-429,AMOTL2,0.88,Negative,miRNA-mRNA interaction,RNA,RNA
ENSG00000207930,ENSG00000187079,hsa-mir-603,TEAD1,0.91,Negative,miRNA-mRNA interaction,RNA,RNA
ENSG00000284346,ENSG00000166444,hsa-mir-940,ST5,0.77,Negative,miRNA-mRNA interaction,RNA,RNA
ENSG00000202566,ENSG00000137449,hsa-mir-421,CPEB2,0.93,Negative,miRNA-mRNA interaction,RNA,RNA
ENSG00000207631,ENSG00000197555,hsa-mir-641,SIPA1L1,0.82,Negative,miRNA-mRNA interaction,RNA,RNA
ENSG00000207631,ENSG00000138593,hsa-mir-641,SECISBP2L,0.97,Negative,miRNA-mRNA interaction,RNA,RNA
ENSG00000202566,ENSG00000261609,hsa-mir-421,GAN,0.99,Negative,miRNA-mRNA interaction,RNA,RNA
ENSG00000207631,ENSG00000172466,hsa-mir-641,ZNF24,0.75,Negative,miRNA-mRNA interaction,RNA,RNA
ENSG00000198976,ENSG00000186566,hsa-mir-429,GPATCH8,0.99,Negative,miRNA-mRNA interaction,RNA,RNA
ENSG00000198976,ENSG00000105137,hsa-mir-429,SYDE1,0.98,Negative,miRNA-mRNA interaction,RNA,RNA
ENSG00000198976,ENSG00000109670,hsa-mir-429,FBXW7,0.99,Negative,miRNA-mRNA interaction,RNA,RNA
ENSG00000284346,ENSG00000198911,hsa-mir-940,SREBF2,0.72,Negative,miRNA-mRNA interaction,RNA,RNA
ENSG00000207631,ENSG00000136485,hsa-mir-641,DCAF7,0.92,Negative,miRNA-mRNA interaction,RNA,RNA
ENSG00000284346,ENSG00000136485,hsa-mir-940,DCAF7,0.79,Negative,miRNA-mRNA interaction,RNA,RNA
ENSG00000284346,ENSG00000272391,hsa-mir-940,POM121C,0.73,Negative,miRNA-mRNA interaction,RNA,RNA
ENSG00000207631,ENSG00000177463,hsa-mir-641,NR2C2,0.95,Negative,miRNA-mRNA interaction,RNA,RNA
ENSG00000284346,ENSG00000154380,hsa-mir-940,ENAH,0.84,Negative,miRNA-mRNA interaction,RNA,RNA
ENSG00000207631,ENSG00000114062,hsa-mir-641,UBE3A,0.74,Negative,miRNA-mRNA interaction,RNA,RNA
ENSG00000284346,ENSG00000284024,hsa-mir-940,HSPA14,0.92,Negative,miRNA-mRNA interaction,RNA,RNA
ENSG00000207631,ENSG00000215301,hsa-mir-641,DDX3X,0.8,Negative,miRNA-mRNA interaction,RNA,RNA
ENSG00000202566,ENSG00000157540,hsa-mir-421,DYRK1A,0.92,Negative,miRNA-mRNA interaction,RNA,RNA
ENSG00000284346,ENSG00000131504,hsa-mir-940,DIAPH1,0.81,Negative,miRNA-mRNA interaction,RNA,RNA
ENSG00000284346,ENSG00000184619,hsa-mir-940,KRBA2,0.91,Negative,miRNA-mRNA interaction,RNA,RNA
ENSG00000207631,ENSG00000070087,hsa-mir-641,PFN2,0.86,Negative,miRNA-mRNA interaction,RNA,RNA
ENSG00000198976,ENSG00000104343,hsa-mir-429,UBE2W,1,Negative,miRNA-mRNA interaction,RNA,RNA
ENSG00000221227,ENSG00000164815,hsa-mir-1305,ORC5,0.72,Negative,miRNA-mRNA interaction,RNA,RNA
ENSG00000266235,ENSG00000138246,hsa-mir-3176,DNAJC13,0.87,Negative,miRNA-mRNA interaction,RNA,RNA
ENSG00000202566,ENSG00000102024,hsa-mir-421,PLS3,0.87,Negative,miRNA-mRNA interaction,RNA,RNA
ENSG00000202566,ENSG00000102081,hsa-mir-421,FMR1,0.84,Negative,miRNA-mRNA interaction,RNA,RNA
ENSG00000202566,ENSG00000143924,hsa-mir-421,EML4,0.73,Negative,miRNA-mRNA interaction,RNA,RNA
ENSG00000202566,ENSG00000164305,hsa-mir-421,CASP3,0.97,Negative,miRNA-mRNA interaction,RNA,RNA
ENSG00000221333,ENSG00000173575,hsa-mir-548k,CHD2,0.94,Negative,miRNA-mRNA interaction,RNA,RNA
ENSG00000238517,ENSG00000085224,hsa-mir-1270,ATRX,0.87,Negative,miRNA-mRNA interaction,RNA,RNA
ENSG00000238517,ENSG00000113300,hsa-mir-1270,CNOT6,0.77,Negative,miRNA-mRNA interaction,RNA,RNA
ENSG00000238517,ENSG00000147364,hsa-mir-1270,FBXO25,0.73,Negative,miRNA-mRNA interaction,RNA,RNA
ENSG00000238517,ENSG00000157542,hsa-mir-1270,KCNJ6,0.88,Negative,miRNA-mRNA interaction,RNA,RNA
ENSG00000238517,ENSG00000177570,hsa-mir-1270,SAMD12,0.87,Negative,miRNA-mRNA interaction,RNA,RNA
ENSG00000264566,ENSG00000061794,hsa-mir-23c,MRPS35,0.72,Negative,miRNA-mRNA interaction,RNA,RNA
ENSG00000264566,ENSG00000061918,hsa-mir-23c,GUCY1B1,0.83,Negative,miRNA-mRNA interaction,RNA,RNA
ENSG00000264566,ENSG00000065135,hsa-mir-23c,GNAI3,0.84,Negative,miRNA-mRNA interaction,RNA,RNA
ENSG00000264566,ENSG00000077097,hsa-mir-23c,TOP2B,0.87,Negative,miRNA-mRNA interaction,RNA,RNA
ENSG00000264566,ENSG00000082898,hsa-mir-23c,XPO1,0.94,Negative,miRNA-mRNA interaction,RNA,RNA
ENSG00000264566,ENSG00000108654,hsa-mir-23c,DDX5,0.98,Negative,miRNA-mRNA interaction,RNA,RNA
ENSG00000264566,ENSG00000109572,hsa-mir-23c,CLCN3,0.95,Negative,miRNA-mRNA interaction,RNA,RNA
ENSG00000264566,ENSG00000109787,hsa-mir-23c,KLF3,1,Negative,miRNA-mRNA interaction,RNA,RNA
ENSG00000264566,ENSG00000110693,hsa-mir-23c,SOX6,0.72,Negative,miRNA-mRNA interaction,RNA,RNA
ENSG00000264566,ENSG00000112144,hsa-mir-23c,CILK1,0.95,Negative,miRNA-mRNA interaction,RNA,RNA
ENSG00000264566,ENSG00000113742,hsa-mir-23c,CPEB4,0.95,Negative,miRNA-mRNA interaction,RNA,RNA
ENSG00000264566,ENSG00000114331,hsa-mir-23c,ACAP2,0.76,Negative,miRNA-mRNA interaction,RNA,RNA
ENSG00000264566,ENSG00000123908,hsa-mir-23c,AGO2,0.95,Negative,miRNA-mRNA interaction,RNA,RNA
ENSG00000264566,ENSG00000125812,hsa-mir-23c,GZF1,0.84,Negative,miRNA-mRNA interaction,RNA,RNA
ENSG00000264566,ENSG00000134684,hsa-mir-23c,YARS1,0.78,Negative,miRNA-mRNA interaction,RNA,RNA
ENSG00000264566,ENSG00000136842,hsa-mir-23c,TMOD1,0.88,Negative,miRNA-mRNA interaction,RNA,RNA
ENSG00000264566,ENSG00000143995,hsa-mir-23c,MEIS1,0.93,Negative,miRNA-mRNA interaction,RNA,RNA
ENSG00000264566,ENSG00000145012,hsa-mir-23c,LPP,0.94,Negative,miRNA-mRNA interaction,RNA,RNA
ENSG00000264566,ENSG00000151233,hsa-mir-23c,GXYLT1,0.93,Negative,miRNA-mRNA interaction,RNA,RNA
ENSG00000264566,ENSG00000155090,hsa-mir-23c,KLF10,0.8,Negative,miRNA-mRNA interaction,RNA,RNA
ENSG00000264566,ENSG00000159915,hsa-mir-23c,ZNF233,0.97,Negative,miRNA-mRNA interaction,RNA,RNA
ENSG00000264566,ENSG00000163349,hsa-mir-23c,HIPK1,0.73,Negative,miRNA-mRNA interaction,RNA,RNA
ENSG00000264566,ENSG00000163659,hsa-mir-23c,TIPARP,0.72,Negative,miRNA-mRNA interaction,RNA,RNA
ENSG00000264566,ENSG00000163660,hsa-mir-23c,CCNL1,0.9,Negative,miRNA-mRNA interaction,RNA,RNA
ENSG00000264566,ENSG00000164022,hsa-mir-23c,AIMP1,0.73,Negative,miRNA-mRNA interaction,RNA,RNA
ENSG00000264566,ENSG00000165929,hsa-mir-23c,TC2N,0.86,Negative,miRNA-mRNA interaction,RNA,RNA
ENSG00000264566,ENSG00000173273,hsa-mir-23c,TNKS,0.71,Negative,miRNA-mRNA interaction,RNA,RNA
ENSG00000264566,ENSG00000175130,hsa-mir-23c,MARCKSL1,0.95,Negative,miRNA-mRNA interaction,RNA,RNA
ENSG00000264566,ENSG00000179195,hsa-mir-23c,ZNF664,0.77,Negative,miRNA-mRNA interaction,RNA,RNA
ENSG00000264566,ENSG00000180398,hsa-mir-23c,MCFD2,0.97,Negative,miRNA-mRNA interaction,RNA,RNA
ENSG00000264566,ENSG00000182141,hsa-mir-23c,ZNF708,0.96,Negative,miRNA-mRNA interaction,RNA,RNA
ENSG00000264566,ENSG00000183530,hsa-mir-23c,PRR14L,0.92,Negative,miRNA-mRNA interaction,RNA,RNA
ENSG00000264566,ENSG00000184007,hsa-mir-23c,PTP4A2,0.86,Negative,miRNA-mRNA interaction,RNA,RNA
ENSG00000264566,ENSG00000186300,hsa-mir-23c,ZNF555,0.85,Negative,miRNA-mRNA interaction,RNA,RNA
ENSG00000264566,ENSG00000186310,hsa-mir-23c,NAP1L3,0.81,Negative,miRNA-mRNA interaction,RNA,RNA
ENSG00000264566,ENSG00000187742,hsa-mir-23c,SECISBP2,0.78,Negative,miRNA-mRNA interaction,RNA,RNA
ENSG00000264566,ENSG00000196268,hsa-mir-23c,ZNF493,0.97,Negative,miRNA-mRNA interaction,RNA,RNA
ENSG00000264566,ENSG00000196705,hsa-mir-23c,ZNF431,0.94,Negative,miRNA-mRNA interaction,RNA,RNA
ENSG00000264566,ENSG00000197020,hsa-mir-23c,ZNF100,0.93,Negative,miRNA-mRNA interaction,RNA,RNA
ENSG00000264566,ENSG00000198900,hsa-mir-23c,TOP1,0.99,Negative,miRNA-mRNA interaction,RNA,RNA
ENSG00000264566,ENSG00000198961,hsa-mir-23c,PJA2,0.85,Negative,miRNA-mRNA interaction,RNA,RNA
ENSG00000264566,ENSG00000204186,hsa-mir-23c,ZDBF2,0.89,Negative,miRNA-mRNA interaction,RNA,RNA
ENSG00000264566,ENSG00000205268,hsa-mir-23c,PDE7A,1,Negative,miRNA-mRNA interaction,RNA,RNA
ENSG00000264566,ENSG00000257315,hsa-mir-23c,ZBED6,0.87,Negative,miRNA-mRNA interaction,RNA,RNA
ENSG00000264566,ENSG00000285130,hsa-mir-23c,ENSG00000285130,0.86,Negative,miRNA-mRNA interaction,RNA,RNA
ENSG00000264926,ENSG00000069329,hsa-mir-378f,VPS35,0.89,Negative,miRNA-mRNA interaction,RNA,RNA
ENSG00000264926,ENSG00000102221,hsa-mir-378f,JADE3,0.97,Negative,miRNA-mRNA interaction,RNA,RNA
ENSG00000264926,ENSG00000110422,hsa-mir-378f,HIPK3,0.75,Negative,miRNA-mRNA interaction,RNA,RNA
ENSG00000264926,ENSG00000117984,hsa-mir-378f,CTSD,0.83,Negative,miRNA-mRNA interaction,RNA,RNA
ENSG00000264926,ENSG00000140443,hsa-mir-378f,IGF1R,0.88,Negative,miRNA-mRNA interaction,RNA,RNA
ENSG00000264926,ENSG00000153944,hsa-mir-378f,MSI2,0.96,Negative,miRNA-mRNA interaction,RNA,RNA
ENSG00000264926,ENSG00000182752,hsa-mir-378f,PAPPA,0.77,Negative,miRNA-mRNA interaction,RNA,RNA
ENSG00000202566,ENSG00000108256,hsa-mir-421,NUFIP2,0.82,Negative,miRNA-mRNA interaction,RNA,RNA
ENSG00000202566,ENSG00000109436,hsa-mir-421,TBC1D9,0.72,Negative,miRNA-mRNA interaction,RNA,RNA
ENSG00000202566,ENSG00000118985,hsa-mir-421,ELL2,0.87,Negative,miRNA-mRNA interaction,RNA,RNA
ENSG00000202566,ENSG00000135974,hsa-mir-421,C2orf49,0.74,Negative,miRNA-mRNA interaction,RNA,RNA
ENSG00000202566,ENSG00000149289,hsa-mir-421,ZC3H12C,0.8,Negative,miRNA-mRNA interaction,RNA,RNA
ENSG00000202566,ENSG00000205189,hsa-mir-421,ZBTB10,0.71,Negative,miRNA-mRNA interaction,RNA,RNA
ENSG00000198976,ENSG00000006459,hsa-mir-429,KDM7A,1,Negative,miRNA-mRNA interaction,RNA,RNA
ENSG00000198976,ENSG00000023516,hsa-mir-429,AKAP11,0.74,Negative,miRNA-mRNA interaction,RNA,RNA
ENSG00000198976,ENSG00000035862,hsa-mir-429,TIMP2,1,Negative,miRNA-mRNA interaction,RNA,RNA
ENSG00000198976,ENSG00000037637,hsa-mir-429,FBXO42,0.78,Negative,miRNA-mRNA interaction,RNA,RNA
ENSG00000198976,ENSG00000048649,hsa-mir-429,RSF1,0.73,Negative,miRNA-mRNA interaction,RNA,RNA
ENSG00000198976,ENSG00000054219,hsa-mir-429,LY75,0.79,Negative,miRNA-mRNA interaction,RNA,RNA
ENSG00000198976,ENSG00000055609,hsa-mir-429,KMT2C,0.86,Negative,miRNA-mRNA interaction,RNA,RNA
ENSG00000198976,ENSG00000062650,hsa-mir-429,WAPL,1,Negative,miRNA-mRNA interaction,RNA,RNA
ENSG00000198976,ENSG00000074695,hsa-mir-429,LMAN1,0.91,Negative,miRNA-mRNA interaction,RNA,RNA
ENSG00000198976,ENSG00000086666,hsa-mir-429,ZFAND6,0.99,Negative,miRNA-mRNA interaction,RNA,RNA
ENSG00000198976,ENSG00000100034,hsa-mir-429,PPM1F,0.93,Negative,miRNA-mRNA interaction,RNA,RNA
ENSG00000198976,ENSG00000101367,hsa-mir-429,MAPRE1,1,Negative,miRNA-mRNA interaction,RNA,RNA
ENSG00000198976,ENSG00000104064,hsa-mir-429,GABPB1,0.76,Negative,miRNA-mRNA interaction,RNA,RNA
ENSG00000198976,ENSG00000106665,hsa-mir-429,CLIP2,0.83,Negative,miRNA-mRNA interaction,RNA,RNA
ENSG00000198976,ENSG00000109133,hsa-mir-429,TMEM33,0.95,Negative,miRNA-mRNA interaction,RNA,RNA
ENSG00000198976,ENSG00000110888,hsa-mir-429,CAPRIN2,0.96,Negative,miRNA-mRNA interaction,RNA,RNA
ENSG00000198976,ENSG00000111615,hsa-mir-429,KRR1,0.98,Negative,miRNA-mRNA interaction,RNA,RNA
ENSG00000198976,ENSG00000112379,hsa-mir-429,ARFGEF3,0.92,Negative,miRNA-mRNA interaction,RNA,RNA
ENSG00000198976,ENSG00000112531,hsa-mir-429,QKI,1,Negative,miRNA-mRNA interaction,RNA,RNA
ENSG00000198976,ENSG00000115216,hsa-mir-429,NRBP1,0.99,Negative,miRNA-mRNA interaction,RNA,RNA
ENSG00000198976,ENSG00000116833,hsa-mir-429,NR5A2,0.98,Negative,miRNA-mRNA interaction,RNA,RNA
ENSG00000198976,ENSG00000123908,hsa-mir-429,AGO2,0.98,Negative,miRNA-mRNA interaction,RNA,RNA
ENSG00000198976,ENSG00000124486,hsa-mir-429,USP9X,0.86,Negative,miRNA-mRNA interaction,RNA,RNA
ENSG00000198976,ENSG00000128512,hsa-mir-429,DOCK4,0.99,Negative,miRNA-mRNA interaction,RNA,RNA
ENSG00000198976,ENSG00000130749,hsa-mir-429,ZC3H4,0.92,Negative,miRNA-mRNA interaction,RNA,RNA
ENSG00000198976,ENSG00000131626,hsa-mir-429,PPFIA1,0.95,Negative,miRNA-mRNA interaction,RNA,RNA
ENSG00000198976,ENSG00000137693,hsa-mir-429,YAP1,0.8,Negative,miRNA-mRNA interaction,RNA,RNA
ENSG00000198976,ENSG00000141582,hsa-mir-429,CBX4,0.88,Negative,miRNA-mRNA interaction,RNA,RNA
ENSG00000198976,ENSG00000142875,hsa-mir-429,PRKACB,0.79,Negative,miRNA-mRNA interaction,RNA,RNA
ENSG00000198976,ENSG00000153814,hsa-mir-429,JAZF1,1,Negative,miRNA-mRNA interaction,RNA,RNA
ENSG00000198976,ENSG00000154001,hsa-mir-429,PPP2R5E,0.97,Negative,miRNA-mRNA interaction,RNA,RNA
ENSG00000198976,ENSG00000155304,hsa-mir-429,HSPA13,0.9,Negative,miRNA-mRNA interaction,RNA,RNA
ENSG00000198976,ENSG00000163930,hsa-mir-429,BAP1,0.99,Negative,miRNA-mRNA interaction,RNA,RNA
ENSG00000198976,ENSG00000165338,hsa-mir-429,HECTD2,0.97,Negative,miRNA-mRNA interaction,RNA,RNA
ENSG00000198976,ENSG00000165389,hsa-mir-429,SPTSSA,0.82,Negative,miRNA-mRNA interaction,RNA,RNA
ENSG00000198976,ENSG00000166847,hsa-mir-429,DCTN5,0.72,Negative,miRNA-mRNA interaction,RNA,RNA
ENSG00000198976,ENSG00000170275,hsa-mir-429,CRTAP,1,Negative,miRNA-mRNA interaction,RNA,RNA
ENSG00000198976,ENSG00000170881,hsa-mir-429,RNF139,0.77,Negative,miRNA-mRNA interaction,RNA,RNA
ENSG00000198976,ENSG00000171033,hsa-mir-429,PKIA,0.9,Negative,miRNA-mRNA interaction,RNA,RNA
ENSG00000198976,ENSG00000173575,hsa-mir-429,CHD2,0.78,Negative,miRNA-mRNA interaction,RNA,RNA
ENSG00000198976,ENSG00000173889,hsa-mir-429,PHC3,0.86,Negative,miRNA-mRNA interaction,RNA,RNA
ENSG00000198976,ENSG00000182836,hsa-mir-429,PLCXD3,0.87,Negative,miRNA-mRNA interaction,RNA,RNA
ENSG00000198976,ENSG00000188994,hsa-mir-429,ZNF292,0.92,Negative,miRNA-mRNA interaction,RNA,RNA
ENSG00000198976,ENSG00000197969,hsa-mir-429,VPS13A,0.84,Negative,miRNA-mRNA interaction,RNA,RNA
ENSG00000198976,ENSG00000204217,hsa-mir-429,BMPR2,0.73,Negative,miRNA-mRNA interaction,RNA,RNA
ENSG00000198976,ENSG00000257315,hsa-mir-429,ZBED6,0.88,Negative,miRNA-mRNA interaction,RNA,RNA
ENSG00000265822,ENSG00000004864,hsa-mir-4422,SLC25A13,0.77,Negative,miRNA-mRNA interaction,RNA,RNA
ENSG00000265822,ENSG00000069667,hsa-mir-4422,RORA,0.99,Negative,miRNA-mRNA interaction,RNA,RNA
ENSG00000265822,ENSG00000100320,hsa-mir-4422,RBFOX2,0.85,Negative,miRNA-mRNA interaction,RNA,RNA
ENSG00000265822,ENSG00000103642,hsa-mir-4422,LACTB,0.8,Negative,miRNA-mRNA interaction,RNA,RNA
ENSG00000265822,ENSG00000115524,hsa-mir-4422,SF3B1,0.99,Negative,miRNA-mRNA interaction,RNA,RNA
ENSG00000265822,ENSG00000119402,hsa-mir-4422,FBXW2,0.82,Negative,miRNA-mRNA interaction,RNA,RNA
ENSG00000265822,ENSG00000123124,hsa-mir-4422,WWP1,0.84,Negative,miRNA-mRNA interaction,RNA,RNA
ENSG00000265822,ENSG00000143469,hsa-mir-4422,SYT14,0.83,Negative,miRNA-mRNA interaction,RNA,RNA
ENSG00000265822,ENSG00000143776,hsa-mir-4422,CDC42BPA,0.87,Negative,miRNA-mRNA interaction,RNA,RNA
ENSG00000265822,ENSG00000177200,hsa-mir-4422,CHD9,0.76,Negative,miRNA-mRNA interaction,RNA,RNA
ENSG00000265822,ENSG00000185009,hsa-mir-4422,AP3M1,0.92,Negative,miRNA-mRNA interaction,RNA,RNA
ENSG00000265822,ENSG00000197461,hsa-mir-4422,PDGFA,0.8,Negative,miRNA-mRNA interaction,RNA,RNA
ENSG00000264477,ENSG00000049192,hsa-mir-5682,ADAMTS6,0.82,Negative,miRNA-mRNA interaction,RNA,RNA
ENSG00000264477,ENSG00000075413,hsa-mir-5682,MARK3,0.91,Negative,miRNA-mRNA interaction,RNA,RNA
ENSG00000264477,ENSG00000083642,hsa-mir-5682,PDS5B,0.97,Negative,miRNA-mRNA interaction,RNA,RNA
ENSG00000264477,ENSG00000104131,hsa-mir-5682,EIF3J,1,Negative,miRNA-mRNA interaction,RNA,RNA
ENSG00000264477,ENSG00000104435,hsa-mir-5682,STMN2,0.93,Negative,miRNA-mRNA interaction,RNA,RNA
ENSG00000264477,ENSG00000108468,hsa-mir-5682,CBX1,0.91,Negative,miRNA-mRNA interaction,RNA,RNA
ENSG00000264477,ENSG00000108821,hsa-mir-5682,COL1A1,1,Negative,miRNA-mRNA interaction,RNA,RNA
ENSG00000264477,ENSG00000112182,hsa-mir-5682,BACH2,0.84,Negative,miRNA-mRNA interaction,RNA,RNA
ENSG00000264477,ENSG00000133247,hsa-mir-5682,KMT5C,0.82,Negative,miRNA-mRNA interaction,RNA,RNA
ENSG00000264477,ENSG00000134531,hsa-mir-5682,EMP1,0.87,Negative,miRNA-mRNA interaction,RNA,RNA
ENSG00000264477,ENSG00000138759,hsa-mir-5682,FRAS1,0.72,Negative,miRNA-mRNA interaction,RNA,RNA
ENSG00000264477,ENSG00000145416,hsa-mir-5682,MARCHF1,0.8,Negative,miRNA-mRNA interaction,RNA,RNA
ENSG00000264477,ENSG00000156103,hsa-mir-5682,MMP16,0.89,Negative,miRNA-mRNA interaction,RNA,RNA
ENSG00000264477,ENSG00000157654,hsa-mir-5682,PALM2AKAP2,0.81,Negative,miRNA-mRNA interaction,RNA,RNA
ENSG00000264477,ENSG00000163359,hsa-mir-5682,COL6A3,0.98,Negative,miRNA-mRNA interaction,RNA,RNA
ENSG00000264477,ENSG00000164199,hsa-mir-5682,ADGRV1,0.72,Negative,miRNA-mRNA interaction,RNA,RNA
ENSG00000264477,ENSG00000164305,hsa-mir-5682,CASP3,0.85,Negative,miRNA-mRNA interaction,RNA,RNA
ENSG00000264477,ENSG00000164327,hsa-mir-5682,RICTOR,0.95,Negative,miRNA-mRNA interaction,RNA,RNA
ENSG00000264477,ENSG00000164692,hsa-mir-5682,COL1A2,1,Negative,miRNA-mRNA interaction,RNA,RNA
ENSG00000264477,ENSG00000165671,hsa-mir-5682,NSD1,0.96,Negative,miRNA-mRNA interaction,RNA,RNA
ENSG00000264477,ENSG00000169855,hsa-mir-5682,ROBO1,0.73,Negative,miRNA-mRNA interaction,RNA,RNA
ENSG00000264477,ENSG00000170743,hsa-mir-5682,SYT9,0.99,Negative,miRNA-mRNA interaction,RNA,RNA
ENSG00000264477,ENSG00000185619,hsa-mir-5682,PCGF3,0.77,Negative,miRNA-mRNA interaction,RNA,RNA
ENSG00000264477,ENSG00000187605,hsa-mir-5682,TET3,0.89,Negative,miRNA-mRNA interaction,RNA,RNA
ENSG00000264477,ENSG00000188529,hsa-mir-5682,SRSF10,0.75,Negative,miRNA-mRNA interaction,RNA,RNA
ENSG00000264477,ENSG00000204970,hsa-mir-5682,PCDHA1,0.73,Negative,miRNA-mRNA interaction,RNA,RNA
ENSG00000264477,ENSG00000251664,hsa-mir-5682,PCDHA12,0.96,Negative,miRNA-mRNA interaction,RNA,RNA
ENSG00000276158,ENSG00000072803,hsa-mir-1264,FBXW11,0.81,Negative,miRNA-mRNA interaction,RNA,RNA
ENSG00000276158,ENSG00000135655,hsa-mir-1264,USP15,0.86,Negative,miRNA-mRNA interaction,RNA,RNA
ENSG00000276158,ENSG00000184203,hsa-mir-1264,PPP1R2,0.92,Negative,miRNA-mRNA interaction,RNA,RNA
ENSG00000276158,ENSG00000187231,hsa-mir-1264,SESTD1,0.84,Negative,miRNA-mRNA interaction,RNA,RNA
ENSG00000199080,ENSG00000106278,hsa-mir-133b,PTPRZ1,1,Negative,miRNA-mRNA interaction,RNA,RNA
ENSG00000199080,ENSG00000114573,hsa-mir-133b,ATP6V1A,0.72,Negative,miRNA-mRNA interaction,RNA,RNA
ENSG00000199080,ENSG00000157103,hsa-mir-133b,SLC6A1,1,Negative,miRNA-mRNA interaction,RNA,RNA
ENSG00000199080,ENSG00000164070,hsa-mir-133b,HSPA4L,0.75,Negative,miRNA-mRNA interaction,RNA,RNA
ENSG00000202566,ENSG00000108443,hsa-mir-421,RPS6KB1,0.87,Negative,miRNA-mRNA interaction,RNA,RNA
ENSG00000202566,ENSG00000142875,hsa-mir-421,PRKACB,0.79,Negative,miRNA-mRNA interaction,RNA,RNA
ENSG00000202566,ENSG00000159164,hsa-mir-421,SV2A,0.89,Negative,miRNA-mRNA interaction,RNA,RNA
ENSG00000202566,ENSG00000160584,hsa-mir-421,SIK3,0.88,Negative,miRNA-mRNA interaction,RNA,RNA
ENSG00000202566,ENSG00000165322,hsa-mir-421,ARHGAP12,0.74,Negative,miRNA-mRNA interaction,RNA,RNA
ENSG00000202566,ENSG00000175161,hsa-mir-421,CADM2,0.9,Negative,miRNA-mRNA interaction,RNA,RNA
ENSG00000202566,ENSG00000196792,hsa-mir-421,STRN3,0.97,Negative,miRNA-mRNA interaction,RNA,RNA
ENSG00000265822,ENSG00000046653,hsa-mir-4422,GPM6B,0.89,Negative,miRNA-mRNA interaction,RNA,RNA
ENSG00000265822,ENSG00000073921,hsa-mir-4422,PICALM,0.88,Negative,miRNA-mRNA interaction,RNA,RNA
ENSG00000265822,ENSG00000109270,hsa-mir-4422,LAMTOR3,0.76,Negative,miRNA-mRNA interaction,RNA,RNA
ENSG00000265822,ENSG00000110048,hsa-mir-4422,OSBP,0.92,Negative,miRNA-mRNA interaction,RNA,RNA
ENSG00000265822,ENSG00000122966,hsa-mir-4422,CIT,0.71,Negative,miRNA-mRNA interaction,RNA,RNA
ENSG00000265822,ENSG00000125354,hsa-mir-4422,SEPTIN6,0.8,Negative,miRNA-mRNA interaction,RNA,RNA
ENSG00000265822,ENSG00000163104,hsa-mir-4422,SMARCAD1,0.92,Negative,miRNA-mRNA interaction,RNA,RNA
ENSG00000265822,ENSG00000166200,hsa-mir-4422,COPS2,0.93,Negative,miRNA-mRNA interaction,RNA,RNA
ENSG00000265822,ENSG00000166501,hsa-mir-4422,PRKCB,0.92,Negative,miRNA-mRNA interaction,RNA,RNA
ENSG00000265822,ENSG00000170248,hsa-mir-4422,PDCD6IP,0.77,Negative,miRNA-mRNA interaction,RNA,RNA
ENSG00000265822,ENSG00000186487,hsa-mir-4422,MYT1L,1,Negative,miRNA-mRNA interaction,RNA,RNA
ENSG00000265822,ENSG00000205189,hsa-mir-4422,ZBTB10,0.86,Negative,miRNA-mRNA interaction,RNA,RNA
ENSG00000207692,ENSG00000067900,hsa-mir-592,ROCK1,1,Negative,miRNA-mRNA interaction,RNA,RNA
ENSG00000207692,ENSG00000112081,hsa-mir-592,SRSF3,0.98,Negative,miRNA-mRNA interaction,RNA,RNA
ENSG00000207692,ENSG00000113013,hsa-mir-592,HSPA9,0.8,Negative,miRNA-mRNA interaction,RNA,RNA
ENSG00000207692,ENSG00000114948,hsa-mir-592,ADAM23,0.9,Negative,miRNA-mRNA interaction,RNA,RNA
ENSG00000207692,ENSG00000138430,hsa-mir-592,OLA1,0.87,Negative,miRNA-mRNA interaction,RNA,RNA
ENSG00000207692,ENSG00000171016,hsa-mir-592,PYGO1,0.87,Negative,miRNA-mRNA interaction,RNA,RNA
ENSG00000207692,ENSG00000198947,hsa-mir-592,DMD,0.75,Negative,miRNA-mRNA interaction,RNA,RNA
ENSG00000216191,ENSG00000033800,hsa-mir-8485,PIAS1,0.98,Negative,miRNA-mRNA interaction,RNA,RNA
ENSG00000216191,ENSG00000087095,hsa-mir-8485,NLK,0.94,Negative,miRNA-mRNA interaction,RNA,RNA
ENSG00000216191,ENSG00000105835,hsa-mir-8485,NAMPT,0.94,Negative,miRNA-mRNA interaction,RNA,RNA
ENSG00000216191,ENSG00000107295,hsa-mir-8485,SH3GL2,0.89,Negative,miRNA-mRNA interaction,RNA,RNA
ENSG00000216191,ENSG00000116604,hsa-mir-8485,MEF2D,0.85,Negative,miRNA-mRNA interaction,RNA,RNA
ENSG00000216191,ENSG00000134769,hsa-mir-8485,DTNA,1,Negative,miRNA-mRNA interaction,RNA,RNA
ENSG00000216191,ENSG00000141425,hsa-mir-8485,RPRD1A,0.8,Negative,miRNA-mRNA interaction,RNA,RNA
ENSG00000216191,ENSG00000145990,hsa-mir-8485,GFOD1,0.83,Negative,miRNA-mRNA interaction,RNA,RNA
ENSG00000216191,ENSG00000146950,hsa-mir-8485,SHROOM2,0.9,Negative,miRNA-mRNA interaction,RNA,RNA
ENSG00000216191,ENSG00000151292,hsa-mir-8485,CSNK1G3,0.83,Negative,miRNA-mRNA interaction,RNA,RNA
ENSG00000216191,ENSG00000168172,hsa-mir-8485,HOOK3,0.81,Negative,miRNA-mRNA interaction,RNA,RNA
ENSG00000216191,ENSG00000170500,hsa-mir-8485,LONRF2,0.79,Negative,miRNA-mRNA interaction,RNA,RNA
ENSG00000216191,ENSG00000171951,hsa-mir-8485,SCG2,0.89,Negative,miRNA-mRNA interaction,RNA,RNA
ENSG00000216191,ENSG00000176055,hsa-mir-8485,MBLAC2,0.77,Negative,miRNA-mRNA interaction,RNA,RNA
ENSG00000216191,ENSG00000186487,hsa-mir-8485,MYT1L,0.82,Negative,miRNA-mRNA interaction,RNA,RNA
ENSG00000216191,ENSG00000204314,hsa-mir-8485,PRRT1,0.89,Negative,miRNA-mRNA interaction,RNA,RNA
ENSG00000284583,ENSG00000034713,hsa-mir-935,GABARAPL2,0.97,Negative,miRNA-mRNA interaction,RNA,RNA
ENSG00000284346,ENSG00000176871,hsa-mir-940,WSB2,0.74,Negative,miRNA-mRNA interaction,RNA,RNA
ENSG00000199080,ENSG00000109846,hsa-mir-133b,CRYAB,0.84,Negative,miRNA-mRNA interaction,RNA,RNA
ENSG00000199080,ENSG00000131016,hsa-mir-133b,AKAP12,0.74,Negative,miRNA-mRNA interaction,RNA,RNA
ENSG00000199080,ENSG00000136531,hsa-mir-133b,SCN2A,0.83,Negative,miRNA-mRNA interaction,RNA,RNA
ENSG00000199080,ENSG00000150625,hsa-mir-133b,GPM6A,0.98,Negative,miRNA-mRNA interaction,RNA,RNA
ENSG00000199080,ENSG00000183023,hsa-mir-133b,SLC8A1,0.91,Negative,miRNA-mRNA interaction,RNA,RNA
ENSG00000199080,ENSG00000186260,hsa-mir-133b,MRTFB,0.72,Negative,miRNA-mRNA interaction,RNA,RNA
ENSG00000284442,ENSG00000115540,hsa-mir-2110,MOB4,0.9,Negative,miRNA-mRNA interaction,RNA,RNA
ENSG00000284442,ENSG00000138443,hsa-mir-2110,ABI2,0.99,Negative,miRNA-mRNA interaction,RNA,RNA
ENSG00000284442,ENSG00000157087,hsa-mir-2110,ATP2B2,0.8,Negative,miRNA-mRNA interaction,RNA,RNA
ENSG00000284442,ENSG00000166963,hsa-mir-2110,MAP1A,0.8,Negative,miRNA-mRNA interaction,RNA,RNA
ENSG00000202566,ENSG00000029363,hsa-mir-421,BCLAF1,0.9,Negative,miRNA-mRNA interaction,RNA,RNA
ENSG00000202566,ENSG00000062725,hsa-mir-421,APPBP2,0.73,Negative,miRNA-mRNA interaction,RNA,RNA
ENSG00000202566,ENSG00000072364,hsa-mir-421,AFF4,1,Negative,miRNA-mRNA interaction,RNA,RNA
ENSG00000202566,ENSG00000111860,hsa-mir-421,CEP85L,0.76,Negative,miRNA-mRNA interaction,RNA,RNA
ENSG00000202566,ENSG00000118518,hsa-mir-421,RNF146,0.93,Negative,miRNA-mRNA interaction,RNA,RNA
ENSG00000202566,ENSG00000118946,hsa-mir-421,PCDH17,0.98,Negative,miRNA-mRNA interaction,RNA,RNA
ENSG00000202566,ENSG00000196104,hsa-mir-421,SPOCK3,0.8,Negative,miRNA-mRNA interaction,RNA,RNA
ENSG00000266107,ENSG00000220205,hsa-mir-4525,VAMP2,0.98,Negative,miRNA-mRNA interaction,RNA,RNA
ENSG00000207692,ENSG00000149212,hsa-mir-592,SESN3,0.73,Negative,miRNA-mRNA interaction,RNA,RNA
ENSG00000207692,ENSG00000151150,hsa-mir-592,ANK3,0.72,Negative,miRNA-mRNA interaction,RNA,RNA
ENSG00000207692,ENSG00000151914,hsa-mir-592,DST,0.79,Negative,miRNA-mRNA interaction,RNA,RNA
ENSG00000207692,ENSG00000184226,hsa-mir-592,PCDH9,0.89,Negative,miRNA-mRNA interaction,RNA,RNA
ENSG00000284583,ENSG00000138443,hsa-mir-935,ABI2,0.84,Negative,miRNA-mRNA interaction,RNA,RNA
ENSG00000283203,ENSG00000104177,hsa-mir-1246,MYEF2,0.75,Negative,miRNA-mRNA interaction,RNA,RNA
ENSG00000283203,ENSG00000111052,hsa-mir-1246,LIN7A,0.9,Negative,miRNA-mRNA interaction,RNA,RNA
ENSG00000283203,ENSG00000141252,hsa-mir-1246,VPS53,0.87,Negative,miRNA-mRNA interaction,RNA,RNA
ENSG00000283203,ENSG00000145495,hsa-mir-1246,MARCHF6,0.8,Negative,miRNA-mRNA interaction,RNA,RNA
ENSG00000283203,ENSG00000148143,hsa-mir-1246,ZNF462,1,Negative,miRNA-mRNA interaction,RNA,RNA
ENSG00000283203,ENSG00000154654,hsa-mir-1246,NCAM2,0.8,Negative,miRNA-mRNA interaction,RNA,RNA
ENSG00000283203,ENSG00000168813,hsa-mir-1246,ZNF507,0.78,Negative,miRNA-mRNA interaction,RNA,RNA
ENSG00000283203,ENSG00000169018,hsa-mir-1246,FEM1B,0.77,Negative,miRNA-mRNA interaction,RNA,RNA
ENSG00000283203,ENSG00000171843,hsa-mir-1246,MLLT3,0.8,Negative,miRNA-mRNA interaction,RNA,RNA
ENSG00000283203,ENSG00000173517,hsa-mir-1246,PEAK1,0.91,Negative,miRNA-mRNA interaction,RNA,RNA
ENSG00000283203,ENSG00000187079,hsa-mir-1246,TEAD1,0.9,Negative,miRNA-mRNA interaction,RNA,RNA
ENSG00000276158,ENSG00000006432,hsa-mir-1264,MAP3K9,0.71,Negative,miRNA-mRNA interaction,RNA,RNA
ENSG00000276158,ENSG00000017260,hsa-mir-1264,ATP2C1,0.99,Negative,miRNA-mRNA interaction,RNA,RNA
ENSG00000276158,ENSG00000054523,hsa-mir-1264,KIF1B,0.73,Negative,miRNA-mRNA interaction,RNA,RNA
ENSG00000276158,ENSG00000087008,hsa-mir-1264,ACOX3,0.74,Negative,miRNA-mRNA interaction,RNA,RNA
ENSG00000276158,ENSG00000091656,hsa-mir-1264,ZFHX4,0.95,Negative,miRNA-mRNA interaction,RNA,RNA
ENSG00000276158,ENSG00000102781,hsa-mir-1264,KATNAL1,0.83,Negative,miRNA-mRNA interaction,RNA,RNA
ENSG00000276158,ENSG00000104290,hsa-mir-1264,FZD3,0.92,Negative,miRNA-mRNA interaction,RNA,RNA
ENSG00000276158,ENSG00000106278,hsa-mir-1264,PTPRZ1,0.75,Negative,miRNA-mRNA interaction,RNA,RNA
ENSG00000276158,ENSG00000108256,hsa-mir-1264,NUFIP2,0.93,Negative,miRNA-mRNA interaction,RNA,RNA
ENSG00000276158,ENSG00000109158,hsa-mir-1264,GABRA4,0.77,Negative,miRNA-mRNA interaction,RNA,RNA
ENSG00000276158,ENSG00000110367,hsa-mir-1264,DDX6,0.86,Negative,miRNA-mRNA interaction,RNA,RNA
ENSG00000276158,ENSG00000110422,hsa-mir-1264,HIPK3,0.97,Negative,miRNA-mRNA interaction,RNA,RNA
ENSG00000276158,ENSG00000111605,hsa-mir-1264,CPSF6,0.79,Negative,miRNA-mRNA interaction,RNA,RNA
ENSG00000276158,ENSG00000114019,hsa-mir-1264,AMOTL2,0.76,Negative,miRNA-mRNA interaction,RNA,RNA
ENSG00000276158,ENSG00000115020,hsa-mir-1264,PIKFYVE,0.82,Negative,miRNA-mRNA interaction,RNA,RNA
ENSG00000276158,ENSG00000115524,hsa-mir-1264,SF3B1,0.72,Negative,miRNA-mRNA interaction,RNA,RNA
ENSG00000276158,ENSG00000115760,hsa-mir-1264,BIRC6,0.84,Negative,miRNA-mRNA interaction,RNA,RNA
ENSG00000276158,ENSG00000116580,hsa-mir-1264,GON4L,0.71,Negative,miRNA-mRNA interaction,RNA,RNA
ENSG00000276158,ENSG00000118200,hsa-mir-1264,CAMSAP2,0.92,Negative,miRNA-mRNA interaction,RNA,RNA
ENSG00000276158,ENSG00000119138,hsa-mir-1264,KLF9,0.71,Negative,miRNA-mRNA interaction,RNA,RNA
ENSG00000276158,ENSG00000124177,hsa-mir-1264,CHD6,0.71,Negative,miRNA-mRNA interaction,RNA,RNA
ENSG00000276158,ENSG00000126947,hsa-mir-1264,ARMCX1,0.76,Negative,miRNA-mRNA interaction,RNA,RNA
ENSG00000276158,ENSG00000134769,hsa-mir-1264,DTNA,0.75,Negative,miRNA-mRNA interaction,RNA,RNA
ENSG00000276158,ENSG00000135316,hsa-mir-1264,SYNCRIP,0.95,Negative,miRNA-mRNA interaction,RNA,RNA
ENSG00000276158,ENSG00000135341,hsa-mir-1264,MAP3K7,0.84,Negative,miRNA-mRNA interaction,RNA,RNA
ENSG00000276158,ENSG00000143190,hsa-mir-1264,POU2F1,0.72,Negative,miRNA-mRNA interaction,RNA,RNA
ENSG00000276158,ENSG00000151914,hsa-mir-1264,DST,0.77,Negative,miRNA-mRNA interaction,RNA,RNA
ENSG00000276158,ENSG00000153207,hsa-mir-1264,AHCTF1,0.94,Negative,miRNA-mRNA interaction,RNA,RNA
ENSG00000276158,ENSG00000153310,hsa-mir-1264,CYRIB,0.97,Negative,miRNA-mRNA interaction,RNA,RNA
ENSG00000276158,ENSG00000157741,hsa-mir-1264,UBN2,0.91,Negative,miRNA-mRNA interaction,RNA,RNA
ENSG00000276158,ENSG00000158258,hsa-mir-1264,CLSTN2,0.81,Negative,miRNA-mRNA interaction,RNA,RNA
ENSG00000276158,ENSG00000165288,hsa-mir-1264,BRWD3,0.79,Negative,miRNA-mRNA interaction,RNA,RNA
ENSG00000276158,ENSG00000165322,hsa-mir-1264,ARHGAP12,0.75,Negative,miRNA-mRNA interaction,RNA,RNA
ENSG00000276158,ENSG00000166147,hsa-mir-1264,FBN1,0.86,Negative,miRNA-mRNA interaction,RNA,RNA
ENSG00000276158,ENSG00000166326,hsa-mir-1264,TRIM44,0.86,Negative,miRNA-mRNA interaction,RNA,RNA
ENSG00000276158,ENSG00000166734,hsa-mir-1264,GOLM2,0.9,Negative,miRNA-mRNA interaction,RNA,RNA
ENSG00000276158,ENSG00000168300,hsa-mir-1264,PCMTD1,0.84,Negative,miRNA-mRNA interaction,RNA,RNA
ENSG00000276158,ENSG00000176142,hsa-mir-1264,TMEM39A,0.71,Negative,miRNA-mRNA interaction,RNA,RNA
ENSG00000276158,ENSG00000189195,hsa-mir-1264,BTBD8,0.81,Negative,miRNA-mRNA interaction,RNA,RNA
ENSG00000276158,ENSG00000198176,hsa-mir-1264,TFDP1,0.72,Negative,miRNA-mRNA interaction,RNA,RNA
ENSG00000276158,ENSG00000198862,hsa-mir-1264,LTN1,0.84,Negative,miRNA-mRNA interaction,RNA,RNA
ENSG00000221563,ENSG00000091428,hsa-mir-1269a,RAPGEF4,0.74,Negative,miRNA-mRNA interaction,RNA,RNA
ENSG00000221563,ENSG00000101109,hsa-mir-1269a,STK4,0.84,Negative,miRNA-mRNA interaction,RNA,RNA
ENSG00000221563,ENSG00000102908,hsa-mir-1269a,NFAT5,0.74,Negative,miRNA-mRNA interaction,RNA,RNA
ENSG00000221563,ENSG00000108256,hsa-mir-1269a,NUFIP2,0.74,Negative,miRNA-mRNA interaction,RNA,RNA
ENSG00000221563,ENSG00000108848,hsa-mir-1269a,LUC7L3,0.85,Negative,miRNA-mRNA interaction,RNA,RNA
ENSG00000221563,ENSG00000111262,hsa-mir-1269a,KCNA1,0.81,Negative,miRNA-mRNA interaction,RNA,RNA
ENSG00000221563,ENSG00000115145,hsa-mir-1269a,STAM2,0.9,Negative,miRNA-mRNA interaction,RNA,RNA
ENSG00000221563,ENSG00000116539,hsa-mir-1269a,ASH1L,0.73,Negative,miRNA-mRNA interaction,RNA,RNA
ENSG00000221563,ENSG00000118473,hsa-mir-1269a,SGIP1,0.79,Negative,miRNA-mRNA interaction,RNA,RNA
ENSG00000221563,ENSG00000120063,hsa-mir-1269a,GNA13,0.83,Negative,miRNA-mRNA interaction,RNA,RNA
ENSG00000221563,ENSG00000131018,hsa-mir-1269a,SYNE1,0.73,Negative,miRNA-mRNA interaction,RNA,RNA
ENSG00000221563,ENSG00000135111,hsa-mir-1269a,TBX3,0.89,Negative,miRNA-mRNA interaction,RNA,RNA
ENSG00000221563,ENSG00000138592,hsa-mir-1269a,USP8,0.81,Negative,miRNA-mRNA interaction,RNA,RNA
ENSG00000221563,ENSG00000146592,hsa-mir-1269a,CREB5,0.78,Negative,miRNA-mRNA interaction,RNA,RNA
ENSG00000221563,ENSG00000153207,hsa-mir-1269a,AHCTF1,0.77,Negative,miRNA-mRNA interaction,RNA,RNA
ENSG00000221563,ENSG00000153944,hsa-mir-1269a,MSI2,0.89,Negative,miRNA-mRNA interaction,RNA,RNA
ENSG00000221563,ENSG00000157540,hsa-mir-1269a,DYRK1A,0.85,Negative,miRNA-mRNA interaction,RNA,RNA
ENSG00000221563,ENSG00000159131,hsa-mir-1269a,GART,0.78,Negative,miRNA-mRNA interaction,RNA,RNA
ENSG00000221563,ENSG00000164684,hsa-mir-1269a,ZNF704,0.75,Negative,miRNA-mRNA interaction,RNA,RNA
ENSG00000221563,ENSG00000167460,hsa-mir-1269a,TPM4,0.73,Negative,miRNA-mRNA interaction,RNA,RNA
ENSG00000221563,ENSG00000168118,hsa-mir-1269a,RAB4A,0.8,Negative,miRNA-mRNA interaction,RNA,RNA
ENSG00000221563,ENSG00000168813,hsa-mir-1269a,ZNF507,0.77,Negative,miRNA-mRNA interaction,RNA,RNA
ENSG00000221563,ENSG00000169306,hsa-mir-1269a,IL1RAPL1,0.79,Negative,miRNA-mRNA interaction,RNA,RNA
ENSG00000221563,ENSG00000169851,hsa-mir-1269a,PCDH7,0.83,Negative,miRNA-mRNA interaction,RNA,RNA
ENSG00000221563,ENSG00000172575,hsa-mir-1269a,RASGRP1,0.87,Negative,miRNA-mRNA interaction,RNA,RNA
ENSG00000221563,ENSG00000174106,hsa-mir-1269a,LEMD3,0.88,Negative,miRNA-mRNA interaction,RNA,RNA
ENSG00000221563,ENSG00000174738,hsa-mir-1269a,NR1D2,0.84,Negative,miRNA-mRNA interaction,RNA,RNA
ENSG00000221563,ENSG00000177565,hsa-mir-1269a,TBL1XR1,0.78,Negative,miRNA-mRNA interaction,RNA,RNA
ENSG00000221563,ENSG00000178662,hsa-mir-1269a,CSRNP3,0.86,Negative,miRNA-mRNA interaction,RNA,RNA
ENSG00000221563,ENSG00000198513,hsa-mir-1269a,ATL1,0.72,Negative,miRNA-mRNA interaction,RNA,RNA
ENSG00000221563,ENSG00000285708,hsa-mir-1269a,ENSG00000285708,0.73,Negative,miRNA-mRNA interaction,RNA,RNA
ENSG00000238517,ENSG00000030419,hsa-mir-1270,IKZF2,0.82,Negative,miRNA-mRNA interaction,RNA,RNA
ENSG00000238517,ENSG00000037637,hsa-mir-1270,FBXO42,0.81,Negative,miRNA-mRNA interaction,RNA,RNA
ENSG00000238517,ENSG00000049618,hsa-mir-1270,ARID1B,0.92,Negative,miRNA-mRNA interaction,RNA,RNA
ENSG00000238517,ENSG00000050438,hsa-mir-1270,SLC4A8,0.75,Negative,miRNA-mRNA interaction,RNA,RNA
ENSG00000238517,ENSG00000061987,hsa-mir-1270,MON2,0.94,Negative,miRNA-mRNA interaction,RNA,RNA
ENSG00000238517,ENSG00000066027,hsa-mir-1270,PPP2R5A,0.74,Negative,miRNA-mRNA interaction,RNA,RNA
ENSG00000238517,ENSG00000075391,hsa-mir-1270,RASAL2,0.96,Negative,miRNA-mRNA interaction,RNA,RNA
ENSG00000238517,ENSG00000078053,hsa-mir-1270,AMPH,0.78,Negative,miRNA-mRNA interaction,RNA,RNA
ENSG00000238517,ENSG00000090857,hsa-mir-1270,PDPR,0.79,Negative,miRNA-mRNA interaction,RNA,RNA
ENSG00000238517,ENSG00000103978,hsa-mir-1270,TMEM87A,0.72,Negative,miRNA-mRNA interaction,RNA,RNA
ENSG00000238517,ENSG00000106780,hsa-mir-1270,MEGF9,0.83,Negative,miRNA-mRNA interaction,RNA,RNA
ENSG00000238517,ENSG00000112796,hsa-mir-1270,ENPP5,0.81,Negative,miRNA-mRNA interaction,RNA,RNA
ENSG00000238517,ENSG00000116698,hsa-mir-1270,SMG7,0.78,Negative,miRNA-mRNA interaction,RNA,RNA
ENSG00000238517,ENSG00000126773,hsa-mir-1270,PCNX4,0.94,Negative,miRNA-mRNA interaction,RNA,RNA
ENSG00000238517,ENSG00000133030,hsa-mir-1270,MPRIP,0.73,Negative,miRNA-mRNA interaction,RNA,RNA
ENSG00000238517,ENSG00000135541,hsa-mir-1270,AHI1,0.72,Negative,miRNA-mRNA interaction,RNA,RNA
ENSG00000238517,ENSG00000136504,hsa-mir-1270,KAT7,0.71,Negative,miRNA-mRNA interaction,RNA,RNA
ENSG00000238517,ENSG00000138759,hsa-mir-1270,FRAS1,0.79,Negative,miRNA-mRNA interaction,RNA,RNA
ENSG00000238517,ENSG00000151150,hsa-mir-1270,ANK3,0.73,Negative,miRNA-mRNA interaction,RNA,RNA
ENSG00000238517,ENSG00000163625,hsa-mir-1270,WDFY3,0.85,Negative,miRNA-mRNA interaction,RNA,RNA
ENSG00000238517,ENSG00000166439,hsa-mir-1270,RNF169,0.81,Negative,miRNA-mRNA interaction,RNA,RNA
ENSG00000238517,ENSG00000169851,hsa-mir-1270,PCDH7,0.87,Negative,miRNA-mRNA interaction,RNA,RNA
ENSG00000238517,ENSG00000170921,hsa-mir-1270,TANC2,0.71,Negative,miRNA-mRNA interaction,RNA,RNA
ENSG00000238517,ENSG00000171316,hsa-mir-1270,CHD7,0.72,Negative,miRNA-mRNA interaction,RNA,RNA
ENSG00000238517,ENSG00000171604,hsa-mir-1270,CXXC5,0.74,Negative,miRNA-mRNA interaction,RNA,RNA
ENSG00000238517,ENSG00000172869,hsa-mir-1270,DMXL1,0.74,Negative,miRNA-mRNA interaction,RNA,RNA
ENSG00000238517,ENSG00000176406,hsa-mir-1270,RIMS2,0.76,Negative,miRNA-mRNA interaction,RNA,RNA
ENSG00000238517,ENSG00000221866,hsa-mir-1270,PLXNA4,0.78,Negative,miRNA-mRNA interaction,RNA,RNA
ENSG00000238517,ENSG00000276293,hsa-mir-1270,PIP4K2B,0.88,Negative,miRNA-mRNA interaction,RNA,RNA
ENSG00000238517,ENSG00000284431,hsa-mir-1270,ENSG00000284431,0.91,Negative,miRNA-mRNA interaction,RNA,RNA
ENSG00000265154,ENSG00000115524,hsa-mir-151b,SF3B1,0.75,Negative,miRNA-mRNA interaction,RNA,RNA
ENSG00000284442,ENSG00000020129,hsa-mir-2110,NCDN,0.94,Negative,miRNA-mRNA interaction,RNA,RNA
ENSG00000284442,ENSG00000055163,hsa-mir-2110,CYFIP2,0.78,Negative,miRNA-mRNA interaction,RNA,RNA
ENSG00000284442,ENSG00000058262,hsa-mir-2110,SEC61A1,0.9,Negative,miRNA-mRNA interaction,RNA,RNA
ENSG00000284442,ENSG00000060709,hsa-mir-2110,RIMBP2,0.84,Negative,miRNA-mRNA interaction,RNA,RNA
ENSG00000284442,ENSG00000067369,hsa-mir-2110,TP53BP1,0.71,Negative,miRNA-mRNA interaction,RNA,RNA
ENSG00000284442,ENSG00000075711,hsa-mir-2110,DLG1,0.85,Negative,miRNA-mRNA interaction,RNA,RNA
ENSG00000284442,ENSG00000080603,hsa-mir-2110,SRCAP,0.85,Negative,miRNA-mRNA interaction,RNA,RNA
ENSG00000284442,ENSG00000084463,hsa-mir-2110,WBP11,0.75,Negative,miRNA-mRNA interaction,RNA,RNA
ENSG00000284442,ENSG00000086758,hsa-mir-2110,HUWE1,0.75,Negative,miRNA-mRNA interaction,RNA,RNA
ENSG00000284442,ENSG00000100330,hsa-mir-2110,MTMR3,0.75,Negative,miRNA-mRNA interaction,RNA,RNA
ENSG00000284442,ENSG00000112234,hsa-mir-2110,FBXL4,0.72,Negative,miRNA-mRNA interaction,RNA,RNA
ENSG00000284442,ENSG00000112972,hsa-mir-2110,HMGCS1,0.74,Negative,miRNA-mRNA interaction,RNA,RNA
ENSG00000284442,ENSG00000113231,hsa-mir-2110,PDE8B,0.79,Negative,miRNA-mRNA interaction,RNA,RNA
ENSG00000284442,ENSG00000114439,hsa-mir-2110,BBX,0.84,Negative,miRNA-mRNA interaction,RNA,RNA
ENSG00000284442,ENSG00000114648,hsa-mir-2110,KLHL18,0.71,Negative,miRNA-mRNA interaction,RNA,RNA
ENSG00000284442,ENSG00000116903,hsa-mir-2110,EXOC8,0.76,Negative,miRNA-mRNA interaction,RNA,RNA
ENSG00000284442,ENSG00000117016,hsa-mir-2110,RIMS3,0.76,Negative,miRNA-mRNA interaction,RNA,RNA
ENSG00000284442,ENSG00000119314,hsa-mir-2110,PTBP3,0.81,Negative,miRNA-mRNA interaction,RNA,RNA
ENSG00000284442,ENSG00000123505,hsa-mir-2110,AMD1,0.86,Negative,miRNA-mRNA interaction,RNA,RNA
ENSG00000284442,ENSG00000129295,hsa-mir-2110,DNAAF11,0.94,Negative,miRNA-mRNA interaction,RNA,RNA
ENSG00000284442,ENSG00000131095,hsa-mir-2110,GFAP,0.79,Negative,miRNA-mRNA interaction,RNA,RNA
ENSG00000284442,ENSG00000132640,hsa-mir-2110,BTBD3,0.89,Negative,miRNA-mRNA interaction,RNA,RNA
ENSG00000284442,ENSG00000133216,hsa-mir-2110,EPHB2,0.75,Negative,miRNA-mRNA interaction,RNA,RNA
ENSG00000284442,ENSG00000134138,hsa-mir-2110,MEIS2,0.78,Negative,miRNA-mRNA interaction,RNA,RNA
ENSG00000284442,ENSG00000135655,hsa-mir-2110,USP15,0.91,Negative,miRNA-mRNA interaction,RNA,RNA
ENSG00000284442,ENSG00000143126,hsa-mir-2110,CELSR2,0.74,Negative,miRNA-mRNA interaction,RNA,RNA
ENSG00000284442,ENSG00000145920,hsa-mir-2110,CPLX2,0.75,Negative,miRNA-mRNA interaction,RNA,RNA
ENSG00000284442,ENSG00000149256,hsa-mir-2110,TENM4,0.74,Negative,miRNA-mRNA interaction,RNA,RNA
ENSG00000284442,ENSG00000151835,hsa-mir-2110,SACS,0.75,Negative,miRNA-mRNA interaction,RNA,RNA
ENSG00000284442,ENSG00000155511,hsa-mir-2110,GRIA1,0.79,Negative,miRNA-mRNA interaction,RNA,RNA
ENSG00000284442,ENSG00000156475,hsa-mir-2110,PPP2R2B,0.94,Negative,miRNA-mRNA interaction,RNA,RNA
ENSG00000284442,ENSG00000160145,hsa-mir-2110,KALRN,0.96,Negative,miRNA-mRNA interaction,RNA,RNA
ENSG00000284442,ENSG00000162521,hsa-mir-2110,RBBP4,0.97,Negative,miRNA-mRNA interaction,RNA,RNA
ENSG00000284442,ENSG00000165527,hsa-mir-2110,ARF6,0.86,Negative,miRNA-mRNA interaction,RNA,RNA
ENSG00000284442,ENSG00000168016,hsa-mir-2110,TRANK1,0.78,Negative,miRNA-mRNA interaction,RNA,RNA
ENSG00000284442,ENSG00000169641,hsa-mir-2110,LUZP1,0.84,Negative,miRNA-mRNA interaction,RNA,RNA
ENSG00000284442,ENSG00000171105,hsa-mir-2110,INSR,0.77,Negative,miRNA-mRNA interaction,RNA,RNA
ENSG00000284442,ENSG00000171735,hsa-mir-2110,CAMTA1,0.99,Negative,miRNA-mRNA interaction,RNA,RNA
ENSG00000284442,ENSG00000172403,hsa-mir-2110,SYNPO2,0.76,Negative,miRNA-mRNA interaction,RNA,RNA
ENSG00000284442,ENSG00000174574,hsa-mir-2110,AKIRIN1,1,Negative,miRNA-mRNA interaction,RNA,RNA
ENSG00000284442,ENSG00000175104,hsa-mir-2110,TRAF6,0.73,Negative,miRNA-mRNA interaction,RNA,RNA
ENSG00000284442,ENSG00000176407,hsa-mir-2110,KCMF1,0.78,Negative,miRNA-mRNA interaction,RNA,RNA
ENSG00000284442,ENSG00000181350,hsa-mir-2110,LRRC75A,0.88,Negative,miRNA-mRNA interaction,RNA,RNA
ENSG00000284442,ENSG00000184226,hsa-mir-2110,PCDH9,0.74,Negative,miRNA-mRNA interaction,RNA,RNA
ENSG00000284442,ENSG00000185008,hsa-mir-2110,ROBO2,0.72,Negative,miRNA-mRNA interaction,RNA,RNA
ENSG00000284442,ENSG00000196220,hsa-mir-2110,SRGAP3,0.95,Negative,miRNA-mRNA interaction,RNA,RNA
ENSG00000284442,ENSG00000196632,hsa-mir-2110,WNK3,0.88,Negative,miRNA-mRNA interaction,RNA,RNA
ENSG00000284442,ENSG00000196821,hsa-mir-2110,ILRUN,0.95,Negative,miRNA-mRNA interaction,RNA,RNA
ENSG00000284442,ENSG00000204569,hsa-mir-2110,PPP1R10,0.83,Negative,miRNA-mRNA interaction,RNA,RNA
ENSG00000215961,ENSG00000005893,hsa-mir-297,LAMP2,0.72,Negative,miRNA-mRNA interaction,RNA,RNA
ENSG00000215961,ENSG00000033122,hsa-mir-297,LRRC7,0.9,Negative,miRNA-mRNA interaction,RNA,RNA
ENSG00000215961,ENSG00000047457,hsa-mir-297,CP,0.75,Negative,miRNA-mRNA interaction,RNA,RNA
ENSG00000215961,ENSG00000061676,hsa-mir-297,NCKAP1,0.97,Negative,miRNA-mRNA interaction,RNA,RNA
ENSG00000215961,ENSG00000065183,hsa-mir-297,WDR3,0.72,Negative,miRNA-mRNA interaction,RNA,RNA
ENSG00000215961,ENSG00000066933,hsa-mir-297,MYO9A,0.85,Negative,miRNA-mRNA interaction,RNA,RNA
ENSG00000215961,ENSG00000068305,hsa-mir-297,MEF2A,0.94,Negative,miRNA-mRNA interaction,RNA,RNA
ENSG00000215961,ENSG00000075420,hsa-mir-297,FNDC3B,0.84,Negative,miRNA-mRNA interaction,RNA,RNA
ENSG00000215961,ENSG00000078304,hsa-mir-297,PPP2R5C,0.93,Negative,miRNA-mRNA interaction,RNA,RNA
ENSG00000215961,ENSG00000079841,hsa-mir-297,RIMS1,0.85,Negative,miRNA-mRNA interaction,RNA,RNA
ENSG00000215961,ENSG00000080371,hsa-mir-297,RAB21,0.89,Negative,miRNA-mRNA interaction,RNA,RNA
ENSG00000215961,ENSG00000083635,hsa-mir-297,NUFIP1,0.72,Negative,miRNA-mRNA interaction,RNA,RNA
ENSG00000215961,ENSG00000100852,hsa-mir-297,ARHGAP5,0.75,Negative,miRNA-mRNA interaction,RNA,RNA
ENSG00000215961,ENSG00000102181,hsa-mir-297,CD99L2,0.76,Negative,miRNA-mRNA interaction,RNA,RNA
ENSG00000215961,ENSG00000102531,hsa-mir-297,FNDC3A,0.92,Negative,miRNA-mRNA interaction,RNA,RNA
ENSG00000215961,ENSG00000104067,hsa-mir-297,TJP1,0.81,Negative,miRNA-mRNA interaction,RNA,RNA
ENSG00000215961,ENSG00000104112,hsa-mir-297,SCG3,0.82,Negative,miRNA-mRNA interaction,RNA,RNA
ENSG00000215961,ENSG00000104177,hsa-mir-297,MYEF2,0.74,Negative,miRNA-mRNA interaction,RNA,RNA
ENSG00000215961,ENSG00000105784,hsa-mir-297,RUNDC3B,0.81,Negative,miRNA-mRNA interaction,RNA,RNA
ENSG00000215961,ENSG00000106415,hsa-mir-297,GLCCI1,0.76,Negative,miRNA-mRNA interaction,RNA,RNA
ENSG00000215961,ENSG00000107036,hsa-mir-297,RIC1,0.72,Negative,miRNA-mRNA interaction,RNA,RNA
ENSG00000215961,ENSG00000109685,hsa-mir-297,NSD2,0.99,Negative,miRNA-mRNA interaction,RNA,RNA
ENSG00000215961,ENSG00000111269,hsa-mir-297,CREBL2,0.79,Negative,miRNA-mRNA interaction,RNA,RNA
ENSG00000215961,ENSG00000112541,hsa-mir-297,PDE10A,0.73,Negative,miRNA-mRNA interaction,RNA,RNA
ENSG00000215961,ENSG00000113369,hsa-mir-297,ARRDC3,0.92,Negative,miRNA-mRNA interaction,RNA,RNA
ENSG00000215961,ENSG00000114450,hsa-mir-297,GNB4,0.71,Negative,miRNA-mRNA interaction,RNA,RNA
ENSG00000215961,ENSG00000114999,hsa-mir-297,TTL,0.89,Negative,miRNA-mRNA interaction,RNA,RNA
ENSG00000215961,ENSG00000116062,hsa-mir-297,MSH6,0.8,Negative,miRNA-mRNA interaction,RNA,RNA
ENSG00000215961,ENSG00000116191,hsa-mir-297,RALGPS2,0.76,Negative,miRNA-mRNA interaction,RNA,RNA
ENSG00000215961,ENSG00000117114,hsa-mir-297,ADGRL2,0.9,Negative,miRNA-mRNA interaction,RNA,RNA
ENSG00000215961,ENSG00000117500,hsa-mir-297,TMED5,0.71,Negative,miRNA-mRNA interaction,RNA,RNA
ENSG00000215961,ENSG00000119771,hsa-mir-297,KLHL29,0.9,Negative,miRNA-mRNA interaction,RNA,RNA
ENSG00000215961,ENSG00000120616,hsa-mir-297,EPC1,0.95,Negative,miRNA-mRNA interaction,RNA,RNA
ENSG00000215961,ENSG00000123124,hsa-mir-297,WWP1,0.8,Negative,miRNA-mRNA interaction,RNA,RNA
ENSG00000215961,ENSG00000123575,hsa-mir-297,FAM199X,0.73,Negative,miRNA-mRNA interaction,RNA,RNA
ENSG00000215961,ENSG00000124164,hsa-mir-297,VAPB,0.73,Negative,miRNA-mRNA interaction,RNA,RNA
ENSG00000215961,ENSG00000124198,hsa-mir-297,ARFGEF2,0.78,Negative,miRNA-mRNA interaction,RNA,RNA
ENSG00000215961,ENSG00000125629,hsa-mir-297,INSIG2,0.79,Negative,miRNA-mRNA interaction,RNA,RNA
ENSG00000215961,ENSG00000126070,hsa-mir-297,AGO3,1,Negative,miRNA-mRNA interaction,RNA,RNA
ENSG00000215961,ENSG00000127955,hsa-mir-297,GNAI1,0.94,Negative,miRNA-mRNA interaction,RNA,RNA
ENSG00000215961,ENSG00000129295,hsa-mir-297,DNAAF11,0.75,Negative,miRNA-mRNA interaction,RNA,RNA
ENSG00000215961,ENSG00000131473,hsa-mir-297,ACLY,0.98,Negative,miRNA-mRNA interaction,RNA,RNA
ENSG00000215961,ENSG00000132549,hsa-mir-297,VPS13B,0.75,Negative,miRNA-mRNA interaction,RNA,RNA
ENSG00000215961,ENSG00000134709,hsa-mir-297,HOOK1,0.78,Negative,miRNA-mRNA interaction,RNA,RNA
ENSG00000215961,ENSG00000137766,hsa-mir-297,UNC13C,0.88,Negative,miRNA-mRNA interaction,RNA,RNA
ENSG00000215961,ENSG00000137871,hsa-mir-297,ZNF280D,0.77,Negative,miRNA-mRNA interaction,RNA,RNA
ENSG00000215961,ENSG00000138193,hsa-mir-297,PLCE1,0.8,Negative,miRNA-mRNA interaction,RNA,RNA
ENSG00000215961,ENSG00000138286,hsa-mir-297,FAM149B1,0.82,Negative,miRNA-mRNA interaction,RNA,RNA
ENSG00000215961,ENSG00000138430,hsa-mir-297,OLA1,0.77,Negative,miRNA-mRNA interaction,RNA,RNA
ENSG00000215961,ENSG00000140740,hsa-mir-297,UQCRC2,0.77,Negative,miRNA-mRNA interaction,RNA,RNA
ENSG00000215961,ENSG00000144357,hsa-mir-297,UBR3,0.97,Negative,miRNA-mRNA interaction,RNA,RNA
ENSG00000215961,ENSG00000144724,hsa-mir-297,PTPRG,0.93,Negative,miRNA-mRNA interaction,RNA,RNA
ENSG00000215961,ENSG00000145016,hsa-mir-297,RUBCN,0.74,Negative,miRNA-mRNA interaction,RNA,RNA
ENSG00000215961,ENSG00000147650,hsa-mir-297,LRP12,0.75,Negative,miRNA-mRNA interaction,RNA,RNA
ENSG00000215961,ENSG00000147684,hsa-mir-297,NDUFB9,0.85,Negative,miRNA-mRNA interaction,RNA,RNA
ENSG00000215961,ENSG00000147852,hsa-mir-297,VLDLR,0.73,Negative,miRNA-mRNA interaction,RNA,RNA
ENSG00000215961,ENSG00000149212,hsa-mir-297,SESN3,0.73,Negative,miRNA-mRNA interaction,RNA,RNA
ENSG00000215961,ENSG00000151287,hsa-mir-297,TEX30,0.81,Negative,miRNA-mRNA interaction,RNA,RNA
ENSG00000215961,ENSG00000151789,hsa-mir-297,ZNF385D,0.77,Negative,miRNA-mRNA interaction,RNA,RNA
ENSG00000215961,ENSG00000152332,hsa-mir-297,UHMK1,0.85,Negative,miRNA-mRNA interaction,RNA,RNA
ENSG00000215961,ENSG00000157542,hsa-mir-297,KCNJ6,0.94,Negative,miRNA-mRNA interaction,RNA,RNA
ENSG00000215961,ENSG00000158711,hsa-mir-297,ELK4,0.71,Negative,miRNA-mRNA interaction,RNA,RNA
ENSG00000215961,ENSG00000160551,hsa-mir-297,TAOK1,0.79,Negative,miRNA-mRNA interaction,RNA,RNA
ENSG00000215961,ENSG00000162989,hsa-mir-297,KCNJ3,0.99,Negative,miRNA-mRNA interaction,RNA,RNA
ENSG00000215961,ENSG00000164327,hsa-mir-297,RICTOR,0.71,Negative,miRNA-mRNA interaction,RNA,RNA
ENSG00000215961,ENSG00000164506,hsa-mir-297,STXBP5,0.74,Negative,miRNA-mRNA interaction,RNA,RNA
ENSG00000215961,ENSG00000164588,hsa-mir-297,HCN1,0.85,Negative,miRNA-mRNA interaction,RNA,RNA
ENSG00000215961,ENSG00000164796,hsa-mir-297,CSMD3,0.91,Negative,miRNA-mRNA interaction,RNA,RNA
ENSG00000215961,ENSG00000165300,hsa-mir-297,SLITRK5,0.83,Negative,miRNA-mRNA interaction,RNA,RNA
ENSG00000215961,ENSG00000165494,hsa-mir-297,PCF11,0.79,Negative,miRNA-mRNA interaction,RNA,RNA
ENSG00000215961,ENSG00000166206,hsa-mir-297,GABRB3,0.97,Negative,miRNA-mRNA interaction,RNA,RNA
ENSG00000215961,ENSG00000170017,hsa-mir-297,ALCAM,0.76,Negative,miRNA-mRNA interaction,RNA,RNA
ENSG00000215961,ENSG00000170881,hsa-mir-297,RNF139,0.73,Negative,miRNA-mRNA interaction,RNA,RNA
ENSG00000215961,ENSG00000171150,hsa-mir-297,SOCS5,0.8,Negative,miRNA-mRNA interaction,RNA,RNA
ENSG00000215961,ENSG00000171735,hsa-mir-297,CAMTA1,0.79,Negative,miRNA-mRNA interaction,RNA,RNA
ENSG00000215961,ENSG00000171862,hsa-mir-297,PTEN,0.82,Negative,miRNA-mRNA interaction,RNA,RNA
ENSG00000215961,ENSG00000172461,hsa-mir-297,FUT9,0.76,Negative,miRNA-mRNA interaction,RNA,RNA
ENSG00000215961,ENSG00000172869,hsa-mir-297,DMXL1,0.81,Negative,miRNA-mRNA interaction,RNA,RNA
ENSG00000215961,ENSG00000173376,hsa-mir-297,NDNF,0.91,Negative,miRNA-mRNA interaction,RNA,RNA
ENSG00000215961,ENSG00000173404,hsa-mir-297,INSM1,0.94,Negative,miRNA-mRNA interaction,RNA,RNA
ENSG00000215961,ENSG00000173905,hsa-mir-297,GOLIM4,0.83,Negative,miRNA-mRNA interaction,RNA,RNA
ENSG00000215961,ENSG00000177565,hsa-mir-297,TBL1XR1,0.87,Negative,miRNA-mRNA interaction,RNA,RNA
ENSG00000215961,ENSG00000180488,hsa-mir-297,MIGA1,0.73,Negative,miRNA-mRNA interaction,RNA,RNA
ENSG00000215961,ENSG00000181722,hsa-mir-297,ZBTB20,0.96,Negative,miRNA-mRNA interaction,RNA,RNA
ENSG00000215961,ENSG00000183117,hsa-mir-297,CSMD1,0.97,Negative,miRNA-mRNA interaction,RNA,RNA
ENSG00000215961,ENSG00000184743,hsa-mir-297,ATL3,0.85,Negative,miRNA-mRNA interaction,RNA,RNA
ENSG00000215961,ENSG00000185070,hsa-mir-297,FLRT2,0.98,Negative,miRNA-mRNA interaction,RNA,RNA
ENSG00000215961,ENSG00000185591,hsa-mir-297,SP1,0.83,Negative,miRNA-mRNA interaction,RNA,RNA
ENSG00000215961,ENSG00000187231,hsa-mir-297,SESTD1,0.79,Negative,miRNA-mRNA interaction,RNA,RNA
ENSG00000215961,ENSG00000197323,hsa-mir-297,TRIM33,0.77,Negative,miRNA-mRNA interaction,RNA,RNA
ENSG00000215961,ENSG00000197535,hsa-mir-297,MYO5A,0.73,Negative,miRNA-mRNA interaction,RNA,RNA
ENSG00000215961,ENSG00000198218,hsa-mir-297,QRICH1,0.83,Negative,miRNA-mRNA interaction,RNA,RNA
ENSG00000215961,ENSG00000198682,hsa-mir-297,PAPSS2,0.79,Negative,miRNA-mRNA interaction,RNA,RNA
ENSG00000215961,ENSG00000198836,hsa-mir-297,OPA1,0.86,Negative,miRNA-mRNA interaction,RNA,RNA
ENSG00000215961,ENSG00000204116,hsa-mir-297,CHIC1,0.83,Negative,miRNA-mRNA interaction,RNA,RNA
ENSG00000215961,ENSG00000213341,hsa-mir-297,CHUK,1,Negative,miRNA-mRNA interaction,RNA,RNA
ENSG00000215961,ENSG00000273079,hsa-mir-297,GRIN2B,0.98,Negative,miRNA-mRNA interaction,RNA,RNA
ENSG00000215961,ENSG00000285253,hsa-mir-297,ENSG00000285253,0.72,Negative,miRNA-mRNA interaction,RNA,RNA
ENSG00000202566,ENSG00000013293,hsa-mir-421,SLC7A14,0.78,Negative,miRNA-mRNA interaction,RNA,RNA
ENSG00000202566,ENSG00000060140,hsa-mir-421,STYK1,0.79,Negative,miRNA-mRNA interaction,RNA,RNA
ENSG00000202566,ENSG00000068305,hsa-mir-421,MEF2A,0.78,Negative,miRNA-mRNA interaction,RNA,RNA
ENSG00000202566,ENSG00000071073,hsa-mir-421,MGAT4A,0.86,Negative,miRNA-mRNA interaction,RNA,RNA
ENSG00000202566,ENSG00000073921,hsa-mir-421,PICALM,0.9,Negative,miRNA-mRNA interaction,RNA,RNA
ENSG00000202566,ENSG00000091136,hsa-mir-421,LAMB1,0.77,Negative,miRNA-mRNA interaction,RNA,RNA
ENSG00000202566,ENSG00000100354,hsa-mir-421,TNRC6B,0.72,Negative,miRNA-mRNA interaction,RNA,RNA
ENSG00000202566,ENSG00000102466,hsa-mir-421,FGF14,0.73,Negative,miRNA-mRNA interaction,RNA,RNA
ENSG00000202566,ENSG00000105227,hsa-mir-421,PRX,0.76,Negative,miRNA-mRNA interaction,RNA,RNA
ENSG00000202566,ENSG00000115421,hsa-mir-421,PAPOLG,0.86,Negative,miRNA-mRNA interaction,RNA,RNA
ENSG00000202566,ENSG00000116906,hsa-mir-421,GNPAT,0.8,Negative,miRNA-mRNA interaction,RNA,RNA
ENSG00000202566,ENSG00000123983,hsa-mir-421,ACSL3,0.8,Negative,miRNA-mRNA interaction,RNA,RNA
ENSG00000202566,ENSG00000125249,hsa-mir-421,RAP2A,0.77,Negative,miRNA-mRNA interaction,RNA,RNA
ENSG00000202566,ENSG00000125848,hsa-mir-421,FLRT3,0.81,Negative,miRNA-mRNA interaction,RNA,RNA
ENSG00000202566,ENSG00000127329,hsa-mir-421,PTPRB,0.99,Negative,miRNA-mRNA interaction,RNA,RNA
ENSG00000202566,ENSG00000127995,hsa-mir-421,CASD1,0.95,Negative,miRNA-mRNA interaction,RNA,RNA
ENSG00000202566,ENSG00000128594,hsa-mir-421,LRRC4,0.85,Negative,miRNA-mRNA interaction,RNA,RNA
ENSG00000202566,ENSG00000132932,hsa-mir-421,ATP8A2,0.94,Negative,miRNA-mRNA interaction,RNA,RNA
ENSG00000202566,ENSG00000134138,hsa-mir-421,MEIS2,0.94,Negative,miRNA-mRNA interaction,RNA,RNA
ENSG00000202566,ENSG00000134352,hsa-mir-421,IL6ST,0.74,Negative,miRNA-mRNA interaction,RNA,RNA
ENSG00000202566,ENSG00000137872,hsa-mir-421,SEMA6D,0.76,Negative,miRNA-mRNA interaction,RNA,RNA
ENSG00000202566,ENSG00000138688,hsa-mir-421,BLTP1,0.75,Negative,miRNA-mRNA interaction,RNA,RNA
ENSG00000202566,ENSG00000139697,hsa-mir-421,SBNO1,0.74,Negative,miRNA-mRNA interaction,RNA,RNA
ENSG00000202566,ENSG00000141646,hsa-mir-421,SMAD4,0.81,Negative,miRNA-mRNA interaction,RNA,RNA
ENSG00000202566,ENSG00000143061,hsa-mir-421,IGSF3,0.94,Negative,miRNA-mRNA interaction,RNA,RNA
ENSG00000202566,ENSG00000144285,hsa-mir-421,SCN1A,0.9,Negative,miRNA-mRNA interaction,RNA,RNA
ENSG00000202566,ENSG00000153936,hsa-mir-421,HS2ST1,0.74,Negative,miRNA-mRNA interaction,RNA,RNA
ENSG00000202566,ENSG00000154380,hsa-mir-421,ENAH,0.92,Negative,miRNA-mRNA interaction,RNA,RNA
ENSG00000202566,ENSG00000157106,hsa-mir-421,SMG1,0.74,Negative,miRNA-mRNA interaction,RNA,RNA
ENSG00000202566,ENSG00000158290,hsa-mir-421,CUL4B,0.98,Negative,miRNA-mRNA interaction,RNA,RNA
ENSG00000202566,ENSG00000164056,hsa-mir-421,SPRY1,0.88,Negative,miRNA-mRNA interaction,RNA,RNA
ENSG00000202566,ENSG00000164463,hsa-mir-421,CREBRF,0.77,Negative,miRNA-mRNA interaction,RNA,RNA
ENSG00000202566,ENSG00000164576,hsa-mir-421,SAP30L,0.86,Negative,miRNA-mRNA interaction,RNA,RNA
ENSG00000202566,ENSG00000166206,hsa-mir-421,GABRB3,0.82,Negative,miRNA-mRNA interaction,RNA,RNA
ENSG00000202566,ENSG00000172318,hsa-mir-421,B3GALT1,0.85,Negative,miRNA-mRNA interaction,RNA,RNA
ENSG00000202566,ENSG00000172348,hsa-mir-421,RCAN2,0.72,Negative,miRNA-mRNA interaction,RNA,RNA
ENSG00000202566,ENSG00000173681,hsa-mir-421,BCLAF3,0.98,Negative,miRNA-mRNA interaction,RNA,RNA
ENSG00000202566,ENSG00000174106,hsa-mir-421,LEMD3,0.88,Negative,miRNA-mRNA interaction,RNA,RNA
ENSG00000202566,ENSG00000175175,hsa-mir-421,PPM1E,0.88,Negative,miRNA-mRNA interaction,RNA,RNA
ENSG00000202566,ENSG00000176049,hsa-mir-421,JAKMIP2,0.85,Negative,miRNA-mRNA interaction,RNA,RNA
ENSG00000202566,ENSG00000178691,hsa-mir-421,SUZ12,0.92,Negative,miRNA-mRNA interaction,RNA,RNA
ENSG00000202566,ENSG00000180628,hsa-mir-421,PCGF5,0.97,Negative,miRNA-mRNA interaction,RNA,RNA
ENSG00000202566,ENSG00000181827,hsa-mir-421,RFX7,0.78,Negative,miRNA-mRNA interaction,RNA,RNA
ENSG00000202566,ENSG00000182827,hsa-mir-421,ACBD3,0.85,Negative,miRNA-mRNA interaction,RNA,RNA
ENSG00000202566,ENSG00000182836,hsa-mir-421,PLCXD3,0.84,Negative,miRNA-mRNA interaction,RNA,RNA
ENSG00000202566,ENSG00000183044,hsa-mir-421,ABAT,0.88,Negative,miRNA-mRNA interaction,RNA,RNA
ENSG00000202566,ENSG00000184672,hsa-mir-421,RALYL,0.75,Negative,miRNA-mRNA interaction,RNA,RNA
ENSG00000202566,ENSG00000185070,hsa-mir-421,FLRT2,0.85,Negative,miRNA-mRNA interaction,RNA,RNA
ENSG00000202566,ENSG00000185129,hsa-mir-421,PURA,0.88,Negative,miRNA-mRNA interaction,RNA,RNA
ENSG00000202566,ENSG00000197121,hsa-mir-421,PGAP1,0.74,Negative,miRNA-mRNA interaction,RNA,RNA
ENSG00000202566,ENSG00000198626,hsa-mir-421,RYR2,0.77,Negative,miRNA-mRNA interaction,RNA,RNA
ENSG00000202566,ENSG00000198963,hsa-mir-421,RORB,0.78,Negative,miRNA-mRNA interaction,RNA,RNA
ENSG00000263762,ENSG00000204262,hsa-mir-4286,COL5A2,0.89,Negative,miRNA-mRNA interaction,RNA,RNA
ENSG00000284565,ENSG00000115966,hsa-mir-451a,ATF2,0.93,Negative,miRNA-mRNA interaction,RNA,RNA
ENSG00000284565,ENSG00000135932,hsa-mir-451a,CAB39,0.84,Negative,miRNA-mRNA interaction,RNA,RNA
ENSG00000266107,ENSG00000005810,hsa-mir-4525,MYCBP2,0.76,Negative,miRNA-mRNA interaction,RNA,RNA
ENSG00000266107,ENSG00000071054,hsa-mir-4525,MAP4K4,0.74,Negative,miRNA-mRNA interaction,RNA,RNA
ENSG00000266107,ENSG00000076356,hsa-mir-4525,PLXNA2,0.72,Negative,miRNA-mRNA interaction,RNA,RNA
ENSG00000266107,ENSG00000078140,hsa-mir-4525,UBE2K,0.8,Negative,miRNA-mRNA interaction,RNA,RNA
ENSG00000266107,ENSG00000100077,hsa-mir-4525,GRK3,0.72,Negative,miRNA-mRNA interaction,RNA,RNA
ENSG00000266107,ENSG00000100201,hsa-mir-4525,DDX17,0.88,Negative,miRNA-mRNA interaction,RNA,RNA
ENSG00000266107,ENSG00000102900,hsa-mir-4525,NUP93,0.76,Negative,miRNA-mRNA interaction,RNA,RNA
ENSG00000266107,ENSG00000113578,hsa-mir-4525,FGF1,0.85,Negative,miRNA-mRNA interaction,RNA,RNA
ENSG00000266107,ENSG00000123684,hsa-mir-4525,LPGAT1,0.94,Negative,miRNA-mRNA interaction,RNA,RNA
ENSG00000266107,ENSG00000131398,hsa-mir-4525,KCNC3,0.98,Negative,miRNA-mRNA interaction,RNA,RNA
ENSG00000266107,ENSG00000136535,hsa-mir-4525,TBR1,0.73,Negative,miRNA-mRNA interaction,RNA,RNA
ENSG00000266107,ENSG00000141622,hsa-mir-4525,RNF165,0.85,Negative,miRNA-mRNA interaction,RNA,RNA
ENSG00000266107,ENSG00000141905,hsa-mir-4525,NFIC,0.71,Negative,miRNA-mRNA interaction,RNA,RNA
ENSG00000266107,ENSG00000153233,hsa-mir-4525,PTPRR,0.95,Negative,miRNA-mRNA interaction,RNA,RNA
ENSG00000266107,ENSG00000167548,hsa-mir-4525,KMT2D,0.77,Negative,miRNA-mRNA interaction,RNA,RNA
ENSG00000266107,ENSG00000197283,hsa-mir-4525,SYNGAP1,0.97,Negative,miRNA-mRNA interaction,RNA,RNA
ENSG00000266107,ENSG00000224470,hsa-mir-4525,ATXN1L,0.71,Negative,miRNA-mRNA interaction,RNA,RNA
ENSG00000266107,ENSG00000281348,hsa-mir-4525,ENSG00000281348,0.85,Negative,miRNA-mRNA interaction,RNA,RNA
ENSG00000207692,ENSG00000007168,hsa-mir-592,PAFAH1B1,1,Negative,miRNA-mRNA interaction,RNA,RNA
ENSG00000207692,ENSG00000015171,hsa-mir-592,ZMYND11,0.95,Negative,miRNA-mRNA interaction,RNA,RNA
ENSG00000207692,ENSG00000033122,hsa-mir-592,LRRC7,0.73,Negative,miRNA-mRNA interaction,RNA,RNA
ENSG00000207692,ENSG00000038219,hsa-mir-592,BOD1L1,0.89,Negative,miRNA-mRNA interaction,RNA,RNA
ENSG00000207692,ENSG00000047849,hsa-mir-592,MAP4,0.89,Negative,miRNA-mRNA interaction,RNA,RNA
ENSG00000207692,ENSG00000061676,hsa-mir-592,NCKAP1,0.83,Negative,miRNA-mRNA interaction,RNA,RNA
ENSG00000207692,ENSG00000065548,hsa-mir-592,ZC3H15,0.77,Negative,miRNA-mRNA interaction,RNA,RNA
ENSG00000207692,ENSG00000065613,hsa-mir-592,SLK,0.74,Negative,miRNA-mRNA interaction,RNA,RNA
ENSG00000207692,ENSG00000080298,hsa-mir-592,RFX3,0.73,Negative,miRNA-mRNA interaction,RNA,RNA
ENSG00000207692,ENSG00000081154,hsa-mir-592,PCNP,0.74,Negative,miRNA-mRNA interaction,RNA,RNA
ENSG00000207692,ENSG00000085224,hsa-mir-592,ATRX,0.84,Negative,miRNA-mRNA interaction,RNA,RNA
ENSG00000207692,ENSG00000089199,hsa-mir-592,CHGB,1,Negative,miRNA-mRNA interaction,RNA,RNA
ENSG00000207692,ENSG00000100523,hsa-mir-592,DDHD1,0.74,Negative,miRNA-mRNA interaction,RNA,RNA
ENSG00000207692,ENSG00000100664,hsa-mir-592,EIF5,0.82,Negative,miRNA-mRNA interaction,RNA,RNA
ENSG00000207692,ENSG00000100883,hsa-mir-592,SRP54,0.96,Negative,miRNA-mRNA interaction,RNA,RNA
ENSG00000207692,ENSG00000102466,hsa-mir-592,FGF14,0.92,Negative,miRNA-mRNA interaction,RNA,RNA
ENSG00000207692,ENSG00000103051,hsa-mir-592,COG4,0.92,Negative,miRNA-mRNA interaction,RNA,RNA
ENSG00000207692,ENSG00000106772,hsa-mir-592,PRUNE2,0.98,Negative,miRNA-mRNA interaction,RNA,RNA
ENSG00000207692,ENSG00000107643,hsa-mir-592,MAPK8,0.79,Negative,miRNA-mRNA interaction,RNA,RNA
ENSG00000207692,ENSG00000115760,hsa-mir-592,BIRC6,0.76,Negative,miRNA-mRNA interaction,RNA,RNA
ENSG00000207692,ENSG00000117862,hsa-mir-592,TXNDC12,0.82,Negative,miRNA-mRNA interaction,RNA,RNA
ENSG00000207692,ENSG00000121964,hsa-mir-592,GTDC1,0.88,Negative,miRNA-mRNA interaction,RNA,RNA
ENSG00000207692,ENSG00000122756,hsa-mir-592,CNTFR,0.79,Negative,miRNA-mRNA interaction,RNA,RNA
ENSG00000207692,ENSG00000124795,hsa-mir-592,DEK,0.78,Negative,miRNA-mRNA interaction,RNA,RNA
ENSG00000207692,ENSG00000130779,hsa-mir-592,CLIP1,0.74,Negative,miRNA-mRNA interaction,RNA,RNA
ENSG00000207692,ENSG00000134138,hsa-mir-592,MEIS2,0.89,Negative,miRNA-mRNA interaction,RNA,RNA
ENSG00000207692,ENSG00000135414,hsa-mir-592,GDF11,0.8,Negative,miRNA-mRNA interaction,RNA,RNA
ENSG00000207692,ENSG00000135862,hsa-mir-592,LAMC1,0.96,Negative,miRNA-mRNA interaction,RNA,RNA
ENSG00000207692,ENSG00000137103,hsa-mir-592,TMEM8B,0.91,Negative,miRNA-mRNA interaction,RNA,RNA
ENSG00000207692,ENSG00000137486,hsa-mir-592,ARRB1,0.8,Negative,miRNA-mRNA interaction,RNA,RNA
ENSG00000207692,ENSG00000139767,hsa-mir-592,SRRM4,0.79,Negative,miRNA-mRNA interaction,RNA,RNA
ENSG00000207692,ENSG00000140538,hsa-mir-592,NTRK3,0.91,Negative,miRNA-mRNA interaction,RNA,RNA
ENSG00000207692,ENSG00000143190,hsa-mir-592,POU2F1,0.88,Negative,miRNA-mRNA interaction,RNA,RNA
ENSG00000207692,ENSG00000145362,hsa-mir-592,ANK2,0.84,Negative,miRNA-mRNA interaction,RNA,RNA
ENSG00000207692,ENSG00000149084,hsa-mir-592,HSD17B12,0.73,Negative,miRNA-mRNA interaction,RNA,RNA
ENSG00000207692,ENSG00000151025,hsa-mir-592,GPR158,0.97,Negative,miRNA-mRNA interaction,RNA,RNA
ENSG00000207692,ENSG00000151320,hsa-mir-592,AKAP6,0.93,Negative,miRNA-mRNA interaction,RNA,RNA
ENSG00000207692,ENSG00000152749,hsa-mir-592,GPR180,0.71,Negative,miRNA-mRNA interaction,RNA,RNA
ENSG00000207692,ENSG00000153707,hsa-mir-592,PTPRD,0.99,Negative,miRNA-mRNA interaction,RNA,RNA
ENSG00000207692,ENSG00000158258,hsa-mir-592,CLSTN2,0.83,Negative,miRNA-mRNA interaction,RNA,RNA
ENSG00000207692,ENSG00000159167,hsa-mir-592,STC1,0.82,Negative,miRNA-mRNA interaction,RNA,RNA
ENSG00000207692,ENSG00000162599,hsa-mir-592,NFIA,0.99,Negative,miRNA-mRNA interaction,RNA,RNA
ENSG00000207692,ENSG00000163285,hsa-mir-592,GABRG1,0.87,Negative,miRNA-mRNA interaction,RNA,RNA
ENSG00000207692,ENSG00000164326,hsa-mir-592,CARTPT,0.81,Negative,miRNA-mRNA interaction,RNA,RNA
ENSG00000207692,ENSG00000164332,hsa-mir-592,UBLCP1,0.77,Negative,miRNA-mRNA interaction,RNA,RNA
ENSG00000207692,ENSG00000164346,hsa-mir-592,NSA2,0.99,Negative,miRNA-mRNA interaction,RNA,RNA
ENSG00000207692,ENSG00000165006,hsa-mir-592,UBAP1,0.89,Negative,miRNA-mRNA interaction,RNA,RNA
ENSG00000207692,ENSG00000165186,hsa-mir-592,PTCHD1,0.93,Negative,miRNA-mRNA interaction,RNA,RNA
ENSG00000207692,ENSG00000165895,hsa-mir-592,ARHGAP42,0.77,Negative,miRNA-mRNA interaction,RNA,RNA
ENSG00000207692,ENSG00000168282,hsa-mir-592,MGAT2,0.72,Negative,miRNA-mRNA interaction,RNA,RNA
ENSG00000207692,ENSG00000172292,hsa-mir-592,CERS6,0.91,Negative,miRNA-mRNA interaction,RNA,RNA
ENSG00000207692,ENSG00000172572,hsa-mir-592,PDE3A,0.89,Negative,miRNA-mRNA interaction,RNA,RNA
ENSG00000207692,ENSG00000173273,hsa-mir-592,TNKS,0.76,Negative,miRNA-mRNA interaction,RNA,RNA
ENSG00000207692,ENSG00000175175,hsa-mir-592,PPM1E,0.72,Negative,miRNA-mRNA interaction,RNA,RNA
ENSG00000207692,ENSG00000176406,hsa-mir-592,RIMS2,0.83,Negative,miRNA-mRNA interaction,RNA,RNA
ENSG00000207692,ENSG00000177189,hsa-mir-592,RPS6KA3,0.76,Negative,miRNA-mRNA interaction,RNA,RNA
ENSG00000207692,ENSG00000178951,hsa-mir-592,ZBTB7A,0.85,Negative,miRNA-mRNA interaction,RNA,RNA
ENSG00000207692,ENSG00000180263,hsa-mir-592,FGD6,0.72,Negative,miRNA-mRNA interaction,RNA,RNA
ENSG00000207692,ENSG00000186834,hsa-mir-592,HEXIM1,0.74,Negative,miRNA-mRNA interaction,RNA,RNA
ENSG00000207692,ENSG00000196712,hsa-mir-592,NF1,0.76,Negative,miRNA-mRNA interaction,RNA,RNA
ENSG00000284346,ENSG00000011304,hsa-mir-940,PTBP1,0.82,Negative,miRNA-mRNA interaction,RNA,RNA
ENSG00000284346,ENSG00000100485,hsa-mir-940,SOS2,0.84,Negative,miRNA-mRNA interaction,RNA,RNA
ENSG00000284346,ENSG00000107105,hsa-mir-940,ELAVL2,0.73,Negative,miRNA-mRNA interaction,RNA,RNA
ENSG00000284346,ENSG00000112182,hsa-mir-940,BACH2,0.89,Negative,miRNA-mRNA interaction,RNA,RNA
ENSG00000284346,ENSG00000117640,hsa-mir-940,MTFR1L,0.72,Negative,miRNA-mRNA interaction,RNA,RNA
ENSG00000284346,ENSG00000118971,hsa-mir-940,CCND2,0.76,Negative,miRNA-mRNA interaction,RNA,RNA
ENSG00000284346,ENSG00000134287,hsa-mir-940,ARF3,0.74,Negative,miRNA-mRNA interaction,RNA,RNA
ENSG00000284346,ENSG00000140575,hsa-mir-940,IQGAP1,0.88,Negative,miRNA-mRNA interaction,RNA,RNA
ENSG00000284346,ENSG00000151692,hsa-mir-940,RNF144A,0.9,Negative,miRNA-mRNA interaction,RNA,RNA
ENSG00000284346,ENSG00000157954,hsa-mir-940,WIPI2,0.71,Negative,miRNA-mRNA interaction,RNA,RNA
ENSG00000284346,ENSG00000158195,hsa-mir-940,WASF2,0.97,Negative,miRNA-mRNA interaction,RNA,RNA
ENSG00000284346,ENSG00000160445,hsa-mir-940,ZER1,0.71,Negative,miRNA-mRNA interaction,RNA,RNA
ENSG00000284346,ENSG00000165410,hsa-mir-940,CFL2,0.94,Negative,miRNA-mRNA interaction,RNA,RNA
ENSG00000284346,ENSG00000166340,hsa-mir-940,TPP1,0.93,Negative,miRNA-mRNA interaction,RNA,RNA
ENSG00000284346,ENSG00000169242,hsa-mir-940,EFNA1,0.81,Negative,miRNA-mRNA interaction,RNA,RNA
ENSG00000284346,ENSG00000180357,hsa-mir-940,ZNF609,0.93,Negative,miRNA-mRNA interaction,RNA,RNA
ENSG00000284346,ENSG00000185129,hsa-mir-940,PURA,0.88,Negative,miRNA-mRNA interaction,RNA,RNA
ENSG00000284346,ENSG00000185760,hsa-mir-940,KCNQ5,0.75,Negative,miRNA-mRNA interaction,RNA,RNA
ENSG00000276158,ENSG00000064309,hsa-mir-1264,CDON,0.78,Negative,miRNA-mRNA interaction,RNA,RNA
ENSG00000276158,ENSG00000068654,hsa-mir-1264,POLR1A,0.71,Negative,miRNA-mRNA interaction,RNA,RNA
ENSG00000276158,ENSG00000078403,hsa-mir-1264,MLLT10,0.95,Negative,miRNA-mRNA interaction,RNA,RNA
ENSG00000276158,ENSG00000080298,hsa-mir-1264,RFX3,0.98,Negative,miRNA-mRNA interaction,RNA,RNA
ENSG00000276158,ENSG00000109381,hsa-mir-1264,ELF2,0.9,Negative,miRNA-mRNA interaction,RNA,RNA
ENSG00000276158,ENSG00000119414,hsa-mir-1264,PPP6C,0.82,Negative,miRNA-mRNA interaction,RNA,RNA
ENSG00000276158,ENSG00000119471,hsa-mir-1264,HSDL2,0.86,Negative,miRNA-mRNA interaction,RNA,RNA
ENSG00000276158,ENSG00000120948,hsa-mir-1264,TARDBP,0.85,Negative,miRNA-mRNA interaction,RNA,RNA
ENSG00000276158,ENSG00000130939,hsa-mir-1264,UBE4B,0.79,Negative,miRNA-mRNA interaction,RNA,RNA
ENSG00000276158,ENSG00000138433,hsa-mir-1264,CIR1,0.95,Negative,miRNA-mRNA interaction,RNA,RNA
ENSG00000276158,ENSG00000144406,hsa-mir-1264,UNC80,0.81,Negative,miRNA-mRNA interaction,RNA,RNA
ENSG00000276158,ENSG00000164040,hsa-mir-1264,PGRMC2,0.84,Negative,miRNA-mRNA interaction,RNA,RNA
ENSG00000276158,ENSG00000168172,hsa-mir-1264,HOOK3,1,Negative,miRNA-mRNA interaction,RNA,RNA
ENSG00000276158,ENSG00000186487,hsa-mir-1264,MYT1L,0.89,Negative,miRNA-mRNA interaction,RNA,RNA
ENSG00000276158,ENSG00000198947,hsa-mir-1264,DMD,0.72,Negative,miRNA-mRNA interaction,RNA,RNA
ENSG00000276158,ENSG00000198963,hsa-mir-1264,RORB,0.93,Negative,miRNA-mRNA interaction,RNA,RNA
ENSG00000238517,ENSG00000067191,hsa-mir-1270,CACNB1,0.78,Negative,miRNA-mRNA interaction,RNA,RNA
ENSG00000238517,ENSG00000104177,hsa-mir-1270,MYEF2,0.79,Negative,miRNA-mRNA interaction,RNA,RNA
ENSG00000238517,ENSG00000110367,hsa-mir-1270,DDX6,0.83,Negative,miRNA-mRNA interaction,RNA,RNA
ENSG00000238517,ENSG00000129460,hsa-mir-1270,NGDN,0.92,Negative,miRNA-mRNA interaction,RNA,RNA
ENSG00000238517,ENSG00000135387,hsa-mir-1270,CAPRIN1,0.88,Negative,miRNA-mRNA interaction,RNA,RNA
ENSG00000238517,ENSG00000136141,hsa-mir-1270,LRCH1,0.71,Negative,miRNA-mRNA interaction,RNA,RNA
ENSG00000238517,ENSG00000136531,hsa-mir-1270,SCN2A,0.87,Negative,miRNA-mRNA interaction,RNA,RNA
ENSG00000238517,ENSG00000137103,hsa-mir-1270,TMEM8B,0.75,Negative,miRNA-mRNA interaction,RNA,RNA
ENSG00000238517,ENSG00000138286,hsa-mir-1270,FAM149B1,0.91,Negative,miRNA-mRNA interaction,RNA,RNA
ENSG00000238517,ENSG00000138663,hsa-mir-1270,COPS4,0.8,Negative,miRNA-mRNA interaction,RNA,RNA
ENSG00000238517,ENSG00000144285,hsa-mir-1270,SCN1A,0.84,Negative,miRNA-mRNA interaction,RNA,RNA
ENSG00000238517,ENSG00000144724,hsa-mir-1270,PTPRG,0.9,Negative,miRNA-mRNA interaction,RNA,RNA
ENSG00000238517,ENSG00000148053,hsa-mir-1270,NTRK2,0.8,Negative,miRNA-mRNA interaction,RNA,RNA
ENSG00000238517,ENSG00000159082,hsa-mir-1270,SYNJ1,0.8,Negative,miRNA-mRNA interaction,RNA,RNA
ENSG00000238517,ENSG00000178662,hsa-mir-1270,CSRNP3,0.86,Negative,miRNA-mRNA interaction,RNA,RNA
ENSG00000238517,ENSG00000182255,hsa-mir-1270,KCNA4,0.85,Negative,miRNA-mRNA interaction,RNA,RNA
ENSG00000238517,ENSG00000184792,hsa-mir-1270,OSBP2,0.72,Negative,miRNA-mRNA interaction,RNA,RNA
ENSG00000238517,ENSG00000185985,hsa-mir-1270,SLITRK2,0.91,Negative,miRNA-mRNA interaction,RNA,RNA
ENSG00000238517,ENSG00000198216,hsa-mir-1270,CACNA1E,0.76,Negative,miRNA-mRNA interaction,RNA,RNA
ENSG00000238517,ENSG00000198740,hsa-mir-1270,ZNF652,0.79,Negative,miRNA-mRNA interaction,RNA,RNA
ENSG00000238517,ENSG00000273079,hsa-mir-1270,GRIN2B,0.81,Negative,miRNA-mRNA interaction,RNA,RNA
ENSG00000238517,ENSG00000285547,hsa-mir-1270,ENSG00000285547,0.9,Negative,miRNA-mRNA interaction,RNA,RNA
ENSG00000199080,ENSG00000077147,hsa-mir-133b,TM9SF3,0.83,Negative,miRNA-mRNA interaction,RNA,RNA
ENSG00000199080,ENSG00000079841,hsa-mir-133b,RIMS1,0.99,Negative,miRNA-mRNA interaction,RNA,RNA
ENSG00000199080,ENSG00000085788,hsa-mir-133b,DDHD2,0.78,Negative,miRNA-mRNA interaction,RNA,RNA
ENSG00000199080,ENSG00000087448,hsa-mir-133b,KLHL42,0.73,Negative,miRNA-mRNA interaction,RNA,RNA
ENSG00000199080,ENSG00000090316,hsa-mir-133b,MAEA,0.92,Negative,miRNA-mRNA interaction,RNA,RNA
ENSG00000199080,ENSG00000100568,hsa-mir-133b,VTI1B,0.74,Negative,miRNA-mRNA interaction,RNA,RNA
ENSG00000199080,ENSG00000102189,hsa-mir-133b,EEA1,0.77,Negative,miRNA-mRNA interaction,RNA,RNA
ENSG00000199080,ENSG00000106803,hsa-mir-133b,SEC61B,1,Negative,miRNA-mRNA interaction,RNA,RNA
ENSG00000199080,ENSG00000111110,hsa-mir-133b,PPM1H,0.8,Negative,miRNA-mRNA interaction,RNA,RNA
ENSG00000199080,ENSG00000112237,hsa-mir-133b,CCNC,0.87,Negative,miRNA-mRNA interaction,RNA,RNA
ENSG00000199080,ENSG00000114757,hsa-mir-133b,PEX5L,0.97,Negative,miRNA-mRNA interaction,RNA,RNA
ENSG00000199080,ENSG00000115355,hsa-mir-133b,CCDC88A,0.76,Negative,miRNA-mRNA interaction,RNA,RNA
ENSG00000199080,ENSG00000115524,hsa-mir-133b,SF3B1,0.85,Negative,miRNA-mRNA interaction,RNA,RNA
ENSG00000199080,ENSG00000120594,hsa-mir-133b,PLXDC2,0.85,Negative,miRNA-mRNA interaction,RNA,RNA
ENSG00000199080,ENSG00000120727,hsa-mir-133b,PAIP2,0.8,Negative,miRNA-mRNA interaction,RNA,RNA
ENSG00000199080,ENSG00000122299,hsa-mir-133b,ZC3H7A,0.74,Negative,miRNA-mRNA interaction,RNA,RNA
ENSG00000199080,ENSG00000123684,hsa-mir-133b,LPGAT1,0.96,Negative,miRNA-mRNA interaction,RNA,RNA
ENSG00000199080,ENSG00000124126,hsa-mir-133b,PREX1,0.81,Negative,miRNA-mRNA interaction,RNA,RNA
ENSG00000199080,ENSG00000131236,hsa-mir-133b,CAP1,0.87,Negative,miRNA-mRNA interaction,RNA,RNA
ENSG00000199080,ENSG00000134247,hsa-mir-133b,PTGFRN,0.74,Negative,miRNA-mRNA interaction,RNA,RNA
ENSG00000199080,ENSG00000135905,hsa-mir-133b,DOCK10,0.73,Negative,miRNA-mRNA interaction,RNA,RNA
ENSG00000199080,ENSG00000137076,hsa-mir-133b,TLN1,0.77,Negative,miRNA-mRNA interaction,RNA,RNA
ENSG00000199080,ENSG00000138660,hsa-mir-133b,AP1AR,0.93,Negative,miRNA-mRNA interaction,RNA,RNA
ENSG00000199080,ENSG00000141279,hsa-mir-133b,NPEPPS,0.95,Negative,miRNA-mRNA interaction,RNA,RNA
ENSG00000199080,ENSG00000141959,hsa-mir-133b,PFKL,0.78,Negative,miRNA-mRNA interaction,RNA,RNA
ENSG00000199080,ENSG00000143033,hsa-mir-133b,MTF2,0.86,Negative,miRNA-mRNA interaction,RNA,RNA
ENSG00000199080,ENSG00000146067,hsa-mir-133b,FAM193B,0.92,Negative,miRNA-mRNA interaction,RNA,RNA
ENSG00000199080,ENSG00000152061,hsa-mir-133b,RABGAP1L,0.71,Negative,miRNA-mRNA interaction,RNA,RNA
ENSG00000199080,ENSG00000156650,hsa-mir-133b,KAT6B,0.71,Negative,miRNA-mRNA interaction,RNA,RNA
ENSG00000199080,ENSG00000157077,hsa-mir-133b,ZFYVE9,0.8,Negative,miRNA-mRNA interaction,RNA,RNA
ENSG00000199080,ENSG00000158290,hsa-mir-133b,CUL4B,0.95,Negative,miRNA-mRNA interaction,RNA,RNA
ENSG00000199080,ENSG00000160714,hsa-mir-133b,UBE2Q1,0.91,Negative,miRNA-mRNA interaction,RNA,RNA
ENSG00000199080,ENSG00000163359,hsa-mir-133b,COL6A3,0.73,Negative,miRNA-mRNA interaction,RNA,RNA
ENSG00000199080,ENSG00000163960,hsa-mir-133b,UBXN7,1,Negative,miRNA-mRNA interaction,RNA,RNA
ENSG00000199080,ENSG00000164944,hsa-mir-133b,VIRMA,0.91,Negative,miRNA-mRNA interaction,RNA,RNA
ENSG00000199080,ENSG00000166173,hsa-mir-133b,LARP6,0.94,Negative,miRNA-mRNA interaction,RNA,RNA
ENSG00000199080,ENSG00000168702,hsa-mir-133b,LRP1B,0.79,Negative,miRNA-mRNA interaction,RNA,RNA
ENSG00000199080,ENSG00000171951,hsa-mir-133b,SCG2,0.95,Negative,miRNA-mRNA interaction,RNA,RNA
ENSG00000199080,ENSG00000173575,hsa-mir-133b,CHD2,0.78,Negative,miRNA-mRNA interaction,RNA,RNA
ENSG00000199080,ENSG00000175470,hsa-mir-133b,PPP2R2D,0.84,Negative,miRNA-mRNA interaction,RNA,RNA
ENSG00000199080,ENSG00000182134,hsa-mir-133b,TDRKH,0.98,Negative,miRNA-mRNA interaction,RNA,RNA
ENSG00000199080,ENSG00000187498,hsa-mir-133b,COL4A1,0.87,Negative,miRNA-mRNA interaction,RNA,RNA
ENSG00000199080,ENSG00000196220,hsa-mir-133b,SRGAP3,0.95,Negative,miRNA-mRNA interaction,RNA,RNA
ENSG00000199080,ENSG00000205133,hsa-mir-133b,TRIQK,0.86,Negative,miRNA-mRNA interaction,RNA,RNA
ENSG00000199080,ENSG00000205189,hsa-mir-133b,ZBTB10,0.87,Negative,miRNA-mRNA interaction,RNA,RNA
ENSG00000199080,ENSG00000253159,hsa-mir-133b,PCDHGA12,0.78,Negative,miRNA-mRNA interaction,RNA,RNA
ENSG00000265154,ENSG00000143324,hsa-mir-151b,XPR1,0.74,Negative,miRNA-mRNA interaction,RNA,RNA
ENSG00000207695,ENSG00000041357,hsa-mir-184,PSMA4,0.82,Negative,miRNA-mRNA interaction,RNA,RNA
ENSG00000207695,ENSG00000078369,hsa-mir-184,GNB1,0.92,Negative,miRNA-mRNA interaction,RNA,RNA
ENSG00000284253,ENSG00000124207,hsa-mir-1973,CSE1L,0.77,Negative,miRNA-mRNA interaction,RNA,RNA
ENSG00000284442,ENSG00000010810,hsa-mir-2110,FYN,0.83,Negative,miRNA-mRNA interaction,RNA,RNA
ENSG00000284442,ENSG00000076356,hsa-mir-2110,PLXNA2,0.73,Negative,miRNA-mRNA interaction,RNA,RNA
ENSG00000284442,ENSG00000100227,hsa-mir-2110,POLDIP3,0.78,Negative,miRNA-mRNA interaction,RNA,RNA
ENSG00000284442,ENSG00000100292,hsa-mir-2110,HMOX1,0.89,Negative,miRNA-mRNA interaction,RNA,RNA
ENSG00000284442,ENSG00000100722,hsa-mir-2110,ZC3H14,0.96,Negative,miRNA-mRNA interaction,RNA,RNA
ENSG00000284442,ENSG00000102100,hsa-mir-2110,SLC35A2,0.78,Negative,miRNA-mRNA interaction,RNA,RNA
ENSG00000284442,ENSG00000103966,hsa-mir-2110,EHD4,0.74,Negative,miRNA-mRNA interaction,RNA,RNA
ENSG00000284442,ENSG00000105270,hsa-mir-2110,CLIP3,0.99,Negative,miRNA-mRNA interaction,RNA,RNA
ENSG00000284442,ENSG00000108861,hsa-mir-2110,DUSP3,0.78,Negative,miRNA-mRNA interaction,RNA,RNA
ENSG00000284442,ENSG00000110013,hsa-mir-2110,SIAE,0.75,Negative,miRNA-mRNA interaction,RNA,RNA
ENSG00000284442,ENSG00000115461,hsa-mir-2110,IGFBP5,0.83,Negative,miRNA-mRNA interaction,RNA,RNA
ENSG00000284442,ENSG00000117115,hsa-mir-2110,PADI2,0.98,Negative,miRNA-mRNA interaction,RNA,RNA
ENSG00000284442,ENSG00000119446,hsa-mir-2110,RBM18,0.98,Negative,miRNA-mRNA interaction,RNA,RNA
ENSG00000284442,ENSG00000132912,hsa-mir-2110,DCTN4,0.82,Negative,miRNA-mRNA interaction,RNA,RNA
ENSG00000284442,ENSG00000138134,hsa-mir-2110,STAMBPL1,1,Negative,miRNA-mRNA interaction,RNA,RNA
ENSG00000284442,ENSG00000140807,hsa-mir-2110,NKD1,0.79,Negative,miRNA-mRNA interaction,RNA,RNA
ENSG00000284442,ENSG00000146938,hsa-mir-2110,NLGN4X,0.72,Negative,miRNA-mRNA interaction,RNA,RNA
ENSG00000284442,ENSG00000151067,hsa-mir-2110,CACNA1C,0.74,Negative,miRNA-mRNA interaction,RNA,RNA
ENSG00000284442,ENSG00000155980,hsa-mir-2110,KIF5A,0.92,Negative,miRNA-mRNA interaction,RNA,RNA
ENSG00000284442,ENSG00000160584,hsa-mir-2110,SIK3,0.83,Negative,miRNA-mRNA interaction,RNA,RNA
ENSG00000284442,ENSG00000169499,hsa-mir-2110,PLEKHA2,0.72,Negative,miRNA-mRNA interaction,RNA,RNA
ENSG00000284442,ENSG00000170004,hsa-mir-2110,CHD3,0.73,Negative,miRNA-mRNA interaction,RNA,RNA
ENSG00000284442,ENSG00000171303,hsa-mir-2110,KCNK3,0.77,Negative,miRNA-mRNA interaction,RNA,RNA
ENSG00000284442,ENSG00000178568,hsa-mir-2110,ERBB4,0.83,Negative,miRNA-mRNA interaction,RNA,RNA
ENSG00000284442,ENSG00000179134,hsa-mir-2110,SAMD4B,0.81,Negative,miRNA-mRNA interaction,RNA,RNA
ENSG00000284442,ENSG00000183454,hsa-mir-2110,GRIN2A,0.99,Negative,miRNA-mRNA interaction,RNA,RNA
ENSG00000284442,ENSG00000185666,hsa-mir-2110,SYN3,0.75,Negative,miRNA-mRNA interaction,RNA,RNA
ENSG00000284442,ENSG00000185973,hsa-mir-2110,TMLHE,0.81,Negative,miRNA-mRNA interaction,RNA,RNA
ENSG00000284442,ENSG00000186472,hsa-mir-2110,PCLO,0.72,Negative,miRNA-mRNA interaction,RNA,RNA
ENSG00000284442,ENSG00000196876,hsa-mir-2110,SCN8A,0.85,Negative,miRNA-mRNA interaction,RNA,RNA
ENSG00000267959,ENSG00000054523,hsa-mir-3188,KIF1B,0.99,Negative,miRNA-mRNA interaction,RNA,RNA
ENSG00000267959,ENSG00000056097,hsa-mir-3188,ZFR,0.75,Negative,miRNA-mRNA interaction,RNA,RNA
ENSG00000267959,ENSG00000111371,hsa-mir-3188,SLC38A1,0.79,Negative,miRNA-mRNA interaction,RNA,RNA
ENSG00000267959,ENSG00000113657,hsa-mir-3188,DPYSL3,0.98,Negative,miRNA-mRNA interaction,RNA,RNA
ENSG00000267959,ENSG00000113916,hsa-mir-3188,BCL6,0.76,Negative,miRNA-mRNA interaction,RNA,RNA
ENSG00000267959,ENSG00000114933,hsa-mir-3188,INO80D,0.78,Negative,miRNA-mRNA interaction,RNA,RNA
ENSG00000267959,ENSG00000118816,hsa-mir-3188,CCNI,0.87,Negative,miRNA-mRNA interaction,RNA,RNA
ENSG00000267959,ENSG00000130338,hsa-mir-3188,TULP4,0.75,Negative,miRNA-mRNA interaction,RNA,RNA
ENSG00000267959,ENSG00000134532,hsa-mir-3188,SOX5,0.73,Negative,miRNA-mRNA interaction,RNA,RNA
ENSG00000267959,ENSG00000137962,hsa-mir-3188,ARHGAP29,0.81,Negative,miRNA-mRNA interaction,RNA,RNA
ENSG00000267959,ENSG00000143995,hsa-mir-3188,MEIS1,0.76,Negative,miRNA-mRNA interaction,RNA,RNA
ENSG00000267959,ENSG00000144406,hsa-mir-3188,UNC80,0.74,Negative,miRNA-mRNA interaction,RNA,RNA
ENSG00000267959,ENSG00000159167,hsa-mir-3188,STC1,0.74,Negative,miRNA-mRNA interaction,RNA,RNA
ENSG00000267959,ENSG00000169641,hsa-mir-3188,LUZP1,0.84,Negative,miRNA-mRNA interaction,RNA,RNA
ENSG00000267959,ENSG00000170917,hsa-mir-3188,NUDT6,0.86,Negative,miRNA-mRNA interaction,RNA,RNA
ENSG00000267959,ENSG00000172348,hsa-mir-3188,RCAN2,0.88,Negative,miRNA-mRNA interaction,RNA,RNA
ENSG00000267959,ENSG00000184226,hsa-mir-3188,PCDH9,0.71,Negative,miRNA-mRNA interaction,RNA,RNA
ENSG00000267959,ENSG00000253159,hsa-mir-3188,PCDHGA12,0.78,Negative,miRNA-mRNA interaction,RNA,RNA
ENSG00000267959,ENSG00000261934,hsa-mir-3188,PCDHGA9,0.71,Negative,miRNA-mRNA interaction,RNA,RNA
ENSG00000267959,ENSG00000262209,hsa-mir-3188,PCDHGB3,0.71,Negative,miRNA-mRNA interaction,RNA,RNA
ENSG00000202566,ENSG00000033178,hsa-mir-421,UBA6,0.94,Negative,miRNA-mRNA interaction,RNA,RNA
ENSG00000202566,ENSG00000104320,hsa-mir-421,NBN,0.73,Negative,miRNA-mRNA interaction,RNA,RNA
ENSG00000202566,ENSG00000104375,hsa-mir-421,STK3,0.9,Negative,miRNA-mRNA interaction,RNA,RNA
ENSG00000202566,ENSG00000106278,hsa-mir-421,PTPRZ1,0.83,Negative,miRNA-mRNA interaction,RNA,RNA
ENSG00000202566,ENSG00000121964,hsa-mir-421,GTDC1,0.87,Negative,miRNA-mRNA interaction,RNA,RNA
ENSG00000202566,ENSG00000126777,hsa-mir-421,KTN1,0.71,Negative,miRNA-mRNA interaction,RNA,RNA
ENSG00000202566,ENSG00000146414,hsa-mir-421,SHPRH,0.89,Negative,miRNA-mRNA interaction,RNA,RNA
ENSG00000202566,ENSG00000163376,hsa-mir-421,KBTBD8,0.71,Negative,miRNA-mRNA interaction,RNA,RNA
ENSG00000202566,ENSG00000170522,hsa-mir-421,ELOVL6,0.74,Negative,miRNA-mRNA interaction,RNA,RNA
ENSG00000202566,ENSG00000173889,hsa-mir-421,PHC3,0.88,Negative,miRNA-mRNA interaction,RNA,RNA
ENSG00000202566,ENSG00000174579,hsa-mir-421,MSL2,0.84,Negative,miRNA-mRNA interaction,RNA,RNA
ENSG00000202566,ENSG00000181722,hsa-mir-421,ZBTB20,0.93,Negative,miRNA-mRNA interaction,RNA,RNA
ENSG00000202566,ENSG00000185009,hsa-mir-421,AP3M1,0.71,Negative,miRNA-mRNA interaction,RNA,RNA
ENSG00000202566,ENSG00000196628,hsa-mir-421,TCF4,0.86,Negative,miRNA-mRNA interaction,RNA,RNA
ENSG00000202566,ENSG00000197111,hsa-mir-421,PCBP2,0.92,Negative,miRNA-mRNA interaction,RNA,RNA
ENSG00000202566,ENSG00000198846,hsa-mir-421,TOX,0.71,Negative,miRNA-mRNA interaction,RNA,RNA
ENSG00000202566,ENSG00000206052,hsa-mir-421,DOK6,0.71,Negative,miRNA-mRNA interaction,RNA,RNA
ENSG00000202566,ENSG00000253719,hsa-mir-421,ATXN7L3B,0.72,Negative,miRNA-mRNA interaction,RNA,RNA
ENSG00000202566,ENSG00000285976,hsa-mir-421,ENSG00000285976,0.78,Negative,miRNA-mRNA interaction,RNA,RNA
ENSG00000266107,ENSG00000087152,hsa-mir-4525,ATXN7L3,0.79,Negative,miRNA-mRNA interaction,RNA,RNA
ENSG00000266107,ENSG00000126464,hsa-mir-4525,PRR12,0.72,Negative,miRNA-mRNA interaction,RNA,RNA
ENSG00000266107,ENSG00000153815,hsa-mir-4525,CMIP,0.77,Negative,miRNA-mRNA interaction,RNA,RNA
ENSG00000266107,ENSG00000157087,hsa-mir-4525,ATP2B2,0.84,Negative,miRNA-mRNA interaction,RNA,RNA
ENSG00000266107,ENSG00000185650,hsa-mir-4525,ZFP36L1,0.75,Negative,miRNA-mRNA interaction,RNA,RNA
ENSG00000266107,ENSG00000203879,hsa-mir-4525,GDI1,0.82,Negative,miRNA-mRNA interaction,RNA,RNA
ENSG00000266107,ENSG00000273079,hsa-mir-4525,GRIN2B,0.84,Negative,miRNA-mRNA interaction,RNA,RNA
ENSG00000207692,ENSG00000009694,hsa-mir-592,TENM1,0.75,Negative,miRNA-mRNA interaction,RNA,RNA
ENSG00000207692,ENSG00000011465,hsa-mir-592,DCN,0.74,Negative,miRNA-mRNA interaction,RNA,RNA
ENSG00000207692,ENSG00000071794,hsa-mir-592,HLTF,0.92,Negative,miRNA-mRNA interaction,RNA,RNA
ENSG00000207692,ENSG00000076356,hsa-mir-592,PLXNA2,0.91,Negative,miRNA-mRNA interaction,RNA,RNA
ENSG00000207692,ENSG00000078142,hsa-mir-592,PIK3C3,0.76,Negative,miRNA-mRNA interaction,RNA,RNA
ENSG00000207692,ENSG00000080493,hsa-mir-592,SLC4A4,0.76,Negative,miRNA-mRNA interaction,RNA,RNA
ENSG00000207692,ENSG00000081087,hsa-mir-592,OSTM1,0.81,Negative,miRNA-mRNA interaction,RNA,RNA
ENSG00000207692,ENSG00000099194,hsa-mir-592,SCD,0.79,Negative,miRNA-mRNA interaction,RNA,RNA
ENSG00000207692,ENSG00000102781,hsa-mir-592,KATNAL1,0.9,Negative,miRNA-mRNA interaction,RNA,RNA
ENSG00000207692,ENSG00000104331,hsa-mir-592,BPNT2,0.78,Negative,miRNA-mRNA interaction,RNA,RNA
ENSG00000207692,ENSG00000108256,hsa-mir-592,NUFIP2,0.73,Negative,miRNA-mRNA interaction,RNA,RNA
ENSG00000207692,ENSG00000110367,hsa-mir-592,DDX6,0.71,Negative,miRNA-mRNA interaction,RNA,RNA
ENSG00000207692,ENSG00000111731,hsa-mir-592,C2CD5,0.71,Negative,miRNA-mRNA interaction,RNA,RNA
ENSG00000207692,ENSG00000111790,hsa-mir-592,FGFR1OP2,0.76,Negative,miRNA-mRNA interaction,RNA,RNA
ENSG00000207692,ENSG00000112992,hsa-mir-592,NNT,0.93,Negative,miRNA-mRNA interaction,RNA,RNA
ENSG00000207692,ENSG00000117748,hsa-mir-592,RPA2,0.8,Negative,miRNA-mRNA interaction,RNA,RNA
ENSG00000207692,ENSG00000125398,hsa-mir-592,SOX9,0.93,Negative,miRNA-mRNA interaction,RNA,RNA
ENSG00000207692,ENSG00000131089,hsa-mir-592,ARHGEF9,0.99,Negative,miRNA-mRNA interaction,RNA,RNA
ENSG00000207692,ENSG00000132640,hsa-mir-592,BTBD3,0.77,Negative,miRNA-mRNA interaction,RNA,RNA
ENSG00000207692,ENSG00000136100,hsa-mir-592,VPS36,0.93,Negative,miRNA-mRNA interaction,RNA,RNA
ENSG00000207692,ENSG00000143515,hsa-mir-592,ATP8B2,0.86,Negative,miRNA-mRNA interaction,RNA,RNA
ENSG00000207692,ENSG00000147588,hsa-mir-592,PMP2,0.8,Negative,miRNA-mRNA interaction,RNA,RNA
ENSG00000207692,ENSG00000153820,hsa-mir-592,SPHKAP,0.97,Negative,miRNA-mRNA interaction,RNA,RNA
ENSG00000207692,ENSG00000154639,hsa-mir-592,CXADR,0.78,Negative,miRNA-mRNA interaction,RNA,RNA
ENSG00000207692,ENSG00000155975,hsa-mir-592,VPS37A,0.88,Negative,miRNA-mRNA interaction,RNA,RNA
ENSG00000207692,ENSG00000164151,hsa-mir-592,ICE1,0.76,Negative,miRNA-mRNA interaction,RNA,RNA
ENSG00000207692,ENSG00000164199,hsa-mir-592,ADGRV1,0.81,Negative,miRNA-mRNA interaction,RNA,RNA
ENSG00000207692,ENSG00000165029,hsa-mir-592,ABCA1,0.81,Negative,miRNA-mRNA interaction,RNA,RNA
ENSG00000207692,ENSG00000166454,hsa-mir-592,ATMIN,0.95,Negative,miRNA-mRNA interaction,RNA,RNA
ENSG00000207692,ENSG00000166855,hsa-mir-592,CLPX,0.95,Negative,miRNA-mRNA interaction,RNA,RNA
ENSG00000207692,ENSG00000170759,hsa-mir-592,KIF5B,0.95,Negative,miRNA-mRNA interaction,RNA,RNA
ENSG00000207692,ENSG00000170802,hsa-mir-592,FOXN2,0.76,Negative,miRNA-mRNA interaction,RNA,RNA
ENSG00000207692,ENSG00000176853,hsa-mir-592,FAM91A1,0.99,Negative,miRNA-mRNA interaction,RNA,RNA
ENSG00000207692,ENSG00000179981,hsa-mir-592,TSHZ1,0.95,Negative,miRNA-mRNA interaction,RNA,RNA
ENSG00000207692,ENSG00000198382,hsa-mir-592,UVRAG,0.94,Negative,miRNA-mRNA interaction,RNA,RNA
ENSG00000207692,ENSG00000273079,hsa-mir-592,GRIN2B,0.72,Negative,miRNA-mRNA interaction,RNA,RNA
ENSG00000284583,ENSG00000064651,hsa-mir-935,SLC12A2,0.85,Negative,miRNA-mRNA interaction,RNA,RNA
ENSG00000284583,ENSG00000067369,hsa-mir-935,TP53BP1,0.98,Negative,miRNA-mRNA interaction,RNA,RNA
ENSG00000284583,ENSG00000070961,hsa-mir-935,ATP2B1,0.83,Negative,miRNA-mRNA interaction,RNA,RNA
ENSG00000284583,ENSG00000111727,hsa-mir-935,HCFC2,0.96,Negative,miRNA-mRNA interaction,RNA,RNA
ENSG00000284583,ENSG00000113558,hsa-mir-935,SKP1,0.87,Negative,miRNA-mRNA interaction,RNA,RNA
ENSG00000284583,ENSG00000152661,hsa-mir-935,GJA1,0.81,Negative,miRNA-mRNA interaction,RNA,RNA
ENSG00000284583,ENSG00000171681,hsa-mir-935,ATF7IP,0.91,Negative,miRNA-mRNA interaction,RNA,RNA
ENSG00000284583,ENSG00000188612,hsa-mir-935,SUMO2,0.92,Negative,miRNA-mRNA interaction,RNA,RNA
ENSG00000284583,ENSG00000266028,hsa-mir-935,SRGAP2,0.77,Negative,miRNA-mRNA interaction,RNA,RNA
ENSG00000284346,ENSG00000010017,hsa-mir-940,RANBP9,0.77,Negative,miRNA-mRNA interaction,RNA,RNA
ENSG00000284346,ENSG00000035681,hsa-mir-940,NSMAF,0.81,Negative,miRNA-mRNA interaction,RNA,RNA
ENSG00000284346,ENSG00000128989,hsa-mir-940,ARPP19,0.77,Negative,miRNA-mRNA interaction,RNA,RNA
ENSG00000284346,ENSG00000134108,hsa-mir-940,ARL8B,0.72,Negative,miRNA-mRNA interaction,RNA,RNA
ENSG00000284346,ENSG00000135720,hsa-mir-940,DYNC1LI2,0.76,Negative,miRNA-mRNA interaction,RNA,RNA
ENSG00000284346,ENSG00000169398,hsa-mir-940,PTK2,0.78,Negative,miRNA-mRNA interaction,RNA,RNA
ENSG00000284346,ENSG00000187446,hsa-mir-940,CHP1,0.98,Negative,miRNA-mRNA interaction,RNA,RNA
ENSG00000283958,ENSG00000038219,hsa-mir-1248,BOD1L1,0.83,Negative,miRNA-mRNA interaction,RNA,RNA
ENSG00000283958,ENSG00000135905,hsa-mir-1248,DOCK10,0.9,Negative,miRNA-mRNA interaction,RNA,RNA
ENSG00000283958,ENSG00000170248,hsa-mir-1248,PDCD6IP,0.99,Negative,miRNA-mRNA interaction,RNA,RNA
ENSG00000266192,ENSG00000157741,hsa-mir-1260b,UBN2,0.76,Negative,miRNA-mRNA interaction,RNA,RNA
ENSG00000266192,ENSG00000174607,hsa-mir-1260b,UGT8,0.89,Negative,miRNA-mRNA interaction,RNA,RNA
ENSG00000276158,ENSG00000043093,hsa-mir-1264,DCUN1D1,0.71,Negative,miRNA-mRNA interaction,RNA,RNA
ENSG00000276158,ENSG00000100784,hsa-mir-1264,RPS6KA5,0.76,Negative,miRNA-mRNA interaction,RNA,RNA
ENSG00000276158,ENSG00000127022,hsa-mir-1264,CANX,0.75,Negative,miRNA-mRNA interaction,RNA,RNA
ENSG00000276158,ENSG00000153827,hsa-mir-1264,TRIP12,0.85,Negative,miRNA-mRNA interaction,RNA,RNA
ENSG00000276158,ENSG00000161048,hsa-mir-1264,NAPEPLD,0.89,Negative,miRNA-mRNA interaction,RNA,RNA
ENSG00000276158,ENSG00000163349,hsa-mir-1264,HIPK1,0.96,Negative,miRNA-mRNA interaction,RNA,RNA
ENSG00000276158,ENSG00000164031,hsa-mir-1264,DNAJB14,0.87,Negative,miRNA-mRNA interaction,RNA,RNA
ENSG00000276158,ENSG00000168036,hsa-mir-1264,CTNNB1,0.78,Negative,miRNA-mRNA interaction,RNA,RNA
ENSG00000276158,ENSG00000185658,hsa-mir-1264,BRWD1,0.71,Negative,miRNA-mRNA interaction,RNA,RNA
ENSG00000238517,ENSG00000110436,hsa-mir-1270,SLC1A2,0.73,Negative,miRNA-mRNA interaction,RNA,RNA
ENSG00000238517,ENSG00000144580,hsa-mir-1270,CNOT9,0.75,Negative,miRNA-mRNA interaction,RNA,RNA
ENSG00000238517,ENSG00000148925,hsa-mir-1270,BTBD10,0.72,Negative,miRNA-mRNA interaction,RNA,RNA
ENSG00000238517,ENSG00000151247,hsa-mir-1270,EIF4E,0.71,Negative,miRNA-mRNA interaction,RNA,RNA
ENSG00000238517,ENSG00000166503,hsa-mir-1270,HDGFL3,0.82,Negative,miRNA-mRNA interaction,RNA,RNA
ENSG00000238517,ENSG00000182667,hsa-mir-1270,NTM,0.75,Negative,miRNA-mRNA interaction,RNA,RNA
ENSG00000238517,ENSG00000251664,hsa-mir-1270,PCDHA12,0.82,Negative,miRNA-mRNA interaction,RNA,RNA
ENSG00000199080,ENSG00000008952,hsa-mir-133b,SEC62,0.74,Negative,miRNA-mRNA interaction,RNA,RNA
ENSG00000199080,ENSG00000067048,hsa-mir-133b,DDX3Y,0.84,Negative,miRNA-mRNA interaction,RNA,RNA
ENSG00000199080,ENSG00000095261,hsa-mir-133b,PSMD5,0.73,Negative,miRNA-mRNA interaction,RNA,RNA
ENSG00000199080,ENSG00000108582,hsa-mir-133b,CPD,0.71,Negative,miRNA-mRNA interaction,RNA,RNA
ENSG00000199080,ENSG00000112531,hsa-mir-133b,QKI,0.87,Negative,miRNA-mRNA interaction,RNA,RNA
ENSG00000199080,ENSG00000131711,hsa-mir-133b,MAP1B,0.73,Negative,miRNA-mRNA interaction,RNA,RNA
ENSG00000199080,ENSG00000154654,hsa-mir-133b,NCAM2,0.88,Negative,miRNA-mRNA interaction,RNA,RNA
ENSG00000199080,ENSG00000166963,hsa-mir-133b,MAP1A,0.74,Negative,miRNA-mRNA interaction,RNA,RNA
ENSG00000199080,ENSG00000176406,hsa-mir-133b,RIMS2,0.77,Negative,miRNA-mRNA interaction,RNA,RNA
ENSG00000199080,ENSG00000176749,hsa-mir-133b,CDK5R1,0.82,Negative,miRNA-mRNA interaction,RNA,RNA
ENSG00000199080,ENSG00000181827,hsa-mir-133b,RFX7,0.76,Negative,miRNA-mRNA interaction,RNA,RNA
ENSG00000199080,ENSG00000183579,hsa-mir-133b,ZNRF3,0.9,Negative,miRNA-mRNA interaction,RNA,RNA
ENSG00000199080,ENSG00000184226,hsa-mir-133b,PCDH9,0.85,Negative,miRNA-mRNA interaction,RNA,RNA
ENSG00000207695,ENSG00000124785,hsa-mir-184,NRN1,0.79,Negative,miRNA-mRNA interaction,RNA,RNA
ENSG00000284442,ENSG00000008294,hsa-mir-2110,SPAG9,0.79,Negative,miRNA-mRNA interaction,RNA,RNA
ENSG00000284442,ENSG00000010244,hsa-mir-2110,ZNF207,0.97,Negative,miRNA-mRNA interaction,RNA,RNA
ENSG00000284442,ENSG00000072071,hsa-mir-2110,ADGRL1,0.81,Negative,miRNA-mRNA interaction,RNA,RNA
ENSG00000284442,ENSG00000075975,hsa-mir-2110,MKRN2,0.71,Negative,miRNA-mRNA interaction,RNA,RNA
ENSG00000284442,ENSG00000082641,hsa-mir-2110,NFE2L1,0.99,Negative,miRNA-mRNA interaction,RNA,RNA
ENSG00000284442,ENSG00000096060,hsa-mir-2110,FKBP5,0.72,Negative,miRNA-mRNA interaction,RNA,RNA
ENSG00000284442,ENSG00000106799,hsa-mir-2110,TGFBR1,0.94,Negative,miRNA-mRNA interaction,RNA,RNA
ENSG00000284442,ENSG00000109339,hsa-mir-2110,MAPK10,0.72,Negative,miRNA-mRNA interaction,RNA,RNA
ENSG00000284442,ENSG00000113522,hsa-mir-2110,RAD50,0.85,Negative,miRNA-mRNA interaction,RNA,RNA
ENSG00000284442,ENSG00000113916,hsa-mir-2110,BCL6,0.87,Negative,miRNA-mRNA interaction,RNA,RNA
ENSG00000284442,ENSG00000121879,hsa-mir-2110,PIK3CA,0.74,Negative,miRNA-mRNA interaction,RNA,RNA
ENSG00000284442,ENSG00000130202,hsa-mir-2110,NECTIN2,0.79,Negative,miRNA-mRNA interaction,RNA,RNA
ENSG00000284442,ENSG00000151348,hsa-mir-2110,EXT2,0.76,Negative,miRNA-mRNA interaction,RNA,RNA
ENSG00000284442,ENSG00000158528,hsa-mir-2110,PPP1R9A,0.75,Negative,miRNA-mRNA interaction,RNA,RNA
ENSG00000284442,ENSG00000166783,hsa-mir-2110,MARF1,0.92,Negative,miRNA-mRNA interaction,RNA,RNA
ENSG00000284442,ENSG00000232119,hsa-mir-2110,MCTS1,0.77,Negative,miRNA-mRNA interaction,RNA,RNA
ENSG00000284442,ENSG00000283782,hsa-mir-2110,ENSG00000283782,0.72,Negative,miRNA-mRNA interaction,RNA,RNA
ENSG00000264566,ENSG00000005893,hsa-mir-23c,LAMP2,0.71,Negative,miRNA-mRNA interaction,RNA,RNA
ENSG00000264566,ENSG00000008086,hsa-mir-23c,CDKL5,0.9,Negative,miRNA-mRNA interaction,RNA,RNA
ENSG00000264566,ENSG00000009413,hsa-mir-23c,REV3L,0.76,Negative,miRNA-mRNA interaction,RNA,RNA
ENSG00000264566,ENSG00000081154,hsa-mir-23c,PCNP,0.78,Negative,miRNA-mRNA interaction,RNA,RNA
ENSG00000264566,ENSG00000082258,hsa-mir-23c,CCNT2,0.87,Negative,miRNA-mRNA interaction,RNA,RNA
ENSG00000264566,ENSG00000094916,hsa-mir-23c,CBX5,0.83,Negative,miRNA-mRNA interaction,RNA,RNA
ENSG00000264566,ENSG00000100285,hsa-mir-23c,NEFH,0.89,Negative,miRNA-mRNA interaction,RNA,RNA
ENSG00000264566,ENSG00000100934,hsa-mir-23c,SEC23A,0.94,Negative,miRNA-mRNA interaction,RNA,RNA
ENSG00000264566,ENSG00000101290,hsa-mir-23c,CDS2,0.73,Negative,miRNA-mRNA interaction,RNA,RNA
ENSG00000264566,ENSG00000101558,hsa-mir-23c,VAPA,0.87,Negative,miRNA-mRNA interaction,RNA,RNA
ENSG00000264566,ENSG00000102468,hsa-mir-23c,HTR2A,0.8,Negative,miRNA-mRNA interaction,RNA,RNA
ENSG00000264566,ENSG00000104177,hsa-mir-23c,MYEF2,0.73,Negative,miRNA-mRNA interaction,RNA,RNA
ENSG00000264566,ENSG00000105855,hsa-mir-23c,ITGB8,0.79,Negative,miRNA-mRNA interaction,RNA,RNA
ENSG00000264566,ENSG00000109339,hsa-mir-23c,MAPK10,0.86,Negative,miRNA-mRNA interaction,RNA,RNA
ENSG00000264566,ENSG00000113231,hsa-mir-23c,PDE8B,0.81,Negative,miRNA-mRNA interaction,RNA,RNA
ENSG00000264566,ENSG00000130962,hsa-mir-23c,PRRG1,0.79,Negative,miRNA-mRNA interaction,RNA,RNA
ENSG00000264566,ENSG00000131100,hsa-mir-23c,ATP6V1E1,0.99,Negative,miRNA-mRNA interaction,RNA,RNA
ENSG00000264566,ENSG00000131115,hsa-mir-23c,ZNF227,0.76,Negative,miRNA-mRNA interaction,RNA,RNA
ENSG00000264566,ENSG00000132640,hsa-mir-23c,BTBD3,0.72,Negative,miRNA-mRNA interaction,RNA,RNA
ENSG00000264566,ENSG00000135387,hsa-mir-23c,CAPRIN1,0.89,Negative,miRNA-mRNA interaction,RNA,RNA
ENSG00000264566,ENSG00000138757,hsa-mir-23c,G3BP2,0.84,Negative,miRNA-mRNA interaction,RNA,RNA
ENSG00000264566,ENSG00000140538,hsa-mir-23c,NTRK3,0.9,Negative,miRNA-mRNA interaction,RNA,RNA
ENSG00000264566,ENSG00000143190,hsa-mir-23c,POU2F1,0.98,Negative,miRNA-mRNA interaction,RNA,RNA
ENSG00000264566,ENSG00000143469,hsa-mir-23c,SYT14,0.84,Negative,miRNA-mRNA interaction,RNA,RNA
ENSG00000264566,ENSG00000144283,hsa-mir-23c,PKP4,0.98,Negative,miRNA-mRNA interaction,RNA,RNA
ENSG00000264566,ENSG00000144893,hsa-mir-23c,MED12L,0.93,Negative,miRNA-mRNA interaction,RNA,RNA
ENSG00000264566,ENSG00000153904,hsa-mir-23c,DDAH1,0.95,Negative,miRNA-mRNA interaction,RNA,RNA
ENSG00000264566,ENSG00000154229,hsa-mir-23c,PRKCA,0.83,Negative,miRNA-mRNA interaction,RNA,RNA
ENSG00000264566,ENSG00000154654,hsa-mir-23c,NCAM2,0.78,Negative,miRNA-mRNA interaction,RNA,RNA
ENSG00000264566,ENSG00000155970,hsa-mir-23c,MICU3,0.89,Negative,miRNA-mRNA interaction,RNA,RNA
ENSG00000264566,ENSG00000157087,hsa-mir-23c,ATP2B2,0.82,Negative,miRNA-mRNA interaction,RNA,RNA
ENSG00000264566,ENSG00000157540,hsa-mir-23c,DYRK1A,0.78,Negative,miRNA-mRNA interaction,RNA,RNA
ENSG00000264566,ENSG00000164070,hsa-mir-23c,HSPA4L,0.74,Negative,miRNA-mRNA interaction,RNA,RNA
ENSG00000264566,ENSG00000165410,hsa-mir-23c,CFL2,0.92,Negative,miRNA-mRNA interaction,RNA,RNA
ENSG00000264566,ENSG00000169760,hsa-mir-23c,NLGN1,0.95,Negative,miRNA-mRNA interaction,RNA,RNA
ENSG00000264566,ENSG00000170500,hsa-mir-23c,LONRF2,0.84,Negative,miRNA-mRNA interaction,RNA,RNA
ENSG00000264566,ENSG00000172260,hsa-mir-23c,NEGR1,0.84,Negative,miRNA-mRNA interaction,RNA,RNA
ENSG00000264566,ENSG00000172845,hsa-mir-23c,SP3,0.8,Negative,miRNA-mRNA interaction,RNA,RNA
ENSG00000264566,ENSG00000175874,hsa-mir-23c,CREG2,0.83,Negative,miRNA-mRNA interaction,RNA,RNA
ENSG00000264566,ENSG00000175931,hsa-mir-23c,UBE2O,0.91,Negative,miRNA-mRNA interaction,RNA,RNA
ENSG00000264566,ENSG00000178568,hsa-mir-23c,ERBB4,0.98,Negative,miRNA-mRNA interaction,RNA,RNA
ENSG00000264566,ENSG00000186908,hsa-mir-23c,ZDHHC17,0.89,Negative,miRNA-mRNA interaction,RNA,RNA
ENSG00000264566,ENSG00000187187,hsa-mir-23c,ZNF546,0.72,Negative,miRNA-mRNA interaction,RNA,RNA
ENSG00000264566,ENSG00000187189,hsa-mir-23c,TSPYL4,0.84,Negative,miRNA-mRNA interaction,RNA,RNA
ENSG00000264566,ENSG00000196368,hsa-mir-23c,NUDT11,0.87,Negative,miRNA-mRNA interaction,RNA,RNA
ENSG00000264566,ENSG00000197121,hsa-mir-23c,PGAP1,0.83,Negative,miRNA-mRNA interaction,RNA,RNA
ENSG00000264566,ENSG00000197170,hsa-mir-23c,PSMD12,0.84,Negative,miRNA-mRNA interaction,RNA,RNA
ENSG00000264566,ENSG00000197555,hsa-mir-23c,SIPA1L1,0.94,Negative,miRNA-mRNA interaction,RNA,RNA
ENSG00000264566,ENSG00000198934,hsa-mir-23c,MAGEE1,0.9,Negative,miRNA-mRNA interaction,RNA,RNA
ENSG00000264566,ENSG00000205726,hsa-mir-23c,ITSN1,0.71,Negative,miRNA-mRNA interaction,RNA,RNA
ENSG00000264566,ENSG00000213639,hsa-mir-23c,PPP1CB,0.94,Negative,miRNA-mRNA interaction,RNA,RNA
ENSG00000264566,ENSG00000273079,hsa-mir-23c,GRIN2B,0.95,Negative,miRNA-mRNA interaction,RNA,RNA
ENSG00000264566,ENSG00000275052,hsa-mir-23c,PPP4R3B,0.91,Negative,miRNA-mRNA interaction,RNA,RNA
ENSG00000264566,ENSG00000276293,hsa-mir-23c,PIP4K2B,0.87,Negative,miRNA-mRNA interaction,RNA,RNA
ENSG00000202566,ENSG00000150867,hsa-mir-421,PIP4K2A,0.89,Negative,miRNA-mRNA interaction,RNA,RNA
ENSG00000202566,ENSG00000154174,hsa-mir-421,TOMM70,0.99,Negative,miRNA-mRNA interaction,RNA,RNA
ENSG00000202566,ENSG00000171724,hsa-mir-421,VAT1L,0.75,Negative,miRNA-mRNA interaction,RNA,RNA
ENSG00000202566,ENSG00000171951,hsa-mir-421,SCG2,0.94,Negative,miRNA-mRNA interaction,RNA,RNA
ENSG00000202566,ENSG00000174738,hsa-mir-421,NR1D2,0.98,Negative,miRNA-mRNA interaction,RNA,RNA
ENSG00000202566,ENSG00000183354,hsa-mir-421,KIAA2026,0.85,Negative,miRNA-mRNA interaction,RNA,RNA
ENSG00000263762,ENSG00000232838,hsa-mir-4286,PET117,0.8,Negative,miRNA-mRNA interaction,RNA,RNA
ENSG00000283795,ENSG00000081138,hsa-mir-4426,CDH7,0.8,Negative,miRNA-mRNA interaction,RNA,RNA
ENSG00000283795,ENSG00000116147,hsa-mir-4426,TNR,0.82,Negative,miRNA-mRNA interaction,RNA,RNA
ENSG00000283795,ENSG00000118473,hsa-mir-4426,SGIP1,0.77,Negative,miRNA-mRNA interaction,RNA,RNA
ENSG00000283795,ENSG00000131238,hsa-mir-4426,PPT1,0.88,Negative,miRNA-mRNA interaction,RNA,RNA
ENSG00000283795,ENSG00000138757,hsa-mir-4426,G3BP2,0.88,Negative,miRNA-mRNA interaction,RNA,RNA
ENSG00000283795,ENSG00000153707,hsa-mir-4426,PTPRD,0.88,Negative,miRNA-mRNA interaction,RNA,RNA
ENSG00000283795,ENSG00000182389,hsa-mir-4426,CACNB4,0.93,Negative,miRNA-mRNA interaction,RNA,RNA
ENSG00000283795,ENSG00000182831,hsa-mir-4426,HAPSTR1,0.87,Negative,miRNA-mRNA interaction,RNA,RNA
ENSG00000283795,ENSG00000213639,hsa-mir-4426,PPP1CB,0.73,Negative,miRNA-mRNA interaction,RNA,RNA
ENSG00000283795,ENSG00000221866,hsa-mir-4426,PLXNA4,0.81,Negative,miRNA-mRNA interaction,RNA,RNA
ENSG00000266109,ENSG00000106080,hsa-mir-4440,FKBP14,0.75,Negative,miRNA-mRNA interaction,RNA,RNA
ENSG00000266107,ENSG00000105649,hsa-mir-4525,RAB3A,0.81,Negative,miRNA-mRNA interaction,RNA,RNA
ENSG00000266107,ENSG00000110536,hsa-mir-4525,PTPMT1,0.85,Negative,miRNA-mRNA interaction,RNA,RNA
ENSG00000266107,ENSG00000166863,hsa-mir-4525,TAC3,0.85,Negative,miRNA-mRNA interaction,RNA,RNA
ENSG00000266016,ENSG00000055609,hsa-mir-548z,KMT2C,1,Negative,miRNA-mRNA interaction,RNA,RNA
ENSG00000207546,ENSG00000055609,hsa-mir-548z,KMT2C,1,Negative,miRNA-mRNA interaction,RNA,RNA
ENSG00000266016,ENSG00000064225,hsa-mir-548z,ST3GAL6,0.84,Negative,miRNA-mRNA interaction,RNA,RNA
ENSG00000207546,ENSG00000064225,hsa-mir-548z,ST3GAL6,0.84,Negative,miRNA-mRNA interaction,RNA,RNA
ENSG00000266016,ENSG00000077097,hsa-mir-548z,TOP2B,0.87,Negative,miRNA-mRNA interaction,RNA,RNA
ENSG00000207546,ENSG00000077097,hsa-mir-548z,TOP2B,0.87,Negative,miRNA-mRNA interaction,RNA,RNA
ENSG00000266016,ENSG00000101639,hsa-mir-548z,CEP192,0.79,Negative,miRNA-mRNA interaction,RNA,RNA
ENSG00000207546,ENSG00000101639,hsa-mir-548z,CEP192,0.79,Negative,miRNA-mRNA interaction,RNA,RNA
ENSG00000266016,ENSG00000102452,hsa-mir-548z,NALCN,0.77,Negative,miRNA-mRNA interaction,RNA,RNA
ENSG00000207546,ENSG00000102452,hsa-mir-548z,NALCN,0.77,Negative,miRNA-mRNA interaction,RNA,RNA
ENSG00000266016,ENSG00000102471,hsa-mir-548z,NDFIP2,0.83,Negative,miRNA-mRNA interaction,RNA,RNA
ENSG00000207546,ENSG00000102471,hsa-mir-548z,NDFIP2,0.83,Negative,miRNA-mRNA interaction,RNA,RNA
ENSG00000266016,ENSG00000106723,hsa-mir-548z,SPIN1,0.93,Negative,miRNA-mRNA interaction,RNA,RNA
ENSG00000207546,ENSG00000106723,hsa-mir-548z,SPIN1,0.93,Negative,miRNA-mRNA interaction,RNA,RNA
ENSG00000266016,ENSG00000111605,hsa-mir-548z,CPSF6,0.98,Negative,miRNA-mRNA interaction,RNA,RNA
ENSG00000207546,ENSG00000111605,hsa-mir-548z,CPSF6,0.98,Negative,miRNA-mRNA interaction,RNA,RNA
ENSG00000266016,ENSG00000116095,hsa-mir-548z,PLEKHA3,1,Negative,miRNA-mRNA interaction,RNA,RNA
ENSG00000207546,ENSG00000116095,hsa-mir-548z,PLEKHA3,1,Negative,miRNA-mRNA interaction,RNA,RNA
ENSG00000266016,ENSG00000117222,hsa-mir-548z,RBBP5,0.88,Negative,miRNA-mRNA interaction,RNA,RNA
ENSG00000207546,ENSG00000117222,hsa-mir-548z,RBBP5,0.88,Negative,miRNA-mRNA interaction,RNA,RNA
ENSG00000266016,ENSG00000128607,hsa-mir-548z,KLHDC10,0.87,Negative,miRNA-mRNA interaction,RNA,RNA
ENSG00000207546,ENSG00000128607,hsa-mir-548z,KLHDC10,0.87,Negative,miRNA-mRNA interaction,RNA,RNA
ENSG00000266016,ENSG00000131051,hsa-mir-548z,RBM39,0.86,Negative,miRNA-mRNA interaction,RNA,RNA
ENSG00000207546,ENSG00000131051,hsa-mir-548z,RBM39,0.86,Negative,miRNA-mRNA interaction,RNA,RNA
ENSG00000266016,ENSG00000132640,hsa-mir-548z,BTBD3,0.8,Negative,miRNA-mRNA interaction,RNA,RNA
ENSG00000207546,ENSG00000132640,hsa-mir-548z,BTBD3,0.8,Negative,miRNA-mRNA interaction,RNA,RNA
ENSG00000266016,ENSG00000145495,hsa-mir-548z,MARCHF6,0.96,Negative,miRNA-mRNA interaction,RNA,RNA
ENSG00000207546,ENSG00000145495,hsa-mir-548z,MARCHF6,0.96,Negative,miRNA-mRNA interaction,RNA,RNA
ENSG00000266016,ENSG00000153147,hsa-mir-548z,SMARCA5,0.93,Negative,miRNA-mRNA interaction,RNA,RNA
ENSG00000207546,ENSG00000153147,hsa-mir-548z,SMARCA5,0.93,Negative,miRNA-mRNA interaction,RNA,RNA
ENSG00000266016,ENSG00000166532,hsa-mir-548z,RIMKLB,1,Negative,miRNA-mRNA interaction,RNA,RNA
ENSG00000207546,ENSG00000166532,hsa-mir-548z,RIMKLB,1,Negative,miRNA-mRNA interaction,RNA,RNA
ENSG00000266016,ENSG00000166575,hsa-mir-548z,TMEM135,0.93,Negative,miRNA-mRNA interaction,RNA,RNA
ENSG00000207546,ENSG00000166575,hsa-mir-548z,TMEM135,0.93,Negative,miRNA-mRNA interaction,RNA,RNA
ENSG00000266016,ENSG00000170144,hsa-mir-548z,HNRNPA3,0.86,Negative,miRNA-mRNA interaction,RNA,RNA
ENSG00000207546,ENSG00000170144,hsa-mir-548z,HNRNPA3,0.86,Negative,miRNA-mRNA interaction,RNA,RNA
ENSG00000266016,ENSG00000172260,hsa-mir-548z,NEGR1,0.97,Negative,miRNA-mRNA interaction,RNA,RNA
ENSG00000207546,ENSG00000172260,hsa-mir-548z,NEGR1,0.97,Negative,miRNA-mRNA interaction,RNA,RNA
ENSG00000266016,ENSG00000173482,hsa-mir-548z,PTPRM,0.82,Negative,miRNA-mRNA interaction,RNA,RNA
ENSG00000207546,ENSG00000173482,hsa-mir-548z,PTPRM,0.82,Negative,miRNA-mRNA interaction,RNA,RNA
ENSG00000266016,ENSG00000177565,hsa-mir-548z,TBL1XR1,0.99,Negative,miRNA-mRNA interaction,RNA,RNA
ENSG00000207546,ENSG00000177565,hsa-mir-548z,TBL1XR1,0.99,Negative,miRNA-mRNA interaction,RNA,RNA
ENSG00000266016,ENSG00000184226,hsa-mir-548z,PCDH9,1,Negative,miRNA-mRNA interaction,RNA,RNA
ENSG00000207546,ENSG00000184226,hsa-mir-548z,PCDH9,1,Negative,miRNA-mRNA interaction,RNA,RNA
ENSG00000266016,ENSG00000187735,hsa-mir-548z,TCEA1,0.87,Negative,miRNA-mRNA interaction,RNA,RNA
ENSG00000207546,ENSG00000187735,hsa-mir-548z,TCEA1,0.87,Negative,miRNA-mRNA interaction,RNA,RNA
ENSG00000266016,ENSG00000198300,hsa-mir-548z,PEG3,0.94,Negative,miRNA-mRNA interaction,RNA,RNA
ENSG00000207546,ENSG00000198300,hsa-mir-548z,PEG3,0.94,Negative,miRNA-mRNA interaction,RNA,RNA
ENSG00000264477,ENSG00000069667,hsa-mir-5682,RORA,0.78,Negative,miRNA-mRNA interaction,RNA,RNA
ENSG00000264477,ENSG00000071575,hsa-mir-5682,TRIB2,0.71,Negative,miRNA-mRNA interaction,RNA,RNA
ENSG00000264477,ENSG00000110427,hsa-mir-5682,KIAA1549L,0.78,Negative,miRNA-mRNA interaction,RNA,RNA
ENSG00000264477,ENSG00000114331,hsa-mir-5682,ACAP2,0.75,Negative,miRNA-mRNA interaction,RNA,RNA
ENSG00000264477,ENSG00000114520,hsa-mir-5682,SNX4,0.75,Negative,miRNA-mRNA interaction,RNA,RNA
ENSG00000264477,ENSG00000144810,hsa-mir-5682,COL8A1,0.95,Negative,miRNA-mRNA interaction,RNA,RNA
ENSG00000264477,ENSG00000145675,hsa-mir-5682,PIK3R1,0.75,Negative,miRNA-mRNA interaction,RNA,RNA
ENSG00000264477,ENSG00000151967,hsa-mir-5682,SCHIP1,0.84,Negative,miRNA-mRNA interaction,RNA,RNA
ENSG00000264477,ENSG00000165495,hsa-mir-5682,PKNOX2,0.82,Negative,miRNA-mRNA interaction,RNA,RNA
ENSG00000264477,ENSG00000174437,hsa-mir-5682,ATP2A2,0.79,Negative,miRNA-mRNA interaction,RNA,RNA
ENSG00000264477,ENSG00000175161,hsa-mir-5682,CADM2,0.88,Negative,miRNA-mRNA interaction,RNA,RNA
ENSG00000264477,ENSG00000186908,hsa-mir-5682,ZDHHC17,0.76,Negative,miRNA-mRNA interaction,RNA,RNA
ENSG00000207931,ENSG00000004897,hsa-mir-577,CDC27,0.96,Negative,miRNA-mRNA interaction,RNA,RNA
ENSG00000207931,ENSG00000072657,hsa-mir-577,TRHDE,0.95,Negative,miRNA-mRNA interaction,RNA,RNA
ENSG00000207931,ENSG00000126016,hsa-mir-577,AMOT,0.78,Negative,miRNA-mRNA interaction,RNA,RNA
ENSG00000207692,ENSG00000008294,hsa-mir-592,SPAG9,0.93,Negative,miRNA-mRNA interaction,RNA,RNA
ENSG00000207692,ENSG00000048540,hsa-mir-592,LMO3,0.79,Negative,miRNA-mRNA interaction,RNA,RNA
ENSG00000207692,ENSG00000079950,hsa-mir-592,STX7,0.75,Negative,miRNA-mRNA interaction,RNA,RNA
ENSG00000207692,ENSG00000093167,hsa-mir-592,LRRFIP2,0.91,Negative,miRNA-mRNA interaction,RNA,RNA
ENSG00000207692,ENSG00000117707,hsa-mir-592,PROX1,0.79,Negative,miRNA-mRNA interaction,RNA,RNA
ENSG00000207692,ENSG00000136541,hsa-mir-592,ERMN,0.72,Negative,miRNA-mRNA interaction,RNA,RNA
ENSG00000207692,ENSG00000156103,hsa-mir-592,MMP16,0.77,Negative,miRNA-mRNA interaction,RNA,RNA
ENSG00000207692,ENSG00000197170,hsa-mir-592,PSMD12,0.8,Negative,miRNA-mRNA interaction,RNA,RNA
ENSG00000284346,ENSG00000067715,hsa-mir-940,SYT1,0.78,Negative,miRNA-mRNA interaction,RNA,RNA
ENSG00000284346,ENSG00000108443,hsa-mir-940,RPS6KB1,0.9,Negative,miRNA-mRNA interaction,RNA,RNA
ENSG00000284346,ENSG00000113594,hsa-mir-940,LIFR,0.79,Negative,miRNA-mRNA interaction,RNA,RNA
ENSG00000284346,ENSG00000157985,hsa-mir-940,AGAP1,0.82,Negative,miRNA-mRNA interaction,RNA,RNA
ENSG00000198976,ENSG00000120129,hsa-mir-429,DUSP1,0.99,Negative,miRNA-mRNA interaction,RNA,RNA
ENSG00000221333,ENSG00000124766,hsa-mir-548k,SOX4,0.75,Negative,miRNA-mRNA interaction,RNA,RNA
ENSG00000266228,ENSG00000110344,hsa-mir-3611,UBE4A,0.88,Negative,miRNA-mRNA interaction,RNA,RNA
ENSG00000266228,ENSG00000069956,hsa-mir-3611,MAPK6,0.81,Negative,miRNA-mRNA interaction,RNA,RNA
ENSG00000198976,ENSG00000107341,hsa-mir-429,UBE2R2,0.79,Negative,miRNA-mRNA interaction,RNA,RNA
ENSG00000198976,ENSG00000164741,hsa-mir-429,DLC1,0.93,Negative,miRNA-mRNA interaction,RNA,RNA
ENSG00000221333,ENSG00000137693,hsa-mir-548k,YAP1,0.83,Negative,miRNA-mRNA interaction,RNA,RNA
ENSG00000198976,ENSG00000166484,hsa-mir-429,MAPK7,0.92,Negative,miRNA-mRNA interaction,RNA,RNA
ENSG00000266228,ENSG00000181788,hsa-mir-3611,SIAH2,0.87,Negative,miRNA-mRNA interaction,RNA,RNA
ENSG00000221333,ENSG00000177125,hsa-mir-548k,ZBTB34,0.91,Negative,miRNA-mRNA interaction,RNA,RNA
ENSG00000198976,ENSG00000198142,hsa-mir-429,SOWAHC,0.78,Negative,miRNA-mRNA interaction,RNA,RNA
ENSG00000198976,ENSG00000257923,hsa-mir-429,CUX1,0.86,Negative,miRNA-mRNA interaction,RNA,RNA
ENSG00000198976,ENSG00000101966,hsa-mir-429,XIAP,0.88,Negative,miRNA-mRNA interaction,RNA,RNA
ENSG00000198976,ENSG00000175087,hsa-mir-429,PDIK1L,0.99,Negative,miRNA-mRNA interaction,RNA,RNA
ENSG00000198976,ENSG00000165572,hsa-mir-429,KBTBD6,0.85,Negative,miRNA-mRNA interaction,RNA,RNA
ENSG00000266228,ENSG00000146676,hsa-mir-3611,PURB,0.95,Negative,miRNA-mRNA interaction,RNA,RNA
ENSG00000221333,ENSG00000163349,hsa-mir-548k,HIPK1,0.78,Negative,miRNA-mRNA interaction,RNA,RNA
ENSG00000221333,ENSG00000112419,hsa-mir-548k,PHACTR2,0.79,Negative,miRNA-mRNA interaction,RNA,RNA
ENSG00000266228,ENSG00000009413,hsa-mir-3611,REV3L,0.98,Negative,miRNA-mRNA interaction,RNA,RNA
ENSG00000266228,ENSG00000114796,hsa-mir-3611,KLHL24,0.82,Negative,miRNA-mRNA interaction,RNA,RNA
ENSG00000198976,ENSG00000102804,hsa-mir-429,TSC22D1,1,Negative,miRNA-mRNA interaction,RNA,RNA
ENSG00000198976,ENSG00000141232,hsa-mir-429,TOB1,1,Negative,miRNA-mRNA interaction,RNA,RNA
ENSG00000198976,ENSG00000164830,hsa-mir-429,OXR1,1,Negative,miRNA-mRNA interaction,RNA,RNA
ENSG00000198976,ENSG00000149212,hsa-mir-429,SESN3,0.99,Negative,miRNA-mRNA interaction,RNA,RNA
ENSG00000198976,ENSG00000100934,hsa-mir-429,SEC23A,1,Negative,miRNA-mRNA interaction,RNA,RNA
ENSG00000221333,ENSG00000139977,hsa-mir-548k,NAA30,0.94,Negative,miRNA-mRNA interaction,RNA,RNA
ENSG00000263793,ENSG00000109670,hsa-mir-3115,FBXW7,0.78,Negative,miRNA-mRNA interaction,RNA,RNA
ENSG00000198976,ENSG00000146112,hsa-mir-429,PPP1R18,1,Negative,miRNA-mRNA interaction,RNA,RNA
ENSG00000264566,ENSG00000072210,hsa-mir-23c,ALDH3A2,0.71,Negative,miRNA-mRNA interaction,RNA,RNA
ENSG00000221333,ENSG00000078237,hsa-mir-548k,TIGAR,0.86,Negative,miRNA-mRNA interaction,RNA,RNA
ENSG00000264566,ENSG00000100625,hsa-mir-23c,SIX4,0.94,Negative,miRNA-mRNA interaction,RNA,RNA
ENSG00000275377,ENSG00000108256,hsa-mir-1299,NUFIP2,0.74,Negative,miRNA-mRNA interaction,RNA,RNA
ENSG00000264566,ENSG00000111875,hsa-mir-23c,ASF1A,0.85,Negative,miRNA-mRNA interaction,RNA,RNA
ENSG00000284442,ENSG00000121989,hsa-mir-2110,ACVR2A,0.87,Negative,miRNA-mRNA interaction,RNA,RNA
ENSG00000264926,ENSG00000127314,hsa-mir-378f,RAP1B,0.8,Negative,miRNA-mRNA interaction,RNA,RNA
ENSG00000264566,ENSG00000131495,hsa-mir-23c,NDUFA2,0.82,Negative,miRNA-mRNA interaction,RNA,RNA
ENSG00000221333,ENSG00000134046,hsa-mir-548k,MBD2,0.75,Negative,miRNA-mRNA interaction,RNA,RNA
ENSG00000284442,ENSG00000134046,hsa-mir-2110,MBD2,0.98,Negative,miRNA-mRNA interaction,RNA,RNA
ENSG00000264566,ENSG00000134294,hsa-mir-23c,SLC38A2,0.97,Negative,miRNA-mRNA interaction,RNA,RNA
ENSG00000264566,ENSG00000113368,hsa-mir-23c,LMNB1,0.77,Negative,miRNA-mRNA interaction,RNA,RNA
ENSG00000264566,ENSG00000064726,hsa-mir-23c,BTBD1,0.71,Negative,miRNA-mRNA interaction,RNA,RNA
ENSG00000264566,ENSG00000121005,hsa-mir-23c,CRISPLD1,0.97,Negative,miRNA-mRNA interaction,RNA,RNA
ENSG00000265527,ENSG00000107341,hsa-mir-5690,UBE2R2,0.86,Negative,miRNA-mRNA interaction,RNA,RNA
ENSG00000264566,ENSG00000107341,hsa-mir-23c,UBE2R2,0.92,Negative,miRNA-mRNA interaction,RNA,RNA
ENSG00000264566,ENSG00000115145,hsa-mir-23c,STAM2,0.86,Negative,miRNA-mRNA interaction,RNA,RNA
ENSG00000284442,ENSG00000115145,hsa-mir-2110,STAM2,0.81,Negative,miRNA-mRNA interaction,RNA,RNA
ENSG00000264566,ENSG00000082701,hsa-mir-23c,GSK3B,0.79,Negative,miRNA-mRNA interaction,RNA,RNA
ENSG00000264566,ENSG00000075213,hsa-mir-23c,SEMA3A,0.73,Negative,miRNA-mRNA interaction,RNA,RNA
ENSG00000221333,ENSG00000120802,hsa-mir-548k,TMPO,0.89,Negative,miRNA-mRNA interaction,RNA,RNA
ENSG00000266235,ENSG00000141030,hsa-mir-3176,COPS3,0.71,Negative,miRNA-mRNA interaction,RNA,RNA
ENSG00000264566,ENSG00000143079,hsa-mir-23c,CTTNBP2NL,0.78,Negative,miRNA-mRNA interaction,RNA,RNA
ENSG00000264566,ENSG00000143442,hsa-mir-23c,POGZ,0.73,Negative,miRNA-mRNA interaction,RNA,RNA
ENSG00000264566,ENSG00000144357,hsa-mir-23c,UBR3,0.82,Negative,miRNA-mRNA interaction,RNA,RNA
ENSG00000284442,ENSG00000160877,hsa-mir-2110,NACC1,0.81,Negative,miRNA-mRNA interaction,RNA,RNA
ENSG00000275377,ENSG00000131711,hsa-mir-1299,MAP1B,1,Negative,miRNA-mRNA interaction,RNA,RNA
ENSG00000264926,ENSG00000164463,hsa-mir-378f,CREBRF,0.78,Negative,miRNA-mRNA interaction,RNA,RNA
ENSG00000284442,ENSG00000164944,hsa-mir-2110,VIRMA,0.9,Negative,miRNA-mRNA interaction,RNA,RNA
ENSG00000264566,ENSG00000185947,hsa-mir-23c,ZNF267,0.95,Negative,miRNA-mRNA interaction,RNA,RNA
ENSG00000275377,ENSG00000167978,hsa-mir-1299,SRRM2,0.78,Negative,miRNA-mRNA interaction,RNA,RNA
ENSG00000264566,ENSG00000189091,hsa-mir-23c,SF3B3,0.73,Negative,miRNA-mRNA interaction,RNA,RNA
ENSG00000284442,ENSG00000170515,hsa-mir-2110,PA2G4,0.74,Negative,miRNA-mRNA interaction,RNA,RNA
ENSG00000221333,ENSG00000168887,hsa-mir-548k,C2orf68,0.8,Negative,miRNA-mRNA interaction,RNA,RNA
ENSG00000264566,ENSG00000170027,hsa-mir-23c,YWHAG,0.83,Negative,miRNA-mRNA interaction,RNA,RNA
ENSG00000264566,ENSG00000084093,hsa-mir-23c,REST,0.71,Negative,miRNA-mRNA interaction,RNA,RNA
ENSG00000264566,ENSG00000174579,hsa-mir-23c,MSL2,0.86,Negative,miRNA-mRNA interaction,RNA,RNA
ENSG00000284442,ENSG00000179833,hsa-mir-2110,SERTAD2,0.71,Negative,miRNA-mRNA interaction,RNA,RNA
ENSG00000264566,ENSG00000174238,hsa-mir-23c,PITPNA,0.84,Negative,miRNA-mRNA interaction,RNA,RNA
ENSG00000221333,ENSG00000141551,hsa-mir-548k,CSNK1D,0.82,Negative,miRNA-mRNA interaction,RNA,RNA
ENSG00000202566,ENSG00000171865,hsa-mir-421,RNASEH1,0.86,Negative,miRNA-mRNA interaction,RNA,RNA
ENSG00000264566,ENSG00000166147,hsa-mir-23c,FBN1,0.9,Negative,miRNA-mRNA interaction,RNA,RNA
ENSG00000264566,ENSG00000105976,hsa-mir-23c,MET,0.98,Negative,miRNA-mRNA interaction,RNA,RNA
ENSG00000264566,ENSG00000131373,hsa-mir-23c,HACL1,0.73,Negative,miRNA-mRNA interaction,RNA,RNA
ENSG00000263762,ENSG00000065978,hsa-mir-4286,YBX1,0.86,Negative,miRNA-mRNA interaction,RNA,RNA
ENSG00000264566,ENSG00000176928,hsa-mir-23c,GCNT4,0.75,Negative,miRNA-mRNA interaction,RNA,RNA
ENSG00000264566,ENSG00000058063,hsa-mir-23c,ATP11B,0.75,Negative,miRNA-mRNA interaction,RNA,RNA
ENSG00000264566,ENSG00000165995,hsa-mir-23c,CACNB2,0.78,Negative,miRNA-mRNA interaction,RNA,RNA
ENSG00000264566,ENSG00000128699,hsa-mir-23c,ORMDL1,0.85,Negative,miRNA-mRNA interaction,RNA,RNA
ENSG00000207931,ENSG00000177425,hsa-mir-577,PAWR,1,Negative,miRNA-mRNA interaction,RNA,RNA
ENSG00000264566,ENSG00000183955,hsa-mir-23c,KMT5A,0.94,Negative,miRNA-mRNA interaction,RNA,RNA
ENSG00000264566,ENSG00000185129,hsa-mir-23c,PURA,0.98,Negative,miRNA-mRNA interaction,RNA,RNA
ENSG00000264566,ENSG00000182742,hsa-mir-23c,HOXB4,0.77,Negative,miRNA-mRNA interaction,RNA,RNA
ENSG00000284442,ENSG00000161791,hsa-mir-2110,FMNL3,0.96,Negative,miRNA-mRNA interaction,RNA,RNA
ENSG00000264566,ENSG00000155096,hsa-mir-23c,AZIN1,0.72,Negative,miRNA-mRNA interaction,RNA,RNA
ENSG00000264566,ENSG00000083312,hsa-mir-23c,TNPO1,0.85,Negative,miRNA-mRNA interaction,RNA,RNA
ENSG00000264566,ENSG00000103522,hsa-mir-23c,IL21R,0.74,Negative,miRNA-mRNA interaction,RNA,RNA
ENSG00000264566,ENSG00000130024,hsa-mir-23c,PHF10,0.95,Negative,miRNA-mRNA interaction,RNA,RNA
ENSG00000284442,ENSG00000111897,hsa-mir-2110,SERINC1,0.92,Negative,miRNA-mRNA interaction,RNA,RNA
ENSG00000264566,ENSG00000189308,hsa-mir-23c,LIN54,0.97,Negative,miRNA-mRNA interaction,RNA,RNA
ENSG00000264566,ENSG00000185658,hsa-mir-23c,BRWD1,0.95,Negative,miRNA-mRNA interaction,RNA,RNA
ENSG00000264566,ENSG00000141646,hsa-mir-23c,SMAD4,0.82,Negative,miRNA-mRNA interaction,RNA,RNA
ENSG00000264566,ENSG00000184635,hsa-mir-23c,ZNF93,0.84,Negative,miRNA-mRNA interaction,RNA,RNA
ENSG00000264566,ENSG00000181450,hsa-mir-23c,ZNF678,0.83,Negative,miRNA-mRNA interaction,RNA,RNA
ENSG00000264566,ENSG00000093000,hsa-mir-23c,NUP50,0.97,Negative,miRNA-mRNA interaction,RNA,RNA
ENSG00000275377,ENSG00000157837,hsa-mir-1299,SPPL3,0.86,Negative,miRNA-mRNA interaction,RNA,RNA
ENSG00000221333,ENSG00000122566,hsa-mir-548k,HNRNPA2B1,0.84,Negative,miRNA-mRNA interaction,RNA,RNA
ENSG00000264566,ENSG00000181722,hsa-mir-23c,ZBTB20,0.78,Negative,miRNA-mRNA interaction,RNA,RNA
ENSG00000264566,ENSG00000198265,hsa-mir-23c,HELZ,0.84,Negative,miRNA-mRNA interaction,RNA,RNA
ENSG00000275377,ENSG00000138757,hsa-mir-1299,G3BP2,0.95,Negative,miRNA-mRNA interaction,RNA,RNA
ENSG00000284442,ENSG00000126461,hsa-mir-2110,SCAF1,0.75,Negative,miRNA-mRNA interaction,RNA,RNA
ENSG00000264566,ENSG00000196715,hsa-mir-23c,VKORC1L1,0.96,Negative,miRNA-mRNA interaction,RNA,RNA
ENSG00000264566,ENSG00000069275,hsa-mir-23c,NUCKS1,0.81,Negative,miRNA-mRNA interaction,RNA,RNA
ENSG00000264566,ENSG00000094975,hsa-mir-23c,SUCO,0.9,Negative,miRNA-mRNA interaction,RNA,RNA
ENSG00000284442,ENSG00000000457,hsa-mir-2110,SCYL3,0.73,Negative,miRNA-mRNA interaction,RNA,RNA
ENSG00000284442,ENSG00000162734,hsa-mir-2110,PEA15,0.92,Negative,miRNA-mRNA interaction,RNA,RNA
ENSG00000264566,ENSG00000107651,hsa-mir-23c,SEC23IP,0.98,Negative,miRNA-mRNA interaction,RNA,RNA
ENSG00000264566,ENSG00000188994,hsa-mir-23c,ZNF292,0.95,Negative,miRNA-mRNA interaction,RNA,RNA
ENSG00000266235,ENSG00000116396,hsa-mir-3176,KCNC4,0.73,Negative,miRNA-mRNA interaction,RNA,RNA
ENSG00000221333,ENSG00000156875,hsa-mir-548k,MFSD14A,0.81,Negative,miRNA-mRNA interaction,RNA,RNA
ENSG00000264566,ENSG00000196233,hsa-mir-23c,LCOR,0.94,Negative,miRNA-mRNA interaction,RNA,RNA
ENSG00000264566,ENSG00000056586,hsa-mir-23c,RC3H2,0.88,Negative,miRNA-mRNA interaction,RNA,RNA
ENSG00000265527,ENSG00000112081,hsa-mir-5690,SRSF3,0.75,Negative,miRNA-mRNA interaction,RNA,RNA
ENSG00000284442,ENSG00000070214,hsa-mir-2110,SLC44A1,0.93,Negative,miRNA-mRNA interaction,RNA,RNA
ENSG00000264566,ENSG00000204370,hsa-mir-23c,SDHD,0.72,Negative,miRNA-mRNA interaction,RNA,RNA
ENSG00000264566,ENSG00000136754,hsa-mir-23c,ABI1,0.83,Negative,miRNA-mRNA interaction,RNA,RNA
ENSG00000284442,ENSG00000168066,hsa-mir-2110,SF1,0.81,Negative,miRNA-mRNA interaction,RNA,RNA
ENSG00000266235,ENSG00000076108,hsa-mir-3176,BAZ2A,0.75,Negative,miRNA-mRNA interaction,RNA,RNA
ENSG00000221333,ENSG00000166233,hsa-mir-548k,ARIH1,1,Negative,miRNA-mRNA interaction,RNA,RNA
ENSG00000264566,ENSG00000196459,hsa-mir-23c,TRAPPC2,0.71,Negative,miRNA-mRNA interaction,RNA,RNA
ENSG00000284442,ENSG00000087152,hsa-mir-2110,ATXN7L3,0.72,Negative,miRNA-mRNA interaction,RNA,RNA
ENSG00000284442,ENSG00000116539,hsa-mir-2110,ASH1L,0.97,Negative,miRNA-mRNA interaction,RNA,RNA
ENSG00000264566,ENSG00000116539,hsa-mir-23c,ASH1L,0.8,Negative,miRNA-mRNA interaction,RNA,RNA
ENSG00000264566,ENSG00000123636,hsa-mir-23c,BAZ2B,0.94,Negative,miRNA-mRNA interaction,RNA,RNA
ENSG00000221333,ENSG00000105887,hsa-mir-548k,MTPN,0.89,Negative,miRNA-mRNA interaction,RNA,RNA
ENSG00000265527,ENSG00000181163,hsa-mir-5690,NPM1,0.92,Negative,miRNA-mRNA interaction,RNA,RNA
ENSG00000264566,ENSG00000100614,hsa-mir-23c,PPM1A,0.76,Negative,miRNA-mRNA interaction,RNA,RNA
ENSG00000264566,ENSG00000197930,hsa-mir-23c,ERO1A,0.83,Negative,miRNA-mRNA interaction,RNA,RNA
ENSG00000207631,ENSG00000104447,hsa-mir-641,TRPS1,0.99,Negative,miRNA-mRNA interaction,RNA,RNA
ENSG00000264566,ENSG00000111716,hsa-mir-23c,LDHB,0.75,Negative,miRNA-mRNA interaction,RNA,RNA
ENSG00000264926,ENSG00000196230,hsa-mir-378f,TUBB,0.76,Negative,miRNA-mRNA interaction,RNA,RNA
ENSG00000284442,ENSG00000146842,hsa-mir-2110,TMEM209,0.73,Negative,miRNA-mRNA interaction,RNA,RNA
ENSG00000284442,ENSG00000163125,hsa-mir-2110,RPRD2,0.95,Negative,miRNA-mRNA interaction,RNA,RNA
ENSG00000284442,ENSG00000168137,hsa-mir-2110,SETD5,0.71,Negative,miRNA-mRNA interaction,RNA,RNA
ENSG00000264566,ENSG00000126773,hsa-mir-23c,PCNX4,0.92,Negative,miRNA-mRNA interaction,RNA,RNA
ENSG00000284442,ENSG00000136536,hsa-mir-2110,MARCH7,0.81,Negative,miRNA-mRNA interaction,RNA,RNA
ENSG00000207631,ENSG00000164080,hsa-mir-641,RAD54L2,0.71,Negative,miRNA-mRNA interaction,RNA,RNA
ENSG00000221333,ENSG00000011007,hsa-mir-548k,ELOA,0.85,Negative,miRNA-mRNA interaction,RNA,RNA
ENSG00000265527,ENSG00000196233,hsa-mir-5690,LCOR,0.77,Negative,miRNA-mRNA interaction,RNA,RNA
ENSG00000264566,ENSG00000114120,hsa-mir-23c,SLC25A36,0.86,Negative,miRNA-mRNA interaction,RNA,RNA
ENSG00000284442,ENSG00000119414,hsa-mir-2110,PPP6C,0.9,Negative,miRNA-mRNA interaction,RNA,RNA
ENSG00000264566,ENSG00000140396,hsa-mir-23c,NCOA2,0.95,Negative,miRNA-mRNA interaction,RNA,RNA
ENSG00000264566,ENSG00000100354,hsa-mir-23c,TNRC6B,0.98,Negative,miRNA-mRNA interaction,RNA,RNA
ENSG00000207631,ENSG00000114796,hsa-mir-641,KLHL24,0.97,Negative,miRNA-mRNA interaction,RNA,RNA
ENSG00000264566,ENSG00000160352,hsa-mir-23c,ZNF714,0.93,Negative,miRNA-mRNA interaction,RNA,RNA
ENSG00000264566,ENSG00000165219,hsa-mir-23c,GAPVD1,0.78,Negative,miRNA-mRNA interaction,RNA,RNA
ENSG00000264566,ENSG00000163686,hsa-mir-23c,ABHD6,0.8,Negative,miRNA-mRNA interaction,RNA,RNA
ENSG00000264566,ENSG00000108064,hsa-mir-23c,TFAM,0.83,Negative,miRNA-mRNA interaction,RNA,RNA
ENSG00000264566,ENSG00000152332,hsa-mir-23c,UHMK1,0.77,Negative,miRNA-mRNA interaction,RNA,RNA
ENSG00000264566,ENSG00000111846,hsa-mir-23c,GCNT2,0.71,Negative,miRNA-mRNA interaction,RNA,RNA
ENSG00000207931,ENSG00000101639,hsa-mir-577,CEP192,0.86,Negative,miRNA-mRNA interaction,RNA,RNA
ENSG00000264566,ENSG00000196670,hsa-mir-23c,ZFP62,0.96,Negative,miRNA-mRNA interaction,RNA,RNA
ENSG00000265527,ENSG00000168092,hsa-mir-5690,PAFAH1B2,0.78,Negative,miRNA-mRNA interaction,RNA,RNA
ENSG00000275377,ENSG00000150991,hsa-mir-1299,UBC,0.9,Negative,miRNA-mRNA interaction,RNA,RNA
ENSG00000264566,ENSG00000214029,hsa-mir-23c,ZNF891,0.81,Negative,miRNA-mRNA interaction,RNA,RNA
ENSG00000265527,ENSG00000256463,hsa-mir-5690,SALL3,0.76,Negative,miRNA-mRNA interaction,RNA,RNA
ENSG00000284442,ENSG00000185716,hsa-mir-2110,MOSMO,0.9,Negative,miRNA-mRNA interaction,RNA,RNA
ENSG00000264566,ENSG00000113658,hsa-mir-23c,SMAD5,0.88,Negative,miRNA-mRNA interaction,RNA,RNA
ENSG00000264566,ENSG00000151131,hsa-mir-23c,C12orf45,0.88,Negative,miRNA-mRNA interaction,RNA,RNA
ENSG00000264566,ENSG00000120802,hsa-mir-23c,TMPO,0.99,Negative,miRNA-mRNA interaction,RNA,RNA
ENSG00000264566,ENSG00000165898,hsa-mir-23c,ISCA2,0.73,Negative,miRNA-mRNA interaction,RNA,RNA
ENSG00000264566,ENSG00000064666,hsa-mir-23c,CNN2,0.86,Negative,miRNA-mRNA interaction,RNA,RNA
ENSG00000266235,ENSG00000285043,hsa-mir-3176,AC093512.2,0.72,Negative,miRNA-mRNA interaction,RNA,RNA
ENSG00000264566,ENSG00000173065,hsa-mir-23c,FAM222B,0.8,Negative,miRNA-mRNA interaction,RNA,RNA
ENSG00000264566,ENSG00000167380,hsa-mir-23c,ZNF226,0.97,Negative,miRNA-mRNA interaction,RNA,RNA
ENSG00000264566,ENSG00000147050,hsa-mir-23c,KDM6A,0.92,Negative,miRNA-mRNA interaction,RNA,RNA
ENSG00000275377,ENSG00000274211,hsa-mir-1299,SOCS7,0.87,Negative,miRNA-mRNA interaction,RNA,RNA
ENSG00000264566,ENSG00000138018,hsa-mir-23c,SELENOI,0.84,Negative,miRNA-mRNA interaction,RNA,RNA
ENSG00000266235,ENSG00000136485,hsa-mir-3176,DCAF7,0.85,Negative,miRNA-mRNA interaction,RNA,RNA
ENSG00000264566,ENSG00000272391,hsa-mir-23c,POM121C,0.9,Negative,miRNA-mRNA interaction,RNA,RNA
ENSG00000275377,ENSG00000196628,hsa-mir-1299,TCF4,0.84,Negative,miRNA-mRNA interaction,RNA,RNA
ENSG00000264566,ENSG00000204147,hsa-mir-23c,ASAH2B,0.71,Negative,miRNA-mRNA interaction,RNA,RNA
ENSG00000264566,ENSG00000189266,hsa-mir-23c,PNRC2,0.97,Negative,miRNA-mRNA interaction,RNA,RNA
ENSG00000207631,ENSG00000070831,hsa-mir-641,CDC42,0.77,Negative,miRNA-mRNA interaction,RNA,RNA
ENSG00000264566,ENSG00000105483,hsa-mir-23c,CARD8,0.97,Negative,miRNA-mRNA interaction,RNA,RNA
ENSG00000221563,ENSG00000062725,hsa-mir-1269a,APPBP2,0.82,Negative,miRNA-mRNA interaction,RNA,RNA
ENSG00000221563,ENSG00000069329,hsa-mir-1269a,VPS35,0.74,Negative,miRNA-mRNA interaction,RNA,RNA
ENSG00000221563,ENSG00000120159,hsa-mir-1269a,CAAP1,0.89,Negative,miRNA-mRNA interaction,RNA,RNA
ENSG00000221563,ENSG00000134852,hsa-mir-1269a,CLOCK,0.88,Negative,miRNA-mRNA interaction,RNA,RNA
ENSG00000221563,ENSG00000143878,hsa-mir-1269a,RHOB,0.8,Negative,miRNA-mRNA interaction,RNA,RNA
ENSG00000207695,ENSG00000123908,hsa-mir-184,AGO2,0.73,Negative,miRNA-mRNA interaction,RNA,RNA
ENSG00000202566,ENSG00000001167,hsa-mir-421,NFYA,0.88,Negative,miRNA-mRNA interaction,RNA,RNA
ENSG00000202566,ENSG00000123908,hsa-mir-421,AGO2,0.87,Negative,miRNA-mRNA interaction,RNA,RNA
ENSG00000202566,ENSG00000143751,hsa-mir-421,SDE2,0.87,Negative,miRNA-mRNA interaction,RNA,RNA
ENSG00000202566,ENSG00000156802,hsa-mir-421,ATAD2,0.8,Negative,miRNA-mRNA interaction,RNA,RNA
ENSG00000202566,ENSG00000163655,hsa-mir-421,GMPS,0.77,Negative,miRNA-mRNA interaction,RNA,RNA
ENSG00000202566,ENSG00000188994,hsa-mir-421,ZNF292,0.72,Negative,miRNA-mRNA interaction,RNA,RNA
ENSG00000198976,ENSG00000008710,hsa-mir-429,PKD1,1,Negative,miRNA-mRNA interaction,RNA,RNA
ENSG00000198976,ENSG00000010017,hsa-mir-429,RANBP9,0.71,Negative,miRNA-mRNA interaction,RNA,RNA
ENSG00000198976,ENSG00000023608,hsa-mir-429,SNAPC1,0.96,Negative,miRNA-mRNA interaction,RNA,RNA
ENSG00000198976,ENSG00000055917,hsa-mir-429,PUM2,0.95,Negative,miRNA-mRNA interaction,RNA,RNA
ENSG00000198976,ENSG00000065613,hsa-mir-429,SLK,0.98,Negative,miRNA-mRNA interaction,RNA,RNA
ENSG00000198976,ENSG00000067208,hsa-mir-429,EVI5,1,Negative,miRNA-mRNA interaction,RNA,RNA
ENSG00000198976,ENSG00000070501,hsa-mir-429,POLB,0.98,Negative,miRNA-mRNA interaction,RNA,RNA
ENSG00000198976,ENSG00000072364,hsa-mir-429,AFF4,0.96,Negative,miRNA-mRNA interaction,RNA,RNA
ENSG00000198976,ENSG00000072401,hsa-mir-429,UBE2D1,0.86,Negative,miRNA-mRNA interaction,RNA,RNA
ENSG00000198976,ENSG00000080546,hsa-mir-429,SESN1,1,Negative,miRNA-mRNA interaction,RNA,RNA
ENSG00000198976,ENSG00000094916,hsa-mir-429,CBX5,0.88,Negative,miRNA-mRNA interaction,RNA,RNA
ENSG00000198976,ENSG00000100335,hsa-mir-429,MIEF1,0.97,Negative,miRNA-mRNA interaction,RNA,RNA
ENSG00000198976,ENSG00000100731,hsa-mir-429,PCNX1,0.98,Negative,miRNA-mRNA interaction,RNA,RNA
ENSG00000198976,ENSG00000103275,hsa-mir-429,UBE2I,0.78,Negative,miRNA-mRNA interaction,RNA,RNA
ENSG00000198976,ENSG00000110075,hsa-mir-429,PPP6R3,0.85,Negative,miRNA-mRNA interaction,RNA,RNA
ENSG00000198976,ENSG00000113658,hsa-mir-429,SMAD5,0.83,Negative,miRNA-mRNA interaction,RNA,RNA
ENSG00000198976,ENSG00000115084,hsa-mir-429,SLC35F5,0.96,Negative,miRNA-mRNA interaction,RNA,RNA
ENSG00000198976,ENSG00000117597,hsa-mir-429,UTP25,0.81,Negative,miRNA-mRNA interaction,RNA,RNA
ENSG00000198976,ENSG00000123374,hsa-mir-429,CDK2,0.84,Negative,miRNA-mRNA interaction,RNA,RNA
ENSG00000198976,ENSG00000124151,hsa-mir-429,NCOA3,0.94,Negative,miRNA-mRNA interaction,RNA,RNA
ENSG00000198976,ENSG00000125266,hsa-mir-429,EFNB2,1,Negative,miRNA-mRNA interaction,RNA,RNA
ENSG00000198976,ENSG00000126216,hsa-mir-429,TUBGCP3,0.97,Negative,miRNA-mRNA interaction,RNA,RNA
ENSG00000198976,ENSG00000127314,hsa-mir-429,RAP1B,1,Negative,miRNA-mRNA interaction,RNA,RNA
ENSG00000198976,ENSG00000132003,hsa-mir-429,ZSWIM4,0.91,Negative,miRNA-mRNA interaction,RNA,RNA
ENSG00000198976,ENSG00000134323,hsa-mir-429,MYCN,0.79,Negative,miRNA-mRNA interaction,RNA,RNA
ENSG00000198976,ENSG00000135018,hsa-mir-429,UBQLN1,0.84,Negative,miRNA-mRNA interaction,RNA,RNA
ENSG00000198976,ENSG00000136448,hsa-mir-429,NMT1,0.85,Negative,miRNA-mRNA interaction,RNA,RNA
ENSG00000198976,ENSG00000136826,hsa-mir-429,KLF4,0.88,Negative,miRNA-mRNA interaction,RNA,RNA
ENSG00000198976,ENSG00000138668,hsa-mir-429,HNRNPD,0.94,Negative,miRNA-mRNA interaction,RNA,RNA
ENSG00000198976,ENSG00000143344,hsa-mir-429,RGL1,0.97,Negative,miRNA-mRNA interaction,RNA,RNA
ENSG00000198976,ENSG00000149187,hsa-mir-429,CELF1,0.73,Negative,miRNA-mRNA interaction,RNA,RNA
ENSG00000198976,ENSG00000155957,hsa-mir-429,TMBIM4,0.81,Negative,miRNA-mRNA interaction,RNA,RNA
ENSG00000198976,ENSG00000159579,hsa-mir-429,RSPRY1,0.76,Negative,miRNA-mRNA interaction,RNA,RNA
ENSG00000198976,ENSG00000162378,hsa-mir-429,ZYG11B,0.98,Negative,miRNA-mRNA interaction,RNA,RNA
ENSG00000198976,ENSG00000163430,hsa-mir-429,FSTL1,0.74,Negative,miRNA-mRNA interaction,RNA,RNA
ENSG00000198976,ENSG00000164190,hsa-mir-429,NIPBL,0.84,Negative,miRNA-mRNA interaction,RNA,RNA
ENSG00000198976,ENSG00000167447,hsa-mir-429,SMG8,0.73,Negative,miRNA-mRNA interaction,RNA,RNA
ENSG00000198976,ENSG00000169764,hsa-mir-429,UGP2,0.84,Negative,miRNA-mRNA interaction,RNA,RNA
ENSG00000198976,ENSG00000169967,hsa-mir-429,MAP3K2,0.87,Negative,miRNA-mRNA interaction,RNA,RNA
ENSG00000198976,ENSG00000170242,hsa-mir-429,USP47,0.79,Negative,miRNA-mRNA interaction,RNA,RNA
ENSG00000198976,ENSG00000174606,hsa-mir-429,ANGEL2,0.95,Negative,miRNA-mRNA interaction,RNA,RNA
ENSG00000198976,ENSG00000174839,hsa-mir-429,DENND6A,0.85,Negative,miRNA-mRNA interaction,RNA,RNA
ENSG00000198976,ENSG00000177565,hsa-mir-429,TBL1XR1,0.95,Negative,miRNA-mRNA interaction,RNA,RNA
ENSG00000198976,ENSG00000180530,hsa-mir-429,NRIP1,0.96,Negative,miRNA-mRNA interaction,RNA,RNA
ENSG00000198976,ENSG00000197256,hsa-mir-429,KANK2,1,Negative,miRNA-mRNA interaction,RNA,RNA
ENSG00000198976,ENSG00000197323,hsa-mir-429,TRIM33,1,Negative,miRNA-mRNA interaction,RNA,RNA
ENSG00000198976,ENSG00000204569,hsa-mir-429,PPP1R10,0.92,Negative,miRNA-mRNA interaction,RNA,RNA
ENSG00000198976,ENSG00000278540,hsa-mir-429,ACACA,0.71,Negative,miRNA-mRNA interaction,RNA,RNA
ENSG00000263932,ENSG00000089159,hsa-mir-4448,PXN,0.87,Negative,miRNA-mRNA interaction,RNA,RNA
ENSG00000274713,ENSG00000029725,hsa-mir-7974,RABEP1,0.76,Negative,miRNA-mRNA interaction,RNA,RNA
ENSG00000274713,ENSG00000078747,hsa-mir-7974,ITCH,0.72,Negative,miRNA-mRNA interaction,RNA,RNA
ENSG00000221634,ENSG00000080815,hsa-mir-1276,PSEN1,0.77,Negative,miRNA-mRNA interaction,RNA,RNA
ENSG00000221634,ENSG00000115464,hsa-mir-1276,USP34,0.79,Negative,miRNA-mRNA interaction,RNA,RNA
ENSG00000221634,ENSG00000117139,hsa-mir-1276,KDM5B,0.85,Negative,miRNA-mRNA interaction,RNA,RNA
ENSG00000221634,ENSG00000139146,hsa-mir-1276,SINHCAF,0.99,Negative,miRNA-mRNA interaction,RNA,RNA
ENSG00000221634,ENSG00000168298,hsa-mir-1276,H1-4,0.98,Negative,miRNA-mRNA interaction,RNA,RNA
ENSG00000221634,ENSG00000274290,hsa-mir-1276,H2BC6,0.97,Negative,miRNA-mRNA interaction,RNA,RNA
ENSG00000284442,ENSG00000048828,hsa-mir-2110,FAM120A,0.75,Negative,miRNA-mRNA interaction,RNA,RNA
ENSG00000284442,ENSG00000060656,hsa-mir-2110,PTPRU,0.87,Negative,miRNA-mRNA interaction,RNA,RNA
ENSG00000284442,ENSG00000092439,hsa-mir-2110,TRPM7,0.73,Negative,miRNA-mRNA interaction,RNA,RNA
ENSG00000284442,ENSG00000105227,hsa-mir-2110,PRX,0.97,Negative,miRNA-mRNA interaction,RNA,RNA
ENSG00000284442,ENSG00000131398,hsa-mir-2110,KCNC3,0.95,Negative,miRNA-mRNA interaction,RNA,RNA
ENSG00000284442,ENSG00000141367,hsa-mir-2110,CLTC,0.88,Negative,miRNA-mRNA interaction,RNA,RNA
ENSG00000284442,ENSG00000141376,hsa-mir-2110,BCAS3,0.85,Negative,miRNA-mRNA interaction,RNA,RNA
ENSG00000284442,ENSG00000169967,hsa-mir-2110,MAP3K2,0.82,Negative,miRNA-mRNA interaction,RNA,RNA
ENSG00000284442,ENSG00000196935,hsa-mir-2110,SRGAP1,0.81,Negative,miRNA-mRNA interaction,RNA,RNA
ENSG00000284442,ENSG00000198055,hsa-mir-2110,GRK6,0.73,Negative,miRNA-mRNA interaction,RNA,RNA
ENSG00000284442,ENSG00000198794,hsa-mir-2110,SCAMP5,0.71,Negative,miRNA-mRNA interaction,RNA,RNA
ENSG00000284442,ENSG00000266028,hsa-mir-2110,SRGAP2,0.83,Negative,miRNA-mRNA interaction,RNA,RNA
ENSG00000202566,ENSG00000120533,hsa-mir-421,ENY2,0.96,Negative,miRNA-mRNA interaction,RNA,RNA
ENSG00000202566,ENSG00000144524,hsa-mir-421,COPS7B,0.76,Negative,miRNA-mRNA interaction,RNA,RNA
ENSG00000202566,ENSG00000151458,hsa-mir-421,ANKRD50,0.89,Negative,miRNA-mRNA interaction,RNA,RNA
ENSG00000202566,ENSG00000162105,hsa-mir-421,SHANK2,0.71,Negative,miRNA-mRNA interaction,RNA,RNA
ENSG00000198976,ENSG00000001167,hsa-mir-429,NFYA,0.98,Negative,miRNA-mRNA interaction,RNA,RNA
ENSG00000198976,ENSG00000107362,hsa-mir-429,ABHD17B,0.83,Negative,miRNA-mRNA interaction,RNA,RNA
ENSG00000198976,ENSG00000136238,hsa-mir-429,RAC1,0.85,Negative,miRNA-mRNA interaction,RNA,RNA
ENSG00000198976,ENSG00000136938,hsa-mir-429,ANP32B,0.74,Negative,miRNA-mRNA interaction,RNA,RNA
ENSG00000198976,ENSG00000136986,hsa-mir-429,DERL1,0.77,Negative,miRNA-mRNA interaction,RNA,RNA
ENSG00000198976,ENSG00000137815,hsa-mir-429,RTF1,1,Negative,miRNA-mRNA interaction,RNA,RNA
ENSG00000198976,ENSG00000145495,hsa-mir-429,MARCHF6,0.81,Negative,miRNA-mRNA interaction,RNA,RNA
ENSG00000198976,ENSG00000162702,hsa-mir-429,ZNF281,0.95,Negative,miRNA-mRNA interaction,RNA,RNA
ENSG00000198976,ENSG00000166233,hsa-mir-429,ARIH1,1,Negative,miRNA-mRNA interaction,RNA,RNA
ENSG00000198976,ENSG00000187109,hsa-mir-429,NAP1L1,0.9,Negative,miRNA-mRNA interaction,RNA,RNA
ENSG00000198976,ENSG00000196428,hsa-mir-429,TSC22D2,1,Negative,miRNA-mRNA interaction,RNA,RNA
ENSG00000198976,ENSG00000196498,hsa-mir-429,NCOR2,0.89,Negative,miRNA-mRNA interaction,RNA,RNA
ENSG00000198976,ENSG00000197045,hsa-mir-429,GMFB,0.98,Negative,miRNA-mRNA interaction,RNA,RNA
ENSG00000221333,ENSG00000108406,hsa-mir-548k,DHX40,0.77,Negative,miRNA-mRNA interaction,RNA,RNA
ENSG00000221333,ENSG00000119820,hsa-mir-548k,YIPF4,0.71,Negative,miRNA-mRNA interaction,RNA,RNA
ENSG00000207631,ENSG00000110619,hsa-mir-641,CARS1,0.84,Negative,miRNA-mRNA interaction,RNA,RNA
ENSG00000274713,ENSG00000149346,hsa-mir-7974,SLX4IP,0.8,Negative,miRNA-mRNA interaction,RNA,RNA
ENSG00000283203,ENSG00000136935,hsa-mir-1246,GOLGA1,0.95,Negative,miRNA-mRNA interaction,RNA,RNA
ENSG00000221563,ENSG00000100030,hsa-mir-1269a,MAPK1,0.82,Negative,miRNA-mRNA interaction,RNA,RNA
ENSG00000221563,ENSG00000100320,hsa-mir-1269a,RBFOX2,0.93,Negative,miRNA-mRNA interaction,RNA,RNA
ENSG00000221563,ENSG00000100592,hsa-mir-1269a,DAAM1,0.98,Negative,miRNA-mRNA interaction,RNA,RNA
ENSG00000221563,ENSG00000100596,hsa-mir-1269a,SPTLC2,0.96,Negative,miRNA-mRNA interaction,RNA,RNA
ENSG00000221563,ENSG00000127314,hsa-mir-1269a,RAP1B,0.81,Negative,miRNA-mRNA interaction,RNA,RNA
ENSG00000221563,ENSG00000143622,hsa-mir-1269a,RIT1,0.82,Negative,miRNA-mRNA interaction,RNA,RNA
ENSG00000221563,ENSG00000196141,hsa-mir-1269a,SPATS2L,0.96,Negative,miRNA-mRNA interaction,RNA,RNA
ENSG00000202566,ENSG00000061676,hsa-mir-421,NCKAP1,0.85,Negative,miRNA-mRNA interaction,RNA,RNA
ENSG00000202566,ENSG00000065150,hsa-mir-421,IPO5,0.72,Negative,miRNA-mRNA interaction,RNA,RNA
ENSG00000202566,ENSG00000066117,hsa-mir-421,SMARCD1,0.74,Negative,miRNA-mRNA interaction,RNA,RNA
ENSG00000202566,ENSG00000080345,hsa-mir-421,RIF1,0.87,Negative,miRNA-mRNA interaction,RNA,RNA
ENSG00000202566,ENSG00000103194,hsa-mir-421,USP10,0.78,Negative,miRNA-mRNA interaction,RNA,RNA
ENSG00000202566,ENSG00000111145,hsa-mir-421,ELK3,0.77,Negative,miRNA-mRNA interaction,RNA,RNA
ENSG00000202566,ENSG00000113742,hsa-mir-421,CPEB4,0.73,Negative,miRNA-mRNA interaction,RNA,RNA
ENSG00000202566,ENSG00000123124,hsa-mir-421,WWP1,0.74,Negative,miRNA-mRNA interaction,RNA,RNA
ENSG00000202566,ENSG00000133026,hsa-mir-421,MYH10,0.72,Negative,miRNA-mRNA interaction,RNA,RNA
ENSG00000202566,ENSG00000143493,hsa-mir-421,INTS7,0.71,Negative,miRNA-mRNA interaction,RNA,RNA
ENSG00000202566,ENSG00000159658,hsa-mir-421,EFCAB14,0.87,Negative,miRNA-mRNA interaction,RNA,RNA
ENSG00000198976,ENSG00000033178,hsa-mir-429,UBA6,0.97,Negative,miRNA-mRNA interaction,RNA,RNA
ENSG00000198976,ENSG00000068878,hsa-mir-429,PSME4,0.89,Negative,miRNA-mRNA interaction,RNA,RNA
ENSG00000198976,ENSG00000076641,hsa-mir-429,PAG1,0.85,Negative,miRNA-mRNA interaction,RNA,RNA
ENSG00000198976,ENSG00000110237,hsa-mir-429,ARHGEF17,0.92,Negative,miRNA-mRNA interaction,RNA,RNA
ENSG00000198976,ENSG00000114933,hsa-mir-429,INO80D,0.94,Negative,miRNA-mRNA interaction,RNA,RNA
ENSG00000198976,ENSG00000115808,hsa-mir-429,STRN,0.96,Negative,miRNA-mRNA interaction,RNA,RNA
ENSG00000198976,ENSG00000124788,hsa-mir-429,ATXN1,0.93,Negative,miRNA-mRNA interaction,RNA,RNA
ENSG00000198976,ENSG00000127124,hsa-mir-429,HIVEP3,0.75,Negative,miRNA-mRNA interaction,RNA,RNA
ENSG00000198976,ENSG00000133858,hsa-mir-429,ZFC3H1,0.83,Negative,miRNA-mRNA interaction,RNA,RNA
ENSG00000198976,ENSG00000137177,hsa-mir-429,KIF13A,0.97,Negative,miRNA-mRNA interaction,RNA,RNA
ENSG00000198976,ENSG00000139436,hsa-mir-429,GIT2,1,Negative,miRNA-mRNA interaction,RNA,RNA
ENSG00000198976,ENSG00000143815,hsa-mir-429,LBR,0.87,Negative,miRNA-mRNA interaction,RNA,RNA
ENSG00000198976,ENSG00000148429,hsa-mir-429,USP6NL,0.97,Negative,miRNA-mRNA interaction,RNA,RNA
ENSG00000198976,ENSG00000152104,hsa-mir-429,PTPN14,0.99,Negative,miRNA-mRNA interaction,RNA,RNA
ENSG00000198976,ENSG00000153922,hsa-mir-429,CHD1,0.81,Negative,miRNA-mRNA interaction,RNA,RNA
ENSG00000198976,ENSG00000154114,hsa-mir-429,TBCEL,0.72,Negative,miRNA-mRNA interaction,RNA,RNA
ENSG00000198976,ENSG00000162783,hsa-mir-429,IER5,0.83,Negative,miRNA-mRNA interaction,RNA,RNA
ENSG00000198976,ENSG00000165416,hsa-mir-429,SUGT1,0.91,Negative,miRNA-mRNA interaction,RNA,RNA
ENSG00000198976,ENSG00000167767,hsa-mir-429,KRT80,0.74,Negative,miRNA-mRNA interaction,RNA,RNA
ENSG00000198976,ENSG00000175305,hsa-mir-429,CCNE2,0.86,Negative,miRNA-mRNA interaction,RNA,RNA
ENSG00000198976,ENSG00000196233,hsa-mir-429,LCOR,0.73,Negative,miRNA-mRNA interaction,RNA,RNA
ENSG00000198976,ENSG00000205339,hsa-mir-429,IPO7,0.97,Negative,miRNA-mRNA interaction,RNA,RNA
ENSG00000221333,ENSG00000075420,hsa-mir-548k,FNDC3B,0.99,Negative,miRNA-mRNA interaction,RNA,RNA
ENSG00000221333,ENSG00000185551,hsa-mir-548k,NR2F2,0.92,Negative,miRNA-mRNA interaction,RNA,RNA
ENSG00000207931,ENSG00000157240,hsa-mir-577,FZD1,0.77,Negative,miRNA-mRNA interaction,RNA,RNA
ENSG00000207631,ENSG00000107771,hsa-mir-641,CCSER2,0.71,Negative,miRNA-mRNA interaction,RNA,RNA
ENSG00000207631,ENSG00000113580,hsa-mir-641,NR3C1,0.73,Negative,miRNA-mRNA interaction,RNA,RNA
ENSG00000207631,ENSG00000139926,hsa-mir-641,FRMD6,0.86,Negative,miRNA-mRNA interaction,RNA,RNA
ENSG00000207631,ENSG00000143797,hsa-mir-641,MBOAT2,0.94,Negative,miRNA-mRNA interaction,RNA,RNA
ENSG00000207631,ENSG00000162923,hsa-mir-641,WDR26,0.86,Negative,miRNA-mRNA interaction,RNA,RNA
ENSG00000207631,ENSG00000170027,hsa-mir-641,YWHAG,0.84,Negative,miRNA-mRNA interaction,RNA,RNA
ENSG00000207631,ENSG00000185950,hsa-mir-641,IRS2,0.89,Negative,miRNA-mRNA interaction,RNA,RNA
ENSG00000284160,ENSG00000178980,hsa-mir-7706,SELENOW,0.74,Negative,miRNA-mRNA interaction,RNA,RNA
ENSG00000274713,ENSG00000067082,hsa-mir-7974,KLF6,0.71,Negative,miRNA-mRNA interaction,RNA,RNA
ENSG00000274713,ENSG00000135535,hsa-mir-7974,CD164,0.9,Negative,miRNA-mRNA interaction,RNA,RNA
ENSG00000221754,ENSG00000025800,hsa-mir-1260a,KPNA6,0.83,Negative,miRNA-mRNA interaction,RNA,RNA
ENSG00000221754,ENSG00000163812,hsa-mir-1260a,ZDHHC3,0.75,Negative,miRNA-mRNA interaction,RNA,RNA
ENSG00000266192,ENSG00000163812,hsa-mir-1260b,ZDHHC3,0.79,Negative,miRNA-mRNA interaction,RNA,RNA
ENSG00000221563,ENSG00000004534,hsa-mir-1269a,RBM6,0.72,Negative,miRNA-mRNA interaction,RNA,RNA
ENSG00000221563,ENSG00000075420,hsa-mir-1269a,FNDC3B,0.74,Negative,miRNA-mRNA interaction,RNA,RNA
ENSG00000221563,ENSG00000108829,hsa-mir-1269a,LRRC59,0.83,Negative,miRNA-mRNA interaction,RNA,RNA
ENSG00000221563,ENSG00000134352,hsa-mir-1269a,IL6ST,0.78,Negative,miRNA-mRNA interaction,RNA,RNA
ENSG00000221563,ENSG00000183354,hsa-mir-1269a,KIAA2026,0.73,Negative,miRNA-mRNA interaction,RNA,RNA
ENSG00000221563,ENSG00000196526,hsa-mir-1269a,AFAP1,0.91,Negative,miRNA-mRNA interaction,RNA,RNA
ENSG00000221563,ENSG00000196776,hsa-mir-1269a,CD47,0.97,Negative,miRNA-mRNA interaction,RNA,RNA
ENSG00000202566,ENSG00000062194,hsa-mir-421,GPBP1,0.78,Negative,miRNA-mRNA interaction,RNA,RNA
ENSG00000202566,ENSG00000065613,hsa-mir-421,SLK,0.75,Negative,miRNA-mRNA interaction,RNA,RNA
ENSG00000202566,ENSG00000075711,hsa-mir-421,DLG1,0.74,Negative,miRNA-mRNA interaction,RNA,RNA
ENSG00000202566,ENSG00000091009,hsa-mir-421,RBM27,0.76,Negative,miRNA-mRNA interaction,RNA,RNA
ENSG00000202566,ENSG00000100796,hsa-mir-421,PPP4R3A,0.92,Negative,miRNA-mRNA interaction,RNA,RNA
ENSG00000202566,ENSG00000115808,hsa-mir-421,STRN,0.94,Negative,miRNA-mRNA interaction,RNA,RNA
ENSG00000202566,ENSG00000118260,hsa-mir-421,CREB1,0.9,Negative,miRNA-mRNA interaction,RNA,RNA
ENSG00000202566,ENSG00000120008,hsa-mir-421,WDR11,0.83,Negative,miRNA-mRNA interaction,RNA,RNA
ENSG00000202566,ENSG00000144233,hsa-mir-421,AMMECR1L,0.73,Negative,miRNA-mRNA interaction,RNA,RNA
ENSG00000202566,ENSG00000147548,hsa-mir-421,NSD3,0.81,Negative,miRNA-mRNA interaction,RNA,RNA
ENSG00000202566,ENSG00000149948,hsa-mir-421,HMGA2,0.84,Negative,miRNA-mRNA interaction,RNA,RNA
ENSG00000202566,ENSG00000153317,hsa-mir-421,ASAP1,0.85,Negative,miRNA-mRNA interaction,RNA,RNA
ENSG00000202566,ENSG00000162695,hsa-mir-421,SLC30A7,0.77,Negative,miRNA-mRNA interaction,RNA,RNA
ENSG00000202566,ENSG00000162923,hsa-mir-421,WDR26,0.73,Negative,miRNA-mRNA interaction,RNA,RNA
ENSG00000202566,ENSG00000163755,hsa-mir-421,HPS3,0.88,Negative,miRNA-mRNA interaction,RNA,RNA
ENSG00000202566,ENSG00000179222,hsa-mir-421,MAGED1,0.74,Negative,miRNA-mRNA interaction,RNA,RNA
ENSG00000202566,ENSG00000180357,hsa-mir-421,ZNF609,0.91,Negative,miRNA-mRNA interaction,RNA,RNA
ENSG00000202566,ENSG00000197081,hsa-mir-421,IGF2R,0.75,Negative,miRNA-mRNA interaction,RNA,RNA
ENSG00000202566,ENSG00000198961,hsa-mir-421,PJA2,0.73,Negative,miRNA-mRNA interaction,RNA,RNA
ENSG00000198976,ENSG00000059758,hsa-mir-429,CDK17,1,Negative,miRNA-mRNA interaction,RNA,RNA
ENSG00000198976,ENSG00000063601,hsa-mir-429,MTMR1,0.82,Negative,miRNA-mRNA interaction,RNA,RNA
ENSG00000198976,ENSG00000065060,hsa-mir-429,BLTP3A,0.76,Negative,miRNA-mRNA interaction,RNA,RNA
ENSG00000198976,ENSG00000065491,hsa-mir-429,TBC1D22B,0.74,Negative,miRNA-mRNA interaction,RNA,RNA
ENSG00000198976,ENSG00000067560,hsa-mir-429,RHOA,0.77,Negative,miRNA-mRNA interaction,RNA,RNA
ENSG00000198976,ENSG00000078900,hsa-mir-429,TP73,0.89,Negative,miRNA-mRNA interaction,RNA,RNA
ENSG00000198976,ENSG00000086065,hsa-mir-429,CHMP5,0.87,Negative,miRNA-mRNA interaction,RNA,RNA
ENSG00000198976,ENSG00000088930,hsa-mir-429,XRN2,0.86,Negative,miRNA-mRNA interaction,RNA,RNA
ENSG00000198976,ENSG00000100503,hsa-mir-429,NIN,0.96,Negative,miRNA-mRNA interaction,RNA,RNA
ENSG00000198976,ENSG00000100852,hsa-mir-429,ARHGAP5,0.75,Negative,miRNA-mRNA interaction,RNA,RNA
ENSG00000198976,ENSG00000102225,hsa-mir-429,CDK16,0.75,Negative,miRNA-mRNA interaction,RNA,RNA
ENSG00000198976,ENSG00000102781,hsa-mir-429,KATNAL1,0.75,Negative,miRNA-mRNA interaction,RNA,RNA
ENSG00000198976,ENSG00000107864,hsa-mir-429,CPEB3,0.93,Negative,miRNA-mRNA interaction,RNA,RNA
ENSG00000198976,ENSG00000108953,hsa-mir-429,YWHAE,0.76,Negative,miRNA-mRNA interaction,RNA,RNA
ENSG00000198976,ENSG00000111727,hsa-mir-429,HCFC2,0.86,Negative,miRNA-mRNA interaction,RNA,RNA
ENSG00000198976,ENSG00000112851,hsa-mir-429,ERBIN,0.73,Negative,miRNA-mRNA interaction,RNA,RNA
ENSG00000198976,ENSG00000113300,hsa-mir-429,CNOT6,0.78,Negative,miRNA-mRNA interaction,RNA,RNA
ENSG00000198976,ENSG00000114450,hsa-mir-429,GNB4,0.81,Negative,miRNA-mRNA interaction,RNA,RNA
ENSG00000198976,ENSG00000116497,hsa-mir-429,S100PBP,0.83,Negative,miRNA-mRNA interaction,RNA,RNA
ENSG00000198976,ENSG00000119314,hsa-mir-429,PTBP3,0.75,Negative,miRNA-mRNA interaction,RNA,RNA
ENSG00000198976,ENSG00000124181,hsa-mir-429,PLCG1,0.89,Negative,miRNA-mRNA interaction,RNA,RNA
ENSG00000198976,ENSG00000128595,hsa-mir-429,CALU,0.89,Negative,miRNA-mRNA interaction,RNA,RNA
ENSG00000198976,ENSG00000130449,hsa-mir-429,ZSWIM6,0.71,Negative,miRNA-mRNA interaction,RNA,RNA
ENSG00000198976,ENSG00000131711,hsa-mir-429,MAP1B,0.95,Negative,miRNA-mRNA interaction,RNA,RNA
ENSG00000198976,ENSG00000133030,hsa-mir-429,MPRIP,1,Negative,miRNA-mRNA interaction,RNA,RNA
ENSG00000198976,ENSG00000134954,hsa-mir-429,ETS1,0.78,Negative,miRNA-mRNA interaction,RNA,RNA
ENSG00000198976,ENSG00000137770,hsa-mir-429,CTDSPL2,0.93,Negative,miRNA-mRNA interaction,RNA,RNA
ENSG00000198976,ENSG00000137845,hsa-mir-429,ADAM10,0.79,Negative,miRNA-mRNA interaction,RNA,RNA
ENSG00000198976,ENSG00000143067,hsa-mir-429,ZNF697,0.83,Negative,miRNA-mRNA interaction,RNA,RNA
ENSG00000198976,ENSG00000146830,hsa-mir-429,GIGYF1,0.82,Negative,miRNA-mRNA interaction,RNA,RNA
ENSG00000198976,ENSG00000148158,hsa-mir-429,SNX30,0.95,Negative,miRNA-mRNA interaction,RNA,RNA
ENSG00000198976,ENSG00000150457,hsa-mir-429,LATS2,0.73,Negative,miRNA-mRNA interaction,RNA,RNA
ENSG00000198976,ENSG00000152601,hsa-mir-429,MBNL1,0.72,Negative,miRNA-mRNA interaction,RNA,RNA
ENSG00000198976,ENSG00000159082,hsa-mir-429,SYNJ1,1,Negative,miRNA-mRNA interaction,RNA,RNA
ENSG00000198976,ENSG00000159256,hsa-mir-429,MORC3,0.97,Negative,miRNA-mRNA interaction,RNA,RNA
ENSG00000198976,ENSG00000162695,hsa-mir-429,SLC30A7,0.73,Negative,miRNA-mRNA interaction,RNA,RNA
ENSG00000198976,ENSG00000162959,hsa-mir-429,MEMO1,0.86,Negative,miRNA-mRNA interaction,RNA,RNA
ENSG00000198976,ENSG00000163349,hsa-mir-429,HIPK1,0.91,Negative,miRNA-mRNA interaction,RNA,RNA
ENSG00000198976,ENSG00000163539,hsa-mir-429,CLASP2,0.99,Negative,miRNA-mRNA interaction,RNA,RNA
ENSG00000198976,ENSG00000163577,hsa-mir-429,EIF5A2,0.8,Negative,miRNA-mRNA interaction,RNA,RNA
ENSG00000198976,ENSG00000164442,hsa-mir-429,CITED2,0.89,Negative,miRNA-mRNA interaction,RNA,RNA
ENSG00000198976,ENSG00000164466,hsa-mir-429,SFXN1,0.99,Negative,miRNA-mRNA interaction,RNA,RNA
ENSG00000198976,ENSG00000165119,hsa-mir-429,HNRNPK,0.78,Negative,miRNA-mRNA interaction,RNA,RNA
ENSG00000198976,ENSG00000166783,hsa-mir-429,MARF1,0.98,Negative,miRNA-mRNA interaction,RNA,RNA
ENSG00000198976,ENSG00000166913,hsa-mir-429,YWHAB,0.82,Negative,miRNA-mRNA interaction,RNA,RNA
ENSG00000198976,ENSG00000168282,hsa-mir-429,MGAT2,0.88,Negative,miRNA-mRNA interaction,RNA,RNA
ENSG00000198976,ENSG00000177606,hsa-mir-429,JUN,1,Negative,miRNA-mRNA interaction,RNA,RNA
ENSG00000198976,ENSG00000182287,hsa-mir-429,AP1S2,0.91,Negative,miRNA-mRNA interaction,RNA,RNA
ENSG00000198976,ENSG00000182504,hsa-mir-429,CEP97,0.78,Negative,miRNA-mRNA interaction,RNA,RNA
ENSG00000198976,ENSG00000185920,hsa-mir-429,PTCH1,0.78,Negative,miRNA-mRNA interaction,RNA,RNA
ENSG00000198976,ENSG00000187079,hsa-mir-429,TEAD1,0.96,Negative,miRNA-mRNA interaction,RNA,RNA
ENSG00000198976,ENSG00000188070,hsa-mir-429,ZFTA,1,Negative,miRNA-mRNA interaction,RNA,RNA
ENSG00000198976,ENSG00000188529,hsa-mir-429,SRSF10,0.94,Negative,miRNA-mRNA interaction,RNA,RNA
ENSG00000198976,ENSG00000198121,hsa-mir-429,LPAR1,0.76,Negative,miRNA-mRNA interaction,RNA,RNA
ENSG00000198976,ENSG00000221869,hsa-mir-429,CEBPD,0.82,Negative,miRNA-mRNA interaction,RNA,RNA
ENSG00000221333,ENSG00000096696,hsa-mir-548k,DSP,0.8,Negative,miRNA-mRNA interaction,RNA,RNA
ENSG00000221333,ENSG00000109787,hsa-mir-548k,KLF3,0.94,Negative,miRNA-mRNA interaction,RNA,RNA
ENSG00000221333,ENSG00000130816,hsa-mir-548k,DNMT1,0.77,Negative,miRNA-mRNA interaction,RNA,RNA
ENSG00000221333,ENSG00000145780,hsa-mir-548k,FEM1C,0.74,Negative,miRNA-mRNA interaction,RNA,RNA
ENSG00000221333,ENSG00000160551,hsa-mir-548k,TAOK1,0.95,Negative,miRNA-mRNA interaction,RNA,RNA
ENSG00000221333,ENSG00000170385,hsa-mir-548k,SLC30A1,0.92,Negative,miRNA-mRNA interaction,RNA,RNA
ENSG00000221333,ENSG00000177200,hsa-mir-548k,CHD9,0.92,Negative,miRNA-mRNA interaction,RNA,RNA
ENSG00000207931,ENSG00000050130,hsa-mir-577,JKAMP,0.73,Negative,miRNA-mRNA interaction,RNA,RNA
ENSG00000207931,ENSG00000082258,hsa-mir-577,CCNT2,0.96,Negative,miRNA-mRNA interaction,RNA,RNA
ENSG00000207931,ENSG00000127603,hsa-mir-577,MACF1,0.85,Negative,miRNA-mRNA interaction,RNA,RNA
ENSG00000207931,ENSG00000136381,hsa-mir-577,IREB2,0.86,Negative,miRNA-mRNA interaction,RNA,RNA
ENSG00000207931,ENSG00000136536,hsa-mir-577,MARCHF7,0.72,Negative,miRNA-mRNA interaction,RNA,RNA
ENSG00000207931,ENSG00000160710,hsa-mir-577,ADAR,0.73,Negative,miRNA-mRNA interaction,RNA,RNA
ENSG00000207631,ENSG00000081019,hsa-mir-641,RSBN1,0.93,Negative,miRNA-mRNA interaction,RNA,RNA
ENSG00000207631,ENSG00000112972,hsa-mir-641,HMGCS1,0.78,Negative,miRNA-mRNA interaction,RNA,RNA
ENSG00000207631,ENSG00000165322,hsa-mir-641,ARHGAP12,0.79,Negative,miRNA-mRNA interaction,RNA,RNA
ENSG00000207631,ENSG00000166847,hsa-mir-641,DCTN5,0.71,Negative,miRNA-mRNA interaction,RNA,RNA
ENSG00000274713,ENSG00000187109,hsa-mir-7974,NAP1L1,0.93,Negative,miRNA-mRNA interaction,RNA,RNA
ENSG00000274713,ENSG00000196924,hsa-mir-7974,FLNA,0.89,Negative,miRNA-mRNA interaction,RNA,RNA
ENSG00000221563,ENSG00000198740,hsa-mir-1269a,ZNF652,0.8,Negative,miRNA-mRNA interaction,RNA,RNA
ENSG00000202566,ENSG00000103342,hsa-mir-421,GSPT1,0.8,Negative,miRNA-mRNA interaction,RNA,RNA
ENSG00000202566,ENSG00000112787,hsa-mir-421,FBRSL1,0.87,Negative,miRNA-mRNA interaction,RNA,RNA
ENSG00000202566,ENSG00000132466,hsa-mir-421,ANKRD17,0.94,Negative,miRNA-mRNA interaction,RNA,RNA
ENSG00000202566,ENSG00000151276,hsa-mir-421,MAGI1,0.76,Negative,miRNA-mRNA interaction,RNA,RNA
ENSG00000202566,ENSG00000162613,hsa-mir-421,FUBP1,0.94,Negative,miRNA-mRNA interaction,RNA,RNA
ENSG00000202566,ENSG00000177463,hsa-mir-421,NR2C2,0.75,Negative,miRNA-mRNA interaction,RNA,RNA
ENSG00000198976,ENSG00000002587,hsa-mir-429,HS3ST1,1,Negative,miRNA-mRNA interaction,RNA,RNA
ENSG00000198976,ENSG00000064393,hsa-mir-429,HIPK2,0.84,Negative,miRNA-mRNA interaction,RNA,RNA
ENSG00000198976,ENSG00000099942,hsa-mir-429,CRKL,1,Negative,miRNA-mRNA interaction,RNA,RNA
ENSG00000198976,ENSG00000106003,hsa-mir-429,LFNG,0.86,Negative,miRNA-mRNA interaction,RNA,RNA
ENSG00000198976,ENSG00000106771,hsa-mir-429,TMEM245,0.78,Negative,miRNA-mRNA interaction,RNA,RNA
ENSG00000198976,ENSG00000108239,hsa-mir-429,TBC1D12,0.99,Negative,miRNA-mRNA interaction,RNA,RNA
ENSG00000198976,ENSG00000109920,hsa-mir-429,FNBP4,0.82,Negative,miRNA-mRNA interaction,RNA,RNA
ENSG00000198976,ENSG00000113580,hsa-mir-429,NR3C1,0.79,Negative,miRNA-mRNA interaction,RNA,RNA
ENSG00000198976,ENSG00000116191,hsa-mir-429,RALGPS2,0.83,Negative,miRNA-mRNA interaction,RNA,RNA
ENSG00000198976,ENSG00000122707,hsa-mir-429,RECK,1,Negative,miRNA-mRNA interaction,RNA,RNA
ENSG00000198976,ENSG00000133121,hsa-mir-429,STARD13,0.89,Negative,miRNA-mRNA interaction,RNA,RNA
ENSG00000198976,ENSG00000135316,hsa-mir-429,SYNCRIP,0.91,Negative,miRNA-mRNA interaction,RNA,RNA
ENSG00000198976,ENSG00000137713,hsa-mir-429,PPP2R1B,0.88,Negative,miRNA-mRNA interaction,RNA,RNA
ENSG00000198976,ENSG00000139977,hsa-mir-429,NAA30,0.76,Negative,miRNA-mRNA interaction,RNA,RNA
ENSG00000198976,ENSG00000141682,hsa-mir-429,PMAIP1,0.99,Negative,miRNA-mRNA interaction,RNA,RNA
ENSG00000198976,ENSG00000156671,hsa-mir-429,SAMD8,0.87,Negative,miRNA-mRNA interaction,RNA,RNA
ENSG00000198976,ENSG00000157654,hsa-mir-429,PALM2AKAP2,1,Negative,miRNA-mRNA interaction,RNA,RNA
ENSG00000198976,ENSG00000170017,hsa-mir-429,ALCAM,0.75,Negative,miRNA-mRNA interaction,RNA,RNA
ENSG00000198976,ENSG00000173852,hsa-mir-429,DPY19L1,0.95,Negative,miRNA-mRNA interaction,RNA,RNA
ENSG00000198976,ENSG00000183808,hsa-mir-429,RBM12B,0.79,Negative,miRNA-mRNA interaction,RNA,RNA
ENSG00000198976,ENSG00000186908,hsa-mir-429,ZDHHC17,0.98,Negative,miRNA-mRNA interaction,RNA,RNA
ENSG00000221333,ENSG00000091039,hsa-mir-548k,OSBPL8,0.87,Negative,miRNA-mRNA interaction,RNA,RNA
ENSG00000221333,ENSG00000092969,hsa-mir-548k,TGFB2,0.75,Negative,miRNA-mRNA interaction,RNA,RNA
ENSG00000221333,ENSG00000119048,hsa-mir-548k,UBE2B,0.99,Negative,miRNA-mRNA interaction,RNA,RNA
ENSG00000221333,ENSG00000178691,hsa-mir-548k,SUZ12,0.79,Negative,miRNA-mRNA interaction,RNA,RNA
ENSG00000207931,ENSG00000140937,hsa-mir-577,CDH11,0.76,Negative,miRNA-mRNA interaction,RNA,RNA
ENSG00000207631,ENSG00000061676,hsa-mir-641,NCKAP1,0.8,Negative,miRNA-mRNA interaction,RNA,RNA
ENSG00000207631,ENSG00000104517,hsa-mir-641,UBR5,0.72,Negative,miRNA-mRNA interaction,RNA,RNA
ENSG00000207631,ENSG00000153207,hsa-mir-641,AHCTF1,0.81,Negative,miRNA-mRNA interaction,RNA,RNA
ENSG00000207631,ENSG00000285130,hsa-mir-641,ENSG00000285130,0.91,Negative,miRNA-mRNA interaction,RNA,RNA
ENSG00000274713,ENSG00000114988,hsa-mir-7974,LMAN2L,0.72,Negative,miRNA-mRNA interaction,RNA,RNA
ENSG00000221563,ENSG00000160124,hsa-mir-1269a,MIX23,0.83,Negative,miRNA-mRNA interaction,RNA,RNA
ENSG00000265154,ENSG00000107554,hsa-mir-151b,DNMBP,0.87,Negative,miRNA-mRNA interaction,RNA,RNA
ENSG00000202566,ENSG00000102908,hsa-mir-421,NFAT5,0.75,Negative,miRNA-mRNA interaction,RNA,RNA
ENSG00000202566,ENSG00000144674,hsa-mir-421,GOLGA4,0.83,Negative,miRNA-mRNA interaction,RNA,RNA
ENSG00000202566,ENSG00000144802,hsa-mir-421,NFKBIZ,0.9,Negative,miRNA-mRNA interaction,RNA,RNA
ENSG00000202566,ENSG00000197696,hsa-mir-421,NMB,0.73,Negative,miRNA-mRNA interaction,RNA,RNA
ENSG00000198976,ENSG00000038382,hsa-mir-429,TRIO,0.91,Negative,miRNA-mRNA interaction,RNA,RNA
ENSG00000198976,ENSG00000049759,hsa-mir-429,NEDD4L,0.74,Negative,miRNA-mRNA interaction,RNA,RNA
ENSG00000198976,ENSG00000083642,hsa-mir-429,PDS5B,0.95,Negative,miRNA-mRNA interaction,RNA,RNA
ENSG00000198976,ENSG00000107164,hsa-mir-429,FUBP3,0.96,Negative,miRNA-mRNA interaction,RNA,RNA
ENSG00000198976,ENSG00000110422,hsa-mir-429,HIPK3,1,Negative,miRNA-mRNA interaction,RNA,RNA
ENSG00000198976,ENSG00000117528,hsa-mir-429,ABCD3,0.72,Negative,miRNA-mRNA interaction,RNA,RNA
ENSG00000198976,ENSG00000133789,hsa-mir-429,SWAP70,0.83,Negative,miRNA-mRNA interaction,RNA,RNA
ENSG00000198976,ENSG00000136153,hsa-mir-429,LMO7,0.78,Negative,miRNA-mRNA interaction,RNA,RNA
ENSG00000198976,ENSG00000143033,hsa-mir-429,MTF2,0.93,Negative,miRNA-mRNA interaction,RNA,RNA
ENSG00000198976,ENSG00000148835,hsa-mir-429,TAF5,0.89,Negative,miRNA-mRNA interaction,RNA,RNA
ENSG00000198976,ENSG00000153936,hsa-mir-429,HS2ST1,0.79,Negative,miRNA-mRNA interaction,RNA,RNA
ENSG00000198976,ENSG00000159461,hsa-mir-429,AMFR,1,Negative,miRNA-mRNA interaction,RNA,RNA
ENSG00000198976,ENSG00000162613,hsa-mir-429,FUBP1,0.8,Negative,miRNA-mRNA interaction,RNA,RNA
ENSG00000198976,ENSG00000164543,hsa-mir-429,STK17A,0.76,Negative,miRNA-mRNA interaction,RNA,RNA
ENSG00000198976,ENSG00000165632,hsa-mir-429,TAF3,0.8,Negative,miRNA-mRNA interaction,RNA,RNA
ENSG00000198976,ENSG00000171914,hsa-mir-429,TLN2,1,Negative,miRNA-mRNA interaction,RNA,RNA
ENSG00000221333,ENSG00000077549,hsa-mir-548k,CAPZB,0.72,Negative,miRNA-mRNA interaction,RNA,RNA
ENSG00000221333,ENSG00000122557,hsa-mir-548k,HERPUD2,0.82,Negative,miRNA-mRNA interaction,RNA,RNA
ENSG00000221333,ENSG00000136021,hsa-mir-548k,SCYL2,0.8,Negative,miRNA-mRNA interaction,RNA,RNA
ENSG00000221333,ENSG00000136813,hsa-mir-548k,ECPAS,0.72,Negative,miRNA-mRNA interaction,RNA,RNA
ENSG00000207631,ENSG00000133740,hsa-mir-641,E2F5,0.82,Negative,miRNA-mRNA interaction,RNA,RNA
ENSG00000221634,ENSG00000184678,hsa-mir-1276,H2BC21,0.98,Negative,miRNA-mRNA interaction,RNA,RNA
ENSG00000284346,ENSG00000172493,hsa-mir-940,AFF1,0.74,Negative,miRNA-mRNA interaction,RNA,RNA
ENSG00000221634,ENSG00000184357,hsa-mir-1276,H1-5,0.99,Negative,miRNA-mRNA interaction,RNA,RNA
ENSG00000266235,ENSG00000175130,hsa-mir-3176,MARCKSL1,0.93,Negative,miRNA-mRNA interaction,RNA,RNA
ENSG00000207631,ENSG00000065883,hsa-mir-641,CDK13,0.81,Negative,miRNA-mRNA interaction,RNA,RNA
ENSG00000221333,ENSG00000065883,hsa-mir-548k,CDK13,0.88,Negative,miRNA-mRNA interaction,RNA,RNA
ENSG00000207631,ENSG00000065060,hsa-mir-641,UHRF1BP1,0.73,Negative,miRNA-mRNA interaction,RNA,RNA
ENSG00000198976,ENSG00000081087,hsa-mir-429,OSTM1,0.89,Negative,miRNA-mRNA interaction,RNA,RNA
ENSG00000198976,ENSG00000069702,hsa-mir-429,TGFBR3,0.76,Negative,miRNA-mRNA interaction,RNA,RNA
ENSG00000207631,ENSG00000100664,hsa-mir-641,EIF5,0.79,Negative,miRNA-mRNA interaction,RNA,RNA
ENSG00000198976,ENSG00000103404,hsa-mir-429,USP31,0.78,Negative,miRNA-mRNA interaction,RNA,RNA
ENSG00000221333,ENSG00000108256,hsa-mir-548k,NUFIP2,0.89,Negative,miRNA-mRNA interaction,RNA,RNA
ENSG00000207631,ENSG00000113441,hsa-mir-641,LNPEP,0.96,Negative,miRNA-mRNA interaction,RNA,RNA
ENSG00000198976,ENSG00000115540,hsa-mir-429,MOB4,0.89,Negative,miRNA-mRNA interaction,RNA,RNA
ENSG00000198976,ENSG00000118985,hsa-mir-429,ELL2,1,Negative,miRNA-mRNA interaction,RNA,RNA
ENSG00000198976,ENSG00000120137,hsa-mir-429,PANK3,0.81,Negative,miRNA-mRNA interaction,RNA,RNA
ENSG00000198976,ENSG00000121989,hsa-mir-429,ACVR2A,0.87,Negative,miRNA-mRNA interaction,RNA,RNA
ENSG00000221333,ENSG00000122068,hsa-mir-548k,FYTTD1,0.72,Negative,miRNA-mRNA interaction,RNA,RNA
ENSG00000198976,ENSG00000128590,hsa-mir-429,DNAJB9,0.89,Negative,miRNA-mRNA interaction,RNA,RNA
ENSG00000221333,ENSG00000130749,hsa-mir-548k,AC008755.1,0.77,Negative,miRNA-mRNA interaction,RNA,RNA
ENSG00000198976,ENSG00000131381,hsa-mir-429,RBSN,0.94,Negative,miRNA-mRNA interaction,RNA,RNA
ENSG00000207931,ENSG00000137770,hsa-mir-577,CTDSPL2,0.98,Negative,miRNA-mRNA interaction,RNA,RNA
ENSG00000207631,ENSG00000137770,hsa-mir-641,CTDSPL2,0.81,Negative,miRNA-mRNA interaction,RNA,RNA
ENSG00000207631,ENSG00000160551,hsa-mir-641,TAOK1,0.85,Negative,miRNA-mRNA interaction,RNA,RNA
ENSG00000221333,ENSG00000055609,hsa-mir-548k,KMT2C,0.81,Negative,miRNA-mRNA interaction,RNA,RNA
ENSG00000221333,ENSG00000062716,hsa-mir-548k,VMP1,0.84,Negative,miRNA-mRNA interaction,RNA,RNA
ENSG00000198976,ENSG00000103241,hsa-mir-429,FOXF1,0.95,Negative,miRNA-mRNA interaction,RNA,RNA
ENSG00000198976,ENSG00000074054,hsa-mir-429,CLASP1,0.77,Negative,miRNA-mRNA interaction,RNA,RNA
ENSG00000221333,ENSG00000092470,hsa-mir-548k,WDR76,0.85,Negative,miRNA-mRNA interaction,RNA,RNA
ENSG00000207631,ENSG00000082258,hsa-mir-641,CCNT2,0.75,Negative,miRNA-mRNA interaction,RNA,RNA
ENSG00000207931,ENSG00000113739,hsa-mir-577,STC2,0.75,Negative,miRNA-mRNA interaction,RNA,RNA
ENSG00000207631,ENSG00000119487,hsa-mir-641,MAPKAP1,0.71,Negative,miRNA-mRNA interaction,RNA,RNA
ENSG00000207631,ENSG00000011405,hsa-mir-641,PIK3C2A,0.92,Negative,miRNA-mRNA interaction,RNA,RNA
ENSG00000221333,ENSG00000139289,hsa-mir-548k,PHLDA1,0.91,Negative,miRNA-mRNA interaction,RNA,RNA
ENSG00000207631,ENSG00000140807,hsa-mir-641,NKD1,0.74,Negative,miRNA-mRNA interaction,RNA,RNA
ENSG00000207631,ENSG00000145391,hsa-mir-641,SETD7,0.71,Negative,miRNA-mRNA interaction,RNA,RNA
ENSG00000221333,ENSG00000152518,hsa-mir-548k,ZFP36L2,0.83,Negative,miRNA-mRNA interaction,RNA,RNA
ENSG00000198976,ENSG00000154429,hsa-mir-429,CCSAP,0.9,Negative,miRNA-mRNA interaction,RNA,RNA
ENSG00000198976,ENSG00000154945,hsa-mir-429,ANKRD40,0.86,Negative,miRNA-mRNA interaction,RNA,RNA
ENSG00000207631,ENSG00000156052,hsa-mir-641,GNAQ,0.85,Negative,miRNA-mRNA interaction,RNA,RNA
ENSG00000198976,ENSG00000163428,hsa-mir-429,LRRC58,0.9,Negative,miRNA-mRNA interaction,RNA,RNA
ENSG00000284186,ENSG00000163468,hsa-mir-3615,CCT3,0.92,Negative,miRNA-mRNA interaction,RNA,RNA
ENSG00000207631,ENSG00000138443,hsa-mir-641,ABI2,0.86,Negative,miRNA-mRNA interaction,RNA,RNA
ENSG00000207631,ENSG00000138771,hsa-mir-641,SHROOM3,0.72,Negative,miRNA-mRNA interaction,RNA,RNA
ENSG00000198976,ENSG00000164463,hsa-mir-429,CREBRF,0.8,Negative,miRNA-mRNA interaction,RNA,RNA
ENSG00000284186,ENSG00000165527,hsa-mir-3615,ARF6,0.76,Negative,miRNA-mRNA interaction,RNA,RNA
ENSG00000284160,ENSG00000121644,hsa-mir-7706,DESI2,0.82,Negative,miRNA-mRNA interaction,RNA,RNA
ENSG00000207631,ENSG00000110422,hsa-mir-641,HIPK3,0.88,Negative,miRNA-mRNA interaction,RNA,RNA
ENSG00000198976,ENSG00000171241,hsa-mir-429,SHCBP1,0.72,Negative,miRNA-mRNA interaction,RNA,RNA
ENSG00000207631,ENSG00000171735,hsa-mir-641,CAMTA1,0.93,Negative,miRNA-mRNA interaction,RNA,RNA
ENSG00000221333,ENSG00000171735,hsa-mir-548k,CAMTA1,0.95,Negative,miRNA-mRNA interaction,RNA,RNA
ENSG00000207631,ENSG00000169047,hsa-mir-641,IRS1,0.92,Negative,miRNA-mRNA interaction,RNA,RNA
ENSG00000207631,ENSG00000138594,hsa-mir-641,TMOD3,0.78,Negative,miRNA-mRNA interaction,RNA,RNA
ENSG00000207631,ENSG00000174579,hsa-mir-641,MSL2,0.75,Negative,miRNA-mRNA interaction,RNA,RNA
ENSG00000198976,ENSG00000174579,hsa-mir-429,MSL2,0.96,Negative,miRNA-mRNA interaction,RNA,RNA
ENSG00000207931,ENSG00000173273,hsa-mir-577,TNKS,0.79,Negative,miRNA-mRNA interaction,RNA,RNA
ENSG00000221333,ENSG00000173334,hsa-mir-548k,TRIB1,0.71,Negative,miRNA-mRNA interaction,RNA,RNA
ENSG00000207931,ENSG00000176542,hsa-mir-577,USF3,0.8,Negative,miRNA-mRNA interaction,RNA,RNA
ENSG00000207631,ENSG00000141682,hsa-mir-641,PMAIP1,0.8,Negative,miRNA-mRNA interaction,RNA,RNA
ENSG00000221333,ENSG00000122257,hsa-mir-548k,RBBP6,0.8,Negative,miRNA-mRNA interaction,RNA,RNA
ENSG00000198976,ENSG00000119231,hsa-mir-429,SENP5,0.79,Negative,miRNA-mRNA interaction,RNA,RNA
ENSG00000207631,ENSG00000082213,hsa-mir-641,C5orf22,0.91,Negative,miRNA-mRNA interaction,RNA,RNA
ENSG00000198976,ENSG00000057019,hsa-mir-429,DCBLD2,0.87,Negative,miRNA-mRNA interaction,RNA,RNA
ENSG00000207631,ENSG00000156011,hsa-mir-641,PSD3,0.74,Negative,miRNA-mRNA interaction,RNA,RNA
ENSG00000207631,ENSG00000185129,hsa-mir-641,PURA,0.88,Negative,miRNA-mRNA interaction,RNA,RNA
ENSG00000198976,ENSG00000119950,hsa-mir-429,MXI1,0.72,Negative,miRNA-mRNA interaction,RNA,RNA
ENSG00000221333,ENSG00000011114,hsa-mir-548k,BTBD7,1,Negative,miRNA-mRNA interaction,RNA,RNA
ENSG00000207631,ENSG00000267680,hsa-mir-641,ZNF224,0.75,Negative,miRNA-mRNA interaction,RNA,RNA
ENSG00000207931,ENSG00000083312,hsa-mir-577,TNPO1,0.74,Negative,miRNA-mRNA interaction,RNA,RNA
ENSG00000207631,ENSG00000112739,hsa-mir-641,PRPF4B,0.81,Negative,miRNA-mRNA interaction,RNA,RNA
ENSG00000198976,ENSG00000099219,hsa-mir-429,ERMP1,0.77,Negative,miRNA-mRNA interaction,RNA,RNA
ENSG00000207631,ENSG00000149532,hsa-mir-641,CPSF7,0.83,Negative,miRNA-mRNA interaction,RNA,RNA
ENSG00000198976,ENSG00000188554,hsa-mir-429,NBR1,0.97,Negative,miRNA-mRNA interaction,RNA,RNA
ENSG00000207631,ENSG00000184992,hsa-mir-641,BRI3BP,0.8,Negative,miRNA-mRNA interaction,RNA,RNA
ENSG00000202566,ENSG00000185658,hsa-mir-421,BRWD1,0.75,Negative,miRNA-mRNA interaction,RNA,RNA
ENSG00000207931,ENSG00000185658,hsa-mir-577,BRWD1,0.84,Negative,miRNA-mRNA interaction,RNA,RNA
ENSG00000207931,ENSG00000083896,hsa-mir-577,YTHDC1,0.77,Negative,miRNA-mRNA interaction,RNA,RNA
ENSG00000221333,ENSG00000114030,hsa-mir-548k,KPNA1,0.85,Negative,miRNA-mRNA interaction,RNA,RNA
ENSG00000207931,ENSG00000049130,hsa-mir-577,KITLG,0.96,Negative,miRNA-mRNA interaction,RNA,RNA
ENSG00000207631,ENSG00000102908,hsa-mir-641,NFAT5,0.93,Negative,miRNA-mRNA interaction,RNA,RNA
ENSG00000221333,ENSG00000114739,hsa-mir-548k,ACVR2B,0.74,Negative,miRNA-mRNA interaction,RNA,RNA
ENSG00000198976,ENSG00000128585,hsa-mir-429,MKLN1,0.98,Negative,miRNA-mRNA interaction,RNA,RNA
ENSG00000207631,ENSG00000128585,hsa-mir-641,MKLN1,0.91,Negative,miRNA-mRNA interaction,RNA,RNA
ENSG00000198976,ENSG00000198612,hsa-mir-429,COPS8,0.85,Negative,miRNA-mRNA interaction,RNA,RNA
ENSG00000198976,ENSG00000005812,hsa-mir-429,FBXL3,0.78,Negative,miRNA-mRNA interaction,RNA,RNA
ENSG00000207931,ENSG00000159140,hsa-mir-577,SON,0.74,Negative,miRNA-mRNA interaction,RNA,RNA
ENSG00000221333,ENSG00000196236,hsa-mir-548k,XPNPEP3,0.86,Negative,miRNA-mRNA interaction,RNA,RNA
ENSG00000207631,ENSG00000181722,hsa-mir-641,ZBTB20,0.98,Negative,miRNA-mRNA interaction,RNA,RNA
ENSG00000221333,ENSG00000162695,hsa-mir-548k,SLC30A7,0.91,Negative,miRNA-mRNA interaction,RNA,RNA
ENSG00000198976,ENSG00000158711,hsa-mir-429,ELK4,0.95,Negative,miRNA-mRNA interaction,RNA,RNA
ENSG00000207631,ENSG00000196712,hsa-mir-641,NF1,0.88,Negative,miRNA-mRNA interaction,RNA,RNA
ENSG00000221333,ENSG00000118200,hsa-mir-548k,CAMSAP2,0.74,Negative,miRNA-mRNA interaction,RNA,RNA
ENSG00000207631,ENSG00000118873,hsa-mir-641,RAB3GAP2,0.76,Negative,miRNA-mRNA interaction,RNA,RNA
ENSG00000207631,ENSG00000163104,hsa-mir-641,SMARCAD1,0.99,Negative,miRNA-mRNA interaction,RNA,RNA
ENSG00000221333,ENSG00000198087,hsa-mir-548k,CD2AP,0.89,Negative,miRNA-mRNA interaction,RNA,RNA
ENSG00000221333,ENSG00000162704,hsa-mir-548k,ARPC5,0.71,Negative,miRNA-mRNA interaction,RNA,RNA
ENSG00000207631,ENSG00000257923,hsa-mir-641,CUX1,0.83,Negative,miRNA-mRNA interaction,RNA,RNA
ENSG00000198976,ENSG00000147065,hsa-mir-429,MSN,0.99,Negative,miRNA-mRNA interaction,RNA,RNA
ENSG00000221333,ENSG00000135040,hsa-mir-548k,NAA35,0.79,Negative,miRNA-mRNA interaction,RNA,RNA
ENSG00000207631,ENSG00000112531,hsa-mir-641,QKI,0.84,Negative,miRNA-mRNA interaction,RNA,RNA
ENSG00000207631,ENSG00000143702,hsa-mir-641,CEP170,0.78,Negative,miRNA-mRNA interaction,RNA,RNA
ENSG00000207931,ENSG00000152104,hsa-mir-577,PTPN14,0.88,Negative,miRNA-mRNA interaction,RNA,RNA
ENSG00000207931,ENSG00000180667,hsa-mir-577,YOD1,0.85,Negative,miRNA-mRNA interaction,RNA,RNA
ENSG00000221333,ENSG00000146433,hsa-mir-548k,TMEM181,0.92,Negative,miRNA-mRNA interaction,RNA,RNA
ENSG00000207931,ENSG00000117523,hsa-mir-577,PRRC2C,0.78,Negative,miRNA-mRNA interaction,RNA,RNA
ENSG00000221333,ENSG00000151893,hsa-mir-548k,CACUL1,0.81,Negative,miRNA-mRNA interaction,RNA,RNA
ENSG00000202566,ENSG00000151893,hsa-mir-421,CACUL1,0.73,Negative,miRNA-mRNA interaction,RNA,RNA
ENSG00000198976,ENSG00000151893,hsa-mir-429,CACUL1,0.99,Negative,miRNA-mRNA interaction,RNA,RNA
ENSG00000207931,ENSG00000117519,hsa-mir-577,CNN3,0.83,Negative,miRNA-mRNA interaction,RNA,RNA
ENSG00000221333,ENSG00000149658,hsa-mir-548k,YTHDF1,0.9,Negative,miRNA-mRNA interaction,RNA,RNA
ENSG00000207631,ENSG00000075826,hsa-mir-641,SEC31B,0.78,Negative,miRNA-mRNA interaction,RNA,RNA
ENSG00000207931,ENSG00000153936,hsa-mir-577,HS2ST1,0.75,Negative,miRNA-mRNA interaction,RNA,RNA
ENSG00000207631,ENSG00000142875,hsa-mir-641,PRKACB,0.86,Negative,miRNA-mRNA interaction,RNA,RNA
ENSG00000207631,ENSG00000142892,hsa-mir-641,PIGK,0.82,Negative,miRNA-mRNA interaction,RNA,RNA
ENSG00000284160,ENSG00000172380,hsa-mir-7706,GNG12,0.77,Negative,miRNA-mRNA interaction,RNA,RNA
ENSG00000207631,ENSG00000124201,hsa-mir-641,ZNFX1,0.72,Negative,miRNA-mRNA interaction,RNA,RNA
ENSG00000221333,ENSG00000165288,hsa-mir-548k,BRWD3,0.87,Negative,miRNA-mRNA interaction,RNA,RNA
ENSG00000207931,ENSG00000025800,hsa-mir-577,KPNA6,0.73,Negative,miRNA-mRNA interaction,RNA,RNA
ENSG00000198976,ENSG00000138336,hsa-mir-429,TET1,0.71,Negative,miRNA-mRNA interaction,RNA,RNA
ENSG00000202566,ENSG00000011454,hsa-mir-421,RABGAP1,0.76,Negative,miRNA-mRNA interaction,RNA,RNA
ENSG00000221333,ENSG00000056586,hsa-mir-548k,RC3H2,0.87,Negative,miRNA-mRNA interaction,RNA,RNA
ENSG00000198976,ENSG00000151151,hsa-mir-429,IPMK,0.92,Negative,miRNA-mRNA interaction,RNA,RNA
ENSG00000198976,ENSG00000148154,hsa-mir-429,UGCG,0.91,Negative,miRNA-mRNA interaction,RNA,RNA
ENSG00000207631,ENSG00000148110,hsa-mir-641,MFSD14B,0.99,Negative,miRNA-mRNA interaction,RNA,RNA
ENSG00000198976,ENSG00000165757,hsa-mir-429,JCAD,0.98,Negative,miRNA-mRNA interaction,RNA,RNA
ENSG00000207631,ENSG00000115963,hsa-mir-641,RND3,0.9,Negative,miRNA-mRNA interaction,RNA,RNA
ENSG00000198976,ENSG00000134901,hsa-mir-429,KDELC1,0.85,Negative,miRNA-mRNA interaction,RNA,RNA
ENSG00000207931,ENSG00000165119,hsa-mir-577,HNRNPK,0.82,Negative,miRNA-mRNA interaction,RNA,RNA
ENSG00000284186,ENSG00000054523,hsa-mir-3615,KIF1B,0.78,Negative,miRNA-mRNA interaction,RNA,RNA
ENSG00000198976,ENSG00000162413,hsa-mir-429,KLHL21,1,Negative,miRNA-mRNA interaction,RNA,RNA
ENSG00000198976,ENSG00000118922,hsa-mir-429,KLF12,0.9,Negative,miRNA-mRNA interaction,RNA,RNA
ENSG00000198976,ENSG00000005889,hsa-mir-429,ZFX,0.98,Negative,miRNA-mRNA interaction,RNA,RNA
ENSG00000207931,ENSG00000076108,hsa-mir-577,BAZ2A,0.97,Negative,miRNA-mRNA interaction,RNA,RNA
ENSG00000198976,ENSG00000099810,hsa-mir-429,MTAP,0.94,Negative,miRNA-mRNA interaction,RNA,RNA
ENSG00000198976,ENSG00000145685,hsa-mir-429,LHFPL2,1,Negative,miRNA-mRNA interaction,RNA,RNA
ENSG00000198976,ENSG00000152102,hsa-mir-429,FAM168B,0.84,Negative,miRNA-mRNA interaction,RNA,RNA
ENSG00000198976,ENSG00000141580,hsa-mir-429,WDR45B,0.86,Negative,miRNA-mRNA interaction,RNA,RNA
ENSG00000198976,ENSG00000108443,hsa-mir-429,RPS6KB1,1,Negative,miRNA-mRNA interaction,RNA,RNA
ENSG00000207931,ENSG00000145907,hsa-mir-577,G3BP1,0.79,Negative,miRNA-mRNA interaction,RNA,RNA
ENSG00000198976,ENSG00000181904,hsa-mir-429,C5orf24,0.76,Negative,miRNA-mRNA interaction,RNA,RNA
ENSG00000207631,ENSG00000149187,hsa-mir-641,CELF1,0.81,Negative,miRNA-mRNA interaction,RNA,RNA
ENSG00000221333,ENSG00000146676,hsa-mir-548k,PURB,0.76,Negative,miRNA-mRNA interaction,RNA,RNA
ENSG00000207931,ENSG00000090905,hsa-mir-577,TNRC6A,0.74,Negative,miRNA-mRNA interaction,RNA,RNA
ENSG00000221333,ENSG00000179454,hsa-mir-548k,KLHL28,0.98,Negative,miRNA-mRNA interaction,RNA,RNA
ENSG00000207931,ENSG00000166783,hsa-mir-577,MARF1,0.72,Negative,miRNA-mRNA interaction,RNA,RNA
ENSG00000198976,ENSG00000008256,hsa-mir-429,CYTH3,0.85,Negative,miRNA-mRNA interaction,RNA,RNA
ENSG00000198976,ENSG00000147421,hsa-mir-429,HMBOX1,1,Negative,miRNA-mRNA interaction,RNA,RNA
ENSG00000221333,ENSG00000108510,hsa-mir-548k,MED13,0.93,Negative,miRNA-mRNA interaction,RNA,RNA
ENSG00000207631,ENSG00000196914,hsa-mir-641,ARHGEF12,0.74,Negative,miRNA-mRNA interaction,RNA,RNA
ENSG00000198976,ENSG00000170677,hsa-mir-429,SOCS6,0.9,Negative,miRNA-mRNA interaction,RNA,RNA
ENSG00000207931,ENSG00000163320,hsa-mir-577,CGGBP1,0.92,Negative,miRNA-mRNA interaction,RNA,RNA
ENSG00000207931,ENSG00000151233,hsa-mir-577,GXYLT1,0.93,Negative,miRNA-mRNA interaction,RNA,RNA
ENSG00000221333,ENSG00000152234,hsa-mir-548k,ATP5F1A,0.85,Negative,miRNA-mRNA interaction,RNA,RNA
ENSG00000221333,ENSG00000141425,hsa-mir-548k,RPRD1A,0.71,Negative,miRNA-mRNA interaction,RNA,RNA
ENSG00000207931,ENSG00000101558,hsa-mir-577,VAPA,0.85,Negative,miRNA-mRNA interaction,RNA,RNA
ENSG00000198976,ENSG00000101558,hsa-mir-429,VAPA,0.89,Negative,miRNA-mRNA interaction,RNA,RNA
ENSG00000207631,ENSG00000154845,hsa-mir-641,PPP4R1,0.81,Negative,miRNA-mRNA interaction,RNA,RNA
ENSG00000198976,ENSG00000163125,hsa-mir-429,RPRD2,0.73,Negative,miRNA-mRNA interaction,RNA,RNA
ENSG00000221333,ENSG00000114933,hsa-mir-548k,INO80D,0.83,Negative,miRNA-mRNA interaction,RNA,RNA
ENSG00000198976,ENSG00000149948,hsa-mir-429,HMGA2,0.8,Negative,miRNA-mRNA interaction,RNA,RNA
ENSG00000207931,ENSG00000083168,hsa-mir-577,KAT6A,0.85,Negative,miRNA-mRNA interaction,RNA,RNA
ENSG00000198976,ENSG00000204406,hsa-mir-429,MBD5,0.97,Negative,miRNA-mRNA interaction,RNA,RNA
ENSG00000221333,ENSG00000181555,hsa-mir-548k,SETD2,0.85,Negative,miRNA-mRNA interaction,RNA,RNA
ENSG00000207631,ENSG00000169967,hsa-mir-641,MAP3K2,0.73,Negative,miRNA-mRNA interaction,RNA,RNA
ENSG00000207631,ENSG00000075420,hsa-mir-641,FNDC3B,0.95,Negative,miRNA-mRNA interaction,RNA,RNA
ENSG00000198976,ENSG00000155744,hsa-mir-429,FAM126B,0.84,Negative,miRNA-mRNA interaction,RNA,RNA
ENSG00000265154,ENSG00000088827,hsa-mir-151b,SIGLEC1,0.79,Negative,miRNA-mRNA interaction,RNA,RNA
ENSG00000207631,ENSG00000115760,hsa-mir-641,BIRC6,0.98,Negative,miRNA-mRNA interaction,RNA,RNA
ENSG00000284160,ENSG00000090863,hsa-mir-7706,GLG1,0.78,Negative,miRNA-mRNA interaction,RNA,RNA
ENSG00000284186,ENSG00000011275,hsa-mir-3615,RNF216,0.71,Negative,miRNA-mRNA interaction,RNA,RNA
ENSG00000202566,ENSG00000033867,hsa-mir-421,SLC4A7,0.82,Negative,miRNA-mRNA interaction,RNA,RNA
ENSG00000198976,ENSG00000115904,hsa-mir-429,SOS1,0.82,Negative,miRNA-mRNA interaction,RNA,RNA
ENSG00000202566,ENSG00000070961,hsa-mir-421,ATP2B1,0.75,Negative,miRNA-mRNA interaction,RNA,RNA
ENSG00000207631,ENSG00000177565,hsa-mir-641,TBL1XR1,0.71,Negative,miRNA-mRNA interaction,RNA,RNA
ENSG00000221333,ENSG00000177565,hsa-mir-548k,TBL1XR1,0.96,Negative,miRNA-mRNA interaction,RNA,RNA
ENSG00000198976,ENSG00000010539,hsa-mir-429,ZNF200,0.74,Negative,miRNA-mRNA interaction,RNA,RNA
ENSG00000198976,ENSG00000138434,hsa-mir-429,ITPRID2,0.88,Negative,miRNA-mRNA interaction,RNA,RNA
ENSG00000221333,ENSG00000009413,hsa-mir-548k,REV3L,0.99,Negative,miRNA-mRNA interaction,RNA,RNA
ENSG00000221333,ENSG00000080546,hsa-mir-548k,SESN1,0.92,Negative,miRNA-mRNA interaction,RNA,RNA
ENSG00000207631,ENSG00000145730,hsa-mir-641,PAM,0.98,Negative,miRNA-mRNA interaction,RNA,RNA
ENSG00000221333,ENSG00000120063,hsa-mir-548k,GNA13,0.92,Negative,miRNA-mRNA interaction,RNA,RNA
ENSG00000207631,ENSG00000051108,hsa-mir-641,HERPUD1,0.74,Negative,miRNA-mRNA interaction,RNA,RNA
ENSG00000207631,ENSG00000083857,hsa-mir-641,FAT1,0.96,Negative,miRNA-mRNA interaction,RNA,RNA
ENSG00000207631,ENSG00000119042,hsa-mir-641,SATB2,0.88,Negative,miRNA-mRNA interaction,RNA,RNA
ENSG00000198976,ENSG00000101493,hsa-mir-429,ZNF516,0.74,Negative,miRNA-mRNA interaction,RNA,RNA
ENSG00000198976,ENSG00000166170,hsa-mir-429,BAG5,0.87,Negative,miRNA-mRNA interaction,RNA,RNA
ENSG00000207631,ENSG00000166170,hsa-mir-641,BAG5,0.81,Negative,miRNA-mRNA interaction,RNA,RNA
ENSG00000265154,ENSG00000115875,hsa-mir-151b,SRSF7,0.73,Negative,miRNA-mRNA interaction,RNA,RNA
ENSG00000198976,ENSG00000148516,hsa-mir-429,ZEB1,1,Negative,miRNA-mRNA interaction,RNA,RNA
ENSG00000198976,ENSG00000164938,hsa-mir-429,TP53INP1,0.83,Negative,miRNA-mRNA interaction,RNA,RNA
ENSG00000207631,ENSG00000164938,hsa-mir-641,TP53INP1,0.77,Negative,miRNA-mRNA interaction,RNA,RNA
ENSG00000221333,ENSG00000119414,hsa-mir-548k,PPP6C,0.93,Negative,miRNA-mRNA interaction,RNA,RNA
ENSG00000202566,ENSG00000181220,hsa-mir-421,ZNF746,0.83,Negative,miRNA-mRNA interaction,RNA,RNA
ENSG00000207631,ENSG00000075391,hsa-mir-641,RASAL2,0.9,Negative,miRNA-mRNA interaction,RNA,RNA
ENSG00000207631,ENSG00000119547,hsa-mir-641,ONECUT2,0.74,Negative,miRNA-mRNA interaction,RNA,RNA
ENSG00000207631,ENSG00000123575,hsa-mir-641,FAM199X,0.83,Negative,miRNA-mRNA interaction,RNA,RNA
ENSG00000207931,ENSG00000067082,hsa-mir-577,KLF6,0.75,Negative,miRNA-mRNA interaction,RNA,RNA
ENSG00000202566,ENSG00000143322,hsa-mir-421,ABL2,0.79,Negative,miRNA-mRNA interaction,RNA,RNA
ENSG00000207631,ENSG00000080822,hsa-mir-641,CLDND1,0.98,Negative,miRNA-mRNA interaction,RNA,RNA
ENSG00000221333,ENSG00000138767,hsa-mir-548k,CNOT6L,0.97,Negative,miRNA-mRNA interaction,RNA,RNA
ENSG00000221333,ENSG00000129116,hsa-mir-548k,PALLD,0.73,Negative,miRNA-mRNA interaction,RNA,RNA
ENSG00000198976,ENSG00000069869,hsa-mir-429,NEDD4,0.79,Negative,miRNA-mRNA interaction,RNA,RNA
ENSG00000207631,ENSG00000158987,hsa-mir-641,RAPGEF6,1,Negative,miRNA-mRNA interaction,RNA,RNA
ENSG00000198976,ENSG00000123737,hsa-mir-429,EXOSC9,0.81,Negative,miRNA-mRNA interaction,RNA,RNA
ENSG00000198976,ENSG00000177311,hsa-mir-429,ZBTB38,0.96,Negative,miRNA-mRNA interaction,RNA,RNA
ENSG00000221333,ENSG00000146373,hsa-mir-548k,RNF217,0.98,Negative,miRNA-mRNA interaction,RNA,RNA
ENSG00000198976,ENSG00000137504,hsa-mir-429,CREBZF,0.92,Negative,miRNA-mRNA interaction,RNA,RNA
ENSG00000284160,ENSG00000060237,hsa-mir-7706,WNK1,0.74,Negative,miRNA-mRNA interaction,RNA,RNA
ENSG00000207931,ENSG00000185022,hsa-mir-577,MAFF,0.76,Negative,miRNA-mRNA interaction,RNA,RNA
ENSG00000198976,ENSG00000174437,hsa-mir-429,ATP2A2,0.86,Negative,miRNA-mRNA interaction,RNA,RNA
ENSG00000207931,ENSG00000067208,hsa-mir-577,EVI5,0.97,Negative,miRNA-mRNA interaction,RNA,RNA
ENSG00000207631,ENSG00000107669,hsa-mir-641,ATE1,0.82,Negative,miRNA-mRNA interaction,RNA,RNA
ENSG00000207631,ENSG00000198492,hsa-mir-641,YTHDF2,0.85,Negative,miRNA-mRNA interaction,RNA,RNA
ENSG00000198976,ENSG00000213186,hsa-mir-429,TRIM59,0.82,Negative,miRNA-mRNA interaction,RNA,RNA
ENSG00000207931,ENSG00000131023,hsa-mir-577,LATS1,0.84,Negative,miRNA-mRNA interaction,RNA,RNA
ENSG00000198976,ENSG00000022267,hsa-mir-429,FHL1,0.95,Negative,miRNA-mRNA interaction,RNA,RNA
ENSG00000207631,ENSG00000257315,hsa-mir-641,ZBED6,0.73,Negative,miRNA-mRNA interaction,RNA,RNA
ENSG00000198976,ENSG00000100568,hsa-mir-429,VTI1B,0.71,Negative,miRNA-mRNA interaction,RNA,RNA
ENSG00000202566,ENSG00000100744,hsa-mir-421,GSKIP,0.77,Negative,miRNA-mRNA interaction,RNA,RNA
ENSG00000221333,ENSG00000128989,hsa-mir-548k,ARPP19,0.87,Negative,miRNA-mRNA interaction,RNA,RNA
ENSG00000207631,ENSG00000261609,hsa-mir-641,GAN,0.88,Negative,miRNA-mRNA interaction,RNA,RNA
ENSG00000221333,ENSG00000182963,hsa-mir-548k,GJC1,0.89,Negative,miRNA-mRNA interaction,RNA,RNA
ENSG00000284186,ENSG00000136448,hsa-mir-3615,NMT1,0.72,Negative,miRNA-mRNA interaction,RNA,RNA
ENSG00000221333,ENSG00000118363,hsa-mir-548k,SPCS2,0.95,Negative,miRNA-mRNA interaction,RNA,RNA
ENSG00000207931,ENSG00000136758,hsa-mir-577,YME1L1,0.72,Negative,miRNA-mRNA interaction,RNA,RNA
ENSG00000198976,ENSG00000115306,hsa-mir-429,SPTBN1,0.72,Negative,miRNA-mRNA interaction,RNA,RNA
ENSG00000198976,ENSG00000145632,hsa-mir-429,PLK2,0.72,Negative,miRNA-mRNA interaction,RNA,RNA
ENSG00000221333,ENSG00000187109,hsa-mir-548k,NAP1L1,0.84,Negative,miRNA-mRNA interaction,RNA,RNA
ENSG00000198976,ENSG00000204267,hsa-mir-429,TAP2,0.93,Negative,miRNA-mRNA interaction,RNA,RNA
ENSG00000198976,ENSG00000153094,hsa-mir-429,BCL2L11,0.76,Negative,miRNA-mRNA interaction,RNA,RNA
ENSG00000198976,ENSG00000185728,hsa-mir-429,YTHDF3,0.87,Negative,miRNA-mRNA interaction,RNA,RNA
ENSG00000265154,ENSG00000283199,hsa-mir-151b,C13orf46,0.97,Negative,miRNA-mRNA interaction,RNA,RNA
ENSG00000221333,ENSG00000153187,hsa-mir-548k,HNRNPU,0.92,Negative,miRNA-mRNA interaction,RNA,RNA
ENSG00000207631,ENSG00000153187,hsa-mir-641,HNRNPU,0.81,Negative,miRNA-mRNA interaction,RNA,RNA
ENSG00000207631,ENSG00000144285,hsa-mir-641,SCN1A,0.8,Negative,miRNA-mRNA interaction,RNA,RNA
ENSG00000207931,ENSG00000106546,hsa-mir-577,AHR,0.99,Negative,miRNA-mRNA interaction,RNA,RNA
ENSG00000207631,ENSG00000063587,hsa-mir-641,ZNF275,0.79,Negative,miRNA-mRNA interaction,RNA,RNA
ENSG00000284346,ENSG00000134308,hsa-mir-940,YWHAQ,0.8,Negative,miRNA-mRNA interaction,RNA,RNA
ENSG00000221634,ENSG00000113273,hsa-mir-1276,ARSB,0.76,Negative,miRNA-mRNA interaction,RNA,RNA
ENSG00000221662,ENSG00000108424,hsa-mir-1290,KPNB1,0.97,Negative,miRNA-mRNA interaction,RNA,RNA
ENSG00000221662,ENSG00000121892,hsa-mir-1290,PDS5A,0.91,Negative,miRNA-mRNA interaction,RNA,RNA
ENSG00000221662,ENSG00000196715,hsa-mir-1290,VKORC1L1,0.79,Negative,miRNA-mRNA interaction,RNA,RNA
ENSG00000284442,ENSG00000107551,hsa-mir-2110,RASSF4,0.74,Negative,miRNA-mRNA interaction,RNA,RNA
ENSG00000275377,ENSG00000164916,hsa-mir-1299,FOXK1,0.71,Negative,miRNA-mRNA interaction,RNA,RNA
ENSG00000284442,ENSG00000196396,hsa-mir-2110,PTPN1,0.93,Negative,miRNA-mRNA interaction,RNA,RNA
ENSG00000221634,ENSG00000122566,hsa-mir-1276,HNRNPA2B1,0.93,Negative,miRNA-mRNA interaction,RNA,RNA
ENSG00000221634,ENSG00000136824,hsa-mir-1276,SMC2,0.87,Negative,miRNA-mRNA interaction,RNA,RNA
ENSG00000221634,ENSG00000287080,hsa-mir-1276,H3C3,0.99,Negative,miRNA-mRNA interaction,RNA,RNA
ENSG00000207695,ENSG00000168488,hsa-mir-184,ATXN2L,0.77,Negative,miRNA-mRNA interaction,RNA,RNA
ENSG00000284442,ENSG00000145012,hsa-mir-2110,LPP,0.94,Negative,miRNA-mRNA interaction,RNA,RNA
ENSG00000284442,ENSG00000145907,hsa-mir-2110,G3BP1,0.98,Negative,miRNA-mRNA interaction,RNA,RNA
ENSG00000198976,ENSG00000112242,hsa-mir-429,E2F3,0.88,Negative,miRNA-mRNA interaction,RNA,RNA
ENSG00000198976,ENSG00000141449,hsa-mir-429,GREB1L,0.99,Negative,miRNA-mRNA interaction,RNA,RNA
ENSG00000198976,ENSG00000153339,hsa-mir-429,TRAPPC8,0.85,Negative,miRNA-mRNA interaction,RNA,RNA
ENSG00000198976,ENSG00000168743,hsa-mir-429,NPNT,0.88,Negative,miRNA-mRNA interaction,RNA,RNA
ENSG00000221333,ENSG00000115159,hsa-mir-548k,GPD2,0.96,Negative,miRNA-mRNA interaction,RNA,RNA
ENSG00000284160,ENSG00000168872,hsa-mir-7706,DDX19A,0.95,Negative,miRNA-mRNA interaction,RNA,RNA
ENSG00000221634,ENSG00000003096,hsa-mir-1276,KLHL13,0.72,Negative,miRNA-mRNA interaction,RNA,RNA
ENSG00000221634,ENSG00000009413,hsa-mir-1276,REV3L,0.99,Negative,miRNA-mRNA interaction,RNA,RNA
ENSG00000221634,ENSG00000061987,hsa-mir-1276,MON2,0.8,Negative,miRNA-mRNA interaction,RNA,RNA
ENSG00000221634,ENSG00000102753,hsa-mir-1276,KPNA3,0.81,Negative,miRNA-mRNA interaction,RNA,RNA
ENSG00000221634,ENSG00000113742,hsa-mir-1276,CPEB4,0.86,Negative,miRNA-mRNA interaction,RNA,RNA
ENSG00000221634,ENSG00000125107,hsa-mir-1276,CNOT1,0.75,Negative,miRNA-mRNA interaction,RNA,RNA
ENSG00000221634,ENSG00000126464,hsa-mir-1276,PRR12,0.73,Negative,miRNA-mRNA interaction,RNA,RNA
ENSG00000221634,ENSG00000147642,hsa-mir-1276,SYBU,1,Negative,miRNA-mRNA interaction,RNA,RNA
ENSG00000221634,ENSG00000168710,hsa-mir-1276,AHCYL1,0.99,Negative,miRNA-mRNA interaction,RNA,RNA
ENSG00000221634,ENSG00000175895,hsa-mir-1276,PLEKHF2,0.74,Negative,miRNA-mRNA interaction,RNA,RNA
ENSG00000221634,ENSG00000187720,hsa-mir-1276,THSD4,0.72,Negative,miRNA-mRNA interaction,RNA,RNA
ENSG00000221634,ENSG00000196712,hsa-mir-1276,NF1,0.76,Negative,miRNA-mRNA interaction,RNA,RNA
ENSG00000221634,ENSG00000253352,hsa-mir-1276,TUG1,0.71,Negative,miRNA-mRNA interaction,RNA,RNA
ENSG00000207695,ENSG00000103257,hsa-mir-184,SLC7A5,0.72,Negative,miRNA-mRNA interaction,RNA,RNA
ENSG00000207695,ENSG00000168066,hsa-mir-184,SF1,0.99,Negative,miRNA-mRNA interaction,RNA,RNA
ENSG00000284442,ENSG00000087510,hsa-mir-2110,TFAP2C,0.95,Negative,miRNA-mRNA interaction,RNA,RNA
ENSG00000284442,ENSG00000112739,hsa-mir-2110,PRPF4B,0.73,Negative,miRNA-mRNA interaction,RNA,RNA
ENSG00000284442,ENSG00000117461,hsa-mir-2110,PIK3R3,0.87,Negative,miRNA-mRNA interaction,RNA,RNA
ENSG00000284442,ENSG00000126767,hsa-mir-2110,ELK1,1,Negative,miRNA-mRNA interaction,RNA,RNA
ENSG00000284442,ENSG00000140694,hsa-mir-2110,PARN,0.89,Negative,miRNA-mRNA interaction,RNA,RNA
ENSG00000284442,ENSG00000158092,hsa-mir-2110,NCK1,0.71,Negative,miRNA-mRNA interaction,RNA,RNA
ENSG00000284442,ENSG00000239306,hsa-mir-2110,RBM14,0.85,Negative,miRNA-mRNA interaction,RNA,RNA
ENSG00000202566,ENSG00000120694,hsa-mir-421,HSPH1,0.79,Negative,miRNA-mRNA interaction,RNA,RNA
ENSG00000202566,ENSG00000144381,hsa-mir-421,HSPD1,0.87,Negative,miRNA-mRNA interaction,RNA,RNA
ENSG00000202566,ENSG00000154001,hsa-mir-421,PPP2R5E,0.89,Negative,miRNA-mRNA interaction,RNA,RNA
ENSG00000202566,ENSG00000156052,hsa-mir-421,GNAQ,0.71,Negative,miRNA-mRNA interaction,RNA,RNA
ENSG00000198976,ENSG00000011566,hsa-mir-429,MAP4K3,0.91,Negative,miRNA-mRNA interaction,RNA,RNA
ENSG00000198976,ENSG00000020922,hsa-mir-429,MRE11,0.76,Negative,miRNA-mRNA interaction,RNA,RNA
ENSG00000198976,ENSG00000052723,hsa-mir-429,SIKE1,0.8,Negative,miRNA-mRNA interaction,RNA,RNA
ENSG00000198976,ENSG00000071794,hsa-mir-429,HLTF,0.71,Negative,miRNA-mRNA interaction,RNA,RNA
ENSG00000198976,ENSG00000101974,hsa-mir-429,ATP11C,0.87,Negative,miRNA-mRNA interaction,RNA,RNA
ENSG00000198976,ENSG00000136450,hsa-mir-429,SRSF1,0.97,Negative,miRNA-mRNA interaction,RNA,RNA
ENSG00000198976,ENSG00000142611,hsa-mir-429,PRDM16,1,Negative,miRNA-mRNA interaction,RNA,RNA
ENSG00000198976,ENSG00000147050,hsa-mir-429,KDM6A,0.84,Negative,miRNA-mRNA interaction,RNA,RNA
ENSG00000198976,ENSG00000150867,hsa-mir-429,PIP4K2A,0.8,Negative,miRNA-mRNA interaction,RNA,RNA
ENSG00000198976,ENSG00000167081,hsa-mir-429,PBX3,0.9,Negative,miRNA-mRNA interaction,RNA,RNA
ENSG00000198976,ENSG00000170027,hsa-mir-429,YWHAG,0.99,Negative,miRNA-mRNA interaction,RNA,RNA
ENSG00000198976,ENSG00000180398,hsa-mir-429,MCFD2,0.99,Negative,miRNA-mRNA interaction,RNA,RNA
ENSG00000198976,ENSG00000185658,hsa-mir-429,BRWD1,0.95,Negative,miRNA-mRNA interaction,RNA,RNA
ENSG00000221333,ENSG00000115183,hsa-mir-548k,TANC1,0.98,Negative,miRNA-mRNA interaction,RNA,RNA
ENSG00000221333,ENSG00000180776,hsa-mir-548k,ZDHHC20,0.95,Negative,miRNA-mRNA interaction,RNA,RNA
ENSG00000221333,ENSG00000205423,hsa-mir-548k,CNEP1R1,0.82,Negative,miRNA-mRNA interaction,RNA,RNA
ENSG00000284346,ENSG00000140262,hsa-mir-940,TCF12,0.78,Negative,miRNA-mRNA interaction,RNA,RNA
ENSG00000284346,ENSG00000149547,hsa-mir-940,EI24,0.77,Negative,miRNA-mRNA interaction,RNA,RNA
ENSG00000284346,ENSG00000166503,hsa-mir-940,HDGFL3,0.85,Negative,miRNA-mRNA interaction,RNA,RNA
ENSG00000221634,ENSG00000025800,hsa-mir-1276,KPNA6,0.89,Negative,miRNA-mRNA interaction,RNA,RNA
ENSG00000221634,ENSG00000082898,hsa-mir-1276,XPO1,0.9,Negative,miRNA-mRNA interaction,RNA,RNA
ENSG00000221634,ENSG00000083168,hsa-mir-1276,KAT6A,0.97,Negative,miRNA-mRNA interaction,RNA,RNA
ENSG00000221634,ENSG00000100644,hsa-mir-1276,HIF1A,0.91,Negative,miRNA-mRNA interaction,RNA,RNA
ENSG00000221634,ENSG00000108654,hsa-mir-1276,DDX5,0.97,Negative,miRNA-mRNA interaction,RNA,RNA
ENSG00000221634,ENSG00000164190,hsa-mir-1276,NIPBL,0.75,Negative,miRNA-mRNA interaction,RNA,RNA
ENSG00000221634,ENSG00000187837,hsa-mir-1276,H1-2,0.99,Negative,miRNA-mRNA interaction,RNA,RNA
ENSG00000221634,ENSG00000198815,hsa-mir-1276,FOXJ3,0.73,Negative,miRNA-mRNA interaction,RNA,RNA
ENSG00000221634,ENSG00000203811,hsa-mir-1276,H3C14,0.99,Negative,miRNA-mRNA interaction,RNA,RNA
ENSG00000221634,ENSG00000276903,hsa-mir-1276,H2AC16,0.98,Negative,miRNA-mRNA interaction,RNA,RNA
ENSG00000207695,ENSG00000086758,hsa-mir-184,HUWE1,0.73,Negative,miRNA-mRNA interaction,RNA,RNA
ENSG00000207695,ENSG00000143756,hsa-mir-184,FBXO28,0.77,Negative,miRNA-mRNA interaction,RNA,RNA
ENSG00000284442,ENSG00000100201,hsa-mir-2110,DDX17,0.74,Negative,miRNA-mRNA interaction,RNA,RNA
ENSG00000284442,ENSG00000108848,hsa-mir-2110,LUC7L3,0.79,Negative,miRNA-mRNA interaction,RNA,RNA
ENSG00000284442,ENSG00000112245,hsa-mir-2110,PTP4A1,0.73,Negative,miRNA-mRNA interaction,RNA,RNA
ENSG00000284442,ENSG00000112308,hsa-mir-2110,C6orf62,0.91,Negative,miRNA-mRNA interaction,RNA,RNA
ENSG00000284442,ENSG00000123374,hsa-mir-2110,CDK2,0.9,Negative,miRNA-mRNA interaction,RNA,RNA
ENSG00000284442,ENSG00000148337,hsa-mir-2110,CIZ1,0.8,Negative,miRNA-mRNA interaction,RNA,RNA
ENSG00000284442,ENSG00000186174,hsa-mir-2110,BCL9L,0.81,Negative,miRNA-mRNA interaction,RNA,RNA
ENSG00000266235,ENSG00000162704,hsa-mir-3176,ARPC5,0.76,Negative,miRNA-mRNA interaction,RNA,RNA
ENSG00000202566,ENSG00000036257,hsa-mir-421,CUL3,0.85,Negative,miRNA-mRNA interaction,RNA,RNA
ENSG00000202566,ENSG00000080503,hsa-mir-421,SMARCA2,0.9,Negative,miRNA-mRNA interaction,RNA,RNA
ENSG00000202566,ENSG00000139372,hsa-mir-421,TDG,0.84,Negative,miRNA-mRNA interaction,RNA,RNA
ENSG00000202566,ENSG00000168066,hsa-mir-421,SF1,0.93,Negative,miRNA-mRNA interaction,RNA,RNA
ENSG00000198976,ENSG00000051382,hsa-mir-429,PIK3CB,0.72,Negative,miRNA-mRNA interaction,RNA,RNA
ENSG00000198976,ENSG00000077684,hsa-mir-429,JADE1,0.82,Negative,miRNA-mRNA interaction,RNA,RNA
ENSG00000198976,ENSG00000085224,hsa-mir-429,ATRX,0.71,Negative,miRNA-mRNA interaction,RNA,RNA
ENSG00000198976,ENSG00000106537,hsa-mir-429,TSPAN13,0.8,Negative,miRNA-mRNA interaction,RNA,RNA
ENSG00000198976,ENSG00000108848,hsa-mir-429,LUC7L3,0.79,Negative,miRNA-mRNA interaction,RNA,RNA
ENSG00000198976,ENSG00000117505,hsa-mir-429,DR1,0.88,Negative,miRNA-mRNA interaction,RNA,RNA
ENSG00000198976,ENSG00000119787,hsa-mir-429,ATL2,0.96,Negative,miRNA-mRNA interaction,RNA,RNA
ENSG00000198976,ENSG00000140396,hsa-mir-429,NCOA2,0.95,Negative,miRNA-mRNA interaction,RNA,RNA
ENSG00000198976,ENSG00000153310,hsa-mir-429,CYRIB,0.9,Negative,miRNA-mRNA interaction,RNA,RNA
ENSG00000198976,ENSG00000157741,hsa-mir-429,UBN2,0.93,Negative,miRNA-mRNA interaction,RNA,RNA
ENSG00000198976,ENSG00000168283,hsa-mir-429,BMI1,0.81,Negative,miRNA-mRNA interaction,RNA,RNA
ENSG00000198976,ENSG00000181163,hsa-mir-429,NPM1,0.81,Negative,miRNA-mRNA interaction,RNA,RNA
ENSG00000198976,ENSG00000244687,hsa-mir-429,UBE2V1,0.9,Negative,miRNA-mRNA interaction,RNA,RNA
ENSG00000221333,ENSG00000069275,hsa-mir-548k,NUCKS1,0.74,Negative,miRNA-mRNA interaction,RNA,RNA
ENSG00000221333,ENSG00000135250,hsa-mir-548k,SRPK2,0.83,Negative,miRNA-mRNA interaction,RNA,RNA
ENSG00000221333,ENSG00000196776,hsa-mir-548k,CD47,0.99,Negative,miRNA-mRNA interaction,RNA,RNA
ENSG00000207631,ENSG00000070214,hsa-mir-641,SLC44A1,0.95,Negative,miRNA-mRNA interaction,RNA,RNA
ENSG00000207631,ENSG00000198742,hsa-mir-641,SMURF1,0.74,Negative,miRNA-mRNA interaction,RNA,RNA
ENSG00000274713,ENSG00000137496,hsa-mir-7974,IL18BP,0.78,Negative,miRNA-mRNA interaction,RNA,RNA
ENSG00000274713,ENSG00000153944,hsa-mir-7974,MSI2,0.79,Negative,miRNA-mRNA interaction,RNA,RNA
ENSG00000274713,ENSG00000204961,hsa-mir-7974,PCDHA9,0.78,Negative,miRNA-mRNA interaction,RNA,RNA
ENSG00000274713,ENSG00000250120,hsa-mir-7974,PCDHA10,0.83,Negative,miRNA-mRNA interaction,RNA,RNA
ENSG00000284346,ENSG00000141084,hsa-mir-940,RANBP10,0.95,Negative,miRNA-mRNA interaction,RNA,RNA
ENSG00000284346,ENSG00000171208,hsa-mir-940,NETO2,0.72,Negative,miRNA-mRNA interaction,RNA,RNA
ENSG00000221634,ENSG00000102908,hsa-mir-1276,NFAT5,0.86,Negative,miRNA-mRNA interaction,RNA,RNA
ENSG00000221634,ENSG00000108443,hsa-mir-1276,RPS6KB1,0.99,Negative,miRNA-mRNA interaction,RNA,RNA
ENSG00000221634,ENSG00000187605,hsa-mir-1276,TET3,0.87,Negative,miRNA-mRNA interaction,RNA,RNA
ENSG00000221634,ENSG00000188021,hsa-mir-1276,UBQLN2,0.77,Negative,miRNA-mRNA interaction,RNA,RNA
ENSG00000221634,ENSG00000196787,hsa-mir-1276,H2AC11,0.98,Negative,miRNA-mRNA interaction,RNA,RNA
ENSG00000284442,ENSG00000143393,hsa-mir-2110,PI4KB,0.72,Negative,miRNA-mRNA interaction,RNA,RNA
ENSG00000266235,ENSG00000135387,hsa-mir-3176,CAPRIN1,0.74,Negative,miRNA-mRNA interaction,RNA,RNA
ENSG00000198976,ENSG00000099194,hsa-mir-429,SCD,0.95,Negative,miRNA-mRNA interaction,RNA,RNA
ENSG00000198976,ENSG00000113593,hsa-mir-429,PPWD1,0.82,Negative,miRNA-mRNA interaction,RNA,RNA
ENSG00000198976,ENSG00000135090,hsa-mir-429,TAOK3,0.89,Negative,miRNA-mRNA interaction,RNA,RNA
ENSG00000198976,ENSG00000135655,hsa-mir-429,USP15,0.82,Negative,miRNA-mRNA interaction,RNA,RNA
ENSG00000198976,ENSG00000160062,hsa-mir-429,ZBTB8A,0.92,Negative,miRNA-mRNA interaction,RNA,RNA
ENSG00000198976,ENSG00000164985,hsa-mir-429,PSIP1,1,Negative,miRNA-mRNA interaction,RNA,RNA
ENSG00000198976,ENSG00000169862,hsa-mir-429,CTNND2,0.75,Negative,miRNA-mRNA interaction,RNA,RNA
ENSG00000198976,ENSG00000205423,hsa-mir-429,CNEP1R1,1,Negative,miRNA-mRNA interaction,RNA,RNA
ENSG00000284160,ENSG00000150779,hsa-mir-7706,TIMM8B,0.76,Negative,miRNA-mRNA interaction,RNA,RNA
ENSG00000274713,ENSG00000125695,hsa-mir-7974,ENSG00000125695,0.76,Negative,miRNA-mRNA interaction,RNA,RNA
ENSG00000221634,ENSG00000087510,hsa-mir-1276,TFAP2C,0.81,Negative,miRNA-mRNA interaction,RNA,RNA
ENSG00000221634,ENSG00000168769,hsa-mir-1276,TET2,0.77,Negative,miRNA-mRNA interaction,RNA,RNA
ENSG00000221634,ENSG00000196914,hsa-mir-1276,ARHGEF12,0.95,Negative,miRNA-mRNA interaction,RNA,RNA
ENSG00000221634,ENSG00000266412,hsa-mir-1276,NCOA4,0.73,Negative,miRNA-mRNA interaction,RNA,RNA
ENSG00000221634,ENSG00000273983,hsa-mir-1276,H3C8,0.97,Negative,miRNA-mRNA interaction,RNA,RNA
ENSG00000221634,ENSG00000286522,hsa-mir-1276,H3C2,0.99,Negative,miRNA-mRNA interaction,RNA,RNA
ENSG00000284442,ENSG00000102786,hsa-mir-2110,INTS6,0.89,Negative,miRNA-mRNA interaction,RNA,RNA
ENSG00000284442,ENSG00000107651,hsa-mir-2110,SEC23IP,0.81,Negative,miRNA-mRNA interaction,RNA,RNA
ENSG00000284442,ENSG00000168143,hsa-mir-2110,FAM83B,0.8,Negative,miRNA-mRNA interaction,RNA,RNA
ENSG00000202566,ENSG00000121579,hsa-mir-421,NAA50,0.81,Negative,miRNA-mRNA interaction,RNA,RNA
ENSG00000202566,ENSG00000140382,hsa-mir-421,HMG20A,0.96,Negative,miRNA-mRNA interaction,RNA,RNA
ENSG00000202566,ENSG00000187257,hsa-mir-421,RSBN1L,0.86,Negative,miRNA-mRNA interaction,RNA,RNA
ENSG00000198976,ENSG00000011426,hsa-mir-429,ANLN,0.8,Negative,miRNA-mRNA interaction,RNA,RNA
ENSG00000198976,ENSG00000029993,hsa-mir-429,HMGB3,1,Negative,miRNA-mRNA interaction,RNA,RNA
ENSG00000198976,ENSG00000102710,hsa-mir-429,SUPT20H,0.99,Negative,miRNA-mRNA interaction,RNA,RNA
ENSG00000198976,ENSG00000106415,hsa-mir-429,GLCCI1,0.88,Negative,miRNA-mRNA interaction,RNA,RNA
ENSG00000198976,ENSG00000109654,hsa-mir-429,TRIM2,0.95,Negative,miRNA-mRNA interaction,RNA,RNA
ENSG00000198976,ENSG00000118513,hsa-mir-429,MYB,0.92,Negative,miRNA-mRNA interaction,RNA,RNA
ENSG00000198976,ENSG00000120733,hsa-mir-429,KDM3B,0.76,Negative,miRNA-mRNA interaction,RNA,RNA
ENSG00000198976,ENSG00000131373,hsa-mir-429,HACL1,0.71,Negative,miRNA-mRNA interaction,RNA,RNA
ENSG00000198976,ENSG00000133704,hsa-mir-429,IPO8,0.9,Negative,miRNA-mRNA interaction,RNA,RNA
ENSG00000198976,ENSG00000146826,hsa-mir-429,TRAPPC14,0.78,Negative,miRNA-mRNA interaction,RNA,RNA
ENSG00000198976,ENSG00000151923,hsa-mir-429,TIAL1,0.83,Negative,miRNA-mRNA interaction,RNA,RNA
ENSG00000198976,ENSG00000162599,hsa-mir-429,NFIA,0.99,Negative,miRNA-mRNA interaction,RNA,RNA
ENSG00000198976,ENSG00000164031,hsa-mir-429,DNAJB14,0.96,Negative,miRNA-mRNA interaction,RNA,RNA
ENSG00000198976,ENSG00000173517,hsa-mir-429,PEAK1,0.82,Negative,miRNA-mRNA interaction,RNA,RNA
ENSG00000198976,ENSG00000175970,hsa-mir-429,UNC119B,0.82,Negative,miRNA-mRNA interaction,RNA,RNA
ENSG00000198976,ENSG00000176018,hsa-mir-429,LYSMD3,0.79,Negative,miRNA-mRNA interaction,RNA,RNA
ENSG00000198976,ENSG00000180370,hsa-mir-429,PAK2,0.84,Negative,miRNA-mRNA interaction,RNA,RNA
ENSG00000221333,ENSG00000166450,hsa-mir-548k,PRTG,0.92,Negative,miRNA-mRNA interaction,RNA,RNA
ENSG00000284346,ENSG00000130449,hsa-mir-940,ZSWIM6,0.78,Negative,miRNA-mRNA interaction,RNA,RNA
ENSG00000284346,ENSG00000154359,hsa-mir-940,LONRF1,0.85,Negative,miRNA-mRNA interaction,RNA,RNA
ENSG00000284346,ENSG00000175387,hsa-mir-940,SMAD2,0.99,Negative,miRNA-mRNA interaction,RNA,RNA
ENSG00000284346,ENSG00000197555,hsa-mir-940,SIPA1L1,0.84,Negative,miRNA-mRNA interaction,RNA,RNA
ENSG00000221634,ENSG00000023572,hsa-mir-1276,GLRX2,0.89,Negative,miRNA-mRNA interaction,RNA,RNA
ENSG00000221634,ENSG00000113569,hsa-mir-1276,NUP155,0.71,Negative,miRNA-mRNA interaction,RNA,RNA
ENSG00000221634,ENSG00000118058,hsa-mir-1276,KMT2A,0.83,Negative,miRNA-mRNA interaction,RNA,RNA
ENSG00000221634,ENSG00000154114,hsa-mir-1276,TBCEL,0.99,Negative,miRNA-mRNA interaction,RNA,RNA
ENSG00000221634,ENSG00000184260,hsa-mir-1276,H2AC20,0.99,Negative,miRNA-mRNA interaction,RNA,RNA
ENSG00000265154,ENSG00000130940,hsa-mir-151b,CASZ1,0.71,Negative,miRNA-mRNA interaction,RNA,RNA
ENSG00000284442,ENSG00000114062,hsa-mir-2110,UBE3A,0.97,Negative,miRNA-mRNA interaction,RNA,RNA
ENSG00000284442,ENSG00000118707,hsa-mir-2110,TGIF2,0.89,Negative,miRNA-mRNA interaction,RNA,RNA
ENSG00000284442,ENSG00000147133,hsa-mir-2110,TAF1,0.98,Negative,miRNA-mRNA interaction,RNA,RNA
ENSG00000284442,ENSG00000174307,hsa-mir-2110,PHLDA3,0.79,Negative,miRNA-mRNA interaction,RNA,RNA
ENSG00000284442,ENSG00000175390,hsa-mir-2110,EIF3F,0.89,Negative,miRNA-mRNA interaction,RNA,RNA
ENSG00000266235,ENSG00000113300,hsa-mir-3176,CNOT6,0.98,Negative,miRNA-mRNA interaction,RNA,RNA
ENSG00000202566,ENSG00000006576,hsa-mir-421,PHTF2,0.76,Negative,miRNA-mRNA interaction,RNA,RNA
ENSG00000202566,ENSG00000054267,hsa-mir-421,ARID4B,0.76,Negative,miRNA-mRNA interaction,RNA,RNA
ENSG00000202566,ENSG00000119778,hsa-mir-421,ATAD2B,0.98,Negative,miRNA-mRNA interaction,RNA,RNA
ENSG00000202566,ENSG00000198380,hsa-mir-421,GFPT1,0.72,Negative,miRNA-mRNA interaction,RNA,RNA
ENSG00000198976,ENSG00000030419,hsa-mir-429,IKZF2,0.75,Negative,miRNA-mRNA interaction,RNA,RNA
ENSG00000198976,ENSG00000061987,hsa-mir-429,MON2,0.85,Negative,miRNA-mRNA interaction,RNA,RNA
ENSG00000198976,ENSG00000076321,hsa-mir-429,KLHL20,0.72,Negative,miRNA-mRNA interaction,RNA,RNA
ENSG00000198976,ENSG00000080371,hsa-mir-429,RAB21,0.99,Negative,miRNA-mRNA interaction,RNA,RNA
ENSG00000198976,ENSG00000095015,hsa-mir-429,MAP3K1,0.97,Negative,miRNA-mRNA interaction,RNA,RNA
ENSG00000198976,ENSG00000110497,hsa-mir-429,AMBRA1,0.91,Negative,miRNA-mRNA interaction,RNA,RNA
ENSG00000198976,ENSG00000112658,hsa-mir-429,SRF,0.92,Negative,miRNA-mRNA interaction,RNA,RNA
ENSG00000198976,ENSG00000116539,hsa-mir-429,ASH1L,0.96,Negative,miRNA-mRNA interaction,RNA,RNA
ENSG00000198976,ENSG00000135837,hsa-mir-429,CEP350,0.99,Negative,miRNA-mRNA interaction,RNA,RNA
ENSG00000198976,ENSG00000136451,hsa-mir-429,VEZF1,0.74,Negative,miRNA-mRNA interaction,RNA,RNA
ENSG00000198976,ENSG00000147676,hsa-mir-429,MAL2,0.87,Negative,miRNA-mRNA interaction,RNA,RNA
ENSG00000198976,ENSG00000147852,hsa-mir-429,VLDLR,0.97,Negative,miRNA-mRNA interaction,RNA,RNA
ENSG00000198976,ENSG00000163605,hsa-mir-429,PPP4R2,0.98,Negative,miRNA-mRNA interaction,RNA,RNA
ENSG00000198976,ENSG00000170340,hsa-mir-429,B3GNT2,0.8,Negative,miRNA-mRNA interaction,RNA,RNA
ENSG00000198976,ENSG00000174780,hsa-mir-429,SRP72,0.84,Negative,miRNA-mRNA interaction,RNA,RNA
ENSG00000198976,ENSG00000175175,hsa-mir-429,PPM1E,0.89,Negative,miRNA-mRNA interaction,RNA,RNA
ENSG00000198976,ENSG00000176542,hsa-mir-429,USF3,0.93,Negative,miRNA-mRNA interaction,RNA,RNA
ENSG00000198976,ENSG00000179295,hsa-mir-429,PTPN11,0.89,Negative,miRNA-mRNA interaction,RNA,RNA
ENSG00000198976,ENSG00000186260,hsa-mir-429,MRTFB,0.73,Negative,miRNA-mRNA interaction,RNA,RNA
ENSG00000221333,ENSG00000168264,hsa-mir-548k,IRF2BP2,0.81,Negative,miRNA-mRNA interaction,RNA,RNA
ENSG00000207631,ENSG00000064703,hsa-mir-641,DDX20,0.72,Negative,miRNA-mRNA interaction,RNA,RNA
ENSG00000207631,ENSG00000075711,hsa-mir-641,DLG1,0.77,Negative,miRNA-mRNA interaction,RNA,RNA
ENSG00000207631,ENSG00000099814,hsa-mir-641,CEP170B,0.72,Negative,miRNA-mRNA interaction,RNA,RNA
ENSG00000274713,ENSG00000143442,hsa-mir-7974,POGZ,0.72,Negative,miRNA-mRNA interaction,RNA,RNA
ENSG00000284346,ENSG00000164284,hsa-mir-940,GRPEL2,0.87,Negative,miRNA-mRNA interaction,RNA,RNA
ENSG00000284346,ENSG00000174238,hsa-mir-940,PITPNA,0.89,Negative,miRNA-mRNA interaction,RNA,RNA
ENSG00000284346,ENSG00000090776,hsa-mir-940,EFNB1,0.73,Negative,miRNA-mRNA interaction,RNA,RNA
ENSG00000207631,ENSG00000099940,hsa-mir-641,SNAP29,0.71,Negative,miRNA-mRNA interaction,RNA,RNA
ENSG00000284346,ENSG00000100345,hsa-mir-940,MYH9,0.81,Negative,miRNA-mRNA interaction,RNA,RNA
ENSG00000284346,ENSG00000100426,hsa-mir-940,ZBED4,0.8,Negative,miRNA-mRNA interaction,RNA,RNA
ENSG00000284503,ENSG00000092201,hsa-mir-3652,SUPT16H,0.72,Negative,miRNA-mRNA interaction,RNA,RNA
ENSG00000221333,ENSG00000101266,hsa-mir-548k,CSNK2A1,0.89,Negative,miRNA-mRNA interaction,RNA,RNA
ENSG00000284503,ENSG00000123908,hsa-mir-3652,AGO2,0.74,Negative,miRNA-mRNA interaction,RNA,RNA
ENSG00000221333,ENSG00000104231,hsa-mir-548k,ZFAND1,0.77,Negative,miRNA-mRNA interaction,RNA,RNA
ENSG00000284346,ENSG00000105722,hsa-mir-940,ERF,0.84,Negative,miRNA-mRNA interaction,RNA,RNA
ENSG00000207631,ENSG00000106344,hsa-mir-641,RBM28,0.82,Negative,miRNA-mRNA interaction,RNA,RNA
ENSG00000207631,ENSG00000108582,hsa-mir-641,CPD,0.87,Negative,miRNA-mRNA interaction,RNA,RNA
ENSG00000207631,ENSG00000108654,hsa-mir-641,DDX5,0.87,Negative,miRNA-mRNA interaction,RNA,RNA
ENSG00000284503,ENSG00000111737,hsa-mir-3652,RAB35,0.73,Negative,miRNA-mRNA interaction,RNA,RNA
ENSG00000207631,ENSG00000114648,hsa-mir-641,KLHL18,0.78,Negative,miRNA-mRNA interaction,RNA,RNA
ENSG00000284346,ENSG00000149639,hsa-mir-940,SOGA1,0.86,Negative,miRNA-mRNA interaction,RNA,RNA
ENSG00000284503,ENSG00000149639,hsa-mir-3652,SOGA1,0.87,Negative,miRNA-mRNA interaction,RNA,RNA
ENSG00000221333,ENSG00000115084,hsa-mir-548k,SLC35F5,0.79,Negative,miRNA-mRNA interaction,RNA,RNA
ENSG00000284346,ENSG00000126003,hsa-mir-940,PLAGL2,0.8,Negative,miRNA-mRNA interaction,RNA,RNA
ENSG00000284503,ENSG00000126261,hsa-mir-3652,UBA2,0.74,Negative,miRNA-mRNA interaction,RNA,RNA
ENSG00000284346,ENSG00000128342,hsa-mir-940,LIF,0.82,Negative,miRNA-mRNA interaction,RNA,RNA
ENSG00000284346,ENSG00000013523,hsa-mir-940,ANGEL1,0.79,Negative,miRNA-mRNA interaction,RNA,RNA
ENSG00000284503,ENSG00000105520,hsa-mir-3652,PLPPR2,0.91,Negative,miRNA-mRNA interaction,RNA,RNA
ENSG00000221333,ENSG00000130699,hsa-mir-548k,TAF4,0.9,Negative,miRNA-mRNA interaction,RNA,RNA
ENSG00000284346,ENSG00000130749,hsa-mir-940,AC008755.1,0.83,Negative,miRNA-mRNA interaction,RNA,RNA
ENSG00000284346,ENSG00000132359,hsa-mir-940,RAP1GAP2,0.81,Negative,miRNA-mRNA interaction,RNA,RNA
ENSG00000284346,ENSG00000132463,hsa-mir-940,GRSF1,0.76,Negative,miRNA-mRNA interaction,RNA,RNA
ENSG00000207604,ENSG00000132475,hsa-mir-206,H3F3B,0.85,Negative,miRNA-mRNA interaction,RNA,RNA
ENSG00000221333,ENSG00000132485,hsa-mir-548k,ZRANB2,0.94,Negative,miRNA-mRNA interaction,RNA,RNA
ENSG00000207631,ENSG00000132485,hsa-mir-641,ZRANB2,0.92,Negative,miRNA-mRNA interaction,RNA,RNA
ENSG00000284503,ENSG00000132510,hsa-mir-3652,KDM6B,0.75,Negative,miRNA-mRNA interaction,RNA,RNA
ENSG00000284346,ENSG00000134250,hsa-mir-940,NOTCH2,0.81,Negative,miRNA-mRNA interaction,RNA,RNA
ENSG00000284503,ENSG00000134575,hsa-mir-3652,ACP2,0.72,Negative,miRNA-mRNA interaction,RNA,RNA
ENSG00000284346,ENSG00000135074,hsa-mir-940,ADAM19,0.8,Negative,miRNA-mRNA interaction,RNA,RNA
ENSG00000221333,ENSG00000135677,hsa-mir-548k,GNS,0.82,Negative,miRNA-mRNA interaction,RNA,RNA
ENSG00000284346,ENSG00000135679,hsa-mir-940,MDM2,0.9,Negative,miRNA-mRNA interaction,RNA,RNA
ENSG00000207631,ENSG00000136521,hsa-mir-641,NDUFB5,0.77,Negative,miRNA-mRNA interaction,RNA,RNA
ENSG00000284346,ENSG00000137801,hsa-mir-940,THBS1,0.91,Negative,miRNA-mRNA interaction,RNA,RNA
ENSG00000221333,ENSG00000138448,hsa-mir-548k,ITGAV,0.82,Negative,miRNA-mRNA interaction,RNA,RNA
ENSG00000221333,ENSG00000108671,hsa-mir-548k,PSMD11,0.81,Negative,miRNA-mRNA interaction,RNA,RNA
ENSG00000284346,ENSG00000062716,hsa-mir-940,VMP1,0.87,Negative,miRNA-mRNA interaction,RNA,RNA
ENSG00000207604,ENSG00000062716,hsa-mir-206,VMP1,0.86,Negative,miRNA-mRNA interaction,RNA,RNA
ENSG00000284503,ENSG00000141867,hsa-mir-3652,BRD4,0.9,Negative,miRNA-mRNA interaction,RNA,RNA
ENSG00000284503,ENSG00000117020,hsa-mir-3652,AKT3,0.75,Negative,miRNA-mRNA interaction,RNA,RNA
ENSG00000221333,ENSG00000115561,hsa-mir-548k,CHMP3,0.77,Negative,miRNA-mRNA interaction,RNA,RNA
ENSG00000284503,ENSG00000068654,hsa-mir-3652,POLR1A,0.88,Negative,miRNA-mRNA interaction,RNA,RNA
ENSG00000284346,ENSG00000068654,hsa-mir-940,POLR1A,0.79,Negative,miRNA-mRNA interaction,RNA,RNA
ENSG00000207631,ENSG00000082701,hsa-mir-641,GSK3B,0.79,Negative,miRNA-mRNA interaction,RNA,RNA
ENSG00000284503,ENSG00000073711,hsa-mir-3652,PPP2R3A,0.75,Negative,miRNA-mRNA interaction,RNA,RNA
ENSG00000284503,ENSG00000113645,hsa-mir-3652,WWC1,0.74,Negative,miRNA-mRNA interaction,RNA,RNA
ENSG00000284503,ENSG00000112658,hsa-mir-3652,SRF,0.96,Negative,miRNA-mRNA interaction,RNA,RNA
ENSG00000207631,ENSG00000105810,hsa-mir-641,CDK6,0.85,Negative,miRNA-mRNA interaction,RNA,RNA
ENSG00000284346,ENSG00000110723,hsa-mir-940,EXPH5,0.83,Negative,miRNA-mRNA interaction,RNA,RNA
ENSG00000284503,ENSG00000120451,hsa-mir-3652,SNX19,0.72,Negative,miRNA-mRNA interaction,RNA,RNA
ENSG00000284346,ENSG00000011405,hsa-mir-940,PIK3C2A,0.92,Negative,miRNA-mRNA interaction,RNA,RNA
ENSG00000207631,ENSG00000110315,hsa-mir-641,RNF141,0.81,Negative,miRNA-mRNA interaction,RNA,RNA
ENSG00000284503,ENSG00000063245,hsa-mir-3652,EPN1,0.74,Negative,miRNA-mRNA interaction,RNA,RNA
ENSG00000284346,ENSG00000144043,hsa-mir-940,TEX261,0.76,Negative,miRNA-mRNA interaction,RNA,RNA
ENSG00000207631,ENSG00000144580,hsa-mir-641,CNOT9,0.78,Negative,miRNA-mRNA interaction,RNA,RNA
ENSG00000198976,ENSG00000144580,hsa-mir-429,CNOT9,0.92,Negative,miRNA-mRNA interaction,RNA,RNA
ENSG00000284503,ENSG00000145604,hsa-mir-3652,SKP2,0.89,Negative,miRNA-mRNA interaction,RNA,RNA
ENSG00000284346,ENSG00000146083,hsa-mir-940,RNF44,0.9,Negative,miRNA-mRNA interaction,RNA,RNA
ENSG00000284346,ENSG00000151806,hsa-mir-940,GUF1,0.9,Negative,miRNA-mRNA interaction,RNA,RNA
ENSG00000284503,ENSG00000125952,hsa-mir-3652,MAX,0.77,Negative,miRNA-mRNA interaction,RNA,RNA
ENSG00000207631,ENSG00000155850,hsa-mir-641,SLC26A2,0.71,Negative,miRNA-mRNA interaction,RNA,RNA
ENSG00000221333,ENSG00000156970,hsa-mir-548k,BUB1B,0.85,Negative,miRNA-mRNA interaction,RNA,RNA
ENSG00000284503,ENSG00000033050,hsa-mir-3652,ABCF2,0.82,Negative,miRNA-mRNA interaction,RNA,RNA
ENSG00000221333,ENSG00000157224,hsa-mir-548k,CLDN12,0.73,Negative,miRNA-mRNA interaction,RNA,RNA
ENSG00000284503,ENSG00000160014,hsa-mir-3652,CALM3,0.74,Negative,miRNA-mRNA interaction,RNA,RNA
ENSG00000198976,ENSG00000162104,hsa-mir-429,ADCY9,0.77,Negative,miRNA-mRNA interaction,RNA,RNA
ENSG00000284503,ENSG00000162736,hsa-mir-3652,NCSTN,0.93,Negative,miRNA-mRNA interaction,RNA,RNA
ENSG00000284346,ENSG00000163428,hsa-mir-940,LRRC58,0.78,Negative,miRNA-mRNA interaction,RNA,RNA
ENSG00000284346,ENSG00000163625,hsa-mir-940,WDFY3,0.76,Negative,miRNA-mRNA interaction,RNA,RNA
ENSG00000284503,ENSG00000136068,hsa-mir-3652,FLNB,0.78,Negative,miRNA-mRNA interaction,RNA,RNA
ENSG00000284346,ENSG00000164574,hsa-mir-940,GALNT10,0.82,Negative,miRNA-mRNA interaction,RNA,RNA
ENSG00000207631,ENSG00000166439,hsa-mir-641,RNF169,0.75,Negative,miRNA-mRNA interaction,RNA,RNA
ENSG00000284346,ENSG00000167548,hsa-mir-940,KMT2D,0.85,Negative,miRNA-mRNA interaction,RNA,RNA
ENSG00000284346,ENSG00000170017,hsa-mir-940,ALCAM,0.77,Negative,miRNA-mRNA interaction,RNA,RNA
ENSG00000284503,ENSG00000174233,hsa-mir-3652,ADCY6,0.79,Negative,miRNA-mRNA interaction,RNA,RNA
ENSG00000284503,ENSG00000159335,hsa-mir-3652,PTMS,0.72,Negative,miRNA-mRNA interaction,RNA,RNA
ENSG00000207631,ENSG00000172845,hsa-mir-641,SP3,0.81,Negative,miRNA-mRNA interaction,RNA,RNA
ENSG00000207631,ENSG00000173744,hsa-mir-641,AGFG1,0.92,Negative,miRNA-mRNA interaction,RNA,RNA
ENSG00000284346,ENSG00000106144,hsa-mir-940,CASP2,0.83,Negative,miRNA-mRNA interaction,RNA,RNA
ENSG00000221333,ENSG00000135535,hsa-mir-548k,CD164,0.75,Negative,miRNA-mRNA interaction,RNA,RNA
ENSG00000284503,ENSG00000174282,hsa-mir-3652,ZBTB4,0.74,Negative,miRNA-mRNA interaction,RNA,RNA
ENSG00000207631,ENSG00000181788,hsa-mir-641,SIAH2,0.91,Negative,miRNA-mRNA interaction,RNA,RNA
ENSG00000284346,ENSG00000070882,hsa-mir-940,OSBPL3,0.83,Negative,miRNA-mRNA interaction,RNA,RNA
ENSG00000284503,ENSG00000120733,hsa-mir-3652,KDM3B,0.95,Negative,miRNA-mRNA interaction,RNA,RNA
ENSG00000207631,ENSG00000220205,hsa-mir-641,VAMP2,0.81,Negative,miRNA-mRNA interaction,RNA,RNA
ENSG00000207631,ENSG00000177889,hsa-mir-641,UBE2N,0.9,Negative,miRNA-mRNA interaction,RNA,RNA
ENSG00000284346,ENSG00000176658,hsa-mir-940,MYO1D,0.82,Negative,miRNA-mRNA interaction,RNA,RNA
ENSG00000284346,ENSG00000103855,hsa-mir-940,CD276,0.98,Negative,miRNA-mRNA interaction,RNA,RNA
ENSG00000284346,ENSG00000105976,hsa-mir-940,MET,0.76,Negative,miRNA-mRNA interaction,RNA,RNA
ENSG00000284346,ENSG00000178531,hsa-mir-940,CTXN1,0.77,Negative,miRNA-mRNA interaction,RNA,RNA
ENSG00000284503,ENSG00000175727,hsa-mir-3652,MLXIP,0.74,Negative,miRNA-mRNA interaction,RNA,RNA
ENSG00000221333,ENSG00000175928,hsa-mir-548k,LRRN1,0.94,Negative,miRNA-mRNA interaction,RNA,RNA
ENSG00000284503,ENSG00000177084,hsa-mir-3652,POLE,0.72,Negative,miRNA-mRNA interaction,RNA,RNA
ENSG00000284503,ENSG00000175115,hsa-mir-3652,PACS1,0.87,Negative,miRNA-mRNA interaction,RNA,RNA
ENSG00000284503,ENSG00000171634,hsa-mir-3652,BPTF,0.77,Negative,miRNA-mRNA interaction,RNA,RNA
ENSG00000284503,ENSG00000178209,hsa-mir-3652,PLEC,0.84,Negative,miRNA-mRNA interaction,RNA,RNA
ENSG00000284346,ENSG00000178209,hsa-mir-940,PLEC,0.78,Negative,miRNA-mRNA interaction,RNA,RNA
ENSG00000221333,ENSG00000111142,hsa-mir-548k,METAP2,0.72,Negative,miRNA-mRNA interaction,RNA,RNA
ENSG00000221333,ENSG00000119596,hsa-mir-548k,YLPM1,0.77,Negative,miRNA-mRNA interaction,RNA,RNA
ENSG00000284503,ENSG00000204574,hsa-mir-3652,ABCF1,0.79,Negative,miRNA-mRNA interaction,RNA,RNA
ENSG00000284346,ENSG00000185591,hsa-mir-940,SP1,0.91,Negative,miRNA-mRNA interaction,RNA,RNA
ENSG00000284503,ENSG00000164068,hsa-mir-3652,RNF123,0.84,Negative,miRNA-mRNA interaction,RNA,RNA
ENSG00000284503,ENSG00000182199,hsa-mir-3652,SHMT2,0.84,Negative,miRNA-mRNA interaction,RNA,RNA
ENSG00000221333,ENSG00000175130,hsa-mir-548k,MARCKSL1,0.91,Negative,miRNA-mRNA interaction,RNA,RNA
ENSG00000284503,ENSG00000175130,hsa-mir-3652,MARCKSL1,0.76,Negative,miRNA-mRNA interaction,RNA,RNA
ENSG00000207631,ENSG00000184254,hsa-mir-641,ALDH1A3,0.83,Negative,miRNA-mRNA interaction,RNA,RNA
ENSG00000221333,ENSG00000177613,hsa-mir-548k,CSTF2T,0.72,Negative,miRNA-mRNA interaction,RNA,RNA
ENSG00000221333,ENSG00000185129,hsa-mir-548k,PURA,0.95,Negative,miRNA-mRNA interaction,RNA,RNA
ENSG00000221333,ENSG00000111011,hsa-mir-548k,RSRC2,0.98,Negative,miRNA-mRNA interaction,RNA,RNA
ENSG00000284503,ENSG00000184840,hsa-mir-3652,TMED9,0.75,Negative,miRNA-mRNA interaction,RNA,RNA
ENSG00000284503,ENSG00000099904,hsa-mir-3652,ZDHHC8,0.73,Negative,miRNA-mRNA interaction,RNA,RNA
ENSG00000284503,ENSG00000186174,hsa-mir-3652,BCL9L,0.82,Negative,miRNA-mRNA interaction,RNA,RNA
ENSG00000284346,ENSG00000186174,hsa-mir-940,BCL9L,0.8,Negative,miRNA-mRNA interaction,RNA,RNA
ENSG00000284503,ENSG00000161671,hsa-mir-3652,EMC10,0.75,Negative,miRNA-mRNA interaction,RNA,RNA
ENSG00000198976,ENSG00000113812,hsa-mir-429,ACTR8,0.77,Negative,miRNA-mRNA interaction,RNA,RNA
ENSG00000207631,ENSG00000076248,hsa-mir-641,UNG,0.77,Negative,miRNA-mRNA interaction,RNA,RNA
ENSG00000207604,ENSG00000123933,hsa-mir-206,MXD4,0.75,Negative,miRNA-mRNA interaction,RNA,RNA
ENSG00000198976,ENSG00000123933,hsa-mir-429,MXD4,0.74,Negative,miRNA-mRNA interaction,RNA,RNA
ENSG00000207631,ENSG00000155096,hsa-mir-641,AZIN1,0.78,Negative,miRNA-mRNA interaction,RNA,RNA
ENSG00000284503,ENSG00000133895,hsa-mir-3652,MEN1,0.84,Negative,miRNA-mRNA interaction,RNA,RNA
ENSG00000284503,ENSG00000142599,hsa-mir-3652,RERE,0.78,Negative,miRNA-mRNA interaction,RNA,RNA
ENSG00000284346,ENSG00000172943,hsa-mir-940,PHF8,0.95,Negative,miRNA-mRNA interaction,RNA,RNA
ENSG00000221333,ENSG00000143815,hsa-mir-548k,LBR,0.94,Negative,miRNA-mRNA interaction,RNA,RNA
ENSG00000284503,ENSG00000099364,hsa-mir-3652,FBXL19,0.9,Negative,miRNA-mRNA interaction,RNA,RNA
ENSG00000221333,ENSG00000159346,hsa-mir-548k,ADIPOR1,0.85,Negative,miRNA-mRNA interaction,RNA,RNA
ENSG00000221333,ENSG00000135387,hsa-mir-548k,CAPRIN1,0.82,Negative,miRNA-mRNA interaction,RNA,RNA
ENSG00000284503,ENSG00000086758,hsa-mir-3652,HUWE1,0.71,Negative,miRNA-mRNA interaction,RNA,RNA
ENSG00000284503,ENSG00000100647,hsa-mir-3652,SUSD6,0.76,Negative,miRNA-mRNA interaction,RNA,RNA
ENSG00000284503,ENSG00000108107,hsa-mir-3652,RPL28,0.77,Negative,miRNA-mRNA interaction,RNA,RNA
ENSG00000284346,ENSG00000108107,hsa-mir-940,RPL28,0.74,Negative,miRNA-mRNA interaction,RNA,RNA
ENSG00000284346,ENSG00000038382,hsa-mir-940,TRIO,0.75,Negative,miRNA-mRNA interaction,RNA,RNA
ENSG00000207631,ENSG00000151292,hsa-mir-641,CSNK1G3,0.84,Negative,miRNA-mRNA interaction,RNA,RNA
ENSG00000284346,ENSG00000131323,hsa-mir-940,TRAF3,0.73,Negative,miRNA-mRNA interaction,RNA,RNA
ENSG00000221333,ENSG00000157450,hsa-mir-548k,RNF111,0.85,Negative,miRNA-mRNA interaction,RNA,RNA
ENSG00000221662,ENSG00000160194,hsa-mir-1290,NDUFV3,0.91,Negative,miRNA-mRNA interaction,RNA,RNA
ENSG00000207631,ENSG00000099942,hsa-mir-641,CRKL,0.75,Negative,miRNA-mRNA interaction,RNA,RNA
ENSG00000284346,ENSG00000196497,hsa-mir-940,IPO4,0.82,Negative,miRNA-mRNA interaction,RNA,RNA
ENSG00000198976,ENSG00000115414,hsa-mir-429,FN1,0.92,Negative,miRNA-mRNA interaction,RNA,RNA
ENSG00000284503,ENSG00000168487,hsa-mir-3652,BMP1,0.91,Negative,miRNA-mRNA interaction,RNA,RNA
ENSG00000284503,ENSG00000196743,hsa-mir-3652,GM2A,0.94,Negative,miRNA-mRNA interaction,RNA,RNA
ENSG00000284503,ENSG00000130723,hsa-mir-3652,PRRC2B,0.86,Negative,miRNA-mRNA interaction,RNA,RNA
ENSG00000221333,ENSG00000197965,hsa-mir-548k,MPZL1,0.76,Negative,miRNA-mRNA interaction,RNA,RNA
ENSG00000284346,ENSG00000162704,hsa-mir-940,ARPC5,0.82,Negative,miRNA-mRNA interaction,RNA,RNA
ENSG00000207631,ENSG00000100461,hsa-mir-641,RBM23,0.97,Negative,miRNA-mRNA interaction,RNA,RNA
ENSG00000284346,ENSG00000100461,hsa-mir-940,RBM23,0.94,Negative,miRNA-mRNA interaction,RNA,RNA
ENSG00000284503,ENSG00000008441,hsa-mir-3652,NFIX,0.93,Negative,miRNA-mRNA interaction,RNA,RNA
ENSG00000284346,ENSG00000147065,hsa-mir-940,MSN,0.83,Negative,miRNA-mRNA interaction,RNA,RNA
ENSG00000207631,ENSG00000159202,hsa-mir-641,UBE2Z,0.87,Negative,miRNA-mRNA interaction,RNA,RNA
ENSG00000284346,ENSG00000198728,hsa-mir-940,LDB1,0.74,Negative,miRNA-mRNA interaction,RNA,RNA
ENSG00000284503,ENSG00000198858,hsa-mir-3652,R3HDM4,0.79,Negative,miRNA-mRNA interaction,RNA,RNA
ENSG00000284346,ENSG00000198792,hsa-mir-940,TMEM184B,0.75,Negative,miRNA-mRNA interaction,RNA,RNA
ENSG00000284346,ENSG00000112531,hsa-mir-940,QKI,0.95,Negative,miRNA-mRNA interaction,RNA,RNA
ENSG00000284346,ENSG00000198952,hsa-mir-940,SMG5,0.77,Negative,miRNA-mRNA interaction,RNA,RNA
ENSG00000284346,ENSG00000152104,hsa-mir-940,PTPN14,0.93,Negative,miRNA-mRNA interaction,RNA,RNA
ENSG00000207631,ENSG00000133059,hsa-mir-641,DSTYK,0.85,Negative,miRNA-mRNA interaction,RNA,RNA
ENSG00000207631,ENSG00000023572,hsa-mir-641,GLRX2,0.91,Negative,miRNA-mRNA interaction,RNA,RNA
ENSG00000284346,ENSG00000143178,hsa-mir-940,TBX19,0.8,Negative,miRNA-mRNA interaction,RNA,RNA
ENSG00000284503,ENSG00000143190,hsa-mir-3652,POU2F1,0.82,Negative,miRNA-mRNA interaction,RNA,RNA
ENSG00000284503,ENSG00000118523,hsa-mir-3652,CCN2,0.71,Negative,miRNA-mRNA interaction,RNA,RNA
ENSG00000198976,ENSG00000143217,hsa-mir-429,NECTIN4,0.98,Negative,miRNA-mRNA interaction,RNA,RNA
ENSG00000202566,ENSG00000112282,hsa-mir-421,MED23,0.84,Negative,miRNA-mRNA interaction,RNA,RNA
ENSG00000284503,ENSG00000132694,hsa-mir-3652,ARHGEF11,0.75,Negative,miRNA-mRNA interaction,RNA,RNA
ENSG00000284346,ENSG00000132688,hsa-mir-940,NES,0.87,Negative,miRNA-mRNA interaction,RNA,RNA
ENSG00000221333,ENSG00000163374,hsa-mir-548k,YY1AP1,0.75,Negative,miRNA-mRNA interaction,RNA,RNA
ENSG00000284503,ENSG00000107957,hsa-mir-3652,SH3PXD2A,0.77,Negative,miRNA-mRNA interaction,RNA,RNA
ENSG00000284503,ENSG00000196924,hsa-mir-3652,FLNA,0.99,Negative,miRNA-mRNA interaction,RNA,RNA
ENSG00000221333,ENSG00000117505,hsa-mir-548k,DR1,0.76,Negative,miRNA-mRNA interaction,RNA,RNA
ENSG00000221333,ENSG00000153936,hsa-mir-548k,HS2ST1,0.91,Negative,miRNA-mRNA interaction,RNA,RNA
ENSG00000284346,ENSG00000137269,hsa-mir-940,LRRC1,0.76,Negative,miRNA-mRNA interaction,RNA,RNA
ENSG00000207604,ENSG00000196233,hsa-mir-206,LCOR,0.91,Negative,miRNA-mRNA interaction,RNA,RNA
ENSG00000207631,ENSG00000101972,hsa-mir-641,STAG2,0.98,Negative,miRNA-mRNA interaction,RNA,RNA
ENSG00000207604,ENSG00000107854,hsa-mir-206,TNKS2,1,Negative,miRNA-mRNA interaction,RNA,RNA
ENSG00000284346,ENSG00000035403,hsa-mir-940,VCL,0.88,Negative,miRNA-mRNA interaction,RNA,RNA
ENSG00000207631,ENSG00000166913,hsa-mir-641,YWHAB,0.95,Negative,miRNA-mRNA interaction,RNA,RNA
ENSG00000284503,ENSG00000137166,hsa-mir-3652,FOXP4,0.78,Negative,miRNA-mRNA interaction,RNA,RNA
ENSG00000284503,ENSG00000122863,hsa-mir-3652,CHST3,0.82,Negative,miRNA-mRNA interaction,RNA,RNA
ENSG00000207631,ENSG00000025800,hsa-mir-641,KPNA6,0.91,Negative,miRNA-mRNA interaction,RNA,RNA
ENSG00000284346,ENSG00000025800,hsa-mir-940,KPNA6,0.75,Negative,miRNA-mRNA interaction,RNA,RNA
ENSG00000284503,ENSG00000204138,hsa-mir-3652,PHACTR4,0.81,Negative,miRNA-mRNA interaction,RNA,RNA
ENSG00000284346,ENSG00000147130,hsa-mir-940,ZMYM3,0.88,Negative,miRNA-mRNA interaction,RNA,RNA
ENSG00000284346,ENSG00000182446,hsa-mir-940,NPLOC4,0.75,Negative,miRNA-mRNA interaction,RNA,RNA
ENSG00000284503,ENSG00000078747,hsa-mir-3652,ITCH,0.74,Negative,miRNA-mRNA interaction,RNA,RNA
ENSG00000284346,ENSG00000184675,hsa-mir-940,AMER1,0.83,Negative,miRNA-mRNA interaction,RNA,RNA
ENSG00000207604,ENSG00000131669,hsa-mir-206,NINJ1,0.71,Negative,miRNA-mRNA interaction,RNA,RNA
ENSG00000284346,ENSG00000120942,hsa-mir-940,UBIAD1,0.98,Negative,miRNA-mRNA interaction,RNA,RNA
ENSG00000284503,ENSG00000107338,hsa-mir-3652,SHB,0.8,Negative,miRNA-mRNA interaction,RNA,RNA
ENSG00000284186,ENSG00000125844,hsa-mir-3615,RRBP1,0.73,Negative,miRNA-mRNA interaction,RNA,RNA
ENSG00000284346,ENSG00000107185,hsa-mir-940,RGP1,0.75,Negative,miRNA-mRNA interaction,RNA,RNA
ENSG00000284503,ENSG00000205476,hsa-mir-3652,CCDC85C,0.75,Negative,miRNA-mRNA interaction,RNA,RNA
ENSG00000284346,ENSG00000139514,hsa-mir-940,SLC7A1,0.74,Negative,miRNA-mRNA interaction,RNA,RNA
ENSG00000207631,ENSG00000113456,hsa-mir-641,RAD1,0.89,Negative,miRNA-mRNA interaction,RNA,RNA
ENSG00000207631,ENSG00000067369,hsa-mir-641,TP53BP1,0.87,Negative,miRNA-mRNA interaction,RNA,RNA
ENSG00000221333,ENSG00000067369,hsa-mir-548k,TP53BP1,0.9,Negative,miRNA-mRNA interaction,RNA,RNA
ENSG00000284346,ENSG00000205978,hsa-mir-940,NYNRIN,0.81,Negative,miRNA-mRNA interaction,RNA,RNA
ENSG00000284503,ENSG00000163132,hsa-mir-3652,MSX1,0.75,Negative,miRNA-mRNA interaction,RNA,RNA
ENSG00000198976,ENSG00000080200,hsa-mir-429,CRYBG3,0.74,Negative,miRNA-mRNA interaction,RNA,RNA
ENSG00000284346,ENSG00000204673,hsa-mir-940,AKT1S1,0.76,Negative,miRNA-mRNA interaction,RNA,RNA
ENSG00000221333,ENSG00000116539,hsa-mir-548k,ASH1L,0.8,Negative,miRNA-mRNA interaction,RNA,RNA
ENSG00000284346,ENSG00000111335,hsa-mir-940,OAS2,0.86,Negative,miRNA-mRNA interaction,RNA,RNA
ENSG00000284346,ENSG00000105887,hsa-mir-940,MTPN,0.84,Negative,miRNA-mRNA interaction,RNA,RNA
ENSG00000284346,ENSG00000155256,hsa-mir-940,ZFYVE27,0.72,Negative,miRNA-mRNA interaction,RNA,RNA
ENSG00000284503,ENSG00000213639,hsa-mir-3652,PPP1CB,0.94,Negative,miRNA-mRNA interaction,RNA,RNA
ENSG00000207631,ENSG00000213762,hsa-mir-641,ZNF134,0.71,Negative,miRNA-mRNA interaction,RNA,RNA
ENSG00000207631,ENSG00000100167,hsa-mir-641,SEPT3,0.75,Negative,miRNA-mRNA interaction,RNA,RNA
ENSG00000284503,ENSG00000126001,hsa-mir-3652,CEP250,0.76,Negative,miRNA-mRNA interaction,RNA,RNA
ENSG00000284346,ENSG00000160285,hsa-mir-940,LSS,0.8,Negative,miRNA-mRNA interaction,RNA,RNA
ENSG00000207631,ENSG00000168495,hsa-mir-641,POLR3D,0.97,Negative,miRNA-mRNA interaction,RNA,RNA
ENSG00000207631,ENSG00000163320,hsa-mir-641,CGGBP1,0.86,Negative,miRNA-mRNA interaction,RNA,RNA
ENSG00000284503,ENSG00000101439,hsa-mir-3652,CST3,0.9,Negative,miRNA-mRNA interaction,RNA,RNA
ENSG00000284346,ENSG00000127418,hsa-mir-940,FGFRL1,0.84,Negative,miRNA-mRNA interaction,RNA,RNA
ENSG00000221333,ENSG00000115464,hsa-mir-548k,USP34,0.77,Negative,miRNA-mRNA interaction,RNA,RNA
ENSG00000284346,ENSG00000136167,hsa-mir-940,LCP1,0.82,Negative,miRNA-mRNA interaction,RNA,RNA
ENSG00000221333,ENSG00000072682,hsa-mir-548k,P4HA2,0.73,Negative,miRNA-mRNA interaction,RNA,RNA
ENSG00000284503,ENSG00000064393,hsa-mir-3652,HIPK2,0.71,Negative,miRNA-mRNA interaction,RNA,RNA
ENSG00000284346,ENSG00000164080,hsa-mir-940,RAD54L2,0.96,Negative,miRNA-mRNA interaction,RNA,RNA
ENSG00000284346,ENSG00000221963,hsa-mir-940,APOL6,0.76,Negative,miRNA-mRNA interaction,RNA,RNA
ENSG00000284346,ENSG00000067560,hsa-mir-940,RHOA,0.96,Negative,miRNA-mRNA interaction,RNA,RNA
ENSG00000284346,ENSG00000167378,hsa-mir-940,IRGQ,0.8,Negative,miRNA-mRNA interaction,RNA,RNA
ENSG00000284503,ENSG00000170921,hsa-mir-3652,TANC2,0.74,Negative,miRNA-mRNA interaction,RNA,RNA
ENSG00000284503,ENSG00000153904,hsa-mir-3652,DDAH1,0.84,Negative,miRNA-mRNA interaction,RNA,RNA
ENSG00000207631,ENSG00000153904,hsa-mir-641,DDAH1,0.81,Negative,miRNA-mRNA interaction,RNA,RNA
ENSG00000284503,ENSG00000088888,hsa-mir-3652,MAVS,0.8,Negative,miRNA-mRNA interaction,RNA,RNA
ENSG00000284346,ENSG00000088888,hsa-mir-940,MAVS,0.91,Negative,miRNA-mRNA interaction,RNA,RNA
ENSG00000207631,ENSG00000070961,hsa-mir-641,ATP2B1,0.94,Negative,miRNA-mRNA interaction,RNA,RNA
ENSG00000221333,ENSG00000185920,hsa-mir-548k,PTCH1,0.76,Negative,miRNA-mRNA interaction,RNA,RNA
ENSG00000284346,ENSG00000164142,hsa-mir-940,FAM160A1,0.74,Negative,miRNA-mRNA interaction,RNA,RNA
ENSG00000198976,ENSG00000100320,hsa-mir-429,RBFOX2,1,Negative,miRNA-mRNA interaction,RNA,RNA
ENSG00000284346,ENSG00000100320,hsa-mir-940,RBFOX2,0.83,Negative,miRNA-mRNA interaction,RNA,RNA
ENSG00000284346,ENSG00000122359,hsa-mir-940,ANXA11,0.75,Negative,miRNA-mRNA interaction,RNA,RNA
ENSG00000284503,ENSG00000105327,hsa-mir-3652,BBC3,0.93,Negative,miRNA-mRNA interaction,RNA,RNA
ENSG00000284503,ENSG00000185650,hsa-mir-3652,ZFP36L1,0.99,Negative,miRNA-mRNA interaction,RNA,RNA
ENSG00000207631,ENSG00000156976,hsa-mir-641,EIF4A2,0.89,Negative,miRNA-mRNA interaction,RNA,RNA
ENSG00000284503,ENSG00000243156,hsa-mir-3652,MICAL3,0.81,Negative,miRNA-mRNA interaction,RNA,RNA
ENSG00000207631,ENSG00000157106,hsa-mir-641,SMG1,0.75,Negative,miRNA-mRNA interaction,RNA,RNA
ENSG00000284503,ENSG00000126351,hsa-mir-3652,THRA,0.81,Negative,miRNA-mRNA interaction,RNA,RNA
ENSG00000284503,ENSG00000099814,hsa-mir-3652,CEP170B,0.74,Negative,miRNA-mRNA interaction,RNA,RNA
ENSG00000221333,ENSG00000144724,hsa-mir-548k,PTPRG,0.94,Negative,miRNA-mRNA interaction,RNA,RNA
ENSG00000207604,ENSG00000120742,hsa-mir-206,SERP1,1,Negative,miRNA-mRNA interaction,RNA,RNA
ENSG00000284346,ENSG00000065518,hsa-mir-940,NDUFB4,0.88,Negative,miRNA-mRNA interaction,RNA,RNA
ENSG00000284346,ENSG00000116171,hsa-mir-940,SCP2,0.74,Negative,miRNA-mRNA interaction,RNA,RNA
ENSG00000284503,ENSG00000184983,hsa-mir-3652,NDUFA6,0.71,Negative,miRNA-mRNA interaction,RNA,RNA
ENSG00000284346,ENSG00000129116,hsa-mir-940,PALLD,0.76,Negative,miRNA-mRNA interaction,RNA,RNA
ENSG00000284503,ENSG00000151612,hsa-mir-3652,ZNF827,0.72,Negative,miRNA-mRNA interaction,RNA,RNA
ENSG00000198976,ENSG00000172262,hsa-mir-429,ZNF131,1,Negative,miRNA-mRNA interaction,RNA,RNA
ENSG00000202566,ENSG00000178776,hsa-mir-421,C5orf46,0.87,Negative,miRNA-mRNA interaction,RNA,RNA
ENSG00000284503,ENSG00000008513,hsa-mir-3652,ST3GAL1,0.82,Negative,miRNA-mRNA interaction,RNA,RNA
ENSG00000284346,ENSG00000014216,hsa-mir-940,CAPN1,0.77,Negative,miRNA-mRNA interaction,RNA,RNA
ENSG00000284503,ENSG00000023171,hsa-mir-3652,GRAMD1B,0.73,Negative,miRNA-mRNA interaction,RNA,RNA
ENSG00000207631,ENSG00000115947,hsa-mir-641,ORC4,0.78,Negative,miRNA-mRNA interaction,RNA,RNA
ENSG00000284503,ENSG00000131023,hsa-mir-3652,LATS1,0.93,Negative,miRNA-mRNA interaction,RNA,RNA
ENSG00000221333,ENSG00000113658,hsa-mir-548k,SMAD5,0.88,Negative,miRNA-mRNA interaction,RNA,RNA
ENSG00000207631,ENSG00000111666,hsa-mir-641,CHPT1,0.99,Negative,miRNA-mRNA interaction,RNA,RNA
ENSG00000207631,ENSG00000151131,hsa-mir-641,C12orf45,0.98,Negative,miRNA-mRNA interaction,RNA,RNA
ENSG00000207631,ENSG00000100650,hsa-mir-641,SRSF5,0.91,Negative,miRNA-mRNA interaction,RNA,RNA
ENSG00000284503,ENSG00000006432,hsa-mir-3652,MAP3K9,0.84,Negative,miRNA-mRNA interaction,RNA,RNA
ENSG00000284346,ENSG00000006432,hsa-mir-940,MAP3K9,0.89,Negative,miRNA-mRNA interaction,RNA,RNA
ENSG00000284346,ENSG00000173517,hsa-mir-940,PEAK1,0.92,Negative,miRNA-mRNA interaction,RNA,RNA
ENSG00000207631,ENSG00000128989,hsa-mir-641,ARPP19,0.77,Negative,miRNA-mRNA interaction,RNA,RNA
ENSG00000284346,ENSG00000141456,hsa-mir-940,PELP1,0.76,Negative,miRNA-mRNA interaction,RNA,RNA
ENSG00000221333,ENSG00000136451,hsa-mir-548k,VEZF1,0.9,Negative,miRNA-mRNA interaction,RNA,RNA
ENSG00000207631,ENSG00000264522,hsa-mir-641,OTUD7B,0.9,Negative,miRNA-mRNA interaction,RNA,RNA
ENSG00000284346,ENSG00000186185,hsa-mir-940,KIF18B,0.73,Negative,miRNA-mRNA interaction,RNA,RNA
ENSG00000284503,ENSG00000182473,hsa-mir-3652,EXOC7,0.71,Negative,miRNA-mRNA interaction,RNA,RNA
ENSG00000207631,ENSG00000139697,hsa-mir-641,SBNO1,0.97,Negative,miRNA-mRNA interaction,RNA,RNA
ENSG00000207631,ENSG00000272325,hsa-mir-641,NUDT3,0.75,Negative,miRNA-mRNA interaction,RNA,RNA
ENSG00000221333,ENSG00000145860,hsa-mir-548k,RNF145,0.87,Negative,miRNA-mRNA interaction,RNA,RNA
ENSG00000207631,ENSG00000274211,hsa-mir-641,SOCS7,0.87,Negative,miRNA-mRNA interaction,RNA,RNA
ENSG00000284346,ENSG00000138347,hsa-mir-940,MYPN,0.74,Negative,miRNA-mRNA interaction,RNA,RNA
ENSG00000284346,ENSG00000105974,hsa-mir-940,CAV1,0.92,Negative,miRNA-mRNA interaction,RNA,RNA
ENSG00000207631,ENSG00000165175,hsa-mir-641,MID1IP1,0.99,Negative,miRNA-mRNA interaction,RNA,RNA
ENSG00000284346,ENSG00000152242,hsa-mir-940,C18orf25,0.71,Negative,miRNA-mRNA interaction,RNA,RNA
ENSG00000207631,ENSG00000152242,hsa-mir-641,C18orf25,0.74,Negative,miRNA-mRNA interaction,RNA,RNA
ENSG00000284346,ENSG00000169410,hsa-mir-940,PTPN9,0.81,Negative,miRNA-mRNA interaction,RNA,RNA
ENSG00000284503,ENSG00000161714,hsa-mir-3652,PLCD3,0.74,Negative,miRNA-mRNA interaction,RNA,RNA
ENSG00000284346,ENSG00000121057,hsa-mir-940,AKAP1,0.99,Negative,miRNA-mRNA interaction,RNA,RNA
ENSG00000221333,ENSG00000070367,hsa-mir-548k,EXOC5,0.94,Negative,miRNA-mRNA interaction,RNA,RNA
ENSG00000284346,ENSG00000153094,hsa-mir-940,BCL2L11,0.78,Negative,miRNA-mRNA interaction,RNA,RNA
ENSG00000207631,ENSG00000185728,hsa-mir-641,YTHDF3,0.79,Negative,miRNA-mRNA interaction,RNA,RNA
ENSG00000207631,ENSG00000120071,hsa-mir-641,KANSL1,0.91,Negative,miRNA-mRNA interaction,RNA,RNA
ENSG00000284503,ENSG00000141905,hsa-mir-3652,NFIC,0.73,Negative,miRNA-mRNA interaction,RNA,RNA
ENSG00000284346,ENSG00000143179,hsa-mir-940,UCK2,0.88,Negative,miRNA-mRNA interaction,RNA,RNA
ENSG00000284346,ENSG00000136848,hsa-mir-940,DAB2IP,0.83,Negative,miRNA-mRNA interaction,RNA,RNA
ENSG00000284346,ENSG00000161202,hsa-mir-940,DVL3,0.9,Negative,miRNA-mRNA interaction,RNA,RNA
ENSG00000284346,ENSG00000188157,hsa-mir-940,AGRN,0.75,Negative,miRNA-mRNA interaction,RNA,RNA
ENSG00000284346,ENSG00000112759,hsa-mir-940,SLC29A1,0.88,Negative,miRNA-mRNA interaction,RNA,RNA
ENSG00000284503,ENSG00000148337,hsa-mir-3652,CIZ1,0.78,Negative,miRNA-mRNA interaction,RNA,RNA
ENSG00000199080,ENSG00000049323,hsa-mir-133b,LTBP1,0.86,Negative,miRNA-mRNA interaction,RNA,RNA
ENSG00000199080,ENSG00000054118,hsa-mir-133b,THRAP3,0.98,Negative,miRNA-mRNA interaction,RNA,RNA
ENSG00000199080,ENSG00000070159,hsa-mir-133b,PTPN3,0.73,Negative,miRNA-mRNA interaction,RNA,RNA
ENSG00000199080,ENSG00000108828,hsa-mir-133b,VAT1,0.92,Negative,miRNA-mRNA interaction,RNA,RNA
ENSG00000199080,ENSG00000110880,hsa-mir-133b,CORO1C,0.76,Negative,miRNA-mRNA interaction,RNA,RNA
ENSG00000199080,ENSG00000132953,hsa-mir-133b,XPO4,0.79,Negative,miRNA-mRNA interaction,RNA,RNA
ENSG00000199080,ENSG00000139112,hsa-mir-133b,GABARAPL1,0.88,Negative,miRNA-mRNA interaction,RNA,RNA
ENSG00000199080,ENSG00000139218,hsa-mir-133b,SCAF11,0.79,Negative,miRNA-mRNA interaction,RNA,RNA
ENSG00000199080,ENSG00000153130,hsa-mir-133b,SCOC,0.8,Negative,miRNA-mRNA interaction,RNA,RNA
ENSG00000199080,ENSG00000154153,hsa-mir-133b,RETREG1,0.76,Negative,miRNA-mRNA interaction,RNA,RNA
ENSG00000199080,ENSG00000155657,hsa-mir-133b,TTN,1,Negative,miRNA-mRNA interaction,RNA,RNA
ENSG00000199080,ENSG00000164023,hsa-mir-133b,SGMS2,1,Negative,miRNA-mRNA interaction,RNA,RNA
ENSG00000199080,ENSG00000166326,hsa-mir-133b,TRIM44,0.94,Negative,miRNA-mRNA interaction,RNA,RNA
ENSG00000199080,ENSG00000166783,hsa-mir-133b,MARF1,1,Negative,miRNA-mRNA interaction,RNA,RNA
ENSG00000199080,ENSG00000170871,hsa-mir-133b,KIAA0232,0.84,Negative,miRNA-mRNA interaction,RNA,RNA
ENSG00000199080,ENSG00000174695,hsa-mir-133b,TMEM167A,0.76,Negative,miRNA-mRNA interaction,RNA,RNA
ENSG00000199080,ENSG00000206560,hsa-mir-133b,ANKRD28,0.97,Negative,miRNA-mRNA interaction,RNA,RNA
ENSG00000199080,ENSG00000240583,hsa-mir-133b,AQP1,0.72,Negative,miRNA-mRNA interaction,RNA,RNA
ENSG00000199080,ENSG00000265491,hsa-mir-133b,RNF115,0.83,Negative,miRNA-mRNA interaction,RNA,RNA
ENSG00000207604,ENSG00000011304,hsa-mir-206,PTBP1,0.93,Negative,miRNA-mRNA interaction,RNA,RNA
ENSG00000207604,ENSG00000014824,hsa-mir-206,SLC30A9,0.89,Negative,miRNA-mRNA interaction,RNA,RNA
ENSG00000207604,ENSG00000015171,hsa-mir-206,ZMYND11,0.81,Negative,miRNA-mRNA interaction,RNA,RNA
ENSG00000207604,ENSG00000023228,hsa-mir-206,NDUFS1,0.72,Negative,miRNA-mRNA interaction,RNA,RNA
ENSG00000207604,ENSG00000071127,hsa-mir-206,WDR1,0.95,Negative,miRNA-mRNA interaction,RNA,RNA
ENSG00000207604,ENSG00000075420,hsa-mir-206,FNDC3B,0.99,Negative,miRNA-mRNA interaction,RNA,RNA
ENSG00000207604,ENSG00000078043,hsa-mir-206,PIAS2,0.71,Negative,miRNA-mRNA interaction,RNA,RNA
ENSG00000207604,ENSG00000078369,hsa-mir-206,GNB1,0.85,Negative,miRNA-mRNA interaction,RNA,RNA
ENSG00000207604,ENSG00000083312,hsa-mir-206,TNPO1,0.91,Negative,miRNA-mRNA interaction,RNA,RNA
ENSG00000207604,ENSG00000083720,hsa-mir-206,OXCT1,0.72,Negative,miRNA-mRNA interaction,RNA,RNA
ENSG00000207604,ENSG00000084090,hsa-mir-206,STARD7,0.95,Negative,miRNA-mRNA interaction,RNA,RNA
ENSG00000207604,ENSG00000099250,hsa-mir-206,NRP1,1,Negative,miRNA-mRNA interaction,RNA,RNA
ENSG00000207604,ENSG00000100234,hsa-mir-206,TIMP3,0.93,Negative,miRNA-mRNA interaction,RNA,RNA
ENSG00000207604,ENSG00000100354,hsa-mir-206,TNRC6B,0.74,Negative,miRNA-mRNA interaction,RNA,RNA
ENSG00000207604,ENSG00000102531,hsa-mir-206,FNDC3A,1,Negative,miRNA-mRNA interaction,RNA,RNA
ENSG00000207604,ENSG00000103316,hsa-mir-206,CRYM,0.8,Negative,miRNA-mRNA interaction,RNA,RNA
ENSG00000207604,ENSG00000106034,hsa-mir-206,CPED1,0.99,Negative,miRNA-mRNA interaction,RNA,RNA
ENSG00000207604,ENSG00000109572,hsa-mir-206,CLCN3,0.98,Negative,miRNA-mRNA interaction,RNA,RNA
ENSG00000207604,ENSG00000109756,hsa-mir-206,RAPGEF2,0.9,Negative,miRNA-mRNA interaction,RNA,RNA
ENSG00000207604,ENSG00000110422,hsa-mir-206,HIPK3,0.79,Negative,miRNA-mRNA interaction,RNA,RNA
ENSG00000207604,ENSG00000113384,hsa-mir-206,GOLPH3,0.95,Negative,miRNA-mRNA interaction,RNA,RNA
ENSG00000207604,ENSG00000114209,hsa-mir-206,PDCD10,0.73,Negative,miRNA-mRNA interaction,RNA,RNA
ENSG00000207604,ENSG00000114573,hsa-mir-206,ATP6V1A,0.77,Negative,miRNA-mRNA interaction,RNA,RNA
ENSG00000207604,ENSG00000115414,hsa-mir-206,FN1,0.98,Negative,miRNA-mRNA interaction,RNA,RNA
ENSG00000207604,ENSG00000116539,hsa-mir-206,ASH1L,0.91,Negative,miRNA-mRNA interaction,RNA,RNA
ENSG00000207604,ENSG00000117519,hsa-mir-206,CNN3,0.95,Negative,miRNA-mRNA interaction,RNA,RNA
ENSG00000207604,ENSG00000118971,hsa-mir-206,CCND2,0.81,Negative,miRNA-mRNA interaction,RNA,RNA
ENSG00000207604,ENSG00000120137,hsa-mir-206,PANK3,0.89,Negative,miRNA-mRNA interaction,RNA,RNA
ENSG00000207604,ENSG00000123700,hsa-mir-206,KCNJ2,0.88,Negative,miRNA-mRNA interaction,RNA,RNA
ENSG00000207604,ENSG00000129353,hsa-mir-206,SLC44A2,0.76,Negative,miRNA-mRNA interaction,RNA,RNA
ENSG00000207604,ENSG00000131023,hsa-mir-206,LATS1,0.79,Negative,miRNA-mRNA interaction,RNA,RNA
ENSG00000207604,ENSG00000131236,hsa-mir-206,CAP1,0.86,Negative,miRNA-mRNA interaction,RNA,RNA
ENSG00000207604,ENSG00000134287,hsa-mir-206,ARF3,0.95,Negative,miRNA-mRNA interaction,RNA,RNA
ENSG00000207604,ENSG00000135316,hsa-mir-206,SYNCRIP,0.86,Negative,miRNA-mRNA interaction,RNA,RNA
ENSG00000207604,ENSG00000135842,hsa-mir-206,NIBAN1,0.74,Negative,miRNA-mRNA interaction,RNA,RNA
ENSG00000207604,ENSG00000136205,hsa-mir-206,TNS3,0.79,Negative,miRNA-mRNA interaction,RNA,RNA
ENSG00000207604,ENSG00000136826,hsa-mir-206,KLF4,0.85,Negative,miRNA-mRNA interaction,RNA,RNA
ENSG00000207604,ENSG00000137801,hsa-mir-206,THBS1,0.77,Negative,miRNA-mRNA interaction,RNA,RNA
ENSG00000207604,ENSG00000138386,hsa-mir-206,NAB1,0.72,Negative,miRNA-mRNA interaction,RNA,RNA
ENSG00000207604,ENSG00000138443,hsa-mir-206,ABI2,0.96,Negative,miRNA-mRNA interaction,RNA,RNA
ENSG00000207604,ENSG00000140526,hsa-mir-206,ABHD2,0.88,Negative,miRNA-mRNA interaction,RNA,RNA
ENSG00000207604,ENSG00000141052,hsa-mir-206,MYOCD,0.82,Negative,miRNA-mRNA interaction,RNA,RNA
ENSG00000207604,ENSG00000141367,hsa-mir-206,CLTC,0.99,Negative,miRNA-mRNA interaction,RNA,RNA
ENSG00000207604,ENSG00000141380,hsa-mir-206,SS18,0.86,Negative,miRNA-mRNA interaction,RNA,RNA
ENSG00000207604,ENSG00000143401,hsa-mir-206,ANP32E,0.96,Negative,miRNA-mRNA interaction,RNA,RNA
ENSG00000207604,ENSG00000143933,hsa-mir-206,CALM2,0.98,Negative,miRNA-mRNA interaction,RNA,RNA
ENSG00000207604,ENSG00000144381,hsa-mir-206,HSPD1,0.98,Negative,miRNA-mRNA interaction,RNA,RNA
ENSG00000207604,ENSG00000144724,hsa-mir-206,PTPRG,1,Negative,miRNA-mRNA interaction,RNA,RNA
ENSG00000207604,ENSG00000145012,hsa-mir-206,LPP,0.98,Negative,miRNA-mRNA interaction,RNA,RNA
ENSG00000207604,ENSG00000147421,hsa-mir-206,HMBOX1,0.94,Negative,miRNA-mRNA interaction,RNA,RNA
ENSG00000207604,ENSG00000150593,hsa-mir-206,PDCD4,0.96,Negative,miRNA-mRNA interaction,RNA,RNA
ENSG00000207604,ENSG00000151276,hsa-mir-206,MAGI1,0.92,Negative,miRNA-mRNA interaction,RNA,RNA
ENSG00000207604,ENSG00000152127,hsa-mir-206,MGAT5,0.73,Negative,miRNA-mRNA interaction,RNA,RNA
ENSG00000207604,ENSG00000152518,hsa-mir-206,ZFP36L2,0.95,Negative,miRNA-mRNA interaction,RNA,RNA
ENSG00000207604,ENSG00000152661,hsa-mir-206,GJA1,1,Negative,miRNA-mRNA interaction,RNA,RNA
ENSG00000207604,ENSG00000155657,hsa-mir-206,TTN,0.74,Negative,miRNA-mRNA interaction,RNA,RNA
ENSG00000207604,ENSG00000158352,hsa-mir-206,SHROOM4,0.87,Negative,miRNA-mRNA interaction,RNA,RNA
ENSG00000207604,ENSG00000160710,hsa-mir-206,ADAR,0.98,Negative,miRNA-mRNA interaction,RNA,RNA
ENSG00000207604,ENSG00000162613,hsa-mir-206,FUBP1,0.99,Negative,miRNA-mRNA interaction,RNA,RNA
ENSG00000207604,ENSG00000162664,hsa-mir-206,ZNF326,0.96,Negative,miRNA-mRNA interaction,RNA,RNA
ENSG00000207604,ENSG00000163590,hsa-mir-206,PPM1L,0.8,Negative,miRNA-mRNA interaction,RNA,RNA
ENSG00000207604,ENSG00000163848,hsa-mir-206,ZNF148,0.96,Negative,miRNA-mRNA interaction,RNA,RNA
ENSG00000207604,ENSG00000164327,hsa-mir-206,RICTOR,0.89,Negative,miRNA-mRNA interaction,RNA,RNA
ENSG00000207604,ENSG00000164442,hsa-mir-206,CITED2,0.96,Negative,miRNA-mRNA interaction,RNA,RNA
ENSG00000207604,ENSG00000164902,hsa-mir-206,PHAX,0.89,Negative,miRNA-mRNA interaction,RNA,RNA
ENSG00000207604,ENSG00000166068,hsa-mir-206,SPRED1,0.99,Negative,miRNA-mRNA interaction,RNA,RNA
ENSG00000207604,ENSG00000166181,hsa-mir-206,API5,0.99,Negative,miRNA-mRNA interaction,RNA,RNA
ENSG00000207604,ENSG00000166963,hsa-mir-206,MAP1A,0.8,Negative,miRNA-mRNA interaction,RNA,RNA
ENSG00000207604,ENSG00000168497,hsa-mir-206,CAVIN2,0.97,Negative,miRNA-mRNA interaction,RNA,RNA
ENSG00000207604,ENSG00000168924,hsa-mir-206,LETM1,0.78,Negative,miRNA-mRNA interaction,RNA,RNA
ENSG00000207604,ENSG00000169554,hsa-mir-206,ZEB2,0.76,Negative,miRNA-mRNA interaction,RNA,RNA
ENSG00000207604,ENSG00000170144,hsa-mir-206,HNRNPA3,0.98,Negative,miRNA-mRNA interaction,RNA,RNA
ENSG00000207604,ENSG00000172466,hsa-mir-206,ZNF24,0.83,Negative,miRNA-mRNA interaction,RNA,RNA
ENSG00000207604,ENSG00000172915,hsa-mir-206,NBEA,0.96,Negative,miRNA-mRNA interaction,RNA,RNA
ENSG00000207604,ENSG00000175387,hsa-mir-206,SMAD2,0.87,Negative,miRNA-mRNA interaction,RNA,RNA
ENSG00000207604,ENSG00000180263,hsa-mir-206,FGD6,0.73,Negative,miRNA-mRNA interaction,RNA,RNA
ENSG00000207604,ENSG00000196236,hsa-mir-206,XPNPEP3,0.89,Negative,miRNA-mRNA interaction,RNA,RNA
ENSG00000207604,ENSG00000205302,hsa-mir-206,SNX2,0.92,Negative,miRNA-mRNA interaction,RNA,RNA
ENSG00000284442,ENSG00000085662,hsa-mir-2110,AKR1B1,0.73,Negative,miRNA-mRNA interaction,RNA,RNA
ENSG00000264926,ENSG00000111897,hsa-mir-378f,SERINC1,0.79,Negative,miRNA-mRNA interaction,RNA,RNA
ENSG00000202566,ENSG00000066739,hsa-mir-421,ATG2B,0.91,Negative,miRNA-mRNA interaction,RNA,RNA
ENSG00000202566,ENSG00000067992,hsa-mir-421,PDK3,0.98,Negative,miRNA-mRNA interaction,RNA,RNA
ENSG00000202566,ENSG00000155657,hsa-mir-421,TTN,0.91,Negative,miRNA-mRNA interaction,RNA,RNA
ENSG00000284565,ENSG00000155657,hsa-mir-451a,TTN,0.89,Negative,miRNA-mRNA interaction,RNA,RNA
ENSG00000284160,ENSG00000077522,hsa-mir-7706,ACTN2,0.94,Negative,miRNA-mRNA interaction,RNA,RNA
ENSG00000276083,ENSG00000103021,hsa-mir-7976,CCDC113,0.91,Negative,miRNA-mRNA interaction,RNA,RNA
ENSG00000276083,ENSG00000170579,hsa-mir-7976,DLGAP1,0.78,Negative,miRNA-mRNA interaction,RNA,RNA
ENSG00000283958,ENSG00000133020,hsa-mir-1248,MYH8,0.76,Negative,miRNA-mRNA interaction,RNA,RNA
ENSG00000281842,ENSG00000163013,hsa-mir-1291,FBXO41,0.72,Negative,miRNA-mRNA interaction,RNA,RNA
ENSG00000283958,ENSG00000285043,hsa-mir-1248,AC093512.2,0.96,Negative,miRNA-mRNA interaction,RNA,RNA
ENSG00000283958,ENSG00000155657,hsa-mir-1248,TTN,1,Negative,miRNA-mRNA interaction,RNA,RNA
ENSG00000276158,ENSG00000108654,hsa-mir-1264,DDX5,0.8,Negative,miRNA-mRNA interaction,RNA,RNA
ENSG00000276158,ENSG00000135870,hsa-mir-1264,RC3H1,0.76,Negative,miRNA-mRNA interaction,RNA,RNA
ENSG00000276158,ENSG00000165029,hsa-mir-1264,ABCA1,1,Negative,miRNA-mRNA interaction,RNA,RNA
ENSG00000221634,ENSG00000108510,hsa-mir-1276,MED13,0.9,Negative,miRNA-mRNA interaction,RNA,RNA
ENSG00000221634,ENSG00000141452,hsa-mir-1276,RMC1,0.85,Negative,miRNA-mRNA interaction,RNA,RNA
ENSG00000221634,ENSG00000197535,hsa-mir-1276,MYO5A,0.83,Negative,miRNA-mRNA interaction,RNA,RNA
ENSG00000221227,ENSG00000101193,hsa-mir-1305,GID8,0.93,Negative,miRNA-mRNA interaction,RNA,RNA
ENSG00000221227,ENSG00000110367,hsa-mir-1305,DDX6,0.85,Negative,miRNA-mRNA interaction,RNA,RNA
ENSG00000221227,ENSG00000127152,hsa-mir-1305,BCL11B,0.82,Negative,miRNA-mRNA interaction,RNA,RNA
ENSG00000221227,ENSG00000138101,hsa-mir-1305,DTNB,0.87,Negative,miRNA-mRNA interaction,RNA,RNA
ENSG00000207604,ENSG00000067715,hsa-mir-206,SYT1,0.94,Negative,miRNA-mRNA interaction,RNA,RNA
ENSG00000207604,ENSG00000074696,hsa-mir-206,HACD3,1,Negative,miRNA-mRNA interaction,RNA,RNA
ENSG00000207604,ENSG00000083896,hsa-mir-206,YTHDC1,0.71,Negative,miRNA-mRNA interaction,RNA,RNA
ENSG00000207604,ENSG00000108960,hsa-mir-206,MMD,1,Negative,miRNA-mRNA interaction,RNA,RNA
ENSG00000207604,ENSG00000140323,hsa-mir-206,DISP2,0.77,Negative,miRNA-mRNA interaction,RNA,RNA
ENSG00000207604,ENSG00000151208,hsa-mir-206,DLG5,0.87,Negative,miRNA-mRNA interaction,RNA,RNA
ENSG00000207604,ENSG00000152217,hsa-mir-206,SETBP1,0.97,Negative,miRNA-mRNA interaction,RNA,RNA
ENSG00000207604,ENSG00000171132,hsa-mir-206,PRKCE,0.91,Negative,miRNA-mRNA interaction,RNA,RNA
ENSG00000207604,ENSG00000171208,hsa-mir-206,NETO2,0.99,Negative,miRNA-mRNA interaction,RNA,RNA
ENSG00000207604,ENSG00000174953,hsa-mir-206,DHX36,0.8,Negative,miRNA-mRNA interaction,RNA,RNA
ENSG00000207604,ENSG00000206579,hsa-mir-206,XKR4,0.87,Negative,miRNA-mRNA interaction,RNA,RNA
ENSG00000284442,ENSG00000050165,hsa-mir-2110,DKK3,0.93,Negative,miRNA-mRNA interaction,RNA,RNA
ENSG00000284442,ENSG00000144218,hsa-mir-2110,AFF3,0.86,Negative,miRNA-mRNA interaction,RNA,RNA
ENSG00000284442,ENSG00000181090,hsa-mir-2110,EHMT1,0.74,Negative,miRNA-mRNA interaction,RNA,RNA
ENSG00000264566,ENSG00000165156,hsa-mir-23c,ZHX1,0.84,Negative,miRNA-mRNA interaction,RNA,RNA
ENSG00000202566,ENSG00000137942,hsa-mir-421,FNBP1L,0.99,Negative,miRNA-mRNA interaction,RNA,RNA
ENSG00000198976,ENSG00000068615,hsa-mir-429,REEP1,0.99,Negative,miRNA-mRNA interaction,RNA,RNA
ENSG00000238517,ENSG00000054523,hsa-mir-1270,KIF1B,0.89,Negative,miRNA-mRNA interaction,RNA,RNA
ENSG00000275377,ENSG00000079156,hsa-mir-1299,OSBPL6,0.75,Negative,miRNA-mRNA interaction,RNA,RNA
ENSG00000275377,ENSG00000163539,hsa-mir-1299,CLASP2,1,Negative,miRNA-mRNA interaction,RNA,RNA
ENSG00000275377,ENSG00000170248,hsa-mir-1299,PDCD6IP,0.97,Negative,miRNA-mRNA interaction,RNA,RNA
ENSG00000207604,ENSG00000104435,hsa-mir-206,STMN2,0.88,Negative,miRNA-mRNA interaction,RNA,RNA
ENSG00000207604,ENSG00000133703,hsa-mir-206,KRAS,0.88,Negative,miRNA-mRNA interaction,RNA,RNA
ENSG00000207604,ENSG00000173276,hsa-mir-206,ZBTB21,0.82,Negative,miRNA-mRNA interaction,RNA,RNA
ENSG00000207604,ENSG00000187605,hsa-mir-206,TET3,0.77,Negative,miRNA-mRNA interaction,RNA,RNA
ENSG00000284442,ENSG00000152784,hsa-mir-2110,PRDM8,0.93,Negative,miRNA-mRNA interaction,RNA,RNA
ENSG00000265596,ENSG00000110987,hsa-mir-3659,BCL7A,0.91,Negative,miRNA-mRNA interaction,RNA,RNA
ENSG00000265596,ENSG00000139289,hsa-mir-3659,PHLDA1,0.71,Negative,miRNA-mRNA interaction,RNA,RNA
ENSG00000202566,ENSG00000152795,hsa-mir-421,HNRNPDL,0.85,Negative,miRNA-mRNA interaction,RNA,RNA
ENSG00000265822,ENSG00000116473,hsa-mir-4422,RAP1A,0.88,Negative,miRNA-mRNA interaction,RNA,RNA
ENSG00000265822,ENSG00000119285,hsa-mir-4422,HEATR1,0.73,Negative,miRNA-mRNA interaction,RNA,RNA
ENSG00000265822,ENSG00000157933,hsa-mir-4422,SKI,0.93,Negative,miRNA-mRNA interaction,RNA,RNA
ENSG00000265822,ENSG00000196586,hsa-mir-4422,MYO6,0.9,Negative,miRNA-mRNA interaction,RNA,RNA
ENSG00000265822,ENSG00000198815,hsa-mir-4422,FOXJ3,0.94,Negative,miRNA-mRNA interaction,RNA,RNA
ENSG00000221634,ENSG00000124575,hsa-mir-1276,H1-3,0.99,Negative,miRNA-mRNA interaction,RNA,RNA
ENSG00000221634,ENSG00000169862,hsa-mir-1276,CTNND2,1,Negative,miRNA-mRNA interaction,RNA,RNA
ENSG00000221634,ENSG00000180573,hsa-mir-1276,H2AC6,0.99,Negative,miRNA-mRNA interaction,RNA,RNA
ENSG00000221634,ENSG00000185532,hsa-mir-1276,PRKG1,0.99,Negative,miRNA-mRNA interaction,RNA,RNA
ENSG00000275377,ENSG00000117697,hsa-mir-1299,NSL1,0.86,Negative,miRNA-mRNA interaction,RNA,RNA
ENSG00000275377,ENSG00000143155,hsa-mir-1299,TIPRL,0.99,Negative,miRNA-mRNA interaction,RNA,RNA
ENSG00000221227,ENSG00000109466,hsa-mir-1305,KLHL2,0.73,Negative,miRNA-mRNA interaction,RNA,RNA
ENSG00000221227,ENSG00000147862,hsa-mir-1305,NFIB,0.96,Negative,miRNA-mRNA interaction,RNA,RNA
ENSG00000207604,ENSG00000077097,hsa-mir-206,TOP2B,0.78,Negative,miRNA-mRNA interaction,RNA,RNA
ENSG00000207604,ENSG00000112182,hsa-mir-206,BACH2,0.92,Negative,miRNA-mRNA interaction,RNA,RNA
ENSG00000207604,ENSG00000114331,hsa-mir-206,ACAP2,0.83,Negative,miRNA-mRNA interaction,RNA,RNA
ENSG00000207604,ENSG00000136450,hsa-mir-206,SRSF1,0.96,Negative,miRNA-mRNA interaction,RNA,RNA
ENSG00000207604,ENSG00000137845,hsa-mir-206,ADAM10,0.71,Negative,miRNA-mRNA interaction,RNA,RNA
ENSG00000207604,ENSG00000166483,hsa-mir-206,WEE1,0.91,Negative,miRNA-mRNA interaction,RNA,RNA
ENSG00000265539,ENSG00000144057,hsa-mir-3164,ST6GAL2,0.97,Negative,miRNA-mRNA interaction,RNA,RNA
ENSG00000265539,ENSG00000145908,hsa-mir-3164,ZNF300,0.99,Negative,miRNA-mRNA interaction,RNA,RNA
ENSG00000266228,ENSG00000138443,hsa-mir-3611,ABI2,0.89,Negative,miRNA-mRNA interaction,RNA,RNA
ENSG00000284346,ENSG00000060709,hsa-mir-940,RIMBP2,0.98,Negative,miRNA-mRNA interaction,RNA,RNA
ENSG00000238517,ENSG00000033122,hsa-mir-1270,LRRC7,0.92,Negative,miRNA-mRNA interaction,RNA,RNA
ENSG00000221634,ENSG00000156650,hsa-mir-1276,KAT6B,0.82,Negative,miRNA-mRNA interaction,RNA,RNA
ENSG00000221264,ENSG00000064393,hsa-mir-1284,HIPK2,0.84,Negative,miRNA-mRNA interaction,RNA,RNA
ENSG00000221264,ENSG00000081189,hsa-mir-1284,MEF2C,1,Negative,miRNA-mRNA interaction,RNA,RNA
ENSG00000221264,ENSG00000112531,hsa-mir-1284,QKI,0.82,Negative,miRNA-mRNA interaction,RNA,RNA
ENSG00000221264,ENSG00000123983,hsa-mir-1284,ACSL3,0.97,Negative,miRNA-mRNA interaction,RNA,RNA
ENSG00000221264,ENSG00000128881,hsa-mir-1284,TTBK2,0.72,Negative,miRNA-mRNA interaction,RNA,RNA
ENSG00000221264,ENSG00000131711,hsa-mir-1284,MAP1B,0.71,Negative,miRNA-mRNA interaction,RNA,RNA
ENSG00000221264,ENSG00000152413,hsa-mir-1284,HOMER1,0.86,Negative,miRNA-mRNA interaction,RNA,RNA
ENSG00000221264,ENSG00000183579,hsa-mir-1284,ZNRF3,0.72,Negative,miRNA-mRNA interaction,RNA,RNA
ENSG00000275377,ENSG00000029363,hsa-mir-1299,BCLAF1,0.96,Negative,miRNA-mRNA interaction,RNA,RNA
ENSG00000275377,ENSG00000101349,hsa-mir-1299,PAK5,0.75,Negative,miRNA-mRNA interaction,RNA,RNA
ENSG00000275377,ENSG00000120251,hsa-mir-1299,GRIA2,0.84,Negative,miRNA-mRNA interaction,RNA,RNA
ENSG00000275377,ENSG00000120549,hsa-mir-1299,KIAA1217,0.96,Negative,miRNA-mRNA interaction,RNA,RNA
ENSG00000275377,ENSG00000127603,hsa-mir-1299,MACF1,0.82,Negative,miRNA-mRNA interaction,RNA,RNA
ENSG00000275377,ENSG00000129003,hsa-mir-1299,VPS13C,0.83,Negative,miRNA-mRNA interaction,RNA,RNA
ENSG00000275377,ENSG00000163104,hsa-mir-1299,SMARCAD1,0.95,Negative,miRNA-mRNA interaction,RNA,RNA
ENSG00000275377,ENSG00000177889,hsa-mir-1299,UBE2N,0.71,Negative,miRNA-mRNA interaction,RNA,RNA
ENSG00000275377,ENSG00000196159,hsa-mir-1299,FAT4,0.84,Negative,miRNA-mRNA interaction,RNA,RNA
ENSG00000275377,ENSG00000255330,hsa-mir-1299,ENSG00000255330,0.89,Negative,miRNA-mRNA interaction,RNA,RNA
ENSG00000221227,ENSG00000005483,hsa-mir-1305,KMT2E,0.84,Negative,miRNA-mRNA interaction,RNA,RNA
ENSG00000221227,ENSG00000085365,hsa-mir-1305,SCAMP1,0.71,Negative,miRNA-mRNA interaction,RNA,RNA
ENSG00000221227,ENSG00000115084,hsa-mir-1305,SLC35F5,0.92,Negative,miRNA-mRNA interaction,RNA,RNA
ENSG00000221227,ENSG00000152520,hsa-mir-1305,PAN3,0.91,Negative,miRNA-mRNA interaction,RNA,RNA
ENSG00000221227,ENSG00000155966,hsa-mir-1305,AFF2,0.96,Negative,miRNA-mRNA interaction,RNA,RNA
ENSG00000221227,ENSG00000164442,hsa-mir-1305,CITED2,1,Negative,miRNA-mRNA interaction,RNA,RNA
ENSG00000221227,ENSG00000172869,hsa-mir-1305,DMXL1,0.74,Negative,miRNA-mRNA interaction,RNA,RNA
ENSG00000221227,ENSG00000173376,hsa-mir-1305,NDNF,0.74,Negative,miRNA-mRNA interaction,RNA,RNA
ENSG00000221227,ENSG00000184619,hsa-mir-1305,KRBA2,0.79,Negative,miRNA-mRNA interaction,RNA,RNA
ENSG00000221227,ENSG00000185008,hsa-mir-1305,ROBO2,0.84,Negative,miRNA-mRNA interaction,RNA,RNA
ENSG00000221227,ENSG00000263809,hsa-mir-1305,ENSG00000263809,0.76,Negative,miRNA-mRNA interaction,RNA,RNA
ENSG00000199080,ENSG00000116147,hsa-mir-133b,TNR,0.74,Negative,miRNA-mRNA interaction,RNA,RNA
ENSG00000199080,ENSG00000117569,hsa-mir-133b,PTBP2,0.99,Negative,miRNA-mRNA interaction,RNA,RNA
ENSG00000199080,ENSG00000130477,hsa-mir-133b,UNC13A,0.98,Negative,miRNA-mRNA interaction,RNA,RNA
ENSG00000199080,ENSG00000135801,hsa-mir-133b,TAF5L,0.74,Negative,miRNA-mRNA interaction,RNA,RNA
ENSG00000199080,ENSG00000152894,hsa-mir-133b,PTPRK,0.99,Negative,miRNA-mRNA interaction,RNA,RNA
ENSG00000199080,ENSG00000205269,hsa-mir-133b,TMEM170B,0.73,Negative,miRNA-mRNA interaction,RNA,RNA
ENSG00000207604,ENSG00000002834,hsa-mir-206,LASP1,0.73,Negative,miRNA-mRNA interaction,RNA,RNA
ENSG00000207604,ENSG00000052795,hsa-mir-206,FNIP2,0.701892978,Negative,miRNA-mRNA interaction,RNA,RNA
ENSG00000207604,ENSG00000061676,hsa-mir-206,NCKAP1,0.83,Negative,miRNA-mRNA interaction,RNA,RNA
ENSG00000207604,ENSG00000087448,hsa-mir-206,KLHL42,0.93,Negative,miRNA-mRNA interaction,RNA,RNA
ENSG00000207604,ENSG00000114861,hsa-mir-206,FOXP1,1,Negative,miRNA-mRNA interaction,RNA,RNA
ENSG00000207604,ENSG00000115966,hsa-mir-206,ATF2,0.99,Negative,miRNA-mRNA interaction,RNA,RNA
ENSG00000207604,ENSG00000118058,hsa-mir-206,KMT2A,0.84,Negative,miRNA-mRNA interaction,RNA,RNA
ENSG00000207604,ENSG00000123119,hsa-mir-206,NECAB1,0.88,Negative,miRNA-mRNA interaction,RNA,RNA
ENSG00000207604,ENSG00000132912,hsa-mir-206,DCTN4,0.75,Negative,miRNA-mRNA interaction,RNA,RNA
ENSG00000207604,ENSG00000141431,hsa-mir-206,ASXL3,0.89,Negative,miRNA-mRNA interaction,RNA,RNA
ENSG00000207604,ENSG00000146247,hsa-mir-206,PHIP,0.91,Negative,miRNA-mRNA interaction,RNA,RNA
ENSG00000207604,ENSG00000147548,hsa-mir-206,NSD3,1,Negative,miRNA-mRNA interaction,RNA,RNA
ENSG00000207604,ENSG00000151150,hsa-mir-206,ANK3,0.75,Negative,miRNA-mRNA interaction,RNA,RNA
ENSG00000207604,ENSG00000164061,hsa-mir-206,BSN,0.94,Negative,miRNA-mRNA interaction,RNA,RNA
ENSG00000207604,ENSG00000182463,hsa-mir-206,TSHZ2,0.71,Negative,miRNA-mRNA interaction,RNA,RNA
ENSG00000207604,ENSG00000188283,hsa-mir-206,ZNF383,0.74,Negative,miRNA-mRNA interaction,RNA,RNA
ENSG00000207604,ENSG00000196376,hsa-mir-206,SLC35F1,0.74,Negative,miRNA-mRNA interaction,RNA,RNA
ENSG00000207604,ENSG00000270136,hsa-mir-206,MICOS10-NBL1,0.74,Negative,miRNA-mRNA interaction,RNA,RNA
ENSG00000284442,ENSG00000104435,hsa-mir-2110,STMN2,0.87,Negative,miRNA-mRNA interaction,RNA,RNA
ENSG00000284442,ENSG00000136535,hsa-mir-2110,TBR1,1,Negative,miRNA-mRNA interaction,RNA,RNA
ENSG00000284442,ENSG00000177084,hsa-mir-2110,POLE,0.97,Negative,miRNA-mRNA interaction,RNA,RNA
ENSG00000266228,ENSG00000034713,hsa-mir-3611,GABARAPL2,0.86,Negative,miRNA-mRNA interaction,RNA,RNA
ENSG00000266228,ENSG00000188994,hsa-mir-3611,ZNF292,0.8,Negative,miRNA-mRNA interaction,RNA,RNA
ENSG00000202566,ENSG00000004848,hsa-mir-421,ARX,0.73,Negative,miRNA-mRNA interaction,RNA,RNA
ENSG00000202566,ENSG00000080298,hsa-mir-421,RFX3,0.98,Negative,miRNA-mRNA interaction,RNA,RNA
ENSG00000202566,ENSG00000123562,hsa-mir-421,MORF4L2,0.71,Negative,miRNA-mRNA interaction,RNA,RNA
ENSG00000263445,ENSG00000023171,hsa-mir-4450,GRAMD1B,0.75,Negative,miRNA-mRNA interaction,RNA,RNA
ENSG00000263445,ENSG00000104435,hsa-mir-4450,STMN2,0.98,Negative,miRNA-mRNA interaction,RNA,RNA
ENSG00000263445,ENSG00000161021,hsa-mir-4450,MAML1,0.98,Negative,miRNA-mRNA interaction,RNA,RNA
ENSG00000263445,ENSG00000196924,hsa-mir-4450,FLNA,0.74,Negative,miRNA-mRNA interaction,RNA,RNA
ENSG00000221669,ENSG00000151617,hsa-mir-548n,EDNRA,0.85,Negative,miRNA-mRNA interaction,RNA,RNA
ENSG00000207692,ENSG00000106105,hsa-mir-592,GARS1,0.71,Negative,miRNA-mRNA interaction,RNA,RNA
ENSG00000208002,ENSG00000157540,hsa-mir-643,DYRK1A,0.89,Negative,miRNA-mRNA interaction,RNA,RNA
ENSG00000208002,ENSG00000165323,hsa-mir-643,FAT3,0.72,Negative,miRNA-mRNA interaction,RNA,RNA
ENSG00000208002,ENSG00000175161,hsa-mir-643,CADM2,0.91,Negative,miRNA-mRNA interaction,RNA,RNA
ENSG00000211581,ENSG00000033122,hsa-mir-765,LRRC7,0.76,Negative,miRNA-mRNA interaction,RNA,RNA
ENSG00000211581,ENSG00000047849,hsa-mir-765,MAP4,0.78,Negative,miRNA-mRNA interaction,RNA,RNA
ENSG00000211581,ENSG00000157350,hsa-mir-765,ST3GAL2,0.88,Negative,miRNA-mRNA interaction,RNA,RNA
ENSG00000211581,ENSG00000196935,hsa-mir-765,SRGAP1,1,Negative,miRNA-mRNA interaction,RNA,RNA
ENSG00000238517,ENSG00000101109,hsa-mir-1270,STK4,0.84,Negative,miRNA-mRNA interaction,RNA,RNA
ENSG00000238517,ENSG00000106689,hsa-mir-1270,LHX2,0.87,Negative,miRNA-mRNA interaction,RNA,RNA
ENSG00000221634,ENSG00000149212,hsa-mir-1276,SESN3,0.97,Negative,miRNA-mRNA interaction,RNA,RNA
ENSG00000221634,ENSG00000153914,hsa-mir-1276,SREK1,0.92,Negative,miRNA-mRNA interaction,RNA,RNA
ENSG00000221634,ENSG00000169851,hsa-mir-1276,PCDH7,0.79,Negative,miRNA-mRNA interaction,RNA,RNA
ENSG00000221264,ENSG00000078018,hsa-mir-1284,MAP2,0.97,Negative,miRNA-mRNA interaction,RNA,RNA
ENSG00000221264,ENSG00000116128,hsa-mir-1284,BCL9,0.81,Negative,miRNA-mRNA interaction,RNA,RNA
ENSG00000221264,ENSG00000150672,hsa-mir-1284,DLG2,0.94,Negative,miRNA-mRNA interaction,RNA,RNA
ENSG00000221264,ENSG00000158321,hsa-mir-1284,AUTS2,0.89,Negative,miRNA-mRNA interaction,RNA,RNA
ENSG00000221264,ENSG00000173674,hsa-mir-1284,EIF1AX,0.89,Negative,miRNA-mRNA interaction,RNA,RNA
ENSG00000221264,ENSG00000173801,hsa-mir-1284,JUP,0.97,Negative,miRNA-mRNA interaction,RNA,RNA
ENSG00000221264,ENSG00000198843,hsa-mir-1284,SELENOT,0.78,Negative,miRNA-mRNA interaction,RNA,RNA
ENSG00000275377,ENSG00000145864,hsa-mir-1299,GABRB2,0.82,Negative,miRNA-mRNA interaction,RNA,RNA
ENSG00000275377,ENSG00000146085,hsa-mir-1299,MMUT,0.71,Negative,miRNA-mRNA interaction,RNA,RNA
ENSG00000275377,ENSG00000149187,hsa-mir-1299,CELF1,0.72,Negative,miRNA-mRNA interaction,RNA,RNA
ENSG00000275377,ENSG00000151150,hsa-mir-1299,ANK3,0.93,Negative,miRNA-mRNA interaction,RNA,RNA
ENSG00000275377,ENSG00000183354,hsa-mir-1299,KIAA2026,0.83,Negative,miRNA-mRNA interaction,RNA,RNA
ENSG00000275377,ENSG00000185658,hsa-mir-1299,BRWD1,0.95,Negative,miRNA-mRNA interaction,RNA,RNA
ENSG00000275377,ENSG00000189241,hsa-mir-1299,TSPYL1,0.76,Negative,miRNA-mRNA interaction,RNA,RNA
ENSG00000221227,ENSG00000078018,hsa-mir-1305,MAP2,0.78,Negative,miRNA-mRNA interaction,RNA,RNA
ENSG00000221227,ENSG00000105926,hsa-mir-1305,PALS2,0.97,Negative,miRNA-mRNA interaction,RNA,RNA
ENSG00000221227,ENSG00000138398,hsa-mir-1305,PPIG,0.77,Negative,miRNA-mRNA interaction,RNA,RNA
ENSG00000221227,ENSG00000145545,hsa-mir-1305,SRD5A1,0.84,Negative,miRNA-mRNA interaction,RNA,RNA
ENSG00000199080,ENSG00000107816,hsa-mir-133b,LZTS2,0.75,Negative,miRNA-mRNA interaction,RNA,RNA
ENSG00000199080,ENSG00000112078,hsa-mir-133b,KCTD20,0.9,Negative,miRNA-mRNA interaction,RNA,RNA
ENSG00000199080,ENSG00000114354,hsa-mir-133b,TFG,0.78,Negative,miRNA-mRNA interaction,RNA,RNA
ENSG00000199080,ENSG00000171617,hsa-mir-133b,ENC1,0.95,Negative,miRNA-mRNA interaction,RNA,RNA
ENSG00000199080,ENSG00000173801,hsa-mir-133b,JUP,0.85,Negative,miRNA-mRNA interaction,RNA,RNA
ENSG00000207604,ENSG00000100697,hsa-mir-206,DICER1,0.89,Negative,miRNA-mRNA interaction,RNA,RNA
ENSG00000207604,ENSG00000102908,hsa-mir-206,NFAT5,0.95,Negative,miRNA-mRNA interaction,RNA,RNA
ENSG00000207604,ENSG00000148053,hsa-mir-206,NTRK2,0.71,Negative,miRNA-mRNA interaction,RNA,RNA
ENSG00000207604,ENSG00000153707,hsa-mir-206,PTPRD,0.72,Negative,miRNA-mRNA interaction,RNA,RNA
ENSG00000207604,ENSG00000157540,hsa-mir-206,DYRK1A,0.72,Negative,miRNA-mRNA interaction,RNA,RNA
ENSG00000207604,ENSG00000182670,hsa-mir-206,TTC3,0.93,Negative,miRNA-mRNA interaction,RNA,RNA
ENSG00000207604,ENSG00000184575,hsa-mir-206,XPOT,0.75,Negative,miRNA-mRNA interaction,RNA,RNA
ENSG00000284442,ENSG00000009335,hsa-mir-2110,UBE3C,0.86,Negative,miRNA-mRNA interaction,RNA,RNA
ENSG00000284442,ENSG00000133422,hsa-mir-2110,MORC2,0.87,Negative,miRNA-mRNA interaction,RNA,RNA
ENSG00000264013,ENSG00000107957,hsa-mir-3938,SH3PXD2A,0.9,Negative,miRNA-mRNA interaction,RNA,RNA
ENSG00000264013,ENSG00000165323,hsa-mir-3938,FAT3,0.84,Negative,miRNA-mRNA interaction,RNA,RNA
ENSG00000221333,ENSG00000102763,hsa-mir-548k,VWA8,0.77,Negative,miRNA-mRNA interaction,RNA,RNA
ENSG00000221669,ENSG00000135333,hsa-mir-548n,EPHA7,0.83,Negative,miRNA-mRNA interaction,RNA,RNA
ENSG00000264084,ENSG00000185787,hsa-mir-5688,MORF4L1,0.89,Negative,miRNA-mRNA interaction,RNA,RNA
ENSG00000207692,ENSG00000181904,hsa-mir-592,C5orf24,0.89,Negative,miRNA-mRNA interaction,RNA,RNA
ENSG00000207631,ENSG00000176887,hsa-mir-641,SOX11,0.88,Negative,miRNA-mRNA interaction,RNA,RNA
ENSG00000208002,ENSG00000083312,hsa-mir-643,TNPO1,0.71,Negative,miRNA-mRNA interaction,RNA,RNA
ENSG00000211581,ENSG00000254221,hsa-mir-765,PCDHGB1,0.92,Negative,miRNA-mRNA interaction,RNA,RNA
ENSG00000284583,ENSG00000033122,hsa-mir-935,LRRC7,0.92,Negative,miRNA-mRNA interaction,RNA,RNA
ENSG00000238517,ENSG00000064042,hsa-mir-1270,LIMCH1,0.83,Negative,miRNA-mRNA interaction,RNA,RNA
ENSG00000238517,ENSG00000083290,hsa-mir-1270,ULK2,0.81,Negative,miRNA-mRNA interaction,RNA,RNA
ENSG00000238517,ENSG00000125848,hsa-mir-1270,FLRT3,0.82,Negative,miRNA-mRNA interaction,RNA,RNA
ENSG00000238517,ENSG00000152767,hsa-mir-1270,FARP1,0.73,Negative,miRNA-mRNA interaction,RNA,RNA
ENSG00000275377,ENSG00000066933,hsa-mir-1299,MYO9A,0.92,Negative,miRNA-mRNA interaction,RNA,RNA
ENSG00000275377,ENSG00000081692,hsa-mir-1299,JMJD4,0.72,Negative,miRNA-mRNA interaction,RNA,RNA
ENSG00000275377,ENSG00000082153,hsa-mir-1299,BZW1,0.81,Negative,miRNA-mRNA interaction,RNA,RNA
ENSG00000275377,ENSG00000105810,hsa-mir-1299,CDK6,0.99,Negative,miRNA-mRNA interaction,RNA,RNA
ENSG00000275377,ENSG00000123066,hsa-mir-1299,MED13L,0.75,Negative,miRNA-mRNA interaction,RNA,RNA
ENSG00000275377,ENSG00000128872,hsa-mir-1299,TMOD2,0.99,Negative,miRNA-mRNA interaction,RNA,RNA
ENSG00000275377,ENSG00000145375,hsa-mir-1299,SPATA5,0.99,Negative,miRNA-mRNA interaction,RNA,RNA
ENSG00000275377,ENSG00000169967,hsa-mir-1299,MAP3K2,0.79,Negative,miRNA-mRNA interaction,RNA,RNA
ENSG00000275377,ENSG00000183049,hsa-mir-1299,CAMK1D,0.92,Negative,miRNA-mRNA interaction,RNA,RNA
ENSG00000275377,ENSG00000242265,hsa-mir-1299,PEG10,0.9,Negative,miRNA-mRNA interaction,RNA,RNA
ENSG00000221227,ENSG00000018236,hsa-mir-1305,CNTN1,0.99,Negative,miRNA-mRNA interaction,RNA,RNA
ENSG00000221227,ENSG00000046653,hsa-mir-1305,GPM6B,0.78,Negative,miRNA-mRNA interaction,RNA,RNA
ENSG00000221227,ENSG00000051382,hsa-mir-1305,PIK3CB,0.79,Negative,miRNA-mRNA interaction,RNA,RNA
ENSG00000221227,ENSG00000055609,hsa-mir-1305,KMT2C,0.87,Negative,miRNA-mRNA interaction,RNA,RNA
ENSG00000221227,ENSG00000065613,hsa-mir-1305,SLK,0.94,Negative,miRNA-mRNA interaction,RNA,RNA
ENSG00000221227,ENSG00000072736,hsa-mir-1305,NFATC3,0.81,Negative,miRNA-mRNA interaction,RNA,RNA
ENSG00000221227,ENSG00000083312,hsa-mir-1305,TNPO1,0.93,Negative,miRNA-mRNA interaction,RNA,RNA
ENSG00000221227,ENSG00000114933,hsa-mir-1305,INO80D,0.91,Negative,miRNA-mRNA interaction,RNA,RNA
ENSG00000221227,ENSG00000125266,hsa-mir-1305,EFNB2,0.85,Negative,miRNA-mRNA interaction,RNA,RNA
ENSG00000221227,ENSG00000137770,hsa-mir-1305,CTDSPL2,0.98,Negative,miRNA-mRNA interaction,RNA,RNA
ENSG00000221227,ENSG00000139132,hsa-mir-1305,FGD4,0.98,Negative,miRNA-mRNA interaction,RNA,RNA
ENSG00000221227,ENSG00000141027,hsa-mir-1305,NCOR1,0.76,Negative,miRNA-mRNA interaction,RNA,RNA
ENSG00000221227,ENSG00000142197,hsa-mir-1305,DOP1B,0.72,Negative,miRNA-mRNA interaction,RNA,RNA
ENSG00000221227,ENSG00000144357,hsa-mir-1305,UBR3,0.95,Negative,miRNA-mRNA interaction,RNA,RNA
ENSG00000221227,ENSG00000149532,hsa-mir-1305,CPSF7,0.99,Negative,miRNA-mRNA interaction,RNA,RNA
ENSG00000221227,ENSG00000157741,hsa-mir-1305,UBN2,0.94,Negative,miRNA-mRNA interaction,RNA,RNA
ENSG00000221227,ENSG00000164197,hsa-mir-1305,RNF180,0.92,Negative,miRNA-mRNA interaction,RNA,RNA
ENSG00000221227,ENSG00000164651,hsa-mir-1305,SP8,0.99,Negative,miRNA-mRNA interaction,RNA,RNA
ENSG00000221227,ENSG00000167470,hsa-mir-1305,MIDN,0.84,Negative,miRNA-mRNA interaction,RNA,RNA
ENSG00000221227,ENSG00000170471,hsa-mir-1305,RALGAPB,0.84,Negative,miRNA-mRNA interaction,RNA,RNA
ENSG00000221227,ENSG00000173175,hsa-mir-1305,ADCY5,0.74,Negative,miRNA-mRNA interaction,RNA,RNA
ENSG00000207604,ENSG00000023516,hsa-mir-206,AKAP11,0.94,Negative,miRNA-mRNA interaction,RNA,RNA
ENSG00000207604,ENSG00000049759,hsa-mir-206,NEDD4L,0.84,Negative,miRNA-mRNA interaction,RNA,RNA
ENSG00000207604,ENSG00000072736,hsa-mir-206,NFATC3,0.99,Negative,miRNA-mRNA interaction,RNA,RNA
ENSG00000207604,ENSG00000078018,hsa-mir-206,MAP2,0.79,Negative,miRNA-mRNA interaction,RNA,RNA
ENSG00000207604,ENSG00000083844,hsa-mir-206,ZNF264,0.95,Negative,miRNA-mRNA interaction,RNA,RNA
ENSG00000207604,ENSG00000091656,hsa-mir-206,ZFHX4,0.81,Negative,miRNA-mRNA interaction,RNA,RNA
ENSG00000207604,ENSG00000101052,hsa-mir-206,IFT52,0.98,Negative,miRNA-mRNA interaction,RNA,RNA
ENSG00000207604,ENSG00000106415,hsa-mir-206,GLCCI1,1,Negative,miRNA-mRNA interaction,RNA,RNA
ENSG00000207604,ENSG00000111731,hsa-mir-206,C2CD5,0.78,Negative,miRNA-mRNA interaction,RNA,RNA
ENSG00000207604,ENSG00000116698,hsa-mir-206,SMG7,0.9,Negative,miRNA-mRNA interaction,RNA,RNA
ENSG00000207604,ENSG00000121989,hsa-mir-206,ACVR2A,0.72,Negative,miRNA-mRNA interaction,RNA,RNA
ENSG00000207604,ENSG00000125266,hsa-mir-206,EFNB2,1,Negative,miRNA-mRNA interaction,RNA,RNA
ENSG00000207604,ENSG00000132466,hsa-mir-206,ANKRD17,0.78,Negative,miRNA-mRNA interaction,RNA,RNA
ENSG00000207604,ENSG00000135250,hsa-mir-206,SRPK2,0.87,Negative,miRNA-mRNA interaction,RNA,RNA
ENSG00000207604,ENSG00000136527,hsa-mir-206,TRA2B,0.98,Negative,miRNA-mRNA interaction,RNA,RNA
ENSG00000207604,ENSG00000137575,hsa-mir-206,SDCBP,0.73,Negative,miRNA-mRNA interaction,RNA,RNA
ENSG00000207604,ENSG00000137727,hsa-mir-206,ARHGAP20,0.92,Negative,miRNA-mRNA interaction,RNA,RNA
ENSG00000207604,ENSG00000137942,hsa-mir-206,FNBP1L,0.76,Negative,miRNA-mRNA interaction,RNA,RNA
ENSG00000207604,ENSG00000138604,hsa-mir-206,GLCE,0.87,Negative,miRNA-mRNA interaction,RNA,RNA
ENSG00000207604,ENSG00000139289,hsa-mir-206,PHLDA1,0.76,Negative,miRNA-mRNA interaction,RNA,RNA
ENSG00000207604,ENSG00000143418,hsa-mir-206,CERS2,0.700078119,Negative,miRNA-mRNA interaction,RNA,RNA
ENSG00000207604,ENSG00000145375,hsa-mir-206,SPATA5,0.75,Negative,miRNA-mRNA interaction,RNA,RNA
ENSG00000207604,ENSG00000147044,hsa-mir-206,CASK,0.9,Negative,miRNA-mRNA interaction,RNA,RNA
ENSG00000207604,ENSG00000152154,hsa-mir-206,TMEM178A,0.99,Negative,miRNA-mRNA interaction,RNA,RNA
ENSG00000207604,ENSG00000152894,hsa-mir-206,PTPRK,0.97,Negative,miRNA-mRNA interaction,RNA,RNA
ENSG00000207604,ENSG00000155849,hsa-mir-206,ELMO1,0.93,Negative,miRNA-mRNA interaction,RNA,RNA
ENSG00000207604,ENSG00000156875,hsa-mir-206,MFSD14A,0.86,Negative,miRNA-mRNA interaction,RNA,RNA
ENSG00000207604,ENSG00000163602,hsa-mir-206,RYBP,0.72,Negative,miRNA-mRNA interaction,RNA,RNA
ENSG00000207604,ENSG00000164597,hsa-mir-206,COG5,0.87,Negative,miRNA-mRNA interaction,RNA,RNA
ENSG00000207604,ENSG00000165323,hsa-mir-206,FAT3,0.75,Negative,miRNA-mRNA interaction,RNA,RNA
ENSG00000207604,ENSG00000168137,hsa-mir-206,SETD5,0.71,Negative,miRNA-mRNA interaction,RNA,RNA
ENSG00000207604,ENSG00000183049,hsa-mir-206,CAMK1D,0.84,Negative,miRNA-mRNA interaction,RNA,RNA
ENSG00000207604,ENSG00000183741,hsa-mir-206,CBX6,0.8,Negative,miRNA-mRNA interaction,RNA,RNA
ENSG00000207604,ENSG00000185630,hsa-mir-206,PBX1,0.84,Negative,miRNA-mRNA interaction,RNA,RNA
ENSG00000207604,ENSG00000215301,hsa-mir-206,DDX3X,0.93,Negative,miRNA-mRNA interaction,RNA,RNA
ENSG00000207604,ENSG00000283761,hsa-mir-206,ENSG00000283761,0.98,Negative,miRNA-mRNA interaction,RNA,RNA
ENSG00000284442,ENSG00000110900,hsa-mir-2110,TSPAN11,0.76,Negative,miRNA-mRNA interaction,RNA,RNA
ENSG00000284442,ENSG00000147488,hsa-mir-2110,ST18,0.87,Negative,miRNA-mRNA interaction,RNA,RNA
ENSG00000284442,ENSG00000158258,hsa-mir-2110,CLSTN2,0.83,Negative,miRNA-mRNA interaction,RNA,RNA
ENSG00000284442,ENSG00000173451,hsa-mir-2110,THAP2,0.85,Negative,miRNA-mRNA interaction,RNA,RNA
ENSG00000284442,ENSG00000185261,hsa-mir-2110,KIAA0825,0.88,Negative,miRNA-mRNA interaction,RNA,RNA
ENSG00000284442,ENSG00000188687,hsa-mir-2110,SLC4A5,0.84,Negative,miRNA-mRNA interaction,RNA,RNA
ENSG00000263793,ENSG00000136156,hsa-mir-3115,ITM2B,0.78,Negative,miRNA-mRNA interaction,RNA,RNA
ENSG00000263793,ENSG00000171681,hsa-mir-3115,ATF7IP,0.86,Negative,miRNA-mRNA interaction,RNA,RNA
ENSG00000263793,ENSG00000186298,hsa-mir-3115,PPP1CC,0.78,Negative,miRNA-mRNA interaction,RNA,RNA
ENSG00000266228,ENSG00000049618,hsa-mir-3611,ARID1B,0.99,Negative,miRNA-mRNA interaction,RNA,RNA
ENSG00000266370,ENSG00000070444,hsa-mir-3657,MNT,0.74,Negative,miRNA-mRNA interaction,RNA,RNA
ENSG00000266370,ENSG00000142700,hsa-mir-3657,DMRTA2,0.9,Negative,miRNA-mRNA interaction,RNA,RNA
ENSG00000265596,ENSG00000053254,hsa-mir-3659,FOXN3,0.92,Negative,miRNA-mRNA interaction,RNA,RNA
ENSG00000265596,ENSG00000084731,hsa-mir-3659,KIF3C,0.78,Negative,miRNA-mRNA interaction,RNA,RNA
ENSG00000265596,ENSG00000105576,hsa-mir-3659,TNPO2,0.75,Negative,miRNA-mRNA interaction,RNA,RNA
ENSG00000265596,ENSG00000136935,hsa-mir-3659,GOLGA1,0.91,Negative,miRNA-mRNA interaction,RNA,RNA
ENSG00000265596,ENSG00000144381,hsa-mir-3659,HSPD1,0.87,Negative,miRNA-mRNA interaction,RNA,RNA
ENSG00000265596,ENSG00000151746,hsa-mir-3659,BICD1,0.84,Negative,miRNA-mRNA interaction,RNA,RNA
ENSG00000265596,ENSG00000154359,hsa-mir-3659,LONRF1,0.88,Negative,miRNA-mRNA interaction,RNA,RNA
ENSG00000265596,ENSG00000171316,hsa-mir-3659,CHD7,0.91,Negative,miRNA-mRNA interaction,RNA,RNA
ENSG00000265596,ENSG00000185070,hsa-mir-3659,FLRT2,0.99,Negative,miRNA-mRNA interaction,RNA,RNA
ENSG00000265596,ENSG00000198885,hsa-mir-3659,ITPRIPL1,0.74,Negative,miRNA-mRNA interaction,RNA,RNA
ENSG00000202566,ENSG00000033800,hsa-mir-421,PIAS1,0.83,Negative,miRNA-mRNA interaction,RNA,RNA
ENSG00000202566,ENSG00000079102,hsa-mir-421,RUNX1T1,0.96,Negative,miRNA-mRNA interaction,RNA,RNA
ENSG00000202566,ENSG00000107105,hsa-mir-421,ELAVL2,0.96,Negative,miRNA-mRNA interaction,RNA,RNA
ENSG00000202566,ENSG00000114933,hsa-mir-421,INO80D,0.75,Negative,miRNA-mRNA interaction,RNA,RNA
ENSG00000202566,ENSG00000165417,hsa-mir-421,GTF2A1,0.76,Negative,miRNA-mRNA interaction,RNA,RNA
ENSG00000202566,ENSG00000183337,hsa-mir-421,BCOR,0.84,Negative,miRNA-mRNA interaction,RNA,RNA
ENSG00000265822,ENSG00000004897,hsa-mir-4422,CDC27,0.89,Negative,miRNA-mRNA interaction,RNA,RNA
ENSG00000265822,ENSG00000060749,hsa-mir-4422,QSER1,0.89,Negative,miRNA-mRNA interaction,RNA,RNA
ENSG00000265822,ENSG00000065135,hsa-mir-4422,GNAI3,0.88,Negative,miRNA-mRNA interaction,RNA,RNA
ENSG00000265822,ENSG00000067900,hsa-mir-4422,ROCK1,0.94,Negative,miRNA-mRNA interaction,RNA,RNA
ENSG00000265822,ENSG00000079102,hsa-mir-4422,RUNX1T1,0.98,Negative,miRNA-mRNA interaction,RNA,RNA
ENSG00000265822,ENSG00000083312,hsa-mir-4422,TNPO1,0.82,Negative,miRNA-mRNA interaction,RNA,RNA
ENSG00000265822,ENSG00000091656,hsa-mir-4422,ZFHX4,0.93,Negative,miRNA-mRNA interaction,RNA,RNA
ENSG00000265822,ENSG00000102908,hsa-mir-4422,NFAT5,0.84,Negative,miRNA-mRNA interaction,RNA,RNA
ENSG00000265822,ENSG00000103489,hsa-mir-4422,XYLT1,0.8,Negative,miRNA-mRNA interaction,RNA,RNA
ENSG00000265822,ENSG00000124198,hsa-mir-4422,ARFGEF2,0.95,Negative,miRNA-mRNA interaction,RNA,RNA
ENSG00000265822,ENSG00000126858,hsa-mir-4422,RHOT1,0.9,Negative,miRNA-mRNA interaction,RNA,RNA
ENSG00000265822,ENSG00000135018,hsa-mir-4422,UBQLN1,0.95,Negative,miRNA-mRNA interaction,RNA,RNA
ENSG00000265822,ENSG00000146909,hsa-mir-4422,NOM1,0.71,Negative,miRNA-mRNA interaction,RNA,RNA
ENSG00000265822,ENSG00000150938,hsa-mir-4422,CRIM1,0.84,Negative,miRNA-mRNA interaction,RNA,RNA
ENSG00000265822,ENSG00000152784,hsa-mir-4422,PRDM8,0.95,Negative,miRNA-mRNA interaction,RNA,RNA
ENSG00000265822,ENSG00000153006,hsa-mir-4422,SREK1IP1,0.77,Negative,miRNA-mRNA interaction,RNA,RNA
ENSG00000265822,ENSG00000153814,hsa-mir-4422,JAZF1,0.99,Negative,miRNA-mRNA interaction,RNA,RNA
ENSG00000265822,ENSG00000162849,hsa-mir-4422,KIF26B,0.71,Negative,miRNA-mRNA interaction,RNA,RNA
ENSG00000265822,ENSG00000165323,hsa-mir-4422,FAT3,0.94,Negative,miRNA-mRNA interaction,RNA,RNA
ENSG00000265822,ENSG00000171735,hsa-mir-4422,CAMTA1,1,Negative,miRNA-mRNA interaction,RNA,RNA
ENSG00000265822,ENSG00000196159,hsa-mir-4422,FAT4,0.99,Negative,miRNA-mRNA interaction,RNA,RNA
ENSG00000265822,ENSG00000198561,hsa-mir-4422,CTNND1,0.85,Negative,miRNA-mRNA interaction,RNA,RNA
ENSG00000265483,ENSG00000100784,hsa-mir-4443,RPS6KA5,0.76,Negative,miRNA-mRNA interaction,RNA,RNA
ENSG00000265483,ENSG00000134686,hsa-mir-4443,PHC2,0.71,Negative,miRNA-mRNA interaction,RNA,RNA
ENSG00000221333,ENSG00000188177,hsa-mir-548k,ZC3H6,0.99,Negative,miRNA-mRNA interaction,RNA,RNA
ENSG00000207692,ENSG00000141568,hsa-mir-592,FOXK2,0.76,Negative,miRNA-mRNA interaction,RNA,RNA
ENSG00000207692,ENSG00000165280,hsa-mir-592,VCP,0.74,Negative,miRNA-mRNA interaction,RNA,RNA
ENSG00000207692,ENSG00000183454,hsa-mir-592,GRIN2A,0.81,Negative,miRNA-mRNA interaction,RNA,RNA
ENSG00000207692,ENSG00000240849,hsa-mir-592,PEDS1,0.73,Negative,miRNA-mRNA interaction,RNA,RNA
ENSG00000207692,ENSG00000278540,hsa-mir-592,ACACA,0.86,Negative,miRNA-mRNA interaction,RNA,RNA
ENSG00000207631,ENSG00000109466,hsa-mir-641,KLHL2,0.82,Negative,miRNA-mRNA interaction,RNA,RNA
ENSG00000207631,ENSG00000145860,hsa-mir-641,RNF145,0.98,Negative,miRNA-mRNA interaction,RNA,RNA
ENSG00000284583,ENSG00000139163,hsa-mir-935,ETNK1,0.84,Negative,miRNA-mRNA interaction,RNA,RNA
ENSG00000284583,ENSG00000163904,hsa-mir-935,SENP2,0.85,Negative,miRNA-mRNA interaction,RNA,RNA
ENSG00000284583,ENSG00000196776,hsa-mir-935,CD47,0.87,Negative,miRNA-mRNA interaction,RNA,RNA
ENSG00000284346,ENSG00000100796,hsa-mir-940,PPP4R3A,0.96,Negative,miRNA-mRNA interaction,RNA,RNA
ENSG00000284346,ENSG00000108828,hsa-mir-940,VAT1,0.84,Negative,miRNA-mRNA interaction,RNA,RNA
ENSG00000284346,ENSG00000163873,hsa-mir-940,GRIK3,0.84,Negative,miRNA-mRNA interaction,RNA,RNA
ENSG00000221634,ENSG00000100105,hsa-mir-1276,PATZ1,0.79,Negative,miRNA-mRNA interaction,RNA,RNA
ENSG00000221634,ENSG00000110066,hsa-mir-1276,KMT5B,0.97,Negative,miRNA-mRNA interaction,RNA,RNA
ENSG00000221634,ENSG00000114757,hsa-mir-1276,PEX5L,0.9,Negative,miRNA-mRNA interaction,RNA,RNA
ENSG00000221634,ENSG00000119508,hsa-mir-1276,NR4A3,0.98,Negative,miRNA-mRNA interaction,RNA,RNA
ENSG00000221634,ENSG00000130449,hsa-mir-1276,ZSWIM6,0.71,Negative,miRNA-mRNA interaction,RNA,RNA
ENSG00000221634,ENSG00000183598,hsa-mir-1276,H3C13,0.97,Negative,miRNA-mRNA interaction,RNA,RNA
ENSG00000221634,ENSG00000273079,hsa-mir-1276,GRIN2B,0.99,Negative,miRNA-mRNA interaction,RNA,RNA
ENSG00000221264,ENSG00000023287,hsa-mir-1284,RB1CC1,0.96,Negative,miRNA-mRNA interaction,RNA,RNA
ENSG00000221264,ENSG00000033122,hsa-mir-1284,LRRC7,0.96,Negative,miRNA-mRNA interaction,RNA,RNA
ENSG00000221264,ENSG00000075413,hsa-mir-1284,MARK3,0.97,Negative,miRNA-mRNA interaction,RNA,RNA
ENSG00000221264,ENSG00000083642,hsa-mir-1284,PDS5B,0.99,Negative,miRNA-mRNA interaction,RNA,RNA
ENSG00000221264,ENSG00000100320,hsa-mir-1284,RBFOX2,0.76,Negative,miRNA-mRNA interaction,RNA,RNA
ENSG00000221264,ENSG00000100393,hsa-mir-1284,EP300,1,Negative,miRNA-mRNA interaction,RNA,RNA
ENSG00000221264,ENSG00000102054,hsa-mir-1284,RBBP7,0.84,Negative,miRNA-mRNA interaction,RNA,RNA
ENSG00000221264,ENSG00000106829,hsa-mir-1284,TLE4,0.84,Negative,miRNA-mRNA interaction,RNA,RNA
ENSG00000221264,ENSG00000119669,hsa-mir-1284,IRF2BPL,0.99,Negative,miRNA-mRNA interaction,RNA,RNA
ENSG00000221264,ENSG00000120616,hsa-mir-1284,EPC1,0.93,Negative,miRNA-mRNA interaction,RNA,RNA
ENSG00000221264,ENSG00000130164,hsa-mir-1284,LDLR,0.99,Negative,miRNA-mRNA interaction,RNA,RNA
ENSG00000221264,ENSG00000134243,hsa-mir-1284,SORT1,0.88,Negative,miRNA-mRNA interaction,RNA,RNA
ENSG00000221264,ENSG00000136381,hsa-mir-1284,IREB2,1,Negative,miRNA-mRNA interaction,RNA,RNA
ENSG00000221264,ENSG00000136603,hsa-mir-1284,SKIL,1,Negative,miRNA-mRNA interaction,RNA,RNA
ENSG00000221264,ENSG00000138767,hsa-mir-1284,CNOT6L,0.73,Negative,miRNA-mRNA interaction,RNA,RNA
ENSG00000221264,ENSG00000156011,hsa-mir-1284,PSD3,1,Negative,miRNA-mRNA interaction,RNA,RNA
ENSG00000221264,ENSG00000162702,hsa-mir-1284,ZNF281,0.92,Negative,miRNA-mRNA interaction,RNA,RNA
ENSG00000221264,ENSG00000186648,hsa-mir-1284,CARMIL3,1,Negative,miRNA-mRNA interaction,RNA,RNA
ENSG00000221264,ENSG00000204138,hsa-mir-1284,PHACTR4,0.78,Negative,miRNA-mRNA interaction,RNA,RNA
ENSG00000221264,ENSG00000257103,hsa-mir-1284,LSM14A,0.94,Negative,miRNA-mRNA interaction,RNA,RNA
ENSG00000275377,ENSG00000001629,hsa-mir-1299,ANKIB1,0.94,Negative,miRNA-mRNA interaction,RNA,RNA
ENSG00000275377,ENSG00000003402,hsa-mir-1299,CFLAR,0.88,Negative,miRNA-mRNA interaction,RNA,RNA
ENSG00000275377,ENSG00000112851,hsa-mir-1299,ERBIN,0.91,Negative,miRNA-mRNA interaction,RNA,RNA
ENSG00000275377,ENSG00000122873,hsa-mir-1299,CISD1,0.73,Negative,miRNA-mRNA interaction,RNA,RNA
ENSG00000275377,ENSG00000124226,hsa-mir-1299,RNF114,0.99,Negative,miRNA-mRNA interaction,RNA,RNA
ENSG00000275377,ENSG00000125447,hsa-mir-1299,GGA3,0.88,Negative,miRNA-mRNA interaction,RNA,RNA
ENSG00000275377,ENSG00000136231,hsa-mir-1299,IGF2BP3,0.83,Negative,miRNA-mRNA interaction,RNA,RNA
ENSG00000275377,ENSG00000154217,hsa-mir-1299,PITPNC1,0.77,Negative,miRNA-mRNA interaction,RNA,RNA
ENSG00000275377,ENSG00000160305,hsa-mir-1299,DIP2A,0.81,Negative,miRNA-mRNA interaction,RNA,RNA
ENSG00000275377,ENSG00000166326,hsa-mir-1299,TRIM44,0.9,Negative,miRNA-mRNA interaction,RNA,RNA
ENSG00000221227,ENSG00000067141,hsa-mir-1305,NEO1,0.8,Negative,miRNA-mRNA interaction,RNA,RNA
ENSG00000221227,ENSG00000077097,hsa-mir-1305,TOP2B,0.83,Negative,miRNA-mRNA interaction,RNA,RNA
ENSG00000221227,ENSG00000079102,hsa-mir-1305,RUNX1T1,1,Negative,miRNA-mRNA interaction,RNA,RNA
ENSG00000221227,ENSG00000107560,hsa-mir-1305,RAB11FIP2,0.93,Negative,miRNA-mRNA interaction,RNA,RNA
ENSG00000221227,ENSG00000113369,hsa-mir-1305,ARRDC3,0.96,Negative,miRNA-mRNA interaction,RNA,RNA
ENSG00000221227,ENSG00000130449,hsa-mir-1305,ZSWIM6,1,Negative,miRNA-mRNA interaction,RNA,RNA
ENSG00000221227,ENSG00000130699,hsa-mir-1305,TAF4,0.97,Negative,miRNA-mRNA interaction,RNA,RNA
ENSG00000221227,ENSG00000141367,hsa-mir-1305,CLTC,0.86,Negative,miRNA-mRNA interaction,RNA,RNA
ENSG00000221227,ENSG00000148842,hsa-mir-1305,CNNM2,0.88,Negative,miRNA-mRNA interaction,RNA,RNA
ENSG00000221227,ENSG00000149948,hsa-mir-1305,HMGA2,0.99,Negative,miRNA-mRNA interaction,RNA,RNA
ENSG00000221227,ENSG00000163389,hsa-mir-1305,POGLUT1,0.88,Negative,miRNA-mRNA interaction,RNA,RNA
ENSG00000221227,ENSG00000163629,hsa-mir-1305,PTPN13,0.88,Negative,miRNA-mRNA interaction,RNA,RNA
ENSG00000221227,ENSG00000170113,hsa-mir-1305,NIPA1,0.98,Negative,miRNA-mRNA interaction,RNA,RNA
ENSG00000221227,ENSG00000198300,hsa-mir-1305,PEG3,0.75,Negative,miRNA-mRNA interaction,RNA,RNA
ENSG00000221227,ENSG00000278540,hsa-mir-1305,ACACA,0.87,Negative,miRNA-mRNA interaction,RNA,RNA
ENSG00000199080,ENSG00000081154,hsa-mir-133b,PCNP,0.71,Negative,miRNA-mRNA interaction,RNA,RNA
ENSG00000199080,ENSG00000087086,hsa-mir-133b,FTL,0.92,Negative,miRNA-mRNA interaction,RNA,RNA
ENSG00000199080,ENSG00000138439,hsa-mir-133b,FAM117B,1,Negative,miRNA-mRNA interaction,RNA,RNA
ENSG00000199080,ENSG00000144580,hsa-mir-133b,CNOT9,0.72,Negative,miRNA-mRNA interaction,RNA,RNA
ENSG00000199080,ENSG00000145335,hsa-mir-133b,SNCA,0.73,Negative,miRNA-mRNA interaction,RNA,RNA
ENSG00000199080,ENSG00000161960,hsa-mir-133b,EIF4A1,0.99,Negative,miRNA-mRNA interaction,RNA,RNA
ENSG00000199080,ENSG00000166734,hsa-mir-133b,GOLM2,0.700979172,Negative,miRNA-mRNA interaction,RNA,RNA
ENSG00000199080,ENSG00000169410,hsa-mir-133b,PTPN9,0.75,Negative,miRNA-mRNA interaction,RNA,RNA
ENSG00000199080,ENSG00000249992,hsa-mir-133b,TMEM158,0.76,Negative,miRNA-mRNA interaction,RNA,RNA
ENSG00000207604,ENSG00000008086,hsa-mir-206,CDKL5,0.95,Negative,miRNA-mRNA interaction,RNA,RNA
ENSG00000207604,ENSG00000066933,hsa-mir-206,MYO9A,0.81,Negative,miRNA-mRNA interaction,RNA,RNA
ENSG00000207604,ENSG00000075624,hsa-mir-206,ACTB,0.81,Negative,miRNA-mRNA interaction,RNA,RNA
ENSG00000207604,ENSG00000095564,hsa-mir-206,BTAF1,0.93,Negative,miRNA-mRNA interaction,RNA,RNA
ENSG00000207604,ENSG00000125398,hsa-mir-206,SOX9,0.75,Negative,miRNA-mRNA interaction,RNA,RNA
ENSG00000207604,ENSG00000154928,hsa-mir-206,EPHB1,0.79,Negative,miRNA-mRNA interaction,RNA,RNA
ENSG00000207604,ENSG00000157827,hsa-mir-206,FMNL2,0.72,Negative,miRNA-mRNA interaction,RNA,RNA
ENSG00000207604,ENSG00000160145,hsa-mir-206,KALRN,0.76,Negative,miRNA-mRNA interaction,RNA,RNA
ENSG00000207604,ENSG00000165119,hsa-mir-206,HNRNPK,0.76,Negative,miRNA-mRNA interaction,RNA,RNA
ENSG00000207604,ENSG00000187391,hsa-mir-206,MAGI2,0.94,Negative,miRNA-mRNA interaction,RNA,RNA
ENSG00000207604,ENSG00000196396,hsa-mir-206,PTPN1,0.92,Negative,miRNA-mRNA interaction,RNA,RNA
ENSG00000207604,ENSG00000218336,hsa-mir-206,TENM3,0.83,Negative,miRNA-mRNA interaction,RNA,RNA
ENSG00000284442,ENSG00000005339,hsa-mir-2110,CREBBP,0.77,Negative,miRNA-mRNA interaction,RNA,RNA
ENSG00000266228,ENSG00000122873,hsa-mir-3611,CISD1,0.89,Negative,miRNA-mRNA interaction,RNA,RNA
ENSG00000266228,ENSG00000164327,hsa-mir-3611,RICTOR,0.79,Negative,miRNA-mRNA interaction,RNA,RNA
ENSG00000202566,ENSG00000285542,hsa-mir-421,ENSG00000285542,0.74,Negative,miRNA-mRNA interaction,RNA,RNA
ENSG00000284565,ENSG00000158636,hsa-mir-451a,EMSY,0.8,Negative,miRNA-mRNA interaction,RNA,RNA
ENSG00000207631,ENSG00000177125,hsa-mir-641,ZBTB34,0.8,Negative,miRNA-mRNA interaction,RNA,RNA
ENSG00000284583,ENSG00000081019,hsa-mir-935,RSBN1,0.94,Negative,miRNA-mRNA interaction,RNA,RNA
ENSG00000284583,ENSG00000102753,hsa-mir-935,KPNA3,0.84,Negative,miRNA-mRNA interaction,RNA,RNA
ENSG00000284346,ENSG00000118263,hsa-mir-940,KLF7,0.74,Negative,miRNA-mRNA interaction,RNA,RNA
ENSG00000284346,ENSG00000119283,hsa-mir-940,TRIM67,0.72,Negative,miRNA-mRNA interaction,RNA,RNA
ENSG00000284346,ENSG00000138459,hsa-mir-940,SLC35A5,0.74,Negative,miRNA-mRNA interaction,RNA,RNA
ENSG00000284346,ENSG00000151948,hsa-mir-940,GLT1D1,0.72,Negative,miRNA-mRNA interaction,RNA,RNA
ENSG00000284346,ENSG00000274070,hsa-mir-940,CASTOR2,0.84,Negative,miRNA-mRNA interaction,RNA,RNA
ENSG00000238517,ENSG00000092108,hsa-mir-1270,SCFD1,0.81,Negative,miRNA-mRNA interaction,RNA,RNA
ENSG00000238517,ENSG00000137040,hsa-mir-1270,RANBP6,0.77,Negative,miRNA-mRNA interaction,RNA,RNA
ENSG00000238517,ENSG00000138411,hsa-mir-1270,HECW2,0.78,Negative,miRNA-mRNA interaction,RNA,RNA
ENSG00000238517,ENSG00000139800,hsa-mir-1270,ZIC5,0.81,Negative,miRNA-mRNA interaction,RNA,RNA
ENSG00000238517,ENSG00000143126,hsa-mir-1270,CELSR2,0.94,Negative,miRNA-mRNA interaction,RNA,RNA
ENSG00000221634,ENSG00000078177,hsa-mir-1276,N4BP2,0.79,Negative,miRNA-mRNA interaction,RNA,RNA
ENSG00000221634,ENSG00000079102,hsa-mir-1276,RUNX1T1,0.86,Negative,miRNA-mRNA interaction,RNA,RNA
ENSG00000221634,ENSG00000112245,hsa-mir-1276,PTP4A1,0.73,Negative,miRNA-mRNA interaction,RNA,RNA
ENSG00000221634,ENSG00000282988,hsa-mir-1276,ENSG00000282988,0.91,Negative,miRNA-mRNA interaction,RNA,RNA
ENSG00000221634,ENSG00000285976,hsa-mir-1276,ENSG00000285976,0.76,Negative,miRNA-mRNA interaction,RNA,RNA
ENSG00000221264,ENSG00000009413,hsa-mir-1284,REV3L,1,Negative,miRNA-mRNA interaction,RNA,RNA
ENSG00000221264,ENSG00000010244,hsa-mir-1284,ZNF207,0.74,Negative,miRNA-mRNA interaction,RNA,RNA
ENSG00000221264,ENSG00000054523,hsa-mir-1284,KIF1B,0.96,Negative,miRNA-mRNA interaction,RNA,RNA
ENSG00000221264,ENSG00000084733,hsa-mir-1284,RAB10,0.97,Negative,miRNA-mRNA interaction,RNA,RNA
ENSG00000221264,ENSG00000087095,hsa-mir-1284,NLK,0.98,Negative,miRNA-mRNA interaction,RNA,RNA
ENSG00000221264,ENSG00000095951,hsa-mir-1284,HIVEP1,1,Negative,miRNA-mRNA interaction,RNA,RNA
ENSG00000221264,ENSG00000127995,hsa-mir-1284,CASD1,0.82,Negative,miRNA-mRNA interaction,RNA,RNA
ENSG00000221264,ENSG00000149308,hsa-mir-1284,NPAT,0.84,Negative,miRNA-mRNA interaction,RNA,RNA
ENSG00000221264,ENSG00000172201,hsa-mir-1284,ID4,1,Negative,miRNA-mRNA interaction,RNA,RNA
ENSG00000221264,ENSG00000184226,hsa-mir-1284,PCDH9,0.86,Negative,miRNA-mRNA interaction,RNA,RNA
ENSG00000275377,ENSG00000100393,hsa-mir-1299,EP300,0.78,Negative,miRNA-mRNA interaction,RNA,RNA
ENSG00000275377,ENSG00000116871,hsa-mir-1299,MAP7D1,0.9,Negative,miRNA-mRNA interaction,RNA,RNA
ENSG00000275377,ENSG00000120705,hsa-mir-1299,ETF1,0.99,Negative,miRNA-mRNA interaction,RNA,RNA
ENSG00000275377,ENSG00000134294,hsa-mir-1299,SLC38A2,0.95,Negative,miRNA-mRNA interaction,RNA,RNA
ENSG00000275377,ENSG00000134644,hsa-mir-1299,PUM1,0.85,Negative,miRNA-mRNA interaction,RNA,RNA
ENSG00000221227,ENSG00000031003,hsa-mir-1305,FAM13B,0.78,Negative,miRNA-mRNA interaction,RNA,RNA
ENSG00000221227,ENSG00000165525,hsa-mir-1305,NEMF,0.88,Negative,miRNA-mRNA interaction,RNA,RNA
ENSG00000221227,ENSG00000165655,hsa-mir-1305,ZNF503,1,Negative,miRNA-mRNA interaction,RNA,RNA
ENSG00000221227,ENSG00000166483,hsa-mir-1305,WEE1,0.99,Negative,miRNA-mRNA interaction,RNA,RNA
ENSG00000221227,ENSG00000174485,hsa-mir-1305,DENND4A,0.97,Negative,miRNA-mRNA interaction,RNA,RNA
ENSG00000199080,ENSG00000112242,hsa-mir-133b,E2F3,0.77,Negative,miRNA-mRNA interaction,RNA,RNA
ENSG00000199080,ENSG00000144893,hsa-mir-133b,MED12L,0.96,Negative,miRNA-mRNA interaction,RNA,RNA
ENSG00000199080,ENSG00000160551,hsa-mir-133b,TAOK1,0.9,Negative,miRNA-mRNA interaction,RNA,RNA
ENSG00000199080,ENSG00000169359,hsa-mir-133b,SLC33A1,0.72,Negative,miRNA-mRNA interaction,RNA,RNA
ENSG00000199080,ENSG00000187079,hsa-mir-133b,TEAD1,0.83,Negative,miRNA-mRNA interaction,RNA,RNA
ENSG00000265154,ENSG00000100095,hsa-mir-151b,SEZ6L,0.84,Negative,miRNA-mRNA interaction,RNA,RNA
ENSG00000207604,ENSG00000056277,hsa-mir-206,ZNF280C,0.98,Negative,miRNA-mRNA interaction,RNA,RNA
ENSG00000207604,ENSG00000068796,hsa-mir-206,KIF2A,0.98,Negative,miRNA-mRNA interaction,RNA,RNA
ENSG00000207604,ENSG00000100220,hsa-mir-206,RTCB,0.77,Negative,miRNA-mRNA interaction,RNA,RNA
ENSG00000207604,ENSG00000107863,hsa-mir-206,ARHGAP21,0.78,Negative,miRNA-mRNA interaction,RNA,RNA
ENSG00000207604,ENSG00000125675,hsa-mir-206,GRIA3,0.82,Negative,miRNA-mRNA interaction,RNA,RNA
ENSG00000207604,ENSG00000132846,hsa-mir-206,ZBED3,0.74,Negative,miRNA-mRNA interaction,RNA,RNA
ENSG00000207604,ENSG00000134294,hsa-mir-206,SLC38A2,0.91,Negative,miRNA-mRNA interaction,RNA,RNA
ENSG00000207604,ENSG00000154240,hsa-mir-206,CEP112,0.8,Negative,miRNA-mRNA interaction,RNA,RNA
ENSG00000207604,ENSG00000158201,hsa-mir-206,ABHD3,0.71,Negative,miRNA-mRNA interaction,RNA,RNA
ENSG00000207604,ENSG00000172201,hsa-mir-206,ID4,0.95,Negative,miRNA-mRNA interaction,RNA,RNA
ENSG00000207604,ENSG00000180828,hsa-mir-206,BHLHE22,0.89,Negative,miRNA-mRNA interaction,RNA,RNA
ENSG00000207604,ENSG00000184226,hsa-mir-206,PCDH9,0.78,Negative,miRNA-mRNA interaction,RNA,RNA
ENSG00000207604,ENSG00000197183,hsa-mir-206,NOL4L,0.98,Negative,miRNA-mRNA interaction,RNA,RNA
ENSG00000207604,ENSG00000277443,hsa-mir-206,MARCKS,0.72,Negative,miRNA-mRNA interaction,RNA,RNA
ENSG00000284442,ENSG00000011376,hsa-mir-2110,LARS2,0.86,Negative,miRNA-mRNA interaction,RNA,RNA
ENSG00000284442,ENSG00000112130,hsa-mir-2110,RNF8,0.88,Negative,miRNA-mRNA interaction,RNA,RNA
ENSG00000284442,ENSG00000122482,hsa-mir-2110,ZNF644,0.74,Negative,miRNA-mRNA interaction,RNA,RNA
ENSG00000284442,ENSG00000153487,hsa-mir-2110,ING1,0.83,Negative,miRNA-mRNA interaction,RNA,RNA
ENSG00000284442,ENSG00000167971,hsa-mir-2110,CASKIN1,0.72,Negative,miRNA-mRNA interaction,RNA,RNA
ENSG00000284442,ENSG00000186487,hsa-mir-2110,MYT1L,0.71,Negative,miRNA-mRNA interaction,RNA,RNA
ENSG00000284442,ENSG00000244687,hsa-mir-2110,UBE2V1,0.82,Negative,miRNA-mRNA interaction,RNA,RNA
ENSG00000266228,ENSG00000108557,hsa-mir-3611,RAI1,0.8,Negative,miRNA-mRNA interaction,RNA,RNA
ENSG00000264013,ENSG00000062725,hsa-mir-3938,APPBP2,0.9,Negative,miRNA-mRNA interaction,RNA,RNA
ENSG00000264013,ENSG00000116191,hsa-mir-3938,RALGPS2,0.78,Negative,miRNA-mRNA interaction,RNA,RNA
ENSG00000202566,ENSG00000112182,hsa-mir-421,BACH2,0.98,Negative,miRNA-mRNA interaction,RNA,RNA
ENSG00000202566,ENSG00000115137,hsa-mir-421,DNAJC27,0.76,Negative,miRNA-mRNA interaction,RNA,RNA
ENSG00000263445,ENSG00000065526,hsa-mir-4450,SPEN,0.77,Negative,miRNA-mRNA interaction,RNA,RNA
ENSG00000263445,ENSG00000106829,hsa-mir-4450,TLE4,0.73,Negative,miRNA-mRNA interaction,RNA,RNA
ENSG00000263445,ENSG00000110436,hsa-mir-4450,SLC1A2,0.91,Negative,miRNA-mRNA interaction,RNA,RNA
ENSG00000263445,ENSG00000146197,hsa-mir-4450,SCUBE3,0.81,Negative,miRNA-mRNA interaction,RNA,RNA
ENSG00000263445,ENSG00000171570,hsa-mir-4450,RAB4B-EGLN2,0.71,Negative,miRNA-mRNA interaction,RNA,RNA
ENSG00000263445,ENSG00000196361,hsa-mir-4450,ELAVL3,1,Negative,miRNA-mRNA interaction,RNA,RNA
ENSG00000207692,ENSG00000060749,hsa-mir-592,QSER1,0.71,Negative,miRNA-mRNA interaction,RNA,RNA
ENSG00000207692,ENSG00000198876,hsa-mir-592,DCAF12,0.77,Negative,miRNA-mRNA interaction,RNA,RNA
ENSG00000208002,ENSG00000114757,hsa-mir-643,PEX5L,0.73,Negative,miRNA-mRNA interaction,RNA,RNA
ENSG00000208002,ENSG00000115252,hsa-mir-643,PDE1A,0.71,Negative,miRNA-mRNA interaction,RNA,RNA
ENSG00000208002,ENSG00000165023,hsa-mir-643,DIRAS2,0.81,Negative,miRNA-mRNA interaction,RNA,RNA
ENSG00000208002,ENSG00000183715,hsa-mir-643,OPCML,0.86,Negative,miRNA-mRNA interaction,RNA,RNA
ENSG00000211581,ENSG00000063015,hsa-mir-765,SEZ6,0.81,Negative,miRNA-mRNA interaction,RNA,RNA
ENSG00000211581,ENSG00000080603,hsa-mir-765,SRCAP,0.93,Negative,miRNA-mRNA interaction,RNA,RNA
ENSG00000211581,ENSG00000091656,hsa-mir-765,ZFHX4,0.71,Negative,miRNA-mRNA interaction,RNA,RNA
ENSG00000211581,ENSG00000105856,hsa-mir-765,HBP1,0.85,Negative,miRNA-mRNA interaction,RNA,RNA
ENSG00000211581,ENSG00000126950,hsa-mir-765,TMEM35A,0.71,Negative,miRNA-mRNA interaction,RNA,RNA
ENSG00000211581,ENSG00000184178,hsa-mir-765,SCFD2,0.77,Negative,miRNA-mRNA interaction,RNA,RNA
ENSG00000211581,ENSG00000204160,hsa-mir-765,ZDHHC18,0.73,Negative,miRNA-mRNA interaction,RNA,RNA
ENSG00000211581,ENSG00000282034,hsa-mir-765,ENSG00000282034,0.99,Negative,miRNA-mRNA interaction,RNA,RNA
ENSG00000275377,ENSG00000013523,hsa-mir-1299,ANGEL1,0.82,Negative,miRNA-mRNA interaction,RNA,RNA
ENSG00000275377,ENSG00000167130,hsa-mir-1299,DOLPP1,0.77,Negative,miRNA-mRNA interaction,RNA,RNA
ENSG00000266192,ENSG00000288534,hsa-mir-1260b,ENSG00000288534,0.74,Negative,miRNA-mRNA interaction,RNA,RNA
ENSG00000281842,ENSG00000157657,hsa-mir-1291,ZNF618,0.81,Negative,miRNA-mRNA interaction,RNA,RNA
ENSG00000275377,ENSG00000107554,hsa-mir-1299,DNMBP,0.75,Negative,miRNA-mRNA interaction,RNA,RNA
ENSG00000275377,ENSG00000124225,hsa-mir-1299,PMEPA1,0.78,Negative,miRNA-mRNA interaction,RNA,RNA
ENSG00000275377,ENSG00000134109,hsa-mir-1299,EDEM1,0.72,Negative,miRNA-mRNA interaction,RNA,RNA
ENSG00000275377,ENSG00000151292,hsa-mir-1299,CSNK1G3,0.83,Negative,miRNA-mRNA interaction,RNA,RNA
ENSG00000275377,ENSG00000196411,hsa-mir-1299,EPHB4,0.84,Negative,miRNA-mRNA interaction,RNA,RNA
ENSG00000275377,ENSG00000196505,hsa-mir-1299,GDAP2,0.77,Negative,miRNA-mRNA interaction,RNA,RNA
ENSG00000284442,ENSG00000126773,hsa-mir-2110,PCNX4,0.89,Negative,miRNA-mRNA interaction,RNA,RNA
ENSG00000284442,ENSG00000174233,hsa-mir-2110,ADCY6,0.83,Negative,miRNA-mRNA interaction,RNA,RNA
ENSG00000202566,ENSG00000144218,hsa-mir-421,AFF3,0.75,Negative,miRNA-mRNA interaction,RNA,RNA
ENSG00000198976,ENSG00000065135,hsa-mir-429,GNAI3,0.9,Negative,miRNA-mRNA interaction,RNA,RNA
ENSG00000198976,ENSG00000109906,hsa-mir-429,ZBTB16,0.72,Negative,miRNA-mRNA interaction,RNA,RNA
ENSG00000198976,ENSG00000119523,hsa-mir-429,ALG2,0.74,Negative,miRNA-mRNA interaction,RNA,RNA
ENSG00000198976,ENSG00000144909,hsa-mir-429,OSBPL11,1,Negative,miRNA-mRNA interaction,RNA,RNA
ENSG00000198976,ENSG00000150764,hsa-mir-429,DIXDC1,0.83,Negative,miRNA-mRNA interaction,RNA,RNA
ENSG00000198976,ENSG00000152939,hsa-mir-429,MARVELD2,0.74,Negative,miRNA-mRNA interaction,RNA,RNA
ENSG00000198976,ENSG00000159459,hsa-mir-429,UBR1,0.73,Negative,miRNA-mRNA interaction,RNA,RNA
ENSG00000198976,ENSG00000186815,hsa-mir-429,TPCN1,0.75,Negative,miRNA-mRNA interaction,RNA,RNA
ENSG00000207931,ENSG00000173889,hsa-mir-577,PHC3,0.97,Negative,miRNA-mRNA interaction,RNA,RNA
ENSG00000207692,ENSG00000243414,hsa-mir-592,TICAM2,0.73,Negative,miRNA-mRNA interaction,RNA,RNA
ENSG00000202566,ENSG00000123416,hsa-mir-421,TUBA1B,0.79,Negative,miRNA-mRNA interaction,RNA,RNA
ENSG00000198976,ENSG00000120053,hsa-mir-429,GOT1,0.89,Negative,miRNA-mRNA interaction,RNA,RNA
ENSG00000198976,ENSG00000139910,hsa-mir-429,NOVA1,1,Negative,miRNA-mRNA interaction,RNA,RNA
ENSG00000198976,ENSG00000145147,hsa-mir-429,SLIT2,0.81,Negative,miRNA-mRNA interaction,RNA,RNA
ENSG00000198976,ENSG00000166454,hsa-mir-429,ATMIN,0.95,Negative,miRNA-mRNA interaction,RNA,RNA
ENSG00000221563,ENSG00000110092,hsa-mir-1269a,CCND1,0.79,Negative,miRNA-mRNA interaction,RNA,RNA
ENSG00000198976,ENSG00000115421,hsa-mir-429,PAPOLG,0.85,Negative,miRNA-mRNA interaction,RNA,RNA
ENSG00000198976,ENSG00000118276,hsa-mir-429,B4GALT6,0.92,Negative,miRNA-mRNA interaction,RNA,RNA
ENSG00000198976,ENSG00000119537,hsa-mir-429,KDSR,0.91,Negative,miRNA-mRNA interaction,RNA,RNA
ENSG00000198976,ENSG00000163840,hsa-mir-429,DTX3L,0.84,Negative,miRNA-mRNA interaction,RNA,RNA
ENSG00000198976,ENSG00000166068,hsa-mir-429,SPRED1,0.77,Negative,miRNA-mRNA interaction,RNA,RNA
ENSG00000198976,ENSG00000166326,hsa-mir-429,TRIM44,0.71,Negative,miRNA-mRNA interaction,RNA,RNA
ENSG00000198976,ENSG00000173905,hsa-mir-429,GOLIM4,0.96,Negative,miRNA-mRNA interaction,RNA,RNA
ENSG00000198976,ENSG00000204463,hsa-mir-429,BAG6,0.98,Negative,miRNA-mRNA interaction,RNA,RNA
ENSG00000198976,ENSG00000107036,hsa-mir-429,RIC1,1,Negative,miRNA-mRNA interaction,RNA,RNA
ENSG00000199080,ENSG00000002834,hsa-mir-133b,LASP1,0.853297041,Negative,miRNA-mRNA interaction,RNA,RNA
ENSG00000199080,ENSG00000005884,hsa-mir-133b,ITGA3,0.738408049,Negative,miRNA-mRNA interaction,RNA,RNA
ENSG00000199080,ENSG00000006576,hsa-mir-133b,PHTF2,0.726315263,Negative,miRNA-mRNA interaction,RNA,RNA
ENSG00000199080,ENSG00000013306,hsa-mir-133b,SLC25A39,0.761520556,Negative,miRNA-mRNA interaction,RNA,RNA
ENSG00000199080,ENSG00000064666,hsa-mir-133b,CNN2,0.929038583,Negative,miRNA-mRNA interaction,RNA,RNA
ENSG00000199080,ENSG00000066044,hsa-mir-133b,ELAVL1,0.998621467,Negative,miRNA-mRNA interaction,RNA,RNA
ENSG00000199080,ENSG00000075618,hsa-mir-133b,FSCN1,0.750184929,Negative,miRNA-mRNA interaction,RNA,RNA
ENSG00000199080,ENSG00000076554,hsa-mir-133b,TPD52,0.828811098,Negative,miRNA-mRNA interaction,RNA,RNA
ENSG00000199080,ENSG00000077782,hsa-mir-133b,FGFR1,0.92249894,Negative,miRNA-mRNA interaction,RNA,RNA
ENSG00000199080,ENSG00000084207,hsa-mir-133b,GSTP1,0.728369801,Negative,miRNA-mRNA interaction,RNA,RNA
ENSG00000199080,ENSG00000084652,hsa-mir-133b,TXLNA,0.879927433,Negative,miRNA-mRNA interaction,RNA,RNA
ENSG00000199080,ENSG00000085276,hsa-mir-133b,MECOM,0.968100126,Negative,miRNA-mRNA interaction,RNA,RNA
ENSG00000199080,ENSG00000085719,hsa-mir-133b,CPNE3,0.937319959,Negative,miRNA-mRNA interaction,RNA,RNA
ENSG00000199080,ENSG00000091317,hsa-mir-133b,CMTM6,0.768114611,Negative,miRNA-mRNA interaction,RNA,RNA
ENSG00000199080,ENSG00000092969,hsa-mir-133b,TGFB2,0.786436942,Negative,miRNA-mRNA interaction,RNA,RNA
ENSG00000199080,ENSG00000100196,hsa-mir-133b,KDELR3,0.757739253,Negative,miRNA-mRNA interaction,RNA,RNA
ENSG00000199080,ENSG00000101096,hsa-mir-133b,NFATC2,0.871128486,Negative,miRNA-mRNA interaction,RNA,RNA
ENSG00000199080,ENSG00000101911,hsa-mir-133b,PRPS2,0.958217962,Negative,miRNA-mRNA interaction,RNA,RNA
ENSG00000199080,ENSG00000103202,hsa-mir-133b,NME4,0.807519571,Negative,miRNA-mRNA interaction,RNA,RNA
ENSG00000199080,ENSG00000104549,hsa-mir-133b,SQLE,0.754550383,Negative,miRNA-mRNA interaction,RNA,RNA
ENSG00000199080,ENSG00000104695,hsa-mir-133b,PPP2CB,0.99845266,Negative,miRNA-mRNA interaction,RNA,RNA
ENSG00000199080,ENSG00000104765,hsa-mir-133b,BNIP3L,0.87446061,Negative,miRNA-mRNA interaction,RNA,RNA
ENSG00000199080,ENSG00000105887,hsa-mir-133b,MTPN,0.829875801,Negative,miRNA-mRNA interaction,RNA,RNA
ENSG00000199080,ENSG00000106799,hsa-mir-133b,TGFBR1,0.720046906,Negative,miRNA-mRNA interaction,RNA,RNA
ENSG00000199080,ENSG00000108389,hsa-mir-133b,MTMR4,0.863435331,Negative,miRNA-mRNA interaction,RNA,RNA
ENSG00000199080,ENSG00000108774,hsa-mir-133b,RAB5C,0.801049889,Negative,miRNA-mRNA interaction,RNA,RNA
ENSG00000199080,ENSG00000108821,hsa-mir-133b,COL1A1,0.904996006,Negative,miRNA-mRNA interaction,RNA,RNA
ENSG00000199080,ENSG00000109113,hsa-mir-133b,RAB34,0.779442331,Negative,miRNA-mRNA interaction,RNA,RNA
ENSG00000199080,ENSG00000109133,hsa-mir-133b,TMEM33,0.785705865,Negative,miRNA-mRNA interaction,RNA,RNA
ENSG00000199080,ENSG00000110075,hsa-mir-133b,PPP6R3,0.892695017,Negative,miRNA-mRNA interaction,RNA,RNA
ENSG00000199080,ENSG00000110660,hsa-mir-133b,SLC35F2,0.701036459,Negative,miRNA-mRNA interaction,RNA,RNA
ENSG00000199080,ENSG00000110696,hsa-mir-133b,C11orf58,0.963938274,Negative,miRNA-mRNA interaction,RNA,RNA
ENSG00000199080,ENSG00000111269,hsa-mir-133b,CREBL2,0.763619168,Negative,miRNA-mRNA interaction,RNA,RNA
ENSG00000199080,ENSG00000112378,hsa-mir-133b,PERP,0.735817903,Negative,miRNA-mRNA interaction,RNA,RNA
ENSG00000199080,ENSG00000114450,hsa-mir-133b,GNB4,0.746879043,Negative,miRNA-mRNA interaction,RNA,RNA
ENSG00000199080,ENSG00000115380,hsa-mir-133b,EFEMP1,0.773764185,Negative,miRNA-mRNA interaction,RNA,RNA
ENSG00000199080,ENSG00000116030,hsa-mir-133b,SUMO1,0.990767389,Negative,miRNA-mRNA interaction,RNA,RNA
ENSG00000199080,ENSG00000116095,hsa-mir-133b,PLEKHA3,0.985439325,Negative,miRNA-mRNA interaction,RNA,RNA
ENSG00000199080,ENSG00000118523,hsa-mir-133b,CCN2,0.934333184,Negative,miRNA-mRNA interaction,RNA,RNA
ENSG00000199080,ENSG00000119314,hsa-mir-133b,PTBP3,0.99571562,Negative,miRNA-mRNA interaction,RNA,RNA
ENSG00000199080,ENSG00000120129,hsa-mir-133b,DUSP1,0.730421738,Negative,miRNA-mRNA interaction,RNA,RNA
ENSG00000199080,ENSG00000120437,hsa-mir-133b,ACAT2,0.717477272,Negative,miRNA-mRNA interaction,RNA,RNA
ENSG00000199080,ENSG00000120889,hsa-mir-133b,TNFRSF10B,0.759667275,Negative,miRNA-mRNA interaction,RNA,RNA
ENSG00000199080,ENSG00000122870,hsa-mir-133b,BICC1,0.999902821,Negative,miRNA-mRNA interaction,RNA,RNA
ENSG00000199080,ENSG00000124120,hsa-mir-133b,TTPAL,0.961247724,Negative,miRNA-mRNA interaction,RNA,RNA
ENSG00000199080,ENSG00000124831,hsa-mir-133b,LRRFIP1,0.983305149,Negative,miRNA-mRNA interaction,RNA,RNA
ENSG00000199080,ENSG00000126261,hsa-mir-133b,UBA2,0.997431155,Negative,miRNA-mRNA interaction,RNA,RNA
ENSG00000199080,ENSG00000126821,hsa-mir-133b,SGPP1,0.995487134,Negative,miRNA-mRNA interaction,RNA,RNA
ENSG00000199080,ENSG00000127329,hsa-mir-133b,PTPRB,0.716325202,Negative,miRNA-mRNA interaction,RNA,RNA
ENSG00000199080,ENSG00000130508,hsa-mir-133b,PXDN,0.903960367,Negative,miRNA-mRNA interaction,RNA,RNA
ENSG00000199080,ENSG00000131389,hsa-mir-133b,SLC6A6,0.879572084,Negative,miRNA-mRNA interaction,RNA,RNA
ENSG00000199080,ENSG00000132640,hsa-mir-133b,BTBD3,0.956670683,Negative,miRNA-mRNA interaction,RNA,RNA
ENSG00000199080,ENSG00000134109,hsa-mir-133b,EDEM1,0.999656337,Negative,miRNA-mRNA interaction,RNA,RNA
ENSG00000199080,ENSG00000136026,hsa-mir-133b,CKAP4,0.845134867,Negative,miRNA-mRNA interaction,RNA,RNA
ENSG00000199080,ENSG00000136295,hsa-mir-133b,TTYH3,0.794228396,Negative,miRNA-mRNA interaction,RNA,RNA
ENSG00000199080,ENSG00000137814,hsa-mir-133b,HAUS2,0.789153169,Negative,miRNA-mRNA interaction,RNA,RNA
ENSG00000199080,ENSG00000138413,hsa-mir-133b,IDH1,0.793549666,Negative,miRNA-mRNA interaction,RNA,RNA
ENSG00000199080,ENSG00000138594,hsa-mir-133b,TMOD3,0.806250597,Negative,miRNA-mRNA interaction,RNA,RNA
ENSG00000199080,ENSG00000138829,hsa-mir-133b,FBN2,0.877940058,Negative,miRNA-mRNA interaction,RNA,RNA
ENSG00000199080,ENSG00000143418,hsa-mir-133b,CERS2,0.952992782,Negative,miRNA-mRNA interaction,RNA,RNA
ENSG00000199080,ENSG00000143436,hsa-mir-133b,MRPL9,0.845115826,Negative,miRNA-mRNA interaction,RNA,RNA
ENSG00000199080,ENSG00000143549,hsa-mir-133b,TPM3,0.75009114,Negative,miRNA-mRNA interaction,RNA,RNA
ENSG00000199080,ENSG00000143570,hsa-mir-133b,SLC39A1,0.997221818,Negative,miRNA-mRNA interaction,RNA,RNA
ENSG00000199080,ENSG00000144228,hsa-mir-133b,SPOPL,0.741286324,Negative,miRNA-mRNA interaction,RNA,RNA
ENSG00000199080,ENSG00000144810,hsa-mir-133b,COL8A1,0.984036734,Negative,miRNA-mRNA interaction,RNA,RNA
ENSG00000199080,ENSG00000147065,hsa-mir-133b,MSN,0.970395803,Negative,miRNA-mRNA interaction,RNA,RNA
ENSG00000199080,ENSG00000148158,hsa-mir-133b,SNX30,0.907691918,Negative,miRNA-mRNA interaction,RNA,RNA
ENSG00000199080,ENSG00000148175,hsa-mir-133b,STOM,0.963568805,Negative,miRNA-mRNA interaction,RNA,RNA
ENSG00000199080,ENSG00000153246,hsa-mir-133b,PLA2R1,0.925279044,Negative,miRNA-mRNA interaction,RNA,RNA
ENSG00000199080,ENSG00000153936,hsa-mir-133b,HS2ST1,0.965020406,Negative,miRNA-mRNA interaction,RNA,RNA
ENSG00000199080,ENSG00000153989,hsa-mir-133b,NUS1,0.786693961,Negative,miRNA-mRNA interaction,RNA,RNA
ENSG00000199080,ENSG00000156011,hsa-mir-133b,PSD3,0.807789131,Negative,miRNA-mRNA interaction,RNA,RNA
ENSG00000199080,ENSG00000157617,hsa-mir-133b,C2CD2,0.751861747,Negative,miRNA-mRNA interaction,RNA,RNA
ENSG00000199080,ENSG00000157978,hsa-mir-133b,LDLRAP1,0.988474648,Negative,miRNA-mRNA interaction,RNA,RNA
ENSG00000199080,ENSG00000158195,hsa-mir-133b,WASF2,0.949681832,Negative,miRNA-mRNA interaction,RNA,RNA
ENSG00000199080,ENSG00000158234,hsa-mir-133b,FAIM,0.862175355,Negative,miRNA-mRNA interaction,RNA,RNA
ENSG00000199080,ENSG00000158710,hsa-mir-133b,TAGLN2,0.984883719,Negative,miRNA-mRNA interaction,RNA,RNA
ENSG00000199080,ENSG00000159479,hsa-mir-133b,MED8,0.852634762,Negative,miRNA-mRNA interaction,RNA,RNA
ENSG00000199080,ENSG00000161203,hsa-mir-133b,AP2M1,0.702698948,Negative,miRNA-mRNA interaction,RNA,RNA
ENSG00000199080,ENSG00000161847,hsa-mir-133b,RAVER1,0.990155096,Negative,miRNA-mRNA interaction,RNA,RNA
ENSG00000199080,ENSG00000162368,hsa-mir-133b,CMPK1,0.983110683,Negative,miRNA-mRNA interaction,RNA,RNA
ENSG00000199080,ENSG00000162695,hsa-mir-133b,SLC30A7,0.998577518,Negative,miRNA-mRNA interaction,RNA,RNA
ENSG00000199080,ENSG00000162769,hsa-mir-133b,FLVCR1,0.960508818,Negative,miRNA-mRNA interaction,RNA,RNA
ENSG00000199080,ENSG00000163428,hsa-mir-133b,LRRC58,0.702579698,Negative,miRNA-mRNA interaction,RNA,RNA
ENSG00000199080,ENSG00000164086,hsa-mir-133b,DUSP7,0.734072404,Negative,miRNA-mRNA interaction,RNA,RNA
ENSG00000199080,ENSG00000164465,hsa-mir-133b,DCBLD1,0.996340867,Negative,miRNA-mRNA interaction,RNA,RNA
ENSG00000199080,ENSG00000164949,hsa-mir-133b,GEM,0.827112565,Negative,miRNA-mRNA interaction,RNA,RNA
ENSG00000199080,ENSG00000165156,hsa-mir-133b,ZHX1,0.929778084,Negative,miRNA-mRNA interaction,RNA,RNA
ENSG00000199080,ENSG00000165169,hsa-mir-133b,DYNLT3,0.900831449,Negative,miRNA-mRNA interaction,RNA,RNA
ENSG00000199080,ENSG00000165997,hsa-mir-133b,ARL5B,0.751440273,Negative,miRNA-mRNA interaction,RNA,RNA
ENSG00000199080,ENSG00000166147,hsa-mir-133b,FBN1,0.880490459,Negative,miRNA-mRNA interaction,RNA,RNA
ENSG00000199080,ENSG00000166250,hsa-mir-133b,CLMP,0.7717982,Negative,miRNA-mRNA interaction,RNA,RNA
ENSG00000199080,ENSG00000166263,hsa-mir-133b,STXBP4,0.921762999,Negative,miRNA-mRNA interaction,RNA,RNA
ENSG00000199080,ENSG00000166750,hsa-mir-133b,SLFN5,0.894944533,Negative,miRNA-mRNA interaction,RNA,RNA
ENSG00000199080,ENSG00000166845,hsa-mir-133b,C18orf54,0.841793697,Negative,miRNA-mRNA interaction,RNA,RNA
ENSG00000199080,ENSG00000167460,hsa-mir-133b,TPM4,0.928851766,Negative,miRNA-mRNA interaction,RNA,RNA
ENSG00000199080,ENSG00000169967,hsa-mir-133b,MAP3K2,0.938361792,Negative,miRNA-mRNA interaction,RNA,RNA
ENSG00000199080,ENSG00000170525,hsa-mir-133b,PFKFB3,0.938140842,Negative,miRNA-mRNA interaction,RNA,RNA
ENSG00000199080,ENSG00000172845,hsa-mir-133b,SP3,0.988690923,Negative,miRNA-mRNA interaction,RNA,RNA
ENSG00000199080,ENSG00000173950,hsa-mir-133b,XXYLT1,0.808591586,Negative,miRNA-mRNA interaction,RNA,RNA
ENSG00000199080,ENSG00000175029,hsa-mir-133b,CTBP2,0.989400242,Negative,miRNA-mRNA interaction,RNA,RNA
ENSG00000199080,ENSG00000176105,hsa-mir-133b,YES1,0.815608643,Negative,miRNA-mRNA interaction,RNA,RNA
ENSG00000199080,ENSG00000176692,hsa-mir-133b,FOXC2,0.982555829,Negative,miRNA-mRNA interaction,RNA,RNA
ENSG00000199080,ENSG00000177311,hsa-mir-133b,ZBTB38,0.801763363,Negative,miRNA-mRNA interaction,RNA,RNA
ENSG00000199080,ENSG00000182752,hsa-mir-133b,PAPPA,0.819090826,Negative,miRNA-mRNA interaction,RNA,RNA
ENSG00000199080,ENSG00000183291,hsa-mir-133b,SELENOF,0.751312992,Negative,miRNA-mRNA interaction,RNA,RNA
ENSG00000199080,ENSG00000197860,hsa-mir-133b,SGTB,0.935691899,Negative,miRNA-mRNA interaction,RNA,RNA
ENSG00000199080,ENSG00000198087,hsa-mir-133b,CD2AP,0.855989363,Negative,miRNA-mRNA interaction,RNA,RNA
ENSG00000199080,ENSG00000205730,hsa-mir-133b,ITPRIPL2,0.82314387,Negative,miRNA-mRNA interaction,RNA,RNA
ENSG00000199080,ENSG00000213853,hsa-mir-133b,EMP2,0.944587379,Negative,miRNA-mRNA interaction,RNA,RNA
ENSG00000199080,ENSG00000243279,hsa-mir-133b,PRAF2,0.733144619,Negative,miRNA-mRNA interaction,RNA,RNA
ENSG00000199080,ENSG00000259956,hsa-mir-133b,RBM15B,0.792103308,Negative,miRNA-mRNA interaction,RNA,RNA
ENSG00000207604,ENSG00000001629,hsa-mir-206,ANKIB1,0.997135731,Negative,miRNA-mRNA interaction,RNA,RNA
ENSG00000207604,ENSG00000008083,hsa-mir-206,JARID2,0.995076492,Negative,miRNA-mRNA interaction,RNA,RNA
ENSG00000207604,ENSG00000017427,hsa-mir-206,IGF1,0.868236239,Negative,miRNA-mRNA interaction,RNA,RNA
ENSG00000207604,ENSG00000019549,hsa-mir-206,SNAI2,0.724451897,Negative,miRNA-mRNA interaction,RNA,RNA
ENSG00000207604,ENSG00000029364,hsa-mir-206,SLC39A9,0.932027978,Negative,miRNA-mRNA interaction,RNA,RNA
ENSG00000207604,ENSG00000042088,hsa-mir-206,TDP1,0.733259511,Negative,miRNA-mRNA interaction,RNA,RNA
ENSG00000207604,ENSG00000054116,hsa-mir-206,TRAPPC3,0.9065479,Negative,miRNA-mRNA interaction,RNA,RNA
ENSG00000207604,ENSG00000058091,hsa-mir-206,CDK14,0.983103766,Negative,miRNA-mRNA interaction,RNA,RNA
ENSG00000207604,ENSG00000058262,hsa-mir-206,SEC61A1,0.722230461,Negative,miRNA-mRNA interaction,RNA,RNA
ENSG00000207604,ENSG00000064309,hsa-mir-206,CDON,0.8226676,Negative,miRNA-mRNA interaction,RNA,RNA
ENSG00000207604,ENSG00000065154,hsa-mir-206,OAT,0.841625336,Negative,miRNA-mRNA interaction,RNA,RNA
ENSG00000207604,ENSG00000065809,hsa-mir-206,FAM107B,0.807388975,Negative,miRNA-mRNA interaction,RNA,RNA
ENSG00000207604,ENSG00000067992,hsa-mir-206,PDK3,0.983444406,Negative,miRNA-mRNA interaction,RNA,RNA
ENSG00000207604,ENSG00000068024,hsa-mir-206,HDAC4,0.729721008,Negative,miRNA-mRNA interaction,RNA,RNA
ENSG00000207604,ENSG00000069702,hsa-mir-206,TGFBR3,0.707080664,Negative,miRNA-mRNA interaction,RNA,RNA
ENSG00000207604,ENSG00000070214,hsa-mir-206,SLC44A1,0.999994816,Negative,miRNA-mRNA interaction,RNA,RNA
ENSG00000207604,ENSG00000072195,hsa-mir-206,SPEG,0.846039376,Negative,miRNA-mRNA interaction,RNA,RNA
ENSG00000207604,ENSG00000073921,hsa-mir-206,PICALM,0.782714598,Negative,miRNA-mRNA interaction,RNA,RNA
ENSG00000207604,ENSG00000074181,hsa-mir-206,NOTCH3,0.947533937,Negative,miRNA-mRNA interaction,RNA,RNA
ENSG00000207604,ENSG00000074410,hsa-mir-206,CA12,0.773978863,Negative,miRNA-mRNA interaction,RNA,RNA
ENSG00000207604,ENSG00000083123,hsa-mir-206,BCKDHB,0.722708335,Negative,miRNA-mRNA interaction,RNA,RNA
ENSG00000207604,ENSG00000087842,hsa-mir-206,PIR,0.716276179,Negative,miRNA-mRNA interaction,RNA,RNA
ENSG00000207604,ENSG00000090924,hsa-mir-206,PLEKHG2,0.901236437,Negative,miRNA-mRNA interaction,RNA,RNA
ENSG00000207604,ENSG00000095015,hsa-mir-206,MAP3K1,0.896928048,Negative,miRNA-mRNA interaction,RNA,RNA
ENSG00000207604,ENSG00000095139,hsa-mir-206,ARCN1,0.998520359,Negative,miRNA-mRNA interaction,RNA,RNA
ENSG00000207604,ENSG00000099956,hsa-mir-206,SMARCB1,0.890194331,Negative,miRNA-mRNA interaction,RNA,RNA
ENSG00000207604,ENSG00000101079,hsa-mir-206,NDRG3,0.996165623,Negative,miRNA-mRNA interaction,RNA,RNA
ENSG00000207604,ENSG00000101096,hsa-mir-206,NFATC2,0.95602235,Negative,miRNA-mRNA interaction,RNA,RNA
ENSG00000207604,ENSG00000101158,hsa-mir-206,NELFCD,0.703200815,Negative,miRNA-mRNA interaction,RNA,RNA
ENSG00000207604,ENSG00000101888,hsa-mir-206,NXT2,0.984999561,Negative,miRNA-mRNA interaction,RNA,RNA
ENSG00000207604,ENSG00000101974,hsa-mir-206,ATP11C,0.819834215,Negative,miRNA-mRNA interaction,RNA,RNA
ENSG00000207604,ENSG00000104361,hsa-mir-206,NIPAL2,0.813782944,Negative,miRNA-mRNA interaction,RNA,RNA
ENSG00000207604,ENSG00000104880,hsa-mir-206,ARHGEF18,0.768591197,Negative,miRNA-mRNA interaction,RNA,RNA
ENSG00000207604,ENSG00000105887,hsa-mir-206,MTPN,0.790646217,Negative,miRNA-mRNA interaction,RNA,RNA
ENSG00000207604,ENSG00000105976,hsa-mir-206,MET,0.881513533,Negative,miRNA-mRNA interaction,RNA,RNA
ENSG00000207604,ENSG00000106868,hsa-mir-206,SUSD1,0.924839333,Negative,miRNA-mRNA interaction,RNA,RNA
ENSG00000207604,ENSG00000108262,hsa-mir-206,GIT1,0.861618145,Negative,miRNA-mRNA interaction,RNA,RNA
ENSG00000207604,ENSG00000109606,hsa-mir-206,DHX15,0.846538275,Negative,miRNA-mRNA interaction,RNA,RNA
ENSG00000207604,ENSG00000109654,hsa-mir-206,TRIM2,0.999186218,Negative,miRNA-mRNA interaction,RNA,RNA
ENSG00000207604,ENSG00000110395,hsa-mir-206,CBL,0.894833761,Negative,miRNA-mRNA interaction,RNA,RNA
ENSG00000207604,ENSG00000110880,hsa-mir-206,CORO1C,0.995980098,Negative,miRNA-mRNA interaction,RNA,RNA
ENSG00000207604,ENSG00000111269,hsa-mir-206,CREBL2,0.993338626,Negative,miRNA-mRNA interaction,RNA,RNA
ENSG00000207604,ENSG00000111962,hsa-mir-206,UST,0.99993672,Negative,miRNA-mRNA interaction,RNA,RNA
ENSG00000207604,ENSG00000112237,hsa-mir-206,CCNC,0.813532759,Negative,miRNA-mRNA interaction,RNA,RNA
ENSG00000207604,ENSG00000113083,hsa-mir-206,LOX,0.705837563,Negative,miRNA-mRNA interaction,RNA,RNA
ENSG00000207604,ENSG00000115159,hsa-mir-206,GPD2,0.997473673,Negative,miRNA-mRNA interaction,RNA,RNA
ENSG00000207604,ENSG00000115461,hsa-mir-206,IGFBP5,0.755519493,Negative,miRNA-mRNA interaction,RNA,RNA
ENSG00000207604,ENSG00000117602,hsa-mir-206,RCAN3,0.706770121,Negative,miRNA-mRNA interaction,RNA,RNA
ENSG00000207604,ENSG00000118762,hsa-mir-206,PKD2,0.733309004,Negative,miRNA-mRNA interaction,RNA,RNA
ENSG00000207604,ENSG00000118961,hsa-mir-206,LDAH,0.70756015,Negative,miRNA-mRNA interaction,RNA,RNA
ENSG00000207604,ENSG00000119661,hsa-mir-206,DNAL1,0.851924808,Negative,miRNA-mRNA interaction,RNA,RNA
ENSG00000207604,ENSG00000122591,hsa-mir-206,HYCC1,0.878938331,Negative,miRNA-mRNA interaction,RNA,RNA
ENSG00000207604,ENSG00000123179,hsa-mir-206,EBPL,0.791158448,Negative,miRNA-mRNA interaction,RNA,RNA
ENSG00000207604,ENSG00000124126,hsa-mir-206,PREX1,0.858973355,Negative,miRNA-mRNA interaction,RNA,RNA
ENSG00000207604,ENSG00000125740,hsa-mir-206,FOSB,0.892076208,Negative,miRNA-mRNA interaction,RNA,RNA
ENSG00000207604,ENSG00000126003,hsa-mir-206,PLAGL2,0.802142106,Negative,miRNA-mRNA interaction,RNA,RNA
ENSG00000207604,ENSG00000128791,hsa-mir-206,TWSG1,0.845846583,Negative,miRNA-mRNA interaction,RNA,RNA
ENSG00000207604,ENSG00000128923,hsa-mir-206,MINDY2,0.70879031,Negative,miRNA-mRNA interaction,RNA,RNA
ENSG00000207604,ENSG00000128989,hsa-mir-206,ARPP19,0.726637297,Negative,miRNA-mRNA interaction,RNA,RNA
ENSG00000207604,ENSG00000129472,hsa-mir-206,RAB2B,0.826487087,Negative,miRNA-mRNA interaction,RNA,RNA
ENSG00000207604,ENSG00000129691,hsa-mir-206,ASH2L,0.990557413,Negative,miRNA-mRNA interaction,RNA,RNA
ENSG00000207604,ENSG00000131873,hsa-mir-206,CHSY1,0.724389069,Negative,miRNA-mRNA interaction,RNA,RNA
ENSG00000207604,ENSG00000133740,hsa-mir-206,E2F5,0.747234285,Negative,miRNA-mRNA interaction,RNA,RNA
ENSG00000207604,ENSG00000134250,hsa-mir-206,NOTCH2,0.863503767,Negative,miRNA-mRNA interaction,RNA,RNA
ENSG00000207604,ENSG00000134308,hsa-mir-206,YWHAQ,0.982460361,Negative,miRNA-mRNA interaction,RNA,RNA
ENSG00000207604,ENSG00000134709,hsa-mir-206,HOOK1,0.880702047,Negative,miRNA-mRNA interaction,RNA,RNA
ENSG00000207604,ENSG00000134758,hsa-mir-206,RNF138,0.918633381,Negative,miRNA-mRNA interaction,RNA,RNA
ENSG00000207604,ENSG00000134852,hsa-mir-206,CLOCK,0.873375674,Negative,miRNA-mRNA interaction,RNA,RNA
ENSG00000207604,ENSG00000134954,hsa-mir-206,ETS1,0.999421506,Negative,miRNA-mRNA interaction,RNA,RNA
ENSG00000207604,ENSG00000135823,hsa-mir-206,STX6,0.760660874,Negative,miRNA-mRNA interaction,RNA,RNA
ENSG00000207604,ENSG00000136052,hsa-mir-206,SLC41A2,0.727761201,Negative,miRNA-mRNA interaction,RNA,RNA
ENSG00000207604,ENSG00000136240,hsa-mir-206,KDELR2,0.744661798,Negative,miRNA-mRNA interaction,RNA,RNA
ENSG00000207604,ENSG00000136802,hsa-mir-206,LRRC8A,0.841275136,Negative,miRNA-mRNA interaction,RNA,RNA
ENSG00000207604,ENSG00000136869,hsa-mir-206,TLR4,0.754294837,Negative,miRNA-mRNA interaction,RNA,RNA
ENSG00000207604,ENSG00000137075,hsa-mir-206,RNF38,0.846046205,Negative,miRNA-mRNA interaction,RNA,RNA
ENSG00000207604,ENSG00000137819,hsa-mir-206,PAQR5,0.739519942,Negative,miRNA-mRNA interaction,RNA,RNA
ENSG00000207604,ENSG00000137959,hsa-mir-206,IFI44L,0.871417718,Negative,miRNA-mRNA interaction,RNA,RNA
ENSG00000207604,ENSG00000138311,hsa-mir-206,ZNF365,0.926257785,Negative,miRNA-mRNA interaction,RNA,RNA
ENSG00000207604,ENSG00000138759,hsa-mir-206,FRAS1,0.793715194,Negative,miRNA-mRNA interaction,RNA,RNA
ENSG00000207604,ENSG00000139372,hsa-mir-206,TDG,0.763530081,Negative,miRNA-mRNA interaction,RNA,RNA
ENSG00000207604,ENSG00000142657,hsa-mir-206,PGD,0.904897956,Negative,miRNA-mRNA interaction,RNA,RNA
ENSG00000207604,ENSG00000142669,hsa-mir-206,SH3BGRL3,0.78997135,Negative,miRNA-mRNA interaction,RNA,RNA
ENSG00000207604,ENSG00000143079,hsa-mir-206,CTTNBP2NL,0.992753367,Negative,miRNA-mRNA interaction,RNA,RNA
ENSG00000207604,ENSG00000143157,hsa-mir-206,POGK,0.945616013,Negative,miRNA-mRNA interaction,RNA,RNA
ENSG00000207604,ENSG00000143549,hsa-mir-206,TPM3,0.891682146,Negative,miRNA-mRNA interaction,RNA,RNA
ENSG00000207604,ENSG00000143924,hsa-mir-206,EML4,0.800794159,Negative,miRNA-mRNA interaction,RNA,RNA
ENSG00000207604,ENSG00000144597,hsa-mir-206,EAF1,0.760716479,Negative,miRNA-mRNA interaction,RNA,RNA
ENSG00000207604,ENSG00000146648,hsa-mir-206,EGFR,0.911909453,Negative,miRNA-mRNA interaction,RNA,RNA
ENSG00000207604,ENSG00000148848,hsa-mir-206,ADAM12,0.841570758,Negative,miRNA-mRNA interaction,RNA,RNA
ENSG00000207604,ENSG00000150938,hsa-mir-206,CRIM1,0.879531057,Negative,miRNA-mRNA interaction,RNA,RNA
ENSG00000207604,ENSG00000151239,hsa-mir-206,TWF1,0.992941954,Negative,miRNA-mRNA interaction,RNA,RNA
ENSG00000207604,ENSG00000152332,hsa-mir-206,UHMK1,0.778511495,Negative,miRNA-mRNA interaction,RNA,RNA
ENSG00000207604,ENSG00000154059,hsa-mir-206,IMPACT,0.955253652,Negative,miRNA-mRNA interaction,RNA,RNA
ENSG00000207604,ENSG00000154310,hsa-mir-206,TNIK,0.830725799,Negative,miRNA-mRNA interaction,RNA,RNA
ENSG00000207604,ENSG00000154429,hsa-mir-206,CCSAP,0.988572527,Negative,miRNA-mRNA interaction,RNA,RNA
ENSG00000207604,ENSG00000154864,hsa-mir-206,PIEZO2,0.726826935,Negative,miRNA-mRNA interaction,RNA,RNA
ENSG00000207604,ENSG00000158195,hsa-mir-206,WASF2,0.781315919,Negative,miRNA-mRNA interaction,RNA,RNA
ENSG00000207604,ENSG00000158234,hsa-mir-206,FAIM,0.800057135,Negative,miRNA-mRNA interaction,RNA,RNA
ENSG00000207604,ENSG00000158710,hsa-mir-206,TAGLN2,0.992601901,Negative,miRNA-mRNA interaction,RNA,RNA
ENSG00000207604,ENSG00000159322,hsa-mir-206,ADPGK,0.912220694,Negative,miRNA-mRNA interaction,RNA,RNA
ENSG00000207604,ENSG00000159792,hsa-mir-206,PSKH1,0.806630321,Negative,miRNA-mRNA interaction,RNA,RNA
ENSG00000207604,ENSG00000160211,hsa-mir-206,G6PD,0.90889241,Negative,miRNA-mRNA interaction,RNA,RNA
ENSG00000207604,ENSG00000163683,hsa-mir-206,SMIM14,0.997622126,Negative,miRNA-mRNA interaction,RNA,RNA
ENSG00000207604,ENSG00000164144,hsa-mir-206,ARFIP1,0.923351491,Negative,miRNA-mRNA interaction,RNA,RNA
ENSG00000207604,ENSG00000164924,hsa-mir-206,YWHAZ,0.993356518,Negative,miRNA-mRNA interaction,RNA,RNA
ENSG00000207604,ENSG00000165288,hsa-mir-206,BRWD3,0.742219774,Negative,miRNA-mRNA interaction,RNA,RNA
ENSG00000207604,ENSG00000166263,hsa-mir-206,STXBP4,0.850484655,Negative,miRNA-mRNA interaction,RNA,RNA
ENSG00000207604,ENSG00000166272,hsa-mir-206,WBP1L,0.849351855,Negative,miRNA-mRNA interaction,RNA,RNA
ENSG00000207604,ENSG00000166598,hsa-mir-206,HSP90B1,0.908279036,Negative,miRNA-mRNA interaction,RNA,RNA
ENSG00000207604,ENSG00000166747,hsa-mir-206,AP1G1,0.837393908,Negative,miRNA-mRNA interaction,RNA,RNA
ENSG00000207604,ENSG00000166908,hsa-mir-206,PIP4K2C,0.80252037,Negative,miRNA-mRNA interaction,RNA,RNA
ENSG00000207604,ENSG00000166923,hsa-mir-206,GREM1,0.727910571,Negative,miRNA-mRNA interaction,RNA,RNA
ENSG00000207604,ENSG00000167106,hsa-mir-206,FAM102A,0.905834963,Negative,miRNA-mRNA interaction,RNA,RNA
ENSG00000207604,ENSG00000167460,hsa-mir-206,TPM4,0.98520982,Negative,miRNA-mRNA interaction,RNA,RNA
ENSG00000207604,ENSG00000167601,hsa-mir-206,AXL,0.944172507,Negative,miRNA-mRNA interaction,RNA,RNA
ENSG00000207604,ENSG00000168016,hsa-mir-206,TRANK1,0.972592958,Negative,miRNA-mRNA interaction,RNA,RNA
ENSG00000207604,ENSG00000168067,hsa-mir-206,MAP4K2,0.866634284,Negative,miRNA-mRNA interaction,RNA,RNA
ENSG00000207604,ENSG00000168374,hsa-mir-206,ARF4,0.734682159,Negative,miRNA-mRNA interaction,RNA,RNA
ENSG00000207604,ENSG00000168411,hsa-mir-206,RFWD3,0.765119511,Negative,miRNA-mRNA interaction,RNA,RNA
ENSG00000207604,ENSG00000169180,hsa-mir-206,XPO6,0.989447759,Negative,miRNA-mRNA interaction,RNA,RNA
ENSG00000207604,ENSG00000169299,hsa-mir-206,PGM2,0.918383356,Negative,miRNA-mRNA interaction,RNA,RNA
ENSG00000207604,ENSG00000170542,hsa-mir-206,SERPINB9,0.880277003,Negative,miRNA-mRNA interaction,RNA,RNA
ENSG00000207604,ENSG00000171310,hsa-mir-206,CHST11,0.907041539,Negative,miRNA-mRNA interaction,RNA,RNA
ENSG00000207604,ENSG00000172667,hsa-mir-206,ZMAT3,0.994262218,Negative,miRNA-mRNA interaction,RNA,RNA
ENSG00000207604,ENSG00000173171,hsa-mir-206,MTX1,0.809074306,Negative,miRNA-mRNA interaction,RNA,RNA
ENSG00000207604,ENSG00000173848,hsa-mir-206,NET1,0.705486737,Negative,miRNA-mRNA interaction,RNA,RNA
ENSG00000207604,ENSG00000174099,hsa-mir-206,MSRB3,0.736865236,Negative,miRNA-mRNA interaction,RNA,RNA
ENSG00000207604,ENSG00000174282,hsa-mir-206,ZBTB4,0.997247364,Negative,miRNA-mRNA interaction,RNA,RNA
ENSG00000207604,ENSG00000174705,hsa-mir-206,SH3PXD2B,0.941453864,Negative,miRNA-mRNA interaction,RNA,RNA
ENSG00000207604,ENSG00000175970,hsa-mir-206,UNC119B,0.990095098,Negative,miRNA-mRNA interaction,RNA,RNA
ENSG00000207604,ENSG00000176624,hsa-mir-206,MEX3C,0.961750299,Negative,miRNA-mRNA interaction,RNA,RNA
ENSG00000207604,ENSG00000176697,hsa-mir-206,BDNF,0.995377064,Negative,miRNA-mRNA interaction,RNA,RNA
ENSG00000207604,ENSG00000176853,hsa-mir-206,FAM91A1,0.855043885,Negative,miRNA-mRNA interaction,RNA,RNA
ENSG00000207604,ENSG00000177542,hsa-mir-206,SLC25A22,0.920160594,Negative,miRNA-mRNA interaction,RNA,RNA
ENSG00000207604,ENSG00000178691,hsa-mir-206,SUZ12,0.705409911,Negative,miRNA-mRNA interaction,RNA,RNA
ENSG00000207604,ENSG00000179241,hsa-mir-206,LDLRAD3,0.77006963,Negative,miRNA-mRNA interaction,RNA,RNA
ENSG00000207604,ENSG00000182718,hsa-mir-206,ANXA2,0.976564257,Negative,miRNA-mRNA interaction,RNA,RNA
ENSG00000207604,ENSG00000183688,hsa-mir-206,RFLNB,0.841604844,Negative,miRNA-mRNA interaction,RNA,RNA
ENSG00000207604,ENSG00000183775,hsa-mir-206,KCTD16,0.826224529,Negative,miRNA-mRNA interaction,RNA,RNA
ENSG00000207604,ENSG00000184992,hsa-mir-206,BRI3BP,0.900417108,Negative,miRNA-mRNA interaction,RNA,RNA
ENSG00000207604,ENSG00000185340,hsa-mir-206,GAS2L1,0.795772449,Negative,miRNA-mRNA interaction,RNA,RNA
ENSG00000207604,ENSG00000185585,hsa-mir-206,OLFML2A,0.750390122,Negative,miRNA-mRNA interaction,RNA,RNA
ENSG00000207604,ENSG00000187514,hsa-mir-206,PTMA,0.860846375,Negative,miRNA-mRNA interaction,RNA,RNA
ENSG00000207604,ENSG00000188647,hsa-mir-206,PTAR1,0.733164949,Negative,miRNA-mRNA interaction,RNA,RNA
ENSG00000207604,ENSG00000196950,hsa-mir-206,SLC39A10,0.956821613,Negative,miRNA-mRNA interaction,RNA,RNA
ENSG00000207604,ENSG00000197045,hsa-mir-206,GMFB,0.808437627,Negative,miRNA-mRNA interaction,RNA,RNA
ENSG00000207604,ENSG00000197622,hsa-mir-206,CDC42SE1,0.949174019,Negative,miRNA-mRNA interaction,RNA,RNA
ENSG00000207604,ENSG00000197702,hsa-mir-206,PARVA,0.812971384,Negative,miRNA-mRNA interaction,RNA,RNA
ENSG00000207604,ENSG00000197818,hsa-mir-206,SLC9A8,0.872736746,Negative,miRNA-mRNA interaction,RNA,RNA
ENSG00000207604,ENSG00000197965,hsa-mir-206,MPZL1,0.74439619,Negative,miRNA-mRNA interaction,RNA,RNA
ENSG00000207604,ENSG00000198142,hsa-mir-206,SOWAHC,0.800399846,Negative,miRNA-mRNA interaction,RNA,RNA
ENSG00000207604,ENSG00000198743,hsa-mir-206,SLC5A3,0.932164682,Negative,miRNA-mRNA interaction,RNA,RNA
ENSG00000207604,ENSG00000205060,hsa-mir-206,SLC35B4,0.935736833,Negative,miRNA-mRNA interaction,RNA,RNA
ENSG00000207604,ENSG00000205542,hsa-mir-206,TMSB4X,0.999867486,Negative,miRNA-mRNA interaction,RNA,RNA
ENSG00000207604,ENSG00000205581,hsa-mir-206,HMGN1,0.855499049,Negative,miRNA-mRNA interaction,RNA,RNA
ENSG00000207604,ENSG00000205765,hsa-mir-206,RIMOC1,0.989785773,Negative,miRNA-mRNA interaction,RNA,RNA
ENSG00000207604,ENSG00000214063,hsa-mir-206,TSPAN4,0.78014586,Negative,miRNA-mRNA interaction,RNA,RNA
ENSG00000207604,ENSG00000254535,hsa-mir-206,PABPC4L,0.92303359,Negative,miRNA-mRNA interaction,RNA,RNA
ENSG00000207604,ENSG00000259075,hsa-mir-206,POC1B-GALNT4,0.734177622,Negative,miRNA-mRNA interaction,RNA,RNA
ENSG00000207604,ENSG00000261609,hsa-mir-206,GAN,0.833280485,Negative,miRNA-mRNA interaction,RNA,RNA
ENSG00000207604,ENSG00000271303,hsa-mir-206,SRXN1,0.83786245,Negative,miRNA-mRNA interaction,RNA,RNA
ENSG00000284346,ENSG00000197249,hsa-mir-940,SERPINA1,0.95,Negative,miRNA-mRNA interaction,RNA,RNA
ENSG00000266192,ENSG00000104332,hsa-mir-1260b,SFRP1,0.81,Negative,miRNA-mRNA interaction,RNA,RNA
ENSG00000281842,ENSG00000117394,hsa-mir-1291,SLC2A1,0.91,Negative,miRNA-mRNA interaction,RNA,RNA
ENSG00000266192,ENSG00000141646,hsa-mir-1260b,SMAD4,0.88,Negative,miRNA-mRNA interaction,RNA,RNA
ENSG00000281842,ENSG00000079102,hsa-mir-1291,RUNX1T1,0.97,Negative,miRNA-mRNA interaction,RNA,RNA
ENSG00000281842,ENSG00000102678,hsa-mir-1291,FGF9,1,Positive,miRNA-mRNA interaction,RNA,RNA
ENSG00000281842,ENSG00000105810,hsa-mir-1291,CDK6,0.72,Negative,miRNA-mRNA interaction,RNA,RNA
ENSG00000281842,ENSG00000110395,hsa-mir-1291,CBL,0.85,Positive,miRNA-mRNA interaction,RNA,RNA
ENSG00000281842,ENSG00000122025,hsa-mir-1291,FLT3,1,Negative,miRNA-mRNA interaction,RNA,RNA
ENSG00000281842,ENSG00000177885,hsa-mir-1291,GRB2,0.73,Negative,miRNA-mRNA interaction,RNA,RNA
ENSG00000207930,ENSG00000170430,hsa-mir-603,MGMT,0.95,Negative,miRNA-mRNA interaction,RNA,RNA
ENSG00000284565,ENSG00000121879,hsa-mir-451a,PIK3CA,0.91,Negative,miRNA-mRNA interaction,RNA,RNA
ENSG00000198976,ENSG00000171791,hsa-mir-429,BCL2,0.82,Negative,miRNA-mRNA interaction,RNA,RNA
ENSG00000207972,ENSG00000167182,hsa-mir-638,SP2,0.93,Negative,miRNA-mRNA interaction,RNA,RNA
ENSG00000199080,ENSG00000104375,hsa-mir-133b,STK3,0.93,Negative,miRNA-mRNA interaction,RNA,RNA
ENSG00000198976,ENSG00000185591,hsa-mir-429,SP1,0.84,Negative,miRNA-mRNA interaction,RNA,RNA
ENSG00000264566,ENSG00000090905,hsa-mir-23c,TNRC6A,0.99,Negative,miRNA-mRNA interaction,RNA,RNA
ENSG00000221476,ENSG00000159388,hsa-mir-1827,BTG2,0.96,Negative,miRNA-mRNA interaction,RNA,RNA
ENSG00000266192,ENSG00000166165,hsa-mir-1260b,CKB,0.92,Negative,miRNA-mRNA interaction,RNA,RNA
ENSG00000284583,ENSG00000166165,hsa-mir-935,CKB,0.87,Negative,miRNA-mRNA interaction,RNA,RNA
ENSG00000266192,ENSG00000067225,hsa-mir-1260b,PKM,0.72,Negative,miRNA-mRNA interaction,RNA,RNA
ENSG00000266192,ENSG00000077235,hsa-mir-1260b,GTF3C1,0.97,Negative,miRNA-mRNA interaction,RNA,RNA
ENSG00000266192,ENSG00000181222,hsa-mir-1260b,POLR2A,0.81,Negative,miRNA-mRNA interaction,RNA,RNA
ENSG00000266192,ENSG00000143379,hsa-mir-1260b,SETDB1,0.73,Negative,miRNA-mRNA interaction,RNA,RNA
ENSG00000221203,ENSG00000117394,hsa-mir-1262,SLC2A1,0.77,Negative,miRNA-mRNA interaction,RNA,RNA
ENSG00000284583,ENSG00000107338,hsa-mir-935,SHB,1,Negative,miRNA-mRNA interaction,RNA,RNA
ENSG00000266235,ENSG00000124614,hsa-mir-3176,RPS10,0.84,Negative,miRNA-mRNA interaction,RNA,RNA
ENSG00000283203,ENSG00000171791,hsa-mir-1246,BCL2,0.81,Negative,miRNA-mRNA interaction,RNA,RNA
ENSG00000215961,ENSG00000082512,hsa-mir-297,TRAF5,0.94,Negative,miRNA-mRNA interaction,RNA,RNA
ENSG00000215961,ENSG00000135341,hsa-mir-297,MAP3K7,0.99,Negative,miRNA-mRNA interaction,RNA,RNA
ENSG00000207930,ENSG00000007255,hsa-mir-603,TRAPPC6A,0.71,Negative,miRNA-mRNA interaction,RNA,RNA
ENSG00000207930,ENSG00000104129,hsa-mir-603,DNAJC17,0.99,Negative,miRNA-mRNA interaction,RNA,RNA
ENSG00000207930,ENSG00000106333,hsa-mir-603,PCOLCE,0.92,Negative,miRNA-mRNA interaction,RNA,RNA
ENSG00000284346,ENSG00000139263,hsa-mir-940,LRIG3,0.87,Negative,miRNA-mRNA interaction,RNA,RNA
ENSG00000207930,ENSG00000138172,hsa-mir-603,CALHM2,0.91,Negative,miRNA-mRNA interaction,RNA,RNA
ENSG00000207930,ENSG00000144355,hsa-mir-603,DLX1,0.74,Negative,miRNA-mRNA interaction,RNA,RNA
ENSG00000207930,ENSG00000160113,hsa-mir-603,NR2F6,0.9,Negative,miRNA-mRNA interaction,RNA,RNA
ENSG00000207930,ENSG00000171680,hsa-mir-603,PLEKHG5,0.97,Negative,miRNA-mRNA interaction,RNA,RNA
ENSG00000207930,ENSG00000175782,hsa-mir-603,SLC35E3,0.79,Negative,miRNA-mRNA interaction,RNA,RNA
ENSG00000207930,ENSG00000197780,hsa-mir-603,TAF13,0.83,Negative,miRNA-mRNA interaction,RNA,RNA
ENSG00000284346,ENSG00000118200,hsa-mir-940,CAMSAP2,0.75,Negative,miRNA-mRNA interaction,RNA,RNA
ENSG00000264566,ENSG00000180667,hsa-mir-23c,YOD1,0.76,Negative,miRNA-mRNA interaction,RNA,RNA
ENSG00000264566,ENSG00000198056,hsa-mir-23c,PRIM1,1,Negative,miRNA-mRNA interaction,RNA,RNA
ENSG00000263762,ENSG00000150459,hsa-mir-4286,SAP18,1,Negative,miRNA-mRNA interaction,RNA,RNA
ENSG00000283938,ENSG00000058729,hsa-mir-3917,RIOK2,0.74,Negative,miRNA-mRNA interaction,RNA,RNA
ENSG00000264603,ENSG00000136997,hsa-mir-3159,MYC,0.72,Negative,miRNA-mRNA interaction,RNA,RNA
ENSG00000264566,ENSG00000177485,hsa-mir-23c,ZBTB33,0.76,Negative,miRNA-mRNA interaction,RNA,RNA
ENSG00000221669,ENSG00000075785,hsa-mir-548n,RAB7A,0.86,Negative,miRNA-mRNA interaction,RNA,RNA
ENSG00000284346,ENSG00000136997,hsa-mir-940,MYC,0.72,Negative,miRNA-mRNA interaction,RNA,RNA
ENSG00000284346,ENSG00000144560,hsa-mir-940,VGLL4,0.78,Negative,miRNA-mRNA interaction,RNA,RNA
ENSG00000207736,ENSG00000124762,hsa-mir-657,CDKN1A,0.8,Negative,miRNA-mRNA interaction,RNA,RNA
ENSG00000283958,ENSG00000136997,hsa-mir-1248,MYC,0.72,Negative,miRNA-mRNA interaction,RNA,RNA
ENSG00000284419,ENSG00000142798,hsa-mir-663a,HSPG2,0.8,Negative,miRNA-mRNA interaction,RNA,RNA
ENSG00000207930,ENSG00000166002,hsa-mir-603,SMCO4,0.88,Negative,miRNA-mRNA interaction,RNA,RNA
ENSG00000207930,ENSG00000197766,hsa-mir-603,CFD,0.85,Negative,miRNA-mRNA interaction,RNA,RNA
ENSG00000211581,ENSG00000140538,hsa-mir-765,NTRK3,0.88,Negative,miRNA-mRNA interaction,RNA,RNA
ENSG00000207930,ENSG00000177700,hsa-mir-603,POLR2L,0.85,Negative,miRNA-mRNA interaction,RNA,RNA
ENSG00000207930,ENSG00000107281,hsa-mir-603,NPDC1,0.91,Negative,miRNA-mRNA interaction,RNA,RNA
ENSG00000207930,ENSG00000054282,hsa-mir-603,SDCCAG8,0.99,Negative,miRNA-mRNA interaction,RNA,RNA
ENSG00000207930,ENSG00000102977,hsa-mir-603,ACD,0.79,Negative,miRNA-mRNA interaction,RNA,RNA
ENSG00000207930,ENSG00000144591,hsa-mir-603,GMPPA,0.83,Negative,miRNA-mRNA interaction,RNA,RNA
ENSG00000207930,ENSG00000146083,hsa-mir-603,RNF44,0.99,Negative,miRNA-mRNA interaction,RNA,RNA
ENSG00000207930,ENSG00000141858,hsa-mir-603,SAMD1,0.94,Negative,miRNA-mRNA interaction,RNA,RNA
ENSG00000207930,ENSG00000161671,hsa-mir-603,EMC10,0.82,Negative,miRNA-mRNA interaction,RNA,RNA
ENSG00000207930,ENSG00000169727,hsa-mir-603,GPS1,0.93,Negative,miRNA-mRNA interaction,RNA,RNA
ENSG00000207930,ENSG00000007520,hsa-mir-603,TSR3,0.98,Negative,miRNA-mRNA interaction,RNA,RNA
ENSG00000207930,ENSG00000011451,hsa-mir-603,WIZ,0.74,Negative,miRNA-mRNA interaction,RNA,RNA
ENSG00000207930,ENSG00000168005,hsa-mir-603,SPINDOC,0.77,Negative,miRNA-mRNA interaction,RNA,RNA
ENSG00000207930,ENSG00000143878,hsa-mir-603,RHOB,0.92,Negative,miRNA-mRNA interaction,RNA,RNA
ENSG00000207930,ENSG00000065054,hsa-mir-603,SLC9A3R2,0.86,Negative,miRNA-mRNA interaction,RNA,RNA
ENSG00000207930,ENSG00000103152,hsa-mir-603,MPG,0.87,Negative,miRNA-mRNA interaction,RNA,RNA
ENSG00000207930,ENSG00000141295,hsa-mir-603,SCRN2,0.81,Negative,miRNA-mRNA interaction,RNA,RNA
ENSG00000207930,ENSG00000174917,hsa-mir-603,MICOS13,0.79,Negative,miRNA-mRNA interaction,RNA,RNA
ENSG00000207930,ENSG00000188157,hsa-mir-603,AGRN,0.93,Negative,miRNA-mRNA interaction,RNA,RNA
ENSG00000207930,ENSG00000099958,hsa-mir-603,DERL3,0.84,Negative,miRNA-mRNA interaction,RNA,RNA
ENSG00000207930,ENSG00000175602,hsa-mir-603,CCDC85B,0.93,Negative,miRNA-mRNA interaction,RNA,RNA
ENSG00000207930,ENSG00000214160,hsa-mir-603,ALG3,0.85,Negative,miRNA-mRNA interaction,RNA,RNA
ENSG00000207930,ENSG00000105701,hsa-mir-603,FKBP8,0.93,Negative,miRNA-mRNA interaction,RNA,RNA
ENSG00000207930,ENSG00000006534,hsa-mir-603,ALDH3B1,0.93,Negative,miRNA-mRNA interaction,RNA,RNA
ENSG00000207930,ENSG00000173486,hsa-mir-603,FKBP2,0.81,Negative,miRNA-mRNA interaction,RNA,RNA
ENSG00000207930,ENSG00000105376,hsa-mir-603,ICAM5,0.78,Negative,miRNA-mRNA interaction,RNA,RNA
ENSG00000207930,ENSG00000068137,hsa-mir-603,PLEKHH3,1,Negative,miRNA-mRNA interaction,RNA,RNA
ENSG00000207930,ENSG00000228300,hsa-mir-603,FAM174C,0.92,Negative,miRNA-mRNA interaction,RNA,RNA
ENSG00000207930,ENSG00000106009,hsa-mir-603,BRAT1,0.72,Negative,miRNA-mRNA interaction,RNA,RNA
ENSG00000207930,ENSG00000160072,hsa-mir-603,ATAD3B,0.97,Negative,miRNA-mRNA interaction,RNA,RNA
ENSG00000207930,ENSG00000162298,hsa-mir-603,SYVN1,1,Negative,miRNA-mRNA interaction,RNA,RNA
ENSG00000198976,ENSG00000152284,hsa-mir-429,TCF7L1,0.76,Negative,miRNA-mRNA interaction,RNA,RNA
ENSG00000198976,ENSG00000120075,hsa-mir-429,HOXB5,0.84,Negative,miRNA-mRNA interaction,RNA,RNA
ENSG00000207930,ENSG00000103260,hsa-mir-603,METRN,0.9,Negative,miRNA-mRNA interaction,RNA,RNA
ENSG00000207930,ENSG00000172922,hsa-mir-603,RNASEH2C,0.81,Negative,miRNA-mRNA interaction,RNA,RNA
ENSG00000207930,ENSG00000127564,hsa-mir-603,PKMYT1,0.93,Negative,miRNA-mRNA interaction,RNA,RNA
ENSG00000198976,ENSG00000023445,hsa-mir-429,BIRC3,0.82,Negative,miRNA-mRNA interaction,RNA,RNA
ENSG00000198976,ENSG00000033327,hsa-mir-429,GAB2,0.9,Negative,miRNA-mRNA interaction,RNA,RNA
ENSG00000198976,ENSG00000050730,hsa-mir-429,TNIP3,0.75,Negative,miRNA-mRNA interaction,RNA,RNA
ENSG00000198976,ENSG00000104691,hsa-mir-429,UBXN8,0.91,Negative,miRNA-mRNA interaction,RNA,RNA
ENSG00000198976,ENSG00000104870,hsa-mir-429,FCGRT,0.99,Negative,miRNA-mRNA interaction,RNA,RNA
ENSG00000198976,ENSG00000107560,hsa-mir-429,RAB11FIP2,0.88,Negative,miRNA-mRNA interaction,RNA,RNA
ENSG00000198976,ENSG00000111186,hsa-mir-429,WNT5B,0.99,Negative,miRNA-mRNA interaction,RNA,RNA
ENSG00000198976,ENSG00000117594,hsa-mir-429,HSD11B1,0.96,Negative,miRNA-mRNA interaction,RNA,RNA
ENSG00000198976,ENSG00000136244,hsa-mir-429,IL6,0.92,Negative,miRNA-mRNA interaction,RNA,RNA
ENSG00000198976,ENSG00000140682,hsa-mir-429,TGFB1I1,0.77,Negative,miRNA-mRNA interaction,RNA,RNA
ENSG00000198976,ENSG00000140835,hsa-mir-429,CHST4,0.89,Negative,miRNA-mRNA interaction,RNA,RNA
ENSG00000198976,ENSG00000146232,hsa-mir-429,NFKBIE,0.9,Negative,miRNA-mRNA interaction,RNA,RNA
ENSG00000198976,ENSG00000147100,hsa-mir-429,SLC16A2,1,Negative,miRNA-mRNA interaction,RNA,RNA
ENSG00000198976,ENSG00000158156,hsa-mir-429,XKR8,0.72,Negative,miRNA-mRNA interaction,RNA,RNA
ENSG00000198976,ENSG00000163739,hsa-mir-429,CXCL1,0.87,Negative,miRNA-mRNA interaction,RNA,RNA
ENSG00000198976,ENSG00000165072,hsa-mir-429,MAMDC2,0.99,Negative,miRNA-mRNA interaction,RNA,RNA
ENSG00000198976,ENSG00000169429,hsa-mir-429,CXCL8,1,Negative,miRNA-mRNA interaction,RNA,RNA
ENSG00000198976,ENSG00000171631,hsa-mir-429,P2RY6,0.79,Negative,miRNA-mRNA interaction,RNA,RNA
ENSG00000198976,ENSG00000184108,hsa-mir-429,TRIML1,0.75,Negative,miRNA-mRNA interaction,RNA,RNA
ENSG00000198976,ENSG00000184374,hsa-mir-429,COLEC10,0.85,Negative,miRNA-mRNA interaction,RNA,RNA
ENSG00000198976,ENSG00000184530,hsa-mir-429,C6orf58,0.94,Negative,miRNA-mRNA interaction,RNA,RNA
ENSG00000198976,ENSG00000187957,hsa-mir-429,DNER,0.8,Negative,miRNA-mRNA interaction,RNA,RNA
ENSG00000198976,ENSG00000188487,hsa-mir-429,INSC,0.8,Negative,miRNA-mRNA interaction,RNA,RNA
ENSG00000198976,ENSG00000189056,hsa-mir-429,RELN,0.77,Negative,miRNA-mRNA interaction,RNA,RNA
ENSG00000198976,ENSG00000196371,hsa-mir-429,FUT4,0.84,Negative,miRNA-mRNA interaction,RNA,RNA
ENSG00000198976,ENSG00000205269,hsa-mir-429,TMEM170B,1,Negative,miRNA-mRNA interaction,RNA,RNA
ENSG00000198976,ENSG00000235109,hsa-mir-429,ZSCAN31,0.87,Negative,miRNA-mRNA interaction,RNA,RNA
ENSG00000198976,ENSG00000249992,hsa-mir-429,TMEM158,0.95,Negative,miRNA-mRNA interaction,RNA,RNA
ENSG00000283798,ENSG00000129473,hsa-mir-630,BCL2L2,0.99,Negative,miRNA-mRNA interaction,RNA,RNA
ENSG00000199080,ENSG00000105976,hsa-mir-133b,MET,0.72,Negative,miRNA-mRNA interaction,RNA,RNA
ENSG00000198976,ENSG00000170385,hsa-mir-429,SLC30A1,0.76,Negative,miRNA-mRNA interaction,RNA,RNA
ENSG00000198976,ENSG00000072756,hsa-mir-429,TRNT1,0.83,Negative,miRNA-mRNA interaction,RNA,RNA
ENSG00000198976,ENSG00000204525,hsa-mir-429,HLA-C,0.71,Negative,miRNA-mRNA interaction,RNA,RNA
ENSG00000198976,ENSG00000100433,hsa-mir-429,KCNK10,0.71,Negative,miRNA-mRNA interaction,RNA,RNA
ENSG00000207930,ENSG00000081041,hsa-mir-603,CXCL2,0.99,Negative,miRNA-mRNA interaction,RNA,RNA
ENSG00000198976,ENSG00000171617,hsa-mir-429,ENC1,0.86,Negative,miRNA-mRNA interaction,RNA,RNA
ENSG00000198976,ENSG00000073737,hsa-mir-429,DHRS9,0.79,Negative,miRNA-mRNA interaction,RNA,RNA
ENSG00000198976,ENSG00000184254,hsa-mir-429,ALDH1A3,0.95,Negative,miRNA-mRNA interaction,RNA,RNA
ENSG00000198976,ENSG00000105974,hsa-mir-429,CAV1,0.85,Negative,miRNA-mRNA interaction,RNA,RNA
ENSG00000198976,ENSG00000167165,hsa-mir-429,UGT1A6,0.74,Negative,miRNA-mRNA interaction,RNA,RNA
ENSG00000198976,ENSG00000074621,hsa-mir-429,SLC24A1,0.98,Negative,miRNA-mRNA interaction,RNA,RNA
ENSG00000198976,ENSG00000169550,hsa-mir-429,MUC15,0.83,Negative,miRNA-mRNA interaction,RNA,RNA
ENSG00000198976,ENSG00000139579,hsa-mir-429,NABP2,0.92,Negative,miRNA-mRNA interaction,RNA,RNA
ENSG00000198976,ENSG00000104953,hsa-mir-429,TLE6,0.99,Negative,miRNA-mRNA interaction,RNA,RNA
ENSG00000283791,ENSG00000170430,hsa-mir-612,MGMT,0.99,Negative,miRNA-mRNA interaction,RNA,RNA
ENSG00000199080,ENSG00000023287,hsa-mir-133b,RB1CC1,0.9,Negative,miRNA-mRNA interaction,RNA,RNA
ENSG00000207604,ENSG00000012048,hsa-mir-206,BRCA1,0.99,Negative,miRNA-mRNA interaction,RNA,RNA
ENSG00000199080,ENSG00000065883,hsa-mir-133b,CDK13,0.86,Negative,miRNA-mRNA interaction,RNA,RNA
ENSG00000207604,ENSG00000149554,hsa-mir-206,CHEK1,0.77,Negative,miRNA-mRNA interaction,RNA,RNA
ENSG00000207604,ENSG00000091831,hsa-mir-206,ESR1,1,Negative,miRNA-mRNA interaction,RNA,RNA
ENSG00000199001,ENSG00000102554,hsa-mir-448,KLF5,0.99,Negative,miRNA-mRNA interaction,RNA,RNA
ENSG00000199001,ENSG00000104756,hsa-mir-448,KCTD9,0.99,Negative,miRNA-mRNA interaction,RNA,RNA
ENSG00000199001,ENSG00000131236,hsa-mir-448,CAP1,0.73,Negative,miRNA-mRNA interaction,RNA,RNA
ENSG00000199001,ENSG00000144228,hsa-mir-448,SPOPL,0.73,Negative,miRNA-mRNA interaction,RNA,RNA
ENSG00000199001,ENSG00000145725,hsa-mir-448,PPIP5K2,0.89,Negative,miRNA-mRNA interaction,RNA,RNA
ENSG00000199001,ENSG00000149218,hsa-mir-448,ENDOD1,0.88,Negative,miRNA-mRNA interaction,RNA,RNA
ENSG00000199001,ENSG00000157933,hsa-mir-448,SKI,0.79,Negative,miRNA-mRNA interaction,RNA,RNA
ENSG00000199001,ENSG00000165424,hsa-mir-448,ZCCHC24,0.76,Negative,miRNA-mRNA interaction,RNA,RNA
ENSG00000199001,ENSG00000171714,hsa-mir-448,ANO5,0.86,Negative,miRNA-mRNA interaction,RNA,RNA
ENSG00000199001,ENSG00000178338,hsa-mir-448,ZNF354B,0.82,Negative,miRNA-mRNA interaction,RNA,RNA
ENSG00000199001,ENSG00000197461,hsa-mir-448,PDGFA,0.99,Negative,miRNA-mRNA interaction,RNA,RNA
ENSG00000199080,ENSG00000067225,hsa-mir-133b,PKM,0.92,Negative,miRNA-mRNA interaction,RNA,RNA
ENSG00000284419,ENSG00000170312,hsa-mir-663a,CDK1,0.98,Positive,miRNA-mRNA interaction,RNA,RNA
ENSG00000284565,ENSG00000136997,hsa-mir-451a,MYC,0.96,Negative,miRNA-mRNA interaction,RNA,RNA
ENSG00000198976,ENSG00000011422,hsa-mir-429,PLAUR,0.96,Negative,miRNA-mRNA interaction,RNA,RNA
ENSG00000198976,ENSG00000048052,hsa-mir-429,HDAC9,0.91,Negative,miRNA-mRNA interaction,RNA,RNA
ENSG00000198976,ENSG00000053747,hsa-mir-429,LAMA3,0.75,Negative,miRNA-mRNA interaction,RNA,RNA
ENSG00000198976,ENSG00000075618,hsa-mir-429,FSCN1,0.99,Negative,miRNA-mRNA interaction,RNA,RNA
ENSG00000198976,ENSG00000087495,hsa-mir-429,PHACTR3,0.84,Negative,miRNA-mRNA interaction,RNA,RNA
ENSG00000198976,ENSG00000088002,hsa-mir-429,SULT2B1,1,Negative,miRNA-mRNA interaction,RNA,RNA
ENSG00000198976,ENSG00000105388,hsa-mir-429,CEACAM5,0.98,Negative,miRNA-mRNA interaction,RNA,RNA
ENSG00000198976,ENSG00000126709,hsa-mir-429,IFI6,0.99,Negative,miRNA-mRNA interaction,RNA,RNA
ENSG00000198976,ENSG00000127528,hsa-mir-429,KLF2,1,Negative,miRNA-mRNA interaction,RNA,RNA
ENSG00000198976,ENSG00000137673,hsa-mir-429,MMP7,0.89,Negative,miRNA-mRNA interaction,RNA,RNA
ENSG00000198976,ENSG00000140545,hsa-mir-429,MFGE8,0.81,Negative,miRNA-mRNA interaction,RNA,RNA
ENSG00000198976,ENSG00000142207,hsa-mir-429,URB1,0.95,Negative,miRNA-mRNA interaction,RNA,RNA
ENSG00000198976,ENSG00000142910,hsa-mir-429,TINAGL1,0.98,Negative,miRNA-mRNA interaction,RNA,RNA
ENSG00000198976,ENSG00000143369,hsa-mir-429,ECM1,0.83,Negative,miRNA-mRNA interaction,RNA,RNA
ENSG00000198976,ENSG00000144134,hsa-mir-429,RABL2A,0.96,Negative,miRNA-mRNA interaction,RNA,RNA
ENSG00000198976,ENSG00000147394,hsa-mir-429,ZNF185,1,Negative,miRNA-mRNA interaction,RNA,RNA
ENSG00000198976,ENSG00000161714,hsa-mir-429,PLCD3,0.99,Negative,miRNA-mRNA interaction,RNA,RNA
ENSG00000198976,ENSG00000164120,hsa-mir-429,HPGD,0.71,Negative,miRNA-mRNA interaction,RNA,RNA
ENSG00000198976,ENSG00000164171,hsa-mir-429,ITGA2,0.97,Negative,miRNA-mRNA interaction,RNA,RNA
ENSG00000198976,ENSG00000164647,hsa-mir-429,STEAP1,0.84,Negative,miRNA-mRNA interaction,RNA,RNA
ENSG00000198976,ENSG00000165949,hsa-mir-429,IFI27,0.97,Negative,miRNA-mRNA interaction,RNA,RNA
ENSG00000198976,ENSG00000169908,hsa-mir-429,TM4SF1,1,Negative,miRNA-mRNA interaction,RNA,RNA
ENSG00000198976,ENSG00000171951,hsa-mir-429,SCG2,0.93,Negative,miRNA-mRNA interaction,RNA,RNA
ENSG00000198976,ENSG00000172081,hsa-mir-429,MOB3A,0.72,Negative,miRNA-mRNA interaction,RNA,RNA
ENSG00000198976,ENSG00000172927,hsa-mir-429,MYEOV,0.98,Negative,miRNA-mRNA interaction,RNA,RNA
ENSG00000198976,ENSG00000175591,hsa-mir-429,P2RY2,0.74,Negative,miRNA-mRNA interaction,RNA,RNA
ENSG00000198976,ENSG00000176485,hsa-mir-429,PLAAT3,0.9,Negative,miRNA-mRNA interaction,RNA,RNA
ENSG00000198976,ENSG00000177469,hsa-mir-429,CAVIN1,0.78,Negative,miRNA-mRNA interaction,RNA,RNA
ENSG00000198976,ENSG00000188015,hsa-mir-429,S100A3,0.9,Negative,miRNA-mRNA interaction,RNA,RNA
ENSG00000198976,ENSG00000197273,hsa-mir-429,GUCA2A,0.8,Negative,miRNA-mRNA interaction,RNA,RNA
ENSG00000198976,ENSG00000204634,hsa-mir-429,TBC1D8,0.9,Negative,miRNA-mRNA interaction,RNA,RNA
ENSG00000207604,ENSG00000220205,hsa-mir-206,VAMP2,0.78,Negative,miRNA-mRNA interaction,RNA,RNA
ENSG00000198976,ENSG00000007952,hsa-mir-429,NOX1,1,Negative,miRNA-mRNA interaction,RNA,RNA
ENSG00000198976,ENSG00000008394,hsa-mir-429,MGST1,0.98,Negative,miRNA-mRNA interaction,RNA,RNA
ENSG00000198976,ENSG00000012963,hsa-mir-429,UBR7,0.85,Negative,miRNA-mRNA interaction,RNA,RNA
ENSG00000198976,ENSG00000013523,hsa-mir-429,ANGEL1,1,Negative,miRNA-mRNA interaction,RNA,RNA
ENSG00000198976,ENSG00000013588,hsa-mir-429,GPRC5A,0.97,Negative,miRNA-mRNA interaction,RNA,RNA
ENSG00000198976,ENSG00000019505,hsa-mir-429,SYT13,0.89,Negative,miRNA-mRNA interaction,RNA,RNA
ENSG00000198976,ENSG00000065833,hsa-mir-429,ME1,0.79,Negative,miRNA-mRNA interaction,RNA,RNA
ENSG00000198976,ENSG00000081177,hsa-mir-429,EXD2,0.73,Negative,miRNA-mRNA interaction,RNA,RNA
ENSG00000198976,ENSG00000093217,hsa-mir-429,XYLB,0.71,Negative,miRNA-mRNA interaction,RNA,RNA
ENSG00000198976,ENSG00000100528,hsa-mir-429,CNIH1,1,Negative,miRNA-mRNA interaction,RNA,RNA
ENSG00000198976,ENSG00000100575,hsa-mir-429,TIMM9,0.97,Negative,miRNA-mRNA interaction,RNA,RNA
ENSG00000198976,ENSG00000100583,hsa-mir-429,SAMD15,1,Negative,miRNA-mRNA interaction,RNA,RNA
ENSG00000198976,ENSG00000100596,hsa-mir-429,SPTLC2,0.77,Negative,miRNA-mRNA interaction,RNA,RNA
ENSG00000198976,ENSG00000100605,hsa-mir-429,ITPK1,0.78,Negative,miRNA-mRNA interaction,RNA,RNA
ENSG00000198976,ENSG00000100714,hsa-mir-429,MTHFD1,0.81,Negative,miRNA-mRNA interaction,RNA,RNA
ENSG00000198976,ENSG00000100744,hsa-mir-429,GSKIP,0.83,Negative,miRNA-mRNA interaction,RNA,RNA
ENSG00000198976,ENSG00000100814,hsa-mir-429,CCNB1IP1,0.97,Negative,miRNA-mRNA interaction,RNA,RNA
ENSG00000198976,ENSG00000100889,hsa-mir-429,PCK2,0.98,Negative,miRNA-mRNA interaction,RNA,RNA
ENSG00000198976,ENSG00000100902,hsa-mir-429,PSMA6,0.89,Negative,miRNA-mRNA interaction,RNA,RNA
ENSG00000198976,ENSG00000105398,hsa-mir-429,SULT2A1,0.74,Negative,miRNA-mRNA interaction,RNA,RNA
ENSG00000198976,ENSG00000108829,hsa-mir-429,LRRC59,0.89,Negative,miRNA-mRNA interaction,RNA,RNA
ENSG00000198976,ENSG00000109107,hsa-mir-429,ALDOC,0.79,Negative,miRNA-mRNA interaction,RNA,RNA
ENSG00000198976,ENSG00000110911,hsa-mir-429,SLC11A2,0.84,Negative,miRNA-mRNA interaction,RNA,RNA
ENSG00000198976,ENSG00000111331,hsa-mir-429,OAS3,0.98,Negative,miRNA-mRNA interaction,RNA,RNA
ENSG00000198976,ENSG00000112245,hsa-mir-429,PTP4A1,0.98,Negative,miRNA-mRNA interaction,RNA,RNA
ENSG00000198976,ENSG00000113368,hsa-mir-429,LMNB1,0.76,Negative,miRNA-mRNA interaction,RNA,RNA
ENSG00000198976,ENSG00000116473,hsa-mir-429,RAP1A,0.93,Negative,miRNA-mRNA interaction,RNA,RNA
ENSG00000198976,ENSG00000122884,hsa-mir-429,P4HA1,0.93,Negative,miRNA-mRNA interaction,RNA,RNA
ENSG00000198976,ENSG00000123364,hsa-mir-429,HOXC13,0.88,Negative,miRNA-mRNA interaction,RNA,RNA
ENSG00000198976,ENSG00000131979,hsa-mir-429,GCH1,0.96,Negative,miRNA-mRNA interaction,RNA,RNA
ENSG00000198976,ENSG00000133424,hsa-mir-429,LARGE1,0.71,Negative,miRNA-mRNA interaction,RNA,RNA
ENSG00000198976,ENSG00000136052,hsa-mir-429,SLC41A2,0.77,Negative,miRNA-mRNA interaction,RNA,RNA
ENSG00000198976,ENSG00000136231,hsa-mir-429,IGF2BP3,1,Negative,miRNA-mRNA interaction,RNA,RNA
ENSG00000198976,ENSG00000137404,hsa-mir-429,NRM,1,Negative,miRNA-mRNA interaction,RNA,RNA
ENSG00000198976,ENSG00000137440,hsa-mir-429,FGFBP1,0.85,Negative,miRNA-mRNA interaction,RNA,RNA
ENSG00000198976,ENSG00000138764,hsa-mir-429,CCNG2,0.94,Negative,miRNA-mRNA interaction,RNA,RNA
ENSG00000198976,ENSG00000139998,hsa-mir-429,RAB15,0.73,Negative,miRNA-mRNA interaction,RNA,RNA
ENSG00000198976,ENSG00000141576,hsa-mir-429,RNF157,0.73,Negative,miRNA-mRNA interaction,RNA,RNA
ENSG00000198976,ENSG00000141655,hsa-mir-429,TNFRSF11A,0.8,Negative,miRNA-mRNA interaction,RNA,RNA
ENSG00000198976,ENSG00000143622,hsa-mir-429,RIT1,0.86,Negative,miRNA-mRNA interaction,RNA,RNA
ENSG00000198976,ENSG00000143891,hsa-mir-429,GALM,0.91,Negative,miRNA-mRNA interaction,RNA,RNA
ENSG00000198976,ENSG00000145287,hsa-mir-429,PLAC8,1,Negative,miRNA-mRNA interaction,RNA,RNA
ENSG00000198976,ENSG00000146648,hsa-mir-429,EGFR,0.74,Negative,miRNA-mRNA interaction,RNA,RNA
ENSG00000198976,ENSG00000148735,hsa-mir-429,PLEKHS1,0.71,Negative,miRNA-mRNA interaction,RNA,RNA
ENSG00000198976,ENSG00000149150,hsa-mir-429,SLC43A1,0.94,Negative,miRNA-mRNA interaction,RNA,RNA
ENSG00000198976,ENSG00000151632,hsa-mir-429,AKR1C2,0.93,Negative,miRNA-mRNA interaction,RNA,RNA
ENSG00000198976,ENSG00000155008,hsa-mir-429,APOOL,0.86,Negative,miRNA-mRNA interaction,RNA,RNA
ENSG00000198976,ENSG00000157111,hsa-mir-429,TMEM171,0.93,Negative,miRNA-mRNA interaction,RNA,RNA
ENSG00000198976,ENSG00000159871,hsa-mir-429,LYPD5,0.8,Negative,miRNA-mRNA interaction,RNA,RNA
ENSG00000198976,ENSG00000162433,hsa-mir-429,AK4,1,Negative,miRNA-mRNA interaction,RNA,RNA
ENSG00000198976,ENSG00000162441,hsa-mir-429,LZIC,0.91,Negative,miRNA-mRNA interaction,RNA,RNA
ENSG00000198976,ENSG00000162746,hsa-mir-429,FCRLB,0.85,Negative,miRNA-mRNA interaction,RNA,RNA
ENSG00000198976,ENSG00000162836,hsa-mir-429,ACP6,0.96,Negative,miRNA-mRNA interaction,RNA,RNA
ENSG00000198976,ENSG00000163812,hsa-mir-429,ZDHHC3,0.88,Negative,miRNA-mRNA interaction,RNA,RNA
ENSG00000198976,ENSG00000163866,hsa-mir-429,SMIM12,0.89,Negative,miRNA-mRNA interaction,RNA,RNA
ENSG00000198976,ENSG00000164483,hsa-mir-429,SAMD3,0.97,Negative,miRNA-mRNA interaction,RNA,RNA
ENSG00000198976,ENSG00000165782,hsa-mir-429,PIP4P1,0.99,Negative,miRNA-mRNA interaction,RNA,RNA
ENSG00000198976,ENSG00000166037,hsa-mir-429,CEP57,0.99,Negative,miRNA-mRNA interaction,RNA,RNA
ENSG00000198976,ENSG00000166869,hsa-mir-429,CHP2,0.96,Negative,miRNA-mRNA interaction,RNA,RNA
ENSG00000198976,ENSG00000169241,hsa-mir-429,SLC50A1,1,Negative,miRNA-mRNA interaction,RNA,RNA
ENSG00000198976,ENSG00000171723,hsa-mir-429,GPHN,0.82,Negative,miRNA-mRNA interaction,RNA,RNA
ENSG00000198976,ENSG00000172818,hsa-mir-429,OVOL1,0.93,Negative,miRNA-mRNA interaction,RNA,RNA
ENSG00000198976,ENSG00000174652,hsa-mir-429,ZNF266,0.82,Negative,miRNA-mRNA interaction,RNA,RNA
ENSG00000198976,ENSG00000175581,hsa-mir-429,MRPL48,0.9,Negative,miRNA-mRNA interaction,RNA,RNA
ENSG00000198976,ENSG00000175691,hsa-mir-429,ZNF77,0.8,Negative,miRNA-mRNA interaction,RNA,RNA
ENSG00000198976,ENSG00000176273,hsa-mir-429,SLC35G1,0.81,Negative,miRNA-mRNA interaction,RNA,RNA
ENSG00000198976,ENSG00000176597,hsa-mir-429,B3GNT5,0.98,Negative,miRNA-mRNA interaction,RNA,RNA
ENSG00000198976,ENSG00000177465,hsa-mir-429,ACOT4,0.95,Negative,miRNA-mRNA interaction,RNA,RNA
ENSG00000198976,ENSG00000178951,hsa-mir-429,ZBTB7A,0.86,Negative,miRNA-mRNA interaction,RNA,RNA
ENSG00000198976,ENSG00000182747,hsa-mir-429,SLC35D3,0.99,Negative,miRNA-mRNA interaction,RNA,RNA
ENSG00000198976,ENSG00000184227,hsa-mir-429,ACOT1,0.91,Negative,miRNA-mRNA interaction,RNA,RNA
ENSG00000198976,ENSG00000187068,hsa-mir-429,C3orf70,0.78,Negative,miRNA-mRNA interaction,RNA,RNA
ENSG00000198976,ENSG00000187258,hsa-mir-429,NPSR1,0.85,Negative,miRNA-mRNA interaction,RNA,RNA
ENSG00000198976,ENSG00000188211,hsa-mir-429,NCR3LG1,0.97,Negative,miRNA-mRNA interaction,RNA,RNA
ENSG00000198976,ENSG00000198074,hsa-mir-429,AKR1B10,0.87,Negative,miRNA-mRNA interaction,RNA,RNA
ENSG00000198976,ENSG00000198721,hsa-mir-429,ECI2,0.83,Negative,miRNA-mRNA interaction,RNA,RNA
