from,to,fromName,toName,edgeWeight,edgeDirection,edgeType,fromOmic,toOmic
Q9NY61,BAX,AATF,BAX,NA,Repression,TF regulation,Protein,Gene
Q9NY61,MYC,AATF,MYC,NA,Activation,TF regulation,Protein,Gene
P00519,BAX,ABL1,BAX,NA,Activation,TF regulation,Protein,Gene
P00519,BCL2,ABL1,BCL2,NA,Repression,TF regulation,Protein,Gene
P00519,BCL6,ABL1,BCL6,NA,Repression,TF regulation,Protein,Gene
P00519,CCND2,ABL1,CCND2,NA,Activation,TF regulation,Protein,Gene
P00519,CDKN1A,ABL1,CDKN1A,NA,Activation,TF regulation,Protein,Gene
P00519,CSF1,ABL1,CSF1,NA,Activation,TF regulation,Protein,Gene
P00519,FOXO3,ABL1,FOXO3,NA,Activation,TF regulation,Protein,Gene
P00519,JUN,ABL1,JUN,NA,Activation,TF regulation,Protein,Gene
P00519,PIM1,ABL1,PIM1,NA,Activation,TF regulation,Protein,Gene
P00519,TP53,ABL1,TP53,NA,Activation,TF regulation,Protein,Gene
Q08117,LEF1,AES,LEF1,NA,Activation,TF regulation,Protein,Gene
Q08117,RND3,AES,RND3,NA,Activation,TF regulation,Protein,Gene
P35869,AHRR,AHR,AHRR,NA,Activation,TF regulation,Protein,Gene
P35869,CA9,AHR,CA9,NA,Repression,TF regulation,Protein,Gene
P35869,CCNG2,AHR,CCNG2,NA,Activation,TF regulation,Protein,Gene
P35869,CYP1A1,AHR,CYP1A1,NA,Activation,TF regulation,Protein,Gene
P35869,CYP1B1,AHR,CYP1B1,NA,Activation,TF regulation,Protein,Gene
P35869,IL6,AHR,IL6,NA,Activation,TF regulation,Protein,Gene
P35869,PCNA,AHR,PCNA,NA,Activation,TF regulation,Protein,Gene
P35869,RFC3,AHR,RFC3,NA,Activation,TF regulation,Protein,Gene
P35869,UGT1A1,AHR,UGT1A1,NA,Activation,TF regulation,Protein,Gene
O00170,AHR,AIP,AHR,NA,Activation,TF regulation,Protein,Gene
O00170,GREB1,AIP,GREB1,NA,Repression,TF regulation,Protein,Gene
O00170,NFKB2,AIP,NFKB2,NA,Repression,TF regulation,Protein,Gene
O00170,RSF1,AIP,RSF1,NA,Repression,TF regulation,Protein,Gene
O00170,TFF1,AIP,TFF1,NA,Repression,TF regulation,Protein,Gene
Q15327,NPPA,ANKRD1,NPPA,NA,Repression,TF regulation,Protein,Gene
O00213,GMPS,APBB1,GMPS,NA,Repression,TF regulation,Protein,Gene
P25054,AKT1,APC,AKT1,NA,Repression,TF regulation,Protein,Gene
P25054,AMHR2,APC,AMHR2,NA,Repression,TF regulation,Protein,Gene
P25054,DNMT1,APC,DNMT1,NA,Repression,TF regulation,Protein,Gene
P25054,MYC,APC,MYC,NA,Repression,TF regulation,Protein,Gene
P25054,NOS2,APC,NOS2,NA,Activation,TF regulation,Protein,Gene
P25054,ODC1,APC,ODC1,NA,Repression,TF regulation,Protein,Gene
P25054,PTGS2,APC,PTGS2,NA,Repression,TF regulation,Protein,Gene
P25054,SGK1,APC,SGK1,NA,Repression,TF regulation,Protein,Gene
P27695,CCL2,APEX1,CCL2,NA,Activation,TF regulation,Protein,Gene
P27695,CD19,APEX1,CD19,NA,Activation,TF regulation,Protein,Gene
P27695,CYP11B2,APEX1,CYP11B2,NA,Repression,TF regulation,Protein,Gene
P27695,NFKB1,APEX1,NFKB1,NA,Activation,TF regulation,Protein,Gene
P27695,PTH,APEX1,PTH,NA,Repression,TF regulation,Protein,Gene
P27695,RELA,APEX1,RELA,NA,Activation,TF regulation,Protein,Gene
P27695,SLC5A5,APEX1,SLC5A5,NA,Activation,TF regulation,Protein,Gene
P10275,ACTA1,AR,ACTA1,NA,Activation,TF regulation,Protein,Gene
P10275,AKR1C3,AR,AKR1C3,NA,Repression,TF regulation,Protein,Gene
P10275,AKT1,AR,AKT1,NA,Activation,TF regulation,Protein,Gene
P10275,ARG1,AR,ARG1,NA,Activation,TF regulation,Protein,Gene
P10275,ARG2,AR,ARG2,NA,Activation,TF regulation,Protein,Gene
P10275,BTG1,AR,BTG1,NA,Repression,TF regulation,Protein,Gene
P10275,BTG2,AR,BTG2,NA,Repression,TF regulation,Protein,Gene
P10275,CDK20,AR,CDK20,NA,Activation,TF regulation,Protein,Gene
P10275,CDC6,AR,CDC6,NA,Activation,TF regulation,Protein,Gene
P10275,CDH1,AR,CDH1,NA,Repression,TF regulation,Protein,Gene
P10275,CDH2,AR,CDH2,NA,Activation,TF regulation,Protein,Gene
P10275,CDKN1A,AR,CDKN1A,NA,Activation,TF regulation,Protein,Gene
P10275,CLK3,AR,CLK3,NA,Repression,TF regulation,Protein,Gene
P10275,CRH,AR,CRH,NA,Repression,TF regulation,Protein,Gene
P10275,CTNNB1,AR,CTNNB1,NA,Activation,TF regulation,Protein,Gene
P10275,CYP7B1,AR,CYP7B1,NA,Repression,TF regulation,Protein,Gene
P10275,EGFR,AR,EGFR,NA,Activation,TF regulation,Protein,Gene
P10275,EP300,AR,EP300,NA,Activation,TF regulation,Protein,Gene
P10275,ERBB2,AR,ERBB2,NA,Activation,TF regulation,Protein,Gene
P10275,ERBB3,AR,ERBB3,NA,Activation,TF regulation,Protein,Gene
P10275,ETV1,AR,ETV1,NA,Activation,TF regulation,Protein,Gene
P10275,HMOX1,AR,HMOX1,NA,Activation,TF regulation,Protein,Gene
P10275,IGF1R,AR,IGF1R,NA,Activation,TF regulation,Protein,Gene
P10275,JUN,AR,JUN,NA,Activation,TF regulation,Protein,Gene
P10275,KISS1,AR,KISS1,NA,Activation,TF regulation,Protein,Gene
P10275,KISS1R,AR,KISS1R,NA,Activation,TF regulation,Protein,Gene
P10275,KLK3,AR,KLK3,NA,Activation,TF regulation,Protein,Gene
P10275,MUC1,AR,MUC1,NA,Repression,TF regulation,Protein,Gene
P10275,NAT1,AR,NAT1,NA,Activation,TF regulation,Protein,Gene
P10275,NFKB1,AR,NFKB1,NA,Repression,TF regulation,Protein,Gene
P10275,NKX3-1,AR,NKX3-1,NA,Activation,TF regulation,Protein,Gene
P10275,NRAS,AR,NRAS,NA,Repression,TF regulation,Protein,Gene
P10275,PC,AR,PC,NA,Activation,TF regulation,Protein,Gene
P10275,PTEN,AR,PTEN,NA,Activation,TF regulation,Protein,Gene
P10275,PTGS2,AR,PTGS2,NA,Repression,TF regulation,Protein,Gene
P10275,RELA,AR,RELA,NA,Repression,TF regulation,Protein,Gene
P10275,REST,AR,REST,NA,Repression,TF regulation,Protein,Gene
P10275,SEPT7,AR,SEPT7,NA,Repression,TF regulation,Protein,Gene
P10275,SERPINB5,AR,SERPINB5,NA,Repression,TF regulation,Protein,Gene
P10275,TGFA,AR,TGFA,NA,Activation,TF regulation,Protein,Gene
P10275,TH,AR,TH,NA,Activation,TF regulation,Protein,Gene
P10275,TJP1,AR,TJP1,NA,Activation,TF regulation,Protein,Gene
P10275,TMPRSS2,AR,TMPRSS2,NA,Activation,TF regulation,Protein,Gene
P10275,TSC1,AR,TSC1,NA,Repression,TF regulation,Protein,Gene
P10275,TSC2,AR,TSC2,NA,Repression,TF regulation,Protein,Gene
P10275,UCN,AR,UCN,NA,Repression,TF regulation,Protein,Gene
P10275,VEGFA,AR,VEGFA,NA,Activation,TF regulation,Protein,Gene
P10275,VIM,AR,VIM,NA,Repression,TF regulation,Protein,Gene
P10275,WEE1,AR,WEE1,NA,Repression,TF regulation,Protein,Gene
P10275,WNT7B,AR,WNT7B,NA,Activation,TF regulation,Protein,Gene
P10275,XIAP,AR,XIAP,NA,Repression,TF regulation,Protein,Gene
O14497,IGH,ARID1A,IGH,NA,Activation,TF regulation,Protein,Gene
Q8NFD5,IGH,ARID1B,IGH,NA,Activation,TF regulation,Protein,Gene
Q99856,PML,ARID3A,PML,NA,Activation,TF regulation,Protein,Gene
P27540,CA9,ARNT,CA9,NA,Activation,TF regulation,Protein,Gene
P27540,CCNE1,ARNT,CCNE1,NA,Repression,TF regulation,Protein,Gene
P27540,CDK2,ARNT,CDK2,NA,Repression,TF regulation,Protein,Gene
P27540,CYP1A1,ARNT,CYP1A1,NA,Activation,TF regulation,Protein,Gene
P27540,CYP1B1,ARNT,CYP1B1,NA,Activation,TF regulation,Protein,Gene
P27540,EPO,ARNT,EPO,NA,Activation,TF regulation,Protein,Gene
P27540,FOS,ARNT,FOS,NA,Repression,TF regulation,Protein,Gene
P27540,HIF1A,ARNT,HIF1A,NA,Activation,TF regulation,Protein,Gene
P27540,JUN,ARNT,JUN,NA,Repression,TF regulation,Protein,Gene
O00327,BHLHE40,ARNTL,BHLHE40,NA,Activation,TF regulation,Protein,Gene
O00327,CRY1,ARNTL,CRY1,NA,Activation,TF regulation,Protein,Gene
O00327,CRY2,ARNTL,CRY2,NA,Activation,TF regulation,Protein,Gene
O00327,PER1,ARNTL,PER1,NA,Activation,TF regulation,Protein,Gene
O00327,PER2,ARNTL,PER2,NA,Activation,TF regulation,Protein,Gene
O00327,PER3,ARNTL,PER3,NA,Activation,TF regulation,Protein,Gene
Q8WYA1,SERPINE1,ARNTL2,SERPINE1,NA,Activation,TF regulation,Protein,Gene
P50553,DKK1,ASCL1,DKK1,NA,Repression,TF regulation,Protein,Gene
P50553,IGF2,ASCL1,IGF2,NA,Repression,TF regulation,Protein,Gene
P50553,PCSK6,ASCL1,PCSK6,NA,Repression,TF regulation,Protein,Gene
P50553,TPH1,ASCL1,TPH1,NA,Repression,TF regulation,Protein,Gene
P18846,CCNA1,ATF1,CCNA1,NA,Repression,TF regulation,Protein,Gene
P18846,CFTR,ATF1,CFTR,NA,Activation,TF regulation,Protein,Gene
P18846,FTH1,ATF1,FTH1,NA,Activation,TF regulation,Protein,Gene
P18846,IL10,ATF1,IL10,NA,Activation,TF regulation,Protein,Gene
P18846,MAP1LC3B,ATF1,MAP1LC3B,NA,Activation,TF regulation,Protein,Gene
P18846,MITF,ATF1,MITF,NA,Activation,TF regulation,Protein,Gene
P18846,PCSK1,ATF1,PCSK1,NA,Activation,TF regulation,Protein,Gene
P18846,SLC20A1,ATF1,SLC20A1,NA,Activation,TF regulation,Protein,Gene
P18846,TGFB2,ATF1,TGFB2,NA,Activation,TF regulation,Protein,Gene
P15336,APOC3,ATF2,APOC3,NA,Activation,TF regulation,Protein,Gene
P15336,ATF3,ATF2,ATF3,NA,Activation,TF regulation,Protein,Gene
P15336,CCND1,ATF2,CCND1,NA,Activation,TF regulation,Protein,Gene
P15336,KAT5,ATF2,KAT5,NA,Repression,TF regulation,Protein,Gene
P15336,IFNB1,ATF2,IFNB1,NA,Activation,TF regulation,Protein,Gene
P15336,IFNG,ATF2,IFNG,NA,Activation,TF regulation,Protein,Gene
P15336,INS,ATF2,INS,NA,Activation,TF regulation,Protein,Gene
P15336,JUN,ATF2,JUN,NA,Activation,TF regulation,Protein,Gene
P15336,MMP2,ATF2,MMP2,NA,Activation,TF regulation,Protein,Gene
P15336,NOS3,ATF2,NOS3,NA,Repression,TF regulation,Protein,Gene
P15336,PCK1,ATF2,PCK1,NA,Activation,TF regulation,Protein,Gene
P15336,PLAT,ATF2,PLAT,NA,Activation,TF regulation,Protein,Gene
P15336,POLB,ATF2,POLB,NA,Activation,TF regulation,Protein,Gene
P15336,RELA,ATF2,RELA,NA,Activation,TF regulation,Protein,Gene
P15336,RETN,ATF2,RETN,NA,Activation,TF regulation,Protein,Gene
P15336,ST3GAL5,ATF2,ST3GAL5,NA,Activation,TF regulation,Protein,Gene
P15336,TGFB2,ATF2,TGFB2,NA,Repression,TF regulation,Protein,Gene
P15336,TNF,ATF2,TNF,NA,Activation,TF regulation,Protein,Gene
P18847,ADIPOR1,ATF3,ADIPOR1,NA,Repression,TF regulation,Protein,Gene
P18847,ADIPOR2,ATF3,ADIPOR2,NA,Repression,TF regulation,Protein,Gene
P18847,ASNS,ATF3,ASNS,NA,Activation,TF regulation,Protein,Gene
P18847,DDIT3,ATF3,DDIT3,NA,Activation,TF regulation,Protein,Gene
P18847,GDF15,ATF3,GDF15,NA,Activation,TF regulation,Protein,Gene
P18847,ID1,ATF3,ID1,NA,Repression,TF regulation,Protein,Gene
P18847,IFNG,ATF3,IFNG,NA,Activation,TF regulation,Protein,Gene
P18847,LDLR,ATF3,LDLR,NA,Repression,TF regulation,Protein,Gene
P18847,MMP2,ATF3,MMP2,NA,Repression,TF regulation,Protein,Gene
P18847,SELE,ATF3,SELE,NA,Repression,TF regulation,Protein,Gene
P18848,APOE,ATF4,APOE,NA,Activation,TF regulation,Protein,Gene
P18848,ASNS,ATF4,ASNS,NA,Activation,TF regulation,Protein,Gene
P18848,ATF3,ATF4,ATF3,NA,Activation,TF regulation,Protein,Gene
P18848,ATG5,ATF4,ATG5,NA,Activation,TF regulation,Protein,Gene
P18848,CEBPB,ATF4,CEBPB,NA,Activation,TF regulation,Protein,Gene
P18848,CHAC1,ATF4,CHAC1,NA,Activation,TF regulation,Protein,Gene
P18848,DDIT3,ATF4,DDIT3,NA,Activation,TF regulation,Protein,Gene
P18848,DDIT4,ATF4,DDIT4,NA,Activation,TF regulation,Protein,Gene
P18848,DDR2,ATF4,DDR2,NA,Activation,TF regulation,Protein,Gene
P18848,FGF19,ATF4,FGF19,NA,Activation,TF regulation,Protein,Gene
P18848,FGF21,ATF4,FGF21,NA,Activation,TF regulation,Protein,Gene
P18848,HRK,ATF4,HRK,NA,Activation,TF regulation,Protein,Gene
P18848,HSPA5,ATF4,HSPA5,NA,Repression,TF regulation,Protein,Gene
P18848,IGFBP1,ATF4,IGFBP1,NA,Activation,TF regulation,Protein,Gene
P18848,IRF7,ATF4,IRF7,NA,Repression,TF regulation,Protein,Gene
P18848,MAP1LC3B,ATF4,MAP1LC3B,NA,Activation,TF regulation,Protein,Gene
P18848,NDC80,ATF4,NDC80,NA,Activation,TF regulation,Protein,Gene
P18848,NUPR1,ATF4,NUPR1,NA,Activation,TF regulation,Protein,Gene
P18848,PLAU,ATF4,PLAU,NA,Activation,TF regulation,Protein,Gene
P18848,SIGMAR1,ATF4,SIGMAR1,NA,Activation,TF regulation,Protein,Gene
P18848,SIRT1,ATF4,SIRT1,NA,Activation,TF regulation,Protein,Gene
P18848,SIRT2,ATF4,SIRT2,NA,Repression,TF regulation,Protein,Gene
P18848,TRIB3,ATF4,TRIB3,NA,Activation,TF regulation,Protein,Gene
P18848,VEGFA,ATF4,VEGFA,NA,Activation,TF regulation,Protein,Gene
Q9Y2D1,BCL2,ATF5,BCL2,NA,Activation,TF regulation,Protein,Gene
Q9Y2D1,CCND3,ATF5,CCND3,NA,Activation,TF regulation,Protein,Gene
Q9Y2D1,CREB1,ATF5,CREB1,NA,Activation,TF regulation,Protein,Gene
Q9Y2D1,CYP2B6,ATF5,CYP2B6,NA,Activation,TF regulation,Protein,Gene
Q9Y2D1,ID1,ATF5,ID1,NA,Repression,TF regulation,Protein,Gene
P18850,DNAJC3,ATF6,DNAJC3,NA,Activation,TF regulation,Protein,Gene
P18850,MAFA,ATF6,MAFA,NA,Repression,TF regulation,Protein,Gene
P18850,NR0B2,ATF6,NR0B2,NA,Activation,TF regulation,Protein,Gene
P18850,NUCB1,ATF6,NUCB1,NA,Activation,TF regulation,Protein,Gene
P18850,PDX1,ATF6,PDX1,NA,Repression,TF regulation,Protein,Gene
P18850,RTN3,ATF6,RTN3,NA,Activation,TF regulation,Protein,Gene
P18850,STARD4,ATF6,STARD4,NA,Activation,TF regulation,Protein,Gene
P18850,WBP1,ATF6,WBP1,NA,Activation,TF regulation,Protein,Gene
P17544,TAF12,ATF7,TAF12,NA,Activation,TF regulation,Protein,Gene
Q13315,BAX,ATM,BAX,NA,Activation,TF regulation,Protein,Gene
Q13315,BCL2,ATM,BCL2,NA,Repression,TF regulation,Protein,Gene
Q13315,CFLAR,ATM,CFLAR,NA,Activation,TF regulation,Protein,Gene
Q13315,DUSP1,ATM,DUSP1,NA,Activation,TF regulation,Protein,Gene
Q13315,FAS,ATM,FAS,NA,Activation,TF regulation,Protein,Gene
Q13315,FOXM1,ATM,FOXM1,NA,Activation,TF regulation,Protein,Gene
Q13315,GADD45A,ATM,GADD45A,NA,Activation,TF regulation,Protein,Gene
Q13315,KLRK1,ATM,KLRK1,NA,Activation,TF regulation,Protein,Gene
Q13315,MCL1,ATM,MCL1,NA,Activation,TF regulation,Protein,Gene
Q13315,PMAIP1,ATM,PMAIP1,NA,Repression,TF regulation,Protein,Gene
Q13315,PVR,ATM,PVR,NA,Activation,TF regulation,Protein,Gene
Q13315,SLC2A1,ATM,SLC2A1,NA,Repression,TF regulation,Protein,Gene
Q13315,SP1,ATM,SP1,NA,Repression,TF regulation,Protein,Gene
Q13315,TERF1,ATM,TERF1,NA,Repression,TF regulation,Protein,Gene
Q13315,TNFRSF10B,ATM,TNFRSF10B,NA,Repression,TF regulation,Protein,Gene
Q13315,VEGFA,ATM,VEGFA,NA,Repression,TF regulation,Protein,Gene
Q92858,HES6,ATOH1,HES6,NA,Activation,TF regulation,Protein,Gene
Q92858,MUC2,ATOH1,MUC2,NA,Activation,TF regulation,Protein,Gene
P46100,HBA1,ATRX,HBA1,NA,Repression,TF regulation,Protein,Gene
P46100,HBA1,ATRX,HBA1,NA,Repression,TF regulation,Protein,Gene
P46100,HBA2,ATRX,HBA2,NA,Repression,TF regulation,Protein,Gene
P46100,HBA2,ATRX,HBA2,NA,Repression,TF regulation,Protein,Gene
O14867,HMOX1,BACH1,HMOX1,NA,Activation,TF regulation,Protein,Gene
O14867,MMP1,BACH1,MMP1,NA,Activation,TF regulation,Protein,Gene
Q9BYV9,XBP1,BACH2,XBP1,NA,Repression,TF regulation,Protein,Gene
Q99728,ESR1,BARD1,ESR1,NA,Activation,TF regulation,Protein,Gene
Q9H165,GATA1,BCL11A,GATA1,NA,Activation,TF regulation,Protein,Gene
P20749,CTCF,BCL3,CTCF,NA,Repression,TF regulation,Protein,Gene
P20749,EGFR,BCL3,EGFR,NA,Activation,TF regulation,Protein,Gene
P20749,NFKB1,BCL3,NFKB1,NA,Repression,TF regulation,Protein,Gene
P41182,BCL2L1,BCL6,BCL2L1,NA,Repression,TF regulation,Protein,Gene
P41182,BCL6,BCL6,BCL6,NA,Repression,TF regulation,Protein,Gene
P41182,CCND2,BCL6,CCND2,NA,Repression,TF regulation,Protein,Gene
P41182,CD80,BCL6,CD80,NA,Repression,TF regulation,Protein,Gene
P41182,CDKN1A,BCL6,CDKN1A,NA,Repression,TF regulation,Protein,Gene
P41182,CDKN2B,BCL6,CDKN2B,NA,Repression,TF regulation,Protein,Gene
P41182,CHEK1,BCL6,CHEK1,NA,Repression,TF regulation,Protein,Gene
P41182,FCER2,BCL6,FCER2,NA,Repression,TF regulation,Protein,Gene
P41182,HDAC7,BCL6,HDAC7,NA,Repression,TF regulation,Protein,Gene
P41182,IRF4,BCL6,IRF4,NA,Repression,TF regulation,Protein,Gene
P41182,LITAF,BCL6,LITAF,NA,Repression,TF regulation,Protein,Gene
P41182,MYC,BCL6,MYC,NA,Activation,TF regulation,Protein,Gene
P41182,NFKB1,BCL6,NFKB1,NA,Repression,TF regulation,Protein,Gene
P41182,PDCD2,BCL6,PDCD2,NA,Repression,TF regulation,Protein,Gene
P41182,SUMO1,BCL6,SUMO1,NA,Repression,TF regulation,Protein,Gene
P41182,XBP1,BCL6,XBP1,NA,Repression,TF regulation,Protein,Gene
Q9C0J9,CCND1,BHLHE41,CCND1,NA,Repression,TF regulation,Protein,Gene
Q9C0J9,MLH1,BHLHE41,MLH1,NA,Repression,TF regulation,Protein,Gene
P35226,TERT,BMI1,TERT,NA,Repression,TF regulation,Protein,Gene
P38398,AREG,BRCA1,AREG,NA,Repression,TF regulation,Protein,Gene
P38398,ASPM,BRCA1,ASPM,NA,Activation,TF regulation,Protein,Gene
P38398,ATM,BRCA1,ATM,NA,Activation,TF regulation,Protein,Gene
P38398,CDH3,BRCA1,CDH3,NA,Repression,TF regulation,Protein,Gene
P38398,CDKN1A,BRCA1,CDKN1A,NA,Activation,TF regulation,Protein,Gene
P38398,CDKN1B,BRCA1,CDKN1B,NA,Activation,TF regulation,Protein,Gene
P38398,CTSD,BRCA1,CTSD,NA,Repression,TF regulation,Protein,Gene
P38398,CXCL1,BRCA1,CXCL1,NA,Repression,TF regulation,Protein,Gene
P38398,CYP19A1,BRCA1,CYP19A1,NA,Activation,TF regulation,Protein,Gene
P38398,DDB2,BRCA1,DDB2,NA,Activation,TF regulation,Protein,Gene
P38398,DDIT3,BRCA1,DDIT3,NA,Activation,TF regulation,Protein,Gene
P38398,E2F6,BRCA1,E2F6,NA,Repression,TF regulation,Protein,Gene
P38398,EGFR,BRCA1,EGFR,NA,Repression,TF regulation,Protein,Gene
P38398,EP300,BRCA1,EP300,NA,Activation,TF regulation,Protein,Gene
P38398,ESR1,BRCA1,ESR1,NA,Activation,TF regulation,Protein,Gene
P38398,FOXC1,BRCA1,FOXC1,NA,Repression,TF regulation,Protein,Gene
P38398,FOXC2,BRCA1,FOXC2,NA,Repression,TF regulation,Protein,Gene
P38398,FST,BRCA1,FST,NA,Activation,TF regulation,Protein,Gene
P38398,GADD45A,BRCA1,GADD45A,NA,Activation,TF regulation,Protein,Gene
P38398,HMGA2,BRCA1,HMGA2,NA,Repression,TF regulation,Protein,Gene
P38398,HNRNPA2B1,BRCA1,HNRNPA2B1,NA,Repression,TF regulation,Protein,Gene
P38398,HSPA5,BRCA1,HSPA5,NA,Repression,TF regulation,Protein,Gene
P38398,IFNA1,BRCA1,IFNA1,NA,Activation,TF regulation,Protein,Gene
P38398,IGF1,BRCA1,IGF1,NA,Repression,TF regulation,Protein,Gene
P38398,IRF7,BRCA1,IRF7,NA,Activation,TF regulation,Protein,Gene
P38398,IRF9,BRCA1,IRF9,NA,Activation,TF regulation,Protein,Gene
P38398,KHSRP,BRCA1,KHSRP,NA,Repression,TF regulation,Protein,Gene
P38398,MAD2L1,BRCA1,MAD2L1,NA,Activation,TF regulation,Protein,Gene
P38398,MDM2,BRCA1,MDM2,NA,Activation,TF regulation,Protein,Gene
P38398,RNASEL,BRCA1,RNASEL,NA,Activation,TF regulation,Protein,Gene
P38398,S100A2,BRCA1,S100A2,NA,Activation,TF regulation,Protein,Gene
P38398,SIRT1,BRCA1,SIRT1,NA,Activation,TF regulation,Protein,Gene
P38398,STAT1,BRCA1,STAT1,NA,Activation,TF regulation,Protein,Gene
P38398,STAT2,BRCA1,STAT2,NA,Activation,TF regulation,Protein,Gene
P38398,TFF1,BRCA1,TFF1,NA,Repression,TF regulation,Protein,Gene
P38398,VEGFA,BRCA1,VEGFA,NA,Activation,TF regulation,Protein,Gene
Q9NPI1,BRD2,BRD7,BRD2,NA,Activation,TF regulation,Protein,Gene
Q9NPI1,BRD3,BRD7,BRD3,NA,Activation,TF regulation,Protein,Gene
Q9NPI1,E2F3,BRD7,E2F3,NA,Repression,TF regulation,Protein,Gene
O14981,DR1,BTAF1,DR1,NA,Repression,TF regulation,Protein,Gene
O14981,TBP,BTAF1,TBP,NA,Repression,TF regulation,Protein,Gene
P20290,ABL2,BTF3,ABL2,NA,Activation,TF regulation,Protein,Gene
P20290,ATM,BTF3,ATM,NA,Activation,TF regulation,Protein,Gene
P20290,EPHB2,BTF3,EPHB2,NA,Activation,TF regulation,Protein,Gene
P20290,HPSE2,BTF3,HPSE2,NA,Activation,TF regulation,Protein,Gene
P20290,MADCAM1,BTF3,MADCAM1,NA,Repression,TF regulation,Protein,Gene
P20290,MRVI1,BTF3,MRVI1,NA,Repression,TF regulation,Protein,Gene
P20290,NFKB1,BTF3,NFKB1,NA,Repression,TF regulation,Protein,Gene
P20290,RRAS2,BTF3,RRAS2,NA,Repression,TF regulation,Protein,Gene
P20290,SSPN,BTF3,SSPN,NA,Repression,TF regulation,Protein,Gene
P78543,CCND1,BTG2,CCND1,NA,Repression,TF regulation,Protein,Gene
P78543,HRAS,BTG2,HRAS,NA,Repression,TF regulation,Protein,Gene
P78543,KLK3,BTG2,KLK3,NA,Repression,TF regulation,Protein,Gene
P78543,SPHK1,BTG2,SPHK1,NA,Activation,TF regulation,Protein,Gene
O75081,ZNF652,CBFA2T3,ZNF652,NA,Repression,TF regulation,Protein,Gene
O95931,CCNE1,CBX7,CCNE1,NA,Repression,TF regulation,Protein,Gene
O95931,CDH1,CBX7,CDH1,NA,Activation,TF regulation,Protein,Gene
Q9HC52,CDKN1A,CBX8,CDKN1A,NA,Repression,TF regulation,Protein,Gene
Q96GN5,MAOB,CDCA7L,MAOB,NA,Repression,TF regulation,Protein,Gene
P47902,PCNA,CDX1,PCNA,NA,Activation,TF regulation,Protein,Gene
P47902,PPARG,CDX1,PPARG,NA,Activation,TF regulation,Protein,Gene
P47902,PTGS2,CDX1,PTGS2,NA,Activation,TF regulation,Protein,Gene
Q99626,ACAT2,CDX2,ACAT2,NA,Activation,TF regulation,Protein,Gene
Q99626,APC,CDX2,APC,NA,Activation,TF regulation,Protein,Gene
Q99626,AXIN2,CDX2,AXIN2,NA,Activation,TF regulation,Protein,Gene
Q99626,CDH17,CDX2,CDH17,NA,Activation,TF regulation,Protein,Gene
Q99626,CDKN1A,CDX2,CDKN1A,NA,Activation,TF regulation,Protein,Gene
Q99626,CFTR,CDX2,CFTR,NA,Activation,TF regulation,Protein,Gene
Q99626,ELMO3,CDX2,ELMO3,NA,Activation,TF regulation,Protein,Gene
Q99626,FUT2,CDX2,FUT2,NA,Activation,TF regulation,Protein,Gene
Q99626,HEPH,CDX2,HEPH,NA,Activation,TF regulation,Protein,Gene
Q99626,IGFBP3,CDX2,IGFBP3,NA,Repression,TF regulation,Protein,Gene
Q99626,KLF4,CDX2,KLF4,NA,Activation,TF regulation,Protein,Gene
Q99626,LCT,CDX2,LCT,NA,Activation,TF regulation,Protein,Gene
Q99626,MEP1A,CDX2,MEP1A,NA,Activation,TF regulation,Protein,Gene
Q99626,MUC2,CDX2,MUC2,NA,Activation,TF regulation,Protein,Gene
Q99626,PTGS2,CDX2,PTGS2,NA,Repression,TF regulation,Protein,Gene
Q99626,SLC15A1,CDX2,SLC15A1,NA,Activation,TF regulation,Protein,Gene
Q99626,TFF3,CDX2,TFF3,NA,Activation,TF regulation,Protein,Gene
Q99626,UGT1A10,CDX2,UGT1A10,NA,Activation,TF regulation,Protein,Gene
Q99626,UGT1A8,CDX2,UGT1A8,NA,Activation,TF regulation,Protein,Gene
P49715,BCL2,CEBPA,BCL2,NA,Repression,TF regulation,Protein,Gene
P49715,CCL2,CEBPA,CCL2,NA,Activation,TF regulation,Protein,Gene
P49715,CSF3R,CEBPA,CSF3R,NA,Activation,TF regulation,Protein,Gene
P49715,ELANE,CEBPA,ELANE,NA,Activation,TF regulation,Protein,Gene
P49715,F9,CEBPA,F9,NA,Activation,TF regulation,Protein,Gene
P49715,HAMP,CEBPA,HAMP,NA,Activation,TF regulation,Protein,Gene
P49715,HSD17B11,CEBPA,HSD17B11,NA,Activation,TF regulation,Protein,Gene
P49715,HSPA4,CEBPA,HSPA4,NA,Activation,TF regulation,Protein,Gene
P49715,IGF1,CEBPA,IGF1,NA,Activation,TF regulation,Protein,Gene
P49715,INSR,CEBPA,INSR,NA,Activation,TF regulation,Protein,Gene
P49715,ITGAX,CEBPA,ITGAX,NA,Activation,TF regulation,Protein,Gene
P49715,LEP,CEBPA,LEP,NA,Activation,TF regulation,Protein,Gene
P49715,MYC,CEBPA,MYC,NA,Repression,TF regulation,Protein,Gene
P49715,S100A9,CEBPA,S100A9,NA,Activation,TF regulation,Protein,Gene
P49715,SERPINC1,CEBPA,SERPINC1,NA,Activation,TF regulation,Protein,Gene
P49715,SFTPD,CEBPA,SFTPD,NA,Activation,TF regulation,Protein,Gene
P49715,SOCS3,CEBPA,SOCS3,NA,Activation,TF regulation,Protein,Gene
P49715,SPP1,CEBPA,SPP1,NA,Activation,TF regulation,Protein,Gene
P49715,STAR,CEBPA,STAR,NA,Activation,TF regulation,Protein,Gene
P17676,ABCB1,CEBPB,ABCB1,NA,Activation,TF regulation,Protein,Gene
P17676,ADM,CEBPB,ADM,NA,Activation,TF regulation,Protein,Gene
P17676,CDKN1A,CEBPB,CDKN1A,NA,Activation,TF regulation,Protein,Gene
P17676,CRP,CEBPB,CRP,NA,Activation,TF regulation,Protein,Gene
P17676,CSF3R,CEBPB,CSF3R,NA,Activation,TF regulation,Protein,Gene
P17676,CSRP1,CEBPB,CSRP1,NA,Activation,TF regulation,Protein,Gene
P17676,CXCL8,CEBPB,CXCL8,NA,Activation,TF regulation,Protein,Gene
P17676,CYP19A1,CEBPB,CYP19A1,NA,Repression,TF regulation,Protein,Gene
P17676,FURIN,CEBPB,FURIN,NA,Activation,TF regulation,Protein,Gene
P17676,GDF15,CEBPB,GDF15,NA,Activation,TF regulation,Protein,Gene
P17676,GFER,CEBPB,GFER,NA,Repression,TF regulation,Protein,Gene
P17676,IL1B,CEBPB,IL1B,NA,Activation,TF regulation,Protein,Gene
P17676,IL4,CEBPB,IL4,NA,Activation,TF regulation,Protein,Gene
P17676,IL6,CEBPB,IL6,NA,Activation,TF regulation,Protein,Gene
P17676,INSR,CEBPB,INSR,NA,Activation,TF regulation,Protein,Gene
P17676,IRF4,CEBPB,IRF4,NA,Activation,TF regulation,Protein,Gene
P17676,OXTR,CEBPB,OXTR,NA,Activation,TF regulation,Protein,Gene
P17676,PCK2,CEBPB,PCK2,NA,Activation,TF regulation,Protein,Gene
P17676,PRDM1,CEBPB,PRDM1,NA,Activation,TF regulation,Protein,Gene
P17676,PRSS50,CEBPB,PRSS50,NA,Activation,TF regulation,Protein,Gene
P17676,PTGS2,CEBPB,PTGS2,NA,Activation,TF regulation,Protein,Gene
P17676,S100A9,CEBPB,S100A9,NA,Activation,TF regulation,Protein,Gene
P17676,SAA2,CEBPB,SAA2,NA,Activation,TF regulation,Protein,Gene
P17676,SFTPD,CEBPB,SFTPD,NA,Activation,TF regulation,Protein,Gene
P17676,SLC19A1,CEBPB,SLC19A1,NA,Activation,TF regulation,Protein,Gene
P17676,SLC5A8,CEBPB,SLC5A8,NA,Activation,TF regulation,Protein,Gene
P17676,STAR,CEBPB,STAR,NA,Activation,TF regulation,Protein,Gene
P17676,TNFAIP6,CEBPB,TNFAIP6,NA,Activation,TF regulation,Protein,Gene
P17676,XBP1,CEBPB,XBP1,NA,Activation,TF regulation,Protein,Gene
P49716,CCL20,CEBPD,CCL20,NA,Activation,TF regulation,Protein,Gene
P49716,CXCL1,CEBPD,CXCL1,NA,Activation,TF regulation,Protein,Gene
P49716,CYP19A1,CEBPD,CYP19A1,NA,Repression,TF regulation,Protein,Gene
P49716,DDIT3,CEBPD,DDIT3,NA,Activation,TF regulation,Protein,Gene
P49716,IL23A,CEBPD,IL23A,NA,Activation,TF regulation,Protein,Gene
P49716,POU5F1,CEBPD,POU5F1,NA,Activation,TF regulation,Protein,Gene
P49716,PPARG,CEBPD,PPARG,NA,Activation,TF regulation,Protein,Gene
P49716,SOD1,CEBPD,SOD1,NA,Activation,TF regulation,Protein,Gene
P49716,TNFAIP6,CEBPD,TNFAIP6,NA,Activation,TF regulation,Protein,Gene
Q15744,GATA1,CEBPE,GATA1,NA,Repression,TF regulation,Protein,Gene
Q15744,MYC,CEBPE,MYC,NA,Repression,TF regulation,Protein,Gene
Q15744,PRG2,CEBPE,PRG2,NA,Repression,TF regulation,Protein,Gene
Q15744,SPI1,CEBPE,SPI1,NA,Repression,TF regulation,Protein,Gene
P53567,SFTPD,CEBPG,SFTPD,NA,Activation,TF regulation,Protein,Gene
Q03701,APC,CEBPZ,APC,NA,Activation,TF regulation,Protein,Gene
Q03701,COL11A1,CEBPZ,COL11A1,NA,Repression,TF regulation,Protein,Gene
Q03701,MLH1,CEBPZ,MLH1,NA,Repression,TF regulation,Protein,Gene
Q14839,CD79A,CHD4,CD79A,NA,Repression,TF regulation,Protein,Gene
Q9HCK8,CCNE2,CHD8,CCNE2,NA,Activation,TF regulation,Protein,Gene
P33076,COL1A1,CIITA,COL1A1,NA,Repression,TF regulation,Protein,Gene
P33076,COL1A2,CIITA,COL1A2,NA,Repression,TF regulation,Protein,Gene
P33076,HLA-A,CIITA,HLA-A,NA,Activation,TF regulation,Protein,Gene
P33076,HLA-B,CIITA,HLA-B,NA,Activation,TF regulation,Protein,Gene
P33076,HLA-C,CIITA,HLA-C,NA,Activation,TF regulation,Protein,Gene
P33076,HLA-DMA,CIITA,HLA-DMA,NA,Activation,TF regulation,Protein,Gene
P33076,HLA-DMB,CIITA,HLA-DMB,NA,Activation,TF regulation,Protein,Gene
P33076,HLA-DOA,CIITA,HLA-DOA,NA,Activation,TF regulation,Protein,Gene
P33076,HLA-DOB,CIITA,HLA-DOB,NA,Activation,TF regulation,Protein,Gene
P33076,HLA-DRA,CIITA,HLA-DRA,NA,Activation,TF regulation,Protein,Gene
P33076,IL4,CIITA,IL4,NA,Activation,TF regulation,Protein,Gene
P33076,MMP9,CIITA,MMP9,NA,Repression,TF regulation,Protein,Gene
P33076,PSMC5,CIITA,PSMC5,NA,Activation,TF regulation,Protein,Gene
P33076,S100A4,CIITA,S100A4,NA,Repression,TF regulation,Protein,Gene
P33076,SIRT1,CIITA,SIRT1,NA,Repression,TF regulation,Protein,Gene
Q99967,MMP1,CITED2,MMP1,NA,Repression,TF regulation,Protein,Gene
Q99967,MMP13,CITED2,MMP13,NA,Repression,TF regulation,Protein,Gene
O15516,BHLHE40,CLOCK,BHLHE40,NA,Activation,TF regulation,Protein,Gene
O15516,BHLHE41,CLOCK,BHLHE41,NA,Activation,TF regulation,Protein,Gene
O15516,CRY1,CLOCK,CRY1,NA,Activation,TF regulation,Protein,Gene
O15516,CRY2,CLOCK,CRY2,NA,Activation,TF regulation,Protein,Gene
O15516,DEC1,CLOCK,DEC1,NA,Activation,TF regulation,Protein,Gene
O15516,NAMPT,CLOCK,NAMPT,NA,Activation,TF regulation,Protein,Gene
O15516,NR0B2,CLOCK,NR0B2,NA,Activation,TF regulation,Protein,Gene
O15516,NR3C1,CLOCK,NR3C1,NA,Repression,TF regulation,Protein,Gene
O15516,PER1,CLOCK,PER1,NA,Activation,TF regulation,Protein,Gene
O15516,PER2,CLOCK,PER2,NA,Activation,TF regulation,Protein,Gene
O15516,PER3,CLOCK,PER3,NA,Activation,TF regulation,Protein,Gene
O15516,STAR,CLOCK,STAR,NA,Activation,TF regulation,Protein,Gene
Q92905,CDKN1B,COPS5,CDKN1B,NA,Repression,TF regulation,Protein,Gene
Q92905,VEGFA,COPS5,VEGFA,NA,Activation,TF regulation,Protein,Gene
P29373,RARA,CRABP2,RARA,NA,Activation,TF regulation,Protein,Gene
P16220,ACACA,CREB1,ACACA,NA,Activation,TF regulation,Protein,Gene
P16220,BCL2,CREB1,BCL2,NA,Activation,TF regulation,Protein,Gene
P16220,BDNF,CREB1,BDNF,NA,Activation,TF regulation,Protein,Gene
P16220,CASP8,CREB1,CASP8,NA,Activation,TF regulation,Protein,Gene
P16220,CYP19A1,CREB1,CYP19A1,NA,Activation,TF regulation,Protein,Gene
P16220,ETV3,CREB1,ETV3,NA,Activation,TF regulation,Protein,Gene
P16220,GRPR,CREB1,GRPR,NA,Activation,TF regulation,Protein,Gene
P16220,HMOX1,CREB1,HMOX1,NA,Repression,TF regulation,Protein,Gene
P16220,IFNG,CREB1,IFNG,NA,Activation,TF regulation,Protein,Gene
P16220,IL10,CREB1,IL10,NA,Activation,TF regulation,Protein,Gene
P16220,IL6,CREB1,IL6,NA,Activation,TF regulation,Protein,Gene
P16220,JUN,CREB1,JUN,NA,Repression,TF regulation,Protein,Gene
P16220,LYL1,CREB1,LYL1,NA,Activation,TF regulation,Protein,Gene
P16220,MC2R,CREB1,MC2R,NA,Activation,TF regulation,Protein,Gene
P16220,MITF,CREB1,MITF,NA,Activation,TF regulation,Protein,Gene
P16220,MUC4,CREB1,MUC4,NA,Activation,TF regulation,Protein,Gene
P16220,MUC5AC,CREB1,MUC5AC,NA,Activation,TF regulation,Protein,Gene
P16220,NDC80,CREB1,NDC80,NA,Activation,TF regulation,Protein,Gene
P16220,NOLC1,CREB1,NOLC1,NA,Activation,TF regulation,Protein,Gene
P16220,NR2F1,CREB1,NR2F1,NA,Repression,TF regulation,Protein,Gene
P16220,NR2F6,CREB1,NR2F6,NA,Repression,TF regulation,Protein,Gene
P16220,NR5A2,CREB1,NR5A2,NA,Activation,TF regulation,Protein,Gene
P16220,PCSK1,CREB1,PCSK1,NA,Activation,TF regulation,Protein,Gene
P16220,PLAT,CREB1,PLAT,NA,Repression,TF regulation,Protein,Gene
P16220,PPP2CA,CREB1,PPP2CA,NA,Activation,TF regulation,Protein,Gene
P16220,PPP2R2B,CREB1,PPP2R2B,NA,Activation,TF regulation,Protein,Gene
P16220,PSEN1,CREB1,PSEN1,NA,Activation,TF regulation,Protein,Gene
P16220,PTGS2,CREB1,PTGS2,NA,Activation,TF regulation,Protein,Gene
P16220,SLC20A1,CREB1,SLC20A1,NA,Activation,TF regulation,Protein,Gene
P16220,SMAD6,CREB1,SMAD6,NA,Activation,TF regulation,Protein,Gene
P16220,SNAI1,CREB1,SNAI1,NA,Repression,TF regulation,Protein,Gene
P16220,SNAI2,CREB1,SNAI2,NA,Repression,TF regulation,Protein,Gene
P16220,UXT,CREB1,UXT,NA,Activation,TF regulation,Protein,Gene
O43889,CXCR4,CREB3,CXCR4,NA,Activation,TF regulation,Protein,Gene
Q96BA8,SLC1A4,CREB3L1,SLC1A4,NA,Repression,TF regulation,Protein,Gene
Q02930,ATP6V0E1,CREB5,ATP6V0E1,NA,Activation,TF regulation,Protein,Gene
Q02930,CFB,CREB5,CFB,NA,Activation,TF regulation,Protein,Gene
Q02930,DGKG,CREB5,DGKG,NA,Activation,TF regulation,Protein,Gene
Q02930,LGALS3BP,CREB5,LGALS3BP,NA,Repression,TF regulation,Protein,Gene
Q02930,LY96,CREB5,LY96,NA,Repression,TF regulation,Protein,Gene
Q02930,MAPKAPK3,CREB5,MAPKAPK3,NA,Activation,TF regulation,Protein,Gene
Q02930,MX1,CREB5,MX1,NA,Activation,TF regulation,Protein,Gene
Q02930,RASGRP3,CREB5,RASGRP3,NA,Repression,TF regulation,Protein,Gene
Q02930,RDX,CREB5,RDX,NA,Repression,TF regulation,Protein,Gene
Q02930,STAT1,CREB5,STAT1,NA,Repression,TF regulation,Protein,Gene
Q02930,TGFBR3,CREB5,TGFBR3,NA,Activation,TF regulation,Protein,Gene
Q02930,TNFRSF11B,CREB5,TNFRSF11B,NA,Repression,TF regulation,Protein,Gene
Q92793,ALOX15,CREBBP,ALOX15,NA,Activation,TF regulation,Protein,Gene
Q92793,CDKN1A,CREBBP,CDKN1A,NA,Activation,TF regulation,Protein,Gene
Q92793,CREB1,CREBBP,CREB1,NA,Activation,TF regulation,Protein,Gene
Q92793,HINFP,CREBBP,HINFP,NA,Activation,TF regulation,Protein,Gene
Q92793,HOXA10,CREBBP,HOXA10,NA,Activation,TF regulation,Protein,Gene
Q92793,HOXA9,CREBBP,HOXA9,NA,Activation,TF regulation,Protein,Gene
Q92793,IL4,CREBBP,IL4,NA,Activation,TF regulation,Protein,Gene
Q92793,INSM1,CREBBP,INSM1,NA,Activation,TF regulation,Protein,Gene
Q92793,IRF1,CREBBP,IRF1,NA,Activation,TF regulation,Protein,Gene
Q92793,PSMC5,CREBBP,PSMC5,NA,Activation,TF regulation,Protein,Gene
O75629,HSPA4,CREG1,HSPA4,NA,Repression,TF regulation,Protein,Gene
Q03060,ACE,CREM,ACE,NA,Activation,TF regulation,Protein,Gene
Q03060,CCL4,CREM,CCL4,NA,Repression,TF regulation,Protein,Gene
Q03060,CCNA2,CREM,CCNA2,NA,Repression,TF regulation,Protein,Gene
Q03060,CD247,CREM,CD247,NA,Repression,TF regulation,Protein,Gene
Q03060,CREB1,CREM,CREB1,NA,Repression,TF regulation,Protein,Gene
Q03060,DUSP1,CREM,DUSP1,NA,Repression,TF regulation,Protein,Gene
Q03060,DUSP4,CREM,DUSP4,NA,Repression,TF regulation,Protein,Gene
Q03060,FASLG,CREM,FASLG,NA,Repression,TF regulation,Protein,Gene
Q03060,FOS,CREM,FOS,NA,Repression,TF regulation,Protein,Gene
Q03060,G6PD,CREM,G6PD,NA,Repression,TF regulation,Protein,Gene
Q03060,IL2,CREM,IL2,NA,Repression,TF regulation,Protein,Gene
Q03060,MC2R,CREM,MC2R,NA,Activation,TF regulation,Protein,Gene
Q03060,SLC5A5,CREM,SLC5A5,NA,Activation,TF regulation,Protein,Gene
Q6UUV9,PPARGC1A,CRTC1,PPARGC1A,NA,Activation,TF regulation,Protein,Gene
O43186,BEST1,CRX,BEST1,NA,Activation,TF regulation,Protein,Gene
O43186,NR2E3,CRX,NR2E3,NA,Activation,TF regulation,Protein,Gene
O43186,RBP3,CRX,RBP3,NA,Activation,TF regulation,Protein,Gene
O43186,RHO,CRX,RHO,NA,Repression,TF regulation,Protein,Gene
O43186,RS1,CRX,RS1,NA,Activation,TF regulation,Protein,Gene
Q13363,BRCA1,CTBP1,BRCA1,NA,Repression,TF regulation,Protein,Gene
Q13363,BRCA2,CTBP1,BRCA2,NA,Repression,TF regulation,Protein,Gene
Q13363,CLDN7,CTBP1,CLDN7,NA,Repression,TF regulation,Protein,Gene
P49711,APP,CTCF,APP,NA,Activation,TF regulation,Protein,Gene
P49711,BCL6,CTCF,BCL6,NA,Repression,TF regulation,Protein,Gene
P49711,MYC,CTCF,MYC,NA,Activation,TF regulation,Protein,Gene
P49711,PAX6,CTCF,PAX6,NA,Activation,TF regulation,Protein,Gene
P49711,RARRES1,CTCF,RARRES1,NA,Activation,TF regulation,Protein,Gene
P49711,TERT,CTCF,TERT,NA,Repression,TF regulation,Protein,Gene
Q8NI51,BAG1,CTCFL,BAG1,NA,Activation,TF regulation,Protein,Gene
P35222,CCND1,CTNNB1,CCND1,NA,Activation,TF regulation,Protein,Gene
P35222,CLDN2,CTNNB1,CLDN2,NA,Activation,TF regulation,Protein,Gene
P35222,JUN,CTNNB1,JUN,NA,Activation,TF regulation,Protein,Gene
P35222,MMP14,CTNNB1,MMP14,NA,Activation,TF regulation,Protein,Gene
P35222,MMP7,CTNNB1,MMP7,NA,Activation,TF regulation,Protein,Gene
P35222,MYC,CTNNB1,MYC,NA,Activation,TF regulation,Protein,Gene
P35222,PLD1,CTNNB1,PLD1,NA,Activation,TF regulation,Protein,Gene
P35222,RB1,CTNNB1,RB1,NA,Repression,TF regulation,Protein,Gene
P35222,STARD7,CTNNB1,STARD7,NA,Activation,TF regulation,Protein,Gene
P35222,VIM,CTNNB1,VIM,NA,Activation,TF regulation,Protein,Gene
Q13948,CYBB,CUX1,CYBB,NA,Activation,TF regulation,Protein,Gene
P39880,CYBB,CUX1,CYBB,NA,Activation,TF regulation,Protein,Gene
Q13948,WNT5A,CUX1,WNT5A,NA,Activation,TF regulation,Protein,Gene
P39880,WNT5A,CUX1,WNT5A,NA,Activation,TF regulation,Protein,Gene
Q9UI36,FOS,DACH1,FOS,NA,Repression,TF regulation,Protein,Gene
Q9UI36,TNFSF11,DACH1,TNFSF11,NA,Repression,TF regulation,Protein,Gene
Q9UER7,AIRE,DAXX,AIRE,NA,Repression,TF regulation,Protein,Gene
Q10586,ALDOB,DBP,ALDOB,NA,Activation,TF regulation,Protein,Gene
Q10586,CYP3A4,DBP,CYP3A4,NA,Activation,TF regulation,Protein,Gene
Q10586,CYP7A1,DBP,CYP7A1,NA,Activation,TF regulation,Protein,Gene
Q92466,BCL2,DDB2,BCL2,NA,Repression,TF regulation,Protein,Gene
Q92466,SOD2,DDB2,SOD2,NA,Repression,TF regulation,Protein,Gene
P35638,ANKRD1,DDIT3,ANKRD1,NA,Repression,TF regulation,Protein,Gene
P35638,ASNS,DDIT3,ASNS,NA,Repression,TF regulation,Protein,Gene
P35638,ATF2,DDIT3,ATF2,NA,Repression,TF regulation,Protein,Gene
P35638,ATF5,DDIT3,ATF5,NA,Repression,TF regulation,Protein,Gene
P35638,ATG5,DDIT3,ATG5,NA,Activation,TF regulation,Protein,Gene
P35638,CEBPA,DDIT3,CEBPA,NA,Repression,TF regulation,Protein,Gene
P35638,IL6,DDIT3,IL6,NA,Activation,TF regulation,Protein,Gene
P35638,MAP1LC3B,DDIT3,MAP1LC3B,NA,Activation,TF regulation,Protein,Gene
P35638,NOS3,DDIT3,NOS3,NA,Repression,TF regulation,Protein,Gene
P35638,RTN3,DDIT3,RTN3,NA,Activation,TF regulation,Protein,Gene
P35638,SIRT1,DDIT3,SIRT1,NA,Repression,TF regulation,Protein,Gene
P35638,SIRT2,DDIT3,SIRT2,NA,Repression,TF regulation,Protein,Gene
P35638,TNFRSF10B,DDIT3,TNFRSF10B,NA,Activation,TF regulation,Protein,Gene
P35638,TRIB3,DDIT3,TRIB3,NA,Activation,TF regulation,Protein,Gene
O75398,HTR1A,DEAF1,HTR1A,NA,Repression,TF regulation,Protein,Gene
P35659,BCL2,DEK,BCL2,NA,Activation,TF regulation,Protein,Gene
P35659,PRDX5,DEK,PRDX5,NA,Repression,TF regulation,Protein,Gene
Q7Z401,ERBB2,DENND4A,ERBB2,NA,Repression,TF regulation,Protein,Gene
O60479,CGA,DLX3,CGA,NA,Activation,TF regulation,Protein,Gene
Q92988,BRCA1,DLX4,BRCA1,NA,Repression,TF regulation,Protein,Gene
P56178,IBSP,DLX5,IBSP,NA,Activation,TF regulation,Protein,Gene
P56178,IRS2,DLX5,IRS2,NA,Activation,TF regulation,Protein,Gene
P56178,MYC,DLX5,MYC,NA,Activation,TF regulation,Protein,Gene
P26358,BIRC5,DNMT1,BIRC5,NA,Repression,TF regulation,Protein,Gene
P26358,BMP2,DNMT1,BMP2,NA,Repression,TF regulation,Protein,Gene
P26358,CASP8,DNMT1,CASP8,NA,Repression,TF regulation,Protein,Gene
P26358,CDH1,DNMT1,CDH1,NA,Repression,TF regulation,Protein,Gene
P26358,CDKN2A,DNMT1,CDKN2A,NA,Repression,TF regulation,Protein,Gene
P26358,CXCR4,DNMT1,CXCR4,NA,Repression,TF regulation,Protein,Gene
P26358,GAD1,DNMT1,GAD1,NA,Repression,TF regulation,Protein,Gene
P26358,IL3,DNMT1,IL3,NA,Repression,TF regulation,Protein,Gene
P26358,IL32,DNMT1,IL32,NA,Repression,TF regulation,Protein,Gene
P26358,MBD2,DNMT1,MBD2,NA,Repression,TF regulation,Protein,Gene
P26358,MSH2,DNMT1,MSH2,NA,Activation,TF regulation,Protein,Gene
P26358,RB1,DNMT1,RB1,NA,Repression,TF regulation,Protein,Gene
P26358,RELN,DNMT1,RELN,NA,Repression,TF regulation,Protein,Gene
P26358,TERT,DNMT1,TERT,NA,Activation,TF regulation,Protein,Gene
P26358,TIMP3,DNMT1,TIMP3,NA,Repression,TF regulation,Protein,Gene
P26358,TNFRSF10B,DNMT1,TNFRSF10B,NA,Repression,TF regulation,Protein,Gene
P26358,VEGFA,DNMT1,VEGFA,NA,Activation,TF regulation,Protein,Gene
Q9Y6K1,CDH6,DNMT3A,CDH6,NA,Repression,TF regulation,Protein,Gene
Q9Y6K1,IGFBP3,DNMT3A,IGFBP3,NA,Repression,TF regulation,Protein,Gene
Q9UJW3,TDG,DNMT3L,TDG,NA,Repression,TF regulation,Protein,Gene
Q01658,NR1I2,DR1,NR1I2,NA,Activation,TF regulation,Protein,Gene
Q01658,PTGS2,DR1,PTGS2,NA,Activation,TF regulation,Protein,Gene
Q01658,TBP,DR1,TBP,NA,Repression,TF regulation,Protein,Gene
Q9UBX2,HEY1,DUX4,HEY1,NA,Activation,TF regulation,Protein,Gene
Q9UBX2,HEY1,DUX4,HEY1,NA,Activation,TF regulation,Protein,Gene
Q01094,ABCB1,E2F1,ABCB1,NA,Activation,TF regulation,Protein,Gene
Q01094,APAF1,E2F1,APAF1,NA,Activation,TF regulation,Protein,Gene
Q01094,AR,E2F1,AR,NA,Activation,TF regulation,Protein,Gene
Q01094,ASF1B,E2F1,ASF1B,NA,Activation,TF regulation,Protein,Gene
Q01094,ATG5,E2F1,ATG5,NA,Activation,TF regulation,Protein,Gene
Q01094,ATM,E2F1,ATM,NA,Activation,TF regulation,Protein,Gene
Q01094,AURKA,E2F1,AURKA,NA,Activation,TF regulation,Protein,Gene
Q01094,BBC3,E2F1,BBC3,NA,Activation,TF regulation,Protein,Gene
Q01094,BCL2,E2F1,BCL2,NA,Activation,TF regulation,Protein,Gene
Q01094,BIRC5,E2F1,BIRC5,NA,Activation,TF regulation,Protein,Gene
Q01094,BRCA1,E2F1,BRCA1,NA,Repression,TF regulation,Protein,Gene
Q01094,CASP7,E2F1,CASP7,NA,Activation,TF regulation,Protein,Gene
Q01094,CCND1,E2F1,CCND1,NA,Activation,TF regulation,Protein,Gene
Q01094,CCNE1,E2F1,CCNE1,NA,Activation,TF regulation,Protein,Gene
Q01094,CD2AP,E2F1,CD2AP,NA,Activation,TF regulation,Protein,Gene
Q01094,CDCA7,E2F1,CDCA7,NA,Activation,TF regulation,Protein,Gene
Q01094,CDK1,E2F1,CDK1,NA,Activation,TF regulation,Protein,Gene
Q01094,CDKN1A,E2F1,CDKN1A,NA,Activation,TF regulation,Protein,Gene
Q01094,CDKN2A,E2F1,CDKN2A,NA,Activation,TF regulation,Protein,Gene
Q01094,CHEK2,E2F1,CHEK2,NA,Activation,TF regulation,Protein,Gene
Q01094,CTNNBIP1,E2F1,CTNNBIP1,NA,Activation,TF regulation,Protein,Gene
Q01094,DAPK2,E2F1,DAPK2,NA,Activation,TF regulation,Protein,Gene
Q01094,DBF4,E2F1,DBF4,NA,Activation,TF regulation,Protein,Gene
Q01094,DHFR,E2F1,DHFR,NA,Activation,TF regulation,Protein,Gene
Q01094,DIRAS3,E2F1,DIRAS3,NA,Repression,TF regulation,Protein,Gene
Q01094,DNMT1,E2F1,DNMT1,NA,Repression,TF regulation,Protein,Gene
Q01094,DRAM1,E2F1,DRAM1,NA,Activation,TF regulation,Protein,Gene
Q01094,DROSHA,E2F1,DROSHA,NA,Activation,TF regulation,Protein,Gene
Q01094,DUSP1,E2F1,DUSP1,NA,Activation,TF regulation,Protein,Gene
Q01094,E2F6,E2F1,E2F6,NA,Activation,TF regulation,Protein,Gene
Q01094,ERCC1,E2F1,ERCC1,NA,Activation,TF regulation,Protein,Gene
Q01094,ERCC5,E2F1,ERCC5,NA,Activation,TF regulation,Protein,Gene
Q01094,ERICD,E2F1,ERICD,NA,Repression,TF regulation,Protein,Gene
Q01094,ETV4,E2F1,ETV4,NA,Activation,TF regulation,Protein,Gene
Q01094,FANCA,E2F1,FANCA,NA,Activation,TF regulation,Protein,Gene
Q01094,FGFR1,E2F1,FGFR1,NA,Activation,TF regulation,Protein,Gene
Q01094,FHIT,E2F1,FHIT,NA,Repression,TF regulation,Protein,Gene
Q01094,FOXM1,E2F1,FOXM1,NA,Activation,TF regulation,Protein,Gene
Q01094,FZD1,E2F1,FZD1,NA,Activation,TF regulation,Protein,Gene
Q01094,H19,E2F1,H19,NA,Activation,TF regulation,Protein,Gene
Q01094,HIC1,E2F1,HIC1,NA,Activation,TF regulation,Protein,Gene
Q01094,HMGA1,E2F1,HMGA1,NA,Activation,TF regulation,Protein,Gene
Q01094,HSPA5,E2F1,HSPA5,NA,Repression,TF regulation,Protein,Gene
Q01094,IRF3,E2F1,IRF3,NA,Repression,TF regulation,Protein,Gene
Q01094,ISYNA1,E2F1,ISYNA1,NA,Activation,TF regulation,Protein,Gene
Q01094,KIF2C,E2F1,KIF2C,NA,Activation,TF regulation,Protein,Gene
Q01094,KIR3DL1,E2F1,KIR3DL1,NA,Activation,TF regulation,Protein,Gene
Q01094,LRBA,E2F1,LRBA,NA,Activation,TF regulation,Protein,Gene
Q01094,MAP1LC3A,E2F1,MAP1LC3A,NA,Activation,TF regulation,Protein,Gene
Q01094,MAP3K5,E2F1,MAP3K5,NA,Activation,TF regulation,Protein,Gene
Q01094,MCL1,E2F1,MCL1,NA,Repression,TF regulation,Protein,Gene
Q01094,MCPH1,E2F1,MCPH1,NA,Activation,TF regulation,Protein,Gene
Q01094,MDM2,E2F1,MDM2,NA,Repression,TF regulation,Protein,Gene
Q01094,MEFV,E2F1,MEFV,NA,Activation,TF regulation,Protein,Gene
Q01094,MT1G,E2F1,MT1G,NA,Activation,TF regulation,Protein,Gene
Q01094,MUC4,E2F1,MUC4,NA,Activation,TF regulation,Protein,Gene
Q01094,MYBL2,E2F1,MYBL2,NA,Activation,TF regulation,Protein,Gene
Q01094,MYC,E2F1,MYC,NA,Activation,TF regulation,Protein,Gene
Q01094,MYCN,E2F1,MYCN,NA,Activation,TF regulation,Protein,Gene
Q01094,NOX4,E2F1,NOX4,NA,Activation,TF regulation,Protein,Gene
Q01094,NPAT,E2F1,NPAT,NA,Activation,TF regulation,Protein,Gene
Q01094,NRIP1,E2F1,NRIP1,NA,Activation,TF regulation,Protein,Gene
Q01094,PCNA,E2F1,PCNA,NA,Activation,TF regulation,Protein,Gene
Q01094,PCSK6,E2F1,PCSK6,NA,Activation,TF regulation,Protein,Gene
Q01094,PDK4,E2F1,PDK4,NA,Repression,TF regulation,Protein,Gene
Q01094,PLK1,E2F1,PLK1,NA,Activation,TF regulation,Protein,Gene
Q01094,PNRC2,E2F1,PNRC2,NA,Repression,TF regulation,Protein,Gene
Q01094,PPARG,E2F1,PPARG,NA,Activation,TF regulation,Protein,Gene
Q01094,PPP1R13B,E2F1,PPP1R13B,NA,Activation,TF regulation,Protein,Gene
Q01094,RASGEF1B,E2F1,RASGEF1B,NA,Activation,TF regulation,Protein,Gene
Q01094,RASGRP1,E2F1,RASGRP1,NA,Activation,TF regulation,Protein,Gene
Q01094,RB1,E2F1,RB1,NA,Activation,TF regulation,Protein,Gene
Q01094,RBM38,E2F1,RBM38,NA,Activation,TF regulation,Protein,Gene
Q01094,RRM1,E2F1,RRM1,NA,Activation,TF regulation,Protein,Gene
Q01094,RRM2,E2F1,RRM2,NA,Activation,TF regulation,Protein,Gene
Q01094,SERPINB5,E2F1,SERPINB5,NA,Activation,TF regulation,Protein,Gene
Q01094,SERPINE1,E2F1,SERPINE1,NA,Repression,TF regulation,Protein,Gene
Q01094,SIVA1,E2F1,SIVA1,NA,Activation,TF regulation,Protein,Gene
Q01094,SKP2,E2F1,SKP2,NA,Activation,TF regulation,Protein,Gene
Q01094,TERT,E2F1,TERT,NA,Activation,TF regulation,Protein,Gene
Q01094,THBS1,E2F1,THBS1,NA,Activation,TF regulation,Protein,Gene
Q01094,TLR3,E2F1,TLR3,NA,Repression,TF regulation,Protein,Gene
Q01094,TNFSF11,E2F1,TNFSF11,NA,Activation,TF regulation,Protein,Gene
Q01094,TOP2A,E2F1,TOP2A,NA,Activation,TF regulation,Protein,Gene
Q01094,TP53,E2F1,TP53,NA,Activation,TF regulation,Protein,Gene
Q01094,TP53BP2,E2F1,TP53BP2,NA,Activation,TF regulation,Protein,Gene
Q01094,TP53INP1,E2F1,TP53INP1,NA,Activation,TF regulation,Protein,Gene
Q01094,TP73,E2F1,TP73,NA,Activation,TF regulation,Protein,Gene
Q01094,TYMS,E2F1,TYMS,NA,Activation,TF regulation,Protein,Gene
Q01094,UHRF1,E2F1,UHRF1,NA,Activation,TF regulation,Protein,Gene
Q01094,ULK1,E2F1,ULK1,NA,Activation,TF regulation,Protein,Gene
Q01094,VEGFA,E2F1,VEGFA,NA,Repression,TF regulation,Protein,Gene
Q01094,WWOX,E2F1,WWOX,NA,Repression,TF regulation,Protein,Gene
Q01094,XRCC1,E2F1,XRCC1,NA,Activation,TF regulation,Protein,Gene
O00716,AURKA,E2F3,AURKA,NA,Activation,TF regulation,Protein,Gene
O00716,CDKN1A,E2F3,CDKN1A,NA,Activation,TF regulation,Protein,Gene
O00716,ERICD,E2F3,ERICD,NA,Repression,TF regulation,Protein,Gene
Q16254,BRCA1,E2F4,BRCA1,NA,Activation,TF regulation,Protein,Gene
Q16254,DIRAS3,E2F4,DIRAS3,NA,Repression,TF regulation,Protein,Gene
Q16254,HCFC1,E2F4,HCFC1,NA,Activation,TF regulation,Protein,Gene
Q16254,PCLAF,E2F4,PCLAF,NA,Repression,TF regulation,Protein,Gene
Q16254,MCM10,E2F4,MCM10,NA,Repression,TF regulation,Protein,Gene
Q16254,PLK1,E2F4,PLK1,NA,Repression,TF regulation,Protein,Gene
Q16254,PPARG,E2F4,PPARG,NA,Repression,TF regulation,Protein,Gene
Q16254,RAD51,E2F4,RAD51,NA,Repression,TF regulation,Protein,Gene
Q16254,TOPBP1,E2F4,TOPBP1,NA,Repression,TF regulation,Protein,Gene
Q16254,TTK,E2F4,TTK,NA,Repression,TF regulation,Protein,Gene
O75461,APAF1,E2F6,APAF1,NA,Repression,TF regulation,Protein,Gene
O75461,E2F1,E2F6,E2F1,NA,Repression,TF regulation,Protein,Gene
O75461,PCLAF,E2F6,PCLAF,NA,Repression,TF regulation,Protein,Gene
Q96AV8,E2F1,E2F7,E2F1,NA,Repression,TF regulation,Protein,Gene
A0AVK6,E2F1,E2F8,E2F1,NA,Repression,TF regulation,Protein,Gene
Q66K89,CCNA2,E4F1,CCNA2,NA,Repression,TF regulation,Protein,Gene
Q96JC9,ELL,EAF1,ELL,NA,Activation,TF regulation,Protein,Gene
Q56P03,ABCB1,EAPP,ABCB1,NA,Activation,TF regulation,Protein,Gene
Q56P03,CDKN2A,EAPP,CDKN2A,NA,Repression,TF regulation,Protein,Gene
Q56P03,MAOB,EAPP,MAOB,NA,Repression,TF regulation,Protein,Gene
Q9H4W6,CDKN1A,EBF3,CDKN1A,NA,Activation,TF regulation,Protein,Gene
O95905,GCGR,ECD,GCGR,NA,Repression,TF regulation,Protein,Gene
P18146,ABCB1,EGR1,ABCB1,NA,Activation,TF regulation,Protein,Gene
P18146,ACE,EGR1,ACE,NA,Activation,TF regulation,Protein,Gene
P18146,ALOX5,EGR1,ALOX5,NA,Activation,TF regulation,Protein,Gene
P18146,AR,EGR1,AR,NA,Repression,TF regulation,Protein,Gene
P18146,ATF3,EGR1,ATF3,NA,Activation,TF regulation,Protein,Gene
P18146,BCAR1,EGR1,BCAR1,NA,Activation,TF regulation,Protein,Gene
P18146,CCND1,EGR1,CCND1,NA,Activation,TF regulation,Protein,Gene
P18146,CDK5R1,EGR1,CDK5R1,NA,Activation,TF regulation,Protein,Gene
P18146,CDKN1A,EGR1,CDKN1A,NA,Activation,TF regulation,Protein,Gene
P18146,CHGA,EGR1,CHGA,NA,Activation,TF regulation,Protein,Gene
P18146,CXCL8,EGR1,CXCL8,NA,Repression,TF regulation,Protein,Gene
P18146,CYP2B6,EGR1,CYP2B6,NA,Activation,TF regulation,Protein,Gene
P18146,EAPP,EGR1,EAPP,NA,Activation,TF regulation,Protein,Gene
P18146,EGFR,EGR1,EGFR,NA,Activation,TF regulation,Protein,Gene
P18146,EP300,EGR1,EP300,NA,Activation,TF regulation,Protein,Gene
P18146,FAP,EGR1,FAP,NA,Activation,TF regulation,Protein,Gene
P18146,FAS,EGR1,FAS,NA,Repression,TF regulation,Protein,Gene
P18146,FCER2,EGR1,FCER2,NA,Repression,TF regulation,Protein,Gene
P18146,FGF2,EGR1,FGF2,NA,Activation,TF regulation,Protein,Gene
P18146,FN1,EGR1,FN1,NA,Activation,TF regulation,Protein,Gene
P18146,GDF15,EGR1,GDF15,NA,Activation,TF regulation,Protein,Gene
P18146,HIF1A,EGR1,HIF1A,NA,Activation,TF regulation,Protein,Gene
P18146,HPSE,EGR1,HPSE,NA,Activation,TF regulation,Protein,Gene
P18146,HSD11B2,EGR1,HSD11B2,NA,Repression,TF regulation,Protein,Gene
P18146,HYAL1,EGR1,HYAL1,NA,Activation,TF regulation,Protein,Gene
P18146,IGF2,EGR1,IGF2,NA,Activation,TF regulation,Protein,Gene
P18146,IL3,EGR1,IL3,NA,Activation,TF regulation,Protein,Gene
P18146,IL6,EGR1,IL6,NA,Repression,TF regulation,Protein,Gene
P18146,KLK3,EGR1,KLK3,NA,Repression,TF regulation,Protein,Gene
P18146,LDLR,EGR1,LDLR,NA,Activation,TF regulation,Protein,Gene
P18146,LHB,EGR1,LHB,NA,Activation,TF regulation,Protein,Gene
P18146,LMTK2,EGR1,LMTK2,NA,Activation,TF regulation,Protein,Gene
P18146,MMP14,EGR1,MMP14,NA,Activation,TF regulation,Protein,Gene
P18146,MYB,EGR1,MYB,NA,Repression,TF regulation,Protein,Gene
P18146,NAB2,EGR1,NAB2,NA,Activation,TF regulation,Protein,Gene
P18146,PCSK2,EGR1,PCSK2,NA,Activation,TF regulation,Protein,Gene
P18146,PDGFB,EGR1,PDGFB,NA,Activation,TF regulation,Protein,Gene
P18146,PDGFC,EGR1,PDGFC,NA,Activation,TF regulation,Protein,Gene
P18146,PLAU,EGR1,PLAU,NA,Activation,TF regulation,Protein,Gene
P18146,PLAUR,EGR1,PLAUR,NA,Activation,TF regulation,Protein,Gene
P18146,PTEN,EGR1,PTEN,NA,Activation,TF regulation,Protein,Gene
P18146,PTGES,EGR1,PTGES,NA,Activation,TF regulation,Protein,Gene
P18146,PTGS2,EGR1,PTGS2,NA,Repression,TF regulation,Protein,Gene
P18146,RBL2,EGR1,RBL2,NA,Activation,TF regulation,Protein,Gene
P18146,SLC4A2,EGR1,SLC4A2,NA,Activation,TF regulation,Protein,Gene
P18146,SLC9A3,EGR1,SLC9A3,NA,Activation,TF regulation,Protein,Gene
P18146,SOD1,EGR1,SOD1,NA,Activation,TF regulation,Protein,Gene
P18146,STIM1,EGR1,STIM1,NA,Activation,TF regulation,Protein,Gene
P18146,SYN1,EGR1,SYN1,NA,Activation,TF regulation,Protein,Gene
P18146,TCF4,EGR1,TCF4,NA,Activation,TF regulation,Protein,Gene
P18146,TMPO,EGR1,TMPO,NA,Activation,TF regulation,Protein,Gene
P18146,TNF,EGR1,TNF,NA,Activation,TF regulation,Protein,Gene
P18146,TNFSF10,EGR1,TNFSF10,NA,Repression,TF regulation,Protein,Gene
P18146,TP53,EGR1,TP53,NA,Activation,TF regulation,Protein,Gene
P18146,UBE2S,EGR1,UBE2S,NA,Activation,TF regulation,Protein,Gene
P18146,VEGFA,EGR1,VEGFA,NA,Activation,TF regulation,Protein,Gene
P18146,WNT4,EGR1,WNT4,NA,Repression,TF regulation,Protein,Gene
P11161,FASLG,EGR2,FASLG,NA,Repression,TF regulation,Protein,Gene
P11161,SCD5,EGR2,SCD5,NA,Repression,TF regulation,Protein,Gene
Q06889,CAT,EGR3,CAT,NA,Activation,TF regulation,Protein,Gene
Q06889,NAB2,EGR3,NAB2,NA,Activation,TF regulation,Protein,Gene
Q9NZC4,DCDC2,EHF,DCDC2,NA,Repression,TF regulation,Protein,Gene
Q9NZC4,SPRR1B,EHF,SPRR1B,NA,Activation,TF regulation,Protein,Gene
Q96KQ7,RUNX3,EHMT2,RUNX3,NA,Activation,TF regulation,Protein,Gene
Q96KQ7,RUNX3,EHMT2,RUNX3,NA,Activation,TF regulation,Protein,Gene
Q96KQ7,SIAH1,EHMT2,SIAH1,NA,Repression,TF regulation,Protein,Gene
Q96KQ7,SIAH1,EHMT2,SIAH1,NA,Repression,TF regulation,Protein,Gene
P32519,CD68,ELF1,CD68,NA,Activation,TF regulation,Protein,Gene
P32519,FCER1A,ELF1,FCER1A,NA,Repression,TF regulation,Protein,Gene
P32519,FLI1,ELF1,FLI1,NA,Activation,TF regulation,Protein,Gene
P32519,MEIS1,ELF1,MEIS1,NA,Activation,TF regulation,Protein,Gene
P32519,TEK,ELF1,TEK,NA,Activation,TF regulation,Protein,Gene
Q15723,TEK,ELF2,TEK,NA,Activation,TF regulation,Protein,Gene
Q15723,VCP,ELF2,VCP,NA,Activation,TF regulation,Protein,Gene
P78545,KRT4,ELF3,KRT4,NA,Repression,TF regulation,Protein,Gene
P78545,MMP9,ELF3,MMP9,NA,Repression,TF regulation,Protein,Gene
P78545,SPRR1B,ELF3,SPRR1B,NA,Activation,TF regulation,Protein,Gene
P78545,SPRR2A,ELF3,SPRR2A,NA,Activation,TF regulation,Protein,Gene
P78545,TIMP3,ELF3,TIMP3,NA,Activation,TF regulation,Protein,Gene
Q99607,CXCL8,ELF4,CXCL8,NA,Activation,TF regulation,Protein,Gene
Q99607,HBD,ELF4,HBD,NA,Activation,TF regulation,Protein,Gene
Q99607,MMP9,ELF4,MMP9,NA,Repression,TF regulation,Protein,Gene
Q99607,TP53,ELF4,TP53,NA,Repression,TF regulation,Protein,Gene
P19419,EIF2AK1,ELK1,EIF2AK1,NA,Activation,TF regulation,Protein,Gene
P19419,EZH2,ELK1,EZH2,NA,Activation,TF regulation,Protein,Gene
P19419,FOSL1,ELK1,FOSL1,NA,Activation,TF regulation,Protein,Gene
P19419,MECOM,ELK1,MECOM,NA,Activation,TF regulation,Protein,Gene
P19419,MUC4,ELK1,MUC4,NA,Activation,TF regulation,Protein,Gene
P19419,PSEN1,ELK1,PSEN1,NA,Activation,TF regulation,Protein,Gene
P19419,TNFRSF10B,ELK1,TNFRSF10B,NA,Activation,TF regulation,Protein,Gene
P41970,MYH6,ELK3,MYH6,NA,Repression,TF regulation,Protein,Gene
P28324,FOS,ELK4,FOS,NA,Activation,TF regulation,Protein,Gene
P55199,BAX,ELL,BAX,NA,Repression,TF regulation,Protein,Gene
P55199,CDKN1A,ELL,CDKN1A,NA,Repression,TF regulation,Protein,Gene
P55199,E2F1,ELL,E2F1,NA,Repression,TF regulation,Protein,Gene
P55199,MDM2,ELL,MDM2,NA,Repression,TF regulation,Protein,Gene
Q05925,UTRN,EN1,UTRN,NA,Repression,TF regulation,Protein,Gene
P06733,MYC,ENO1,MYC,NA,Repression,TF regulation,Protein,Gene
Q09472,ALOX15,EP300,ALOX15,NA,Activation,TF regulation,Protein,Gene
Q09472,BIRC5,EP300,BIRC5,NA,Activation,TF regulation,Protein,Gene
Q09472,BRCA1,EP300,BRCA1,NA,Activation,TF regulation,Protein,Gene
Q09472,CA9,EP300,CA9,NA,Activation,TF regulation,Protein,Gene
Q09472,CCNE1,EP300,CCNE1,NA,Activation,TF regulation,Protein,Gene
Q09472,CDKN1A,EP300,CDKN1A,NA,Activation,TF regulation,Protein,Gene
Q09472,CRABP1,EP300,CRABP1,NA,Activation,TF regulation,Protein,Gene
Q09472,CYBB,EP300,CYBB,NA,Repression,TF regulation,Protein,Gene
Q09472,DNMT1,EP300,DNMT1,NA,Activation,TF regulation,Protein,Gene
Q09472,EIF2AK1,EP300,EIF2AK1,NA,Activation,TF regulation,Protein,Gene
Q09472,EPO,EP300,EPO,NA,Activation,TF regulation,Protein,Gene
Q09472,GFAP,EP300,GFAP,NA,Activation,TF regulation,Protein,Gene
Q09472,HINFP,EP300,HINFP,NA,Activation,TF regulation,Protein,Gene
Q09472,IFNG,EP300,IFNG,NA,Activation,TF regulation,Protein,Gene
Q09472,IGFBP3,EP300,IGFBP3,NA,Activation,TF regulation,Protein,Gene
Q09472,IL12B,EP300,IL12B,NA,Activation,TF regulation,Protein,Gene
Q09472,KRT16,EP300,KRT16,NA,Activation,TF regulation,Protein,Gene
Q09472,LAMA3,EP300,LAMA3,NA,Repression,TF regulation,Protein,Gene
Q09472,MMP9,EP300,MMP9,NA,Activation,TF regulation,Protein,Gene
Q09472,MYC,EP300,MYC,NA,Repression,TF regulation,Protein,Gene
Q09472,NR0B2,EP300,NR0B2,NA,Activation,TF regulation,Protein,Gene
Q09472,NR1H4,EP300,NR1H4,NA,Repression,TF regulation,Protein,Gene
Q09472,PCNA,EP300,PCNA,NA,Repression,TF regulation,Protein,Gene
Q09472,PTGS2,EP300,PTGS2,NA,Activation,TF regulation,Protein,Gene
Q09472,TBXAS1,EP300,TBXAS1,NA,Activation,TF regulation,Protein,Gene
Q09472,THBD,EP300,THBD,NA,Repression,TF regulation,Protein,Gene
Q09472,TP73,EP300,TP73,NA,Activation,TF regulation,Protein,Gene
Q09472,TRIM22,EP300,TRIM22,NA,Activation,TF regulation,Protein,Gene
Q09472,VCAM1,EP300,VCAM1,NA,Activation,TF regulation,Protein,Gene
Q09472,VEGFA,EP300,VEGFA,NA,Activation,TF regulation,Protein,Gene
Q09472,WT1,EP300,WT1,NA,Activation,TF regulation,Protein,Gene
Q99814,CA9,EPAS1,CA9,NA,Activation,TF regulation,Protein,Gene
Q99814,CCR7,EPAS1,CCR7,NA,Activation,TF regulation,Protein,Gene
Q99814,COL10A1,EPAS1,COL10A1,NA,Activation,TF regulation,Protein,Gene
Q99814,FLT1,EPAS1,FLT1,NA,Activation,TF regulation,Protein,Gene
Q99814,MMP14,EPAS1,MMP14,NA,Activation,TF regulation,Protein,Gene
Q99814,MSC,EPAS1,MSC,NA,Activation,TF regulation,Protein,Gene
Q99814,SERPINE1,EPAS1,SERPINE1,NA,Activation,TF regulation,Protein,Gene
Q99814,VEGFA,EPAS1,VEGFA,NA,Activation,TF regulation,Protein,Gene
P18074,BAX,ERCC2,BAX,NA,Activation,TF regulation,Protein,Gene
P18074,BCL2,ERCC2,BCL2,NA,Repression,TF regulation,Protein,Gene
P18074,CDKN1A,ERCC2,CDKN1A,NA,Activation,TF regulation,Protein,Gene
P18074,LAMTOR5,ERCC2,LAMTOR5,NA,Repression,TF regulation,Protein,Gene
P18074,TP53,ERCC2,TP53,NA,Activation,TF regulation,Protein,Gene
P50548,ETS2,ERF,ETS2,NA,Repression,TF regulation,Protein,Gene
P50548,PRL,ERF,PRL,NA,Repression,TF regulation,Protein,Gene
P50548,UTRN,ERF,UTRN,NA,Repression,TF regulation,Protein,Gene
P11308,ADAMTS1,ERG,ADAMTS1,NA,Activation,TF regulation,Protein,Gene
P11308,CXCL8,ERG,CXCL8,NA,Repression,TF regulation,Protein,Gene
P11308,CXCR4,ERG,CXCR4,NA,Activation,TF regulation,Protein,Gene
P11308,ENG,ERG,ENG,NA,Activation,TF regulation,Protein,Gene
P11308,EPB41L3,ERG,EPB41L3,NA,Repression,TF regulation,Protein,Gene
P11308,EPB41L4B,ERG,EPB41L4B,NA,Activation,TF regulation,Protein,Gene
P11308,ERG,ERG,ERG,NA,Activation,TF regulation,Protein,Gene
P11308,FGF2,ERG,FGF2,NA,Repression,TF regulation,Protein,Gene
P11308,ICAM1,ERG,ICAM1,NA,Repression,TF regulation,Protein,Gene
P11308,ILK,ERG,ILK,NA,Repression,TF regulation,Protein,Gene
P11308,PIM1,ERG,PIM1,NA,Activation,TF regulation,Protein,Gene
P11308,SPP1,ERG,SPP1,NA,Activation,TF regulation,Protein,Gene
P11308,TDRD1,ERG,TDRD1,NA,Activation,TF regulation,Protein,Gene
P11308,VIM,ERG,VIM,NA,Activation,TF regulation,Protein,Gene
P11308,VWF,ERG,VWF,NA,Activation,TF regulation,Protein,Gene
P11308,WNT11,ERG,WNT11,NA,Activation,TF regulation,Protein,Gene
P03372,AMH,ESR1,AMH,NA,Activation,TF regulation,Protein,Gene
P03372,AR,ESR1,AR,NA,Activation,TF regulation,Protein,Gene
P03372,BCL2,ESR1,BCL2,NA,Activation,TF regulation,Protein,Gene
P03372,BLM,ESR1,BLM,NA,Activation,TF regulation,Protein,Gene
P03372,BTG2,ESR1,BTG2,NA,Repression,TF regulation,Protein,Gene
P03372,CCNA2,ESR1,CCNA2,NA,Activation,TF regulation,Protein,Gene
P03372,CCND1,ESR1,CCND1,NA,Activation,TF regulation,Protein,Gene
P03372,CD24,ESR1,CD24,NA,Repression,TF regulation,Protein,Gene
P03372,CDKN1A,ESR1,CDKN1A,NA,Activation,TF regulation,Protein,Gene
P03372,CDKN1B,ESR1,CDKN1B,NA,Repression,TF regulation,Protein,Gene
P03372,CRH,ESR1,CRH,NA,Repression,TF regulation,Protein,Gene
P03372,CRHBP,ESR1,CRHBP,NA,Activation,TF regulation,Protein,Gene
P03372,CTNNB1,ESR1,CTNNB1,NA,Repression,TF regulation,Protein,Gene
P03372,CYP19A1,ESR1,CYP19A1,NA,Activation,TF regulation,Protein,Gene
P03372,CYP1A1,ESR1,CYP1A1,NA,Repression,TF regulation,Protein,Gene
P03372,CYP2C19,ESR1,CYP2C19,NA,Repression,TF regulation,Protein,Gene
P03372,DCT,ESR1,DCT,NA,Activation,TF regulation,Protein,Gene
P03372,F12,ESR1,F12,NA,Activation,TF regulation,Protein,Gene
P03372,FOXP1,ESR1,FOXP1,NA,Activation,TF regulation,Protein,Gene
P03372,GREB1,ESR1,GREB1,NA,Activation,TF regulation,Protein,Gene
P03372,HSPB1,ESR1,HSPB1,NA,Activation,TF regulation,Protein,Gene
P03372,HTRA2,ESR1,HTRA2,NA,Activation,TF regulation,Protein,Gene
P03372,JUN,ESR1,JUN,NA,Activation,TF regulation,Protein,Gene
P03372,JUNB,ESR1,JUNB,NA,Activation,TF regulation,Protein,Gene
P03372,KDR,ESR1,KDR,NA,Activation,TF regulation,Protein,Gene
P03372,KRT19,ESR1,KRT19,NA,Activation,TF regulation,Protein,Gene
P03372,NQO1,ESR1,NQO1,NA,Repression,TF regulation,Protein,Gene
P03372,NRF1,ESR1,NRF1,NA,Activation,TF regulation,Protein,Gene
P03372,PGR,ESR1,PGR,NA,Activation,TF regulation,Protein,Gene
P03372,PLAC1,ESR1,PLAC1,NA,Activation,TF regulation,Protein,Gene
P03372,PMAIP1,ESR1,PMAIP1,NA,Activation,TF regulation,Protein,Gene
P03372,PTMA,ESR1,PTMA,NA,Repression,TF regulation,Protein,Gene
P03372,RARA,ESR1,RARA,NA,Activation,TF regulation,Protein,Gene
P03372,SERPINE1,ESR1,SERPINE1,NA,Activation,TF regulation,Protein,Gene
P03372,TAC3,ESR1,TAC3,NA,Activation,TF regulation,Protein,Gene
P03372,TERT,ESR1,TERT,NA,Activation,TF regulation,Protein,Gene
P03372,TFF1,ESR1,TFF1,NA,Activation,TF regulation,Protein,Gene
P03372,TGFA,ESR1,TGFA,NA,Activation,TF regulation,Protein,Gene
P03372,TP53,ESR1,TP53,NA,Repression,TF regulation,Protein,Gene
P03372,UGT1A4,ESR1,UGT1A4,NA,Activation,TF regulation,Protein,Gene
P03372,UGT2B15,ESR1,UGT2B15,NA,Activation,TF regulation,Protein,Gene
P03372,VEGFA,ESR1,VEGFA,NA,Activation,TF regulation,Protein,Gene
P03372,ZEB1,ESR1,ZEB1,NA,Activation,TF regulation,Protein,Gene
P03372,ZFHX3,ESR1,ZFHX3,NA,Activation,TF regulation,Protein,Gene
Q92731,BRCA2,ESR2,BRCA2,NA,Repression,TF regulation,Protein,Gene
Q92731,CDKN1A,ESR2,CDKN1A,NA,Activation,TF regulation,Protein,Gene
Q92731,CRH,ESR2,CRH,NA,Repression,TF regulation,Protein,Gene
Q92731,INSR,ESR2,INSR,NA,Repression,TF regulation,Protein,Gene
Q92731,SERPINE1,ESR2,SERPINE1,NA,Repression,TF regulation,Protein,Gene
Q92731,TFF1,ESR2,TFF1,NA,Activation,TF regulation,Protein,Gene
Q92731,TGFA,ESR2,TGFA,NA,Activation,TF regulation,Protein,Gene
P11474,CYP19A1,ESRRA,CYP19A1,NA,Activation,TF regulation,Protein,Gene
P11474,NR2F1,ESRRA,NR2F1,NA,Repression,TF regulation,Protein,Gene
P11474,NR2F6,ESRRA,NR2F6,NA,Repression,TF regulation,Protein,Gene
P11474,NRIP1,ESRRA,NRIP1,NA,Activation,TF regulation,Protein,Gene
P11474,SNAI1,ESRRA,SNAI1,NA,Repression,TF regulation,Protein,Gene
P11474,SNAI2,ESRRA,SNAI2,NA,Repression,TF regulation,Protein,Gene
P62508,NR0B1,ESRRG,NR0B1,NA,Activation,TF regulation,Protein,Gene
P14921,ABCB1,ETS1,ABCB1,NA,Activation,TF regulation,Protein,Gene
P14921,ANGPT2,ETS1,ANGPT2,NA,Activation,TF regulation,Protein,Gene
P14921,ANPEP,ETS1,ANPEP,NA,Activation,TF regulation,Protein,Gene
P14921,BAX,ETS1,BAX,NA,Repression,TF regulation,Protein,Gene
P14921,BMP4,ETS1,BMP4,NA,Activation,TF regulation,Protein,Gene
P14921,CA9,ETS1,CA9,NA,Repression,TF regulation,Protein,Gene
P14921,CASP1,ETS1,CASP1,NA,Activation,TF regulation,Protein,Gene
P14921,CD8A,ETS1,CD8A,NA,Activation,TF regulation,Protein,Gene
P14921,CHUK,ETS1,CHUK,NA,Activation,TF regulation,Protein,Gene
P14921,CSF3R,ETS1,CSF3R,NA,Activation,TF regulation,Protein,Gene
P14921,ECE1,ETS1,ECE1,NA,Activation,TF regulation,Protein,Gene
P14921,EGR1,ETS1,EGR1,NA,Activation,TF regulation,Protein,Gene
P14921,ERG,ETS1,ERG,NA,Activation,TF regulation,Protein,Gene
P14921,FLI1,ETS1,FLI1,NA,Activation,TF regulation,Protein,Gene
P14921,GP6,ETS1,GP6,NA,Activation,TF regulation,Protein,Gene
P14921,GRPR,ETS1,GRPR,NA,Activation,TF regulation,Protein,Gene
P14921,IL2,ETS1,IL2,NA,Repression,TF regulation,Protein,Gene
P14921,IL2RB,ETS1,IL2RB,NA,Activation,TF regulation,Protein,Gene
P14921,IL5,ETS1,IL5,NA,Activation,TF regulation,Protein,Gene
P14921,CIP2A,ETS1,CIP2A,NA,Activation,TF regulation,Protein,Gene
P14921,LCK,ETS1,LCK,NA,Activation,TF regulation,Protein,Gene
P14921,MDM2,ETS1,MDM2,NA,Repression,TF regulation,Protein,Gene
P14921,MMP1,ETS1,MMP1,NA,Activation,TF regulation,Protein,Gene
P14921,MMP13,ETS1,MMP13,NA,Activation,TF regulation,Protein,Gene
P14921,MMP9,ETS1,MMP9,NA,Activation,TF regulation,Protein,Gene
P14921,MUC4,ETS1,MUC4,NA,Activation,TF regulation,Protein,Gene
P14921,MYB,ETS1,MYB,NA,Activation,TF regulation,Protein,Gene
P14921,NDRG1,ETS1,NDRG1,NA,Repression,TF regulation,Protein,Gene
P14921,NKX3-1,ETS1,NKX3-1,NA,Activation,TF regulation,Protein,Gene
P14921,PARP1,ETS1,PARP1,NA,Activation,TF regulation,Protein,Gene
P14921,PF4,ETS1,PF4,NA,Activation,TF regulation,Protein,Gene
P14921,PRL,ETS1,PRL,NA,Activation,TF regulation,Protein,Gene
P14921,PTHLH,ETS1,PTHLH,NA,Activation,TF regulation,Protein,Gene
P14921,RHOC,ETS1,RHOC,NA,Activation,TF regulation,Protein,Gene
P14921,SLC26A3,ETS1,SLC26A3,NA,Activation,TF regulation,Protein,Gene
P14921,TBXA2R,ETS1,TBXA2R,NA,Activation,TF regulation,Protein,Gene
P14921,TBXAS1,ETS1,TBXAS1,NA,Repression,TF regulation,Protein,Gene
P14921,TERT,ETS1,TERT,NA,Repression,TF regulation,Protein,Gene
P14921,TFAP2A,ETS1,TFAP2A,NA,Activation,TF regulation,Protein,Gene
P14921,TGFBR2,ETS1,TGFBR2,NA,Activation,TF regulation,Protein,Gene
P14921,TMEM158,ETS1,TMEM158,NA,Activation,TF regulation,Protein,Gene
P14921,TNC,ETS1,TNC,NA,Activation,TF regulation,Protein,Gene
P14921,TNFSF14,ETS1,TNFSF14,NA,Activation,TF regulation,Protein,Gene
P14921,TRA,ETS1,TRA,NA,Activation,TF regulation,Protein,Gene
P14921,TRB,ETS1,TRB,NA,Repression,TF regulation,Protein,Gene
P14921,WT1,ETS1,WT1,NA,Activation,TF regulation,Protein,Gene
P15036,ANGPT2,ETS2,ANGPT2,NA,Activation,TF regulation,Protein,Gene
P15036,ANPEP,ETS2,ANPEP,NA,Activation,TF regulation,Protein,Gene
P15036,CGA,ETS2,CGA,NA,Activation,TF regulation,Protein,Gene
P15036,CHRNE,ETS2,CHRNE,NA,Activation,TF regulation,Protein,Gene
P15036,CSF2,ETS2,CSF2,NA,Activation,TF regulation,Protein,Gene
P15036,CSF3R,ETS2,CSF3R,NA,Activation,TF regulation,Protein,Gene
P15036,CXCL8,ETS2,CXCL8,NA,Activation,TF regulation,Protein,Gene
P15036,ERG,ETS2,ERG,NA,Activation,TF regulation,Protein,Gene
P15036,FLI1,ETS2,FLI1,NA,Activation,TF regulation,Protein,Gene
P15036,ICAM1,ETS2,ICAM1,NA,Activation,TF regulation,Protein,Gene
P15036,IL5,ETS2,IL5,NA,Activation,TF regulation,Protein,Gene
P15036,LCK,ETS2,LCK,NA,Activation,TF regulation,Protein,Gene
P15036,MDM2,ETS2,MDM2,NA,Activation,TF regulation,Protein,Gene
P15036,MMP9,ETS2,MMP9,NA,Activation,TF regulation,Protein,Gene
P15036,MSR1,ETS2,MSR1,NA,Activation,TF regulation,Protein,Gene
P41162,NFKB1,ETV3,NFKB1,NA,Repression,TF regulation,Protein,Gene
P41162,RELA,ETV3,RELA,NA,Repression,TF regulation,Protein,Gene
P43268,AGTR1,ETV4,AGTR1,NA,Activation,TF regulation,Protein,Gene
P43268,CCND2,ETV4,CCND2,NA,Activation,TF regulation,Protein,Gene
P43268,CCND3,ETV4,CCND3,NA,Activation,TF regulation,Protein,Gene
P43268,ERBB2,ETV4,ERBB2,NA,Repression,TF regulation,Protein,Gene
P43268,ETS1,ETV4,ETS1,NA,Activation,TF regulation,Protein,Gene
P43268,MMP14,ETV4,MMP14,NA,Activation,TF regulation,Protein,Gene
P43268,MMP7,ETV4,MMP7,NA,Activation,TF regulation,Protein,Gene
P43268,MUC4,ETV4,MUC4,NA,Activation,TF regulation,Protein,Gene
P43268,PTGS2,ETV4,PTGS2,NA,Activation,TF regulation,Protein,Gene
P43268,TERT,ETV4,TERT,NA,Activation,TF regulation,Protein,Gene
P43268,VIM,ETV4,VIM,NA,Activation,TF regulation,Protein,Gene
P41161,ICAM1,ETV5,ICAM1,NA,Activation,TF regulation,Protein,Gene
P41212,BBC3,ETV6,BBC3,NA,Activation,TF regulation,Protein,Gene
P41212,CDKN1A,ETV6,CDKN1A,NA,Activation,TF regulation,Protein,Gene
P41212,GAS2,ETV6,GAS2,NA,Repression,TF regulation,Protein,Gene
P41212,IGFBP5,ETV6,IGFBP5,NA,Activation,TF regulation,Protein,Gene
P41212,MAD2L1,ETV6,MAD2L1,NA,Repression,TF regulation,Protein,Gene
P49640,GSC,EVX1,GSC,NA,Repression,TF regulation,Protein,Gene
Q01844,MITF,EWSR1,MITF,NA,Activation,TF regulation,Protein,Gene
Q01844,PHLDA1,EWSR1,PHLDA1,NA,Repression,TF regulation,Protein,Gene
Q01844,TERT,EWSR1,TERT,NA,Activation,TF regulation,Protein,Gene
Q01844,TGFBR2,EWSR1,TGFBR2,NA,Repression,TF regulation,Protein,Gene
Q15910,ADAMTS1,EZH2,ADAMTS1,NA,Repression,TF regulation,Protein,Gene
Q15910,ADRB2,EZH2,ADRB2,NA,Repression,TF regulation,Protein,Gene
Q15910,ALDH1A1,EZH2,ALDH1A1,NA,Repression,TF regulation,Protein,Gene
Q15910,APC,EZH2,APC,NA,Repression,TF regulation,Protein,Gene
Q15910,AXL,EZH2,AXL,NA,Activation,TF regulation,Protein,Gene
Q15910,CCND1,EZH2,CCND1,NA,Activation,TF regulation,Protein,Gene
Q15910,CCNE1,EZH2,CCNE1,NA,Activation,TF regulation,Protein,Gene
Q15910,CDH1,EZH2,CDH1,NA,Repression,TF regulation,Protein,Gene
Q15910,CDKN1A,EZH2,CDKN1A,NA,Repression,TF regulation,Protein,Gene
Q15910,CDKN2A,EZH2,CDKN2A,NA,Repression,TF regulation,Protein,Gene
Q15910,CDKN2B,EZH2,CDKN2B,NA,Repression,TF regulation,Protein,Gene
Q15910,CIITA,EZH2,CIITA,NA,Repression,TF regulation,Protein,Gene
Q15910,DACT3,EZH2,DACT3,NA,Repression,TF regulation,Protein,Gene
Q15910,FBXO32,EZH2,FBXO32,NA,Repression,TF regulation,Protein,Gene
Q15910,FOXC1,EZH2,FOXC1,NA,Repression,TF regulation,Protein,Gene
Q15910,HDAC1,EZH2,HDAC1,NA,Repression,TF regulation,Protein,Gene
Q15910,HOXB13,EZH2,HOXB13,NA,Repression,TF regulation,Protein,Gene
Q15910,KPNB1,EZH2,KPNB1,NA,Activation,TF regulation,Protein,Gene
Q15910,MMP2,EZH2,MMP2,NA,Activation,TF regulation,Protein,Gene
Q15910,MST1,EZH2,MST1,NA,Repression,TF regulation,Protein,Gene
Q15910,MYC,EZH2,MYC,NA,Repression,TF regulation,Protein,Gene
Q15910,PCNA,EZH2,PCNA,NA,Activation,TF regulation,Protein,Gene
Q15910,PEBP1,EZH2,PEBP1,NA,Repression,TF regulation,Protein,Gene
Q15910,PIP5K1C,EZH2,PIP5K1C,NA,Repression,TF regulation,Protein,Gene
Q15910,RPLP0,EZH2,RPLP0,NA,Activation,TF regulation,Protein,Gene
Q15910,RUNX3,EZH2,RUNX3,NA,Repression,TF regulation,Protein,Gene
Q15910,SATB1,EZH2,SATB1,NA,Repression,TF regulation,Protein,Gene
Q15910,SNAI2,EZH2,SNAI2,NA,Repression,TF regulation,Protein,Gene
Q15910,SSTR1,EZH2,SSTR1,NA,Repression,TF regulation,Protein,Gene
Q15910,TP53,EZH2,TP53,NA,Repression,TF regulation,Protein,Gene
Q15910,TWIST1,EZH2,TWIST1,NA,Repression,TF regulation,Protein,Gene
Q14192,CCND1,FHL2,CCND1,NA,Repression,TF regulation,Protein,Gene
Q14192,CDKN1A,FHL2,CDKN1A,NA,Activation,TF regulation,Protein,Gene
Q14192,CDKN1B,FHL2,CDKN1B,NA,Activation,TF regulation,Protein,Gene
Q01543,COL1A2,FLI1,COL1A2,NA,Repression,TF regulation,Protein,Gene
Q01543,ERG,FLI1,ERG,NA,Activation,TF regulation,Protein,Gene
Q01543,EYA3,FLI1,EYA3,NA,Activation,TF regulation,Protein,Gene
Q01543,FLI1,FLI1,FLI1,NA,Activation,TF regulation,Protein,Gene
Q01543,FOXM1,FLI1,FOXM1,NA,Activation,TF regulation,Protein,Gene
Q01543,GATA1,FLI1,GATA1,NA,Activation,TF regulation,Protein,Gene
Q01543,GP6,FLI1,GP6,NA,Activation,TF regulation,Protein,Gene
Q01543,GP9,FLI1,GP9,NA,Activation,TF regulation,Protein,Gene
Q01543,ID2,FLI1,ID2,NA,Activation,TF regulation,Protein,Gene
Q01543,IGFBP3,FLI1,IGFBP3,NA,Repression,TF regulation,Protein,Gene
Q01543,IL10,FLI1,IL10,NA,Activation,TF regulation,Protein,Gene
Q01543,MIR708,FLI1,MIR708,NA,Repression,TF regulation,Protein,Gene
Q01543,MMP1,FLI1,MMP1,NA,Repression,TF regulation,Protein,Gene
Q01543,MPL,FLI1,MPL,NA,Activation,TF regulation,Protein,Gene
Q01543,PHLDA1,FLI1,PHLDA1,NA,Repression,TF regulation,Protein,Gene
Q01543,TERT,FLI1,TERT,NA,Activation,TF regulation,Protein,Gene
Q01543,TGFBR2,FLI1,TGFBR2,NA,Activation,TF regulation,Protein,Gene
P01100,CASP9,FOS,CASP9,NA,Activation,TF regulation,Protein,Gene
P01100,CCK,FOS,CCK,NA,Activation,TF regulation,Protein,Gene
P01100,CCND1,FOS,CCND1,NA,Repression,TF regulation,Protein,Gene
P01100,CLU,FOS,CLU,NA,Repression,TF regulation,Protein,Gene
P01100,CREM,FOS,CREM,NA,Activation,TF regulation,Protein,Gene
P01100,DDIT3,FOS,DDIT3,NA,Activation,TF regulation,Protein,Gene
P01100,ERCC4,FOS,ERCC4,NA,Activation,TF regulation,Protein,Gene
P01100,EZR,FOS,EZR,NA,Activation,TF regulation,Protein,Gene
P01100,FAS,FOS,FAS,NA,Activation,TF regulation,Protein,Gene
P01100,FMO4,FOS,FMO4,NA,Activation,TF regulation,Protein,Gene
P01100,FOS,FOS,FOS,NA,Repression,TF regulation,Protein,Gene
P01100,HSPH1,FOS,HSPH1,NA,Activation,TF regulation,Protein,Gene
P01100,MMP1,FOS,MMP1,NA,Activation,TF regulation,Protein,Gene
P01100,MMP9,FOS,MMP9,NA,Activation,TF regulation,Protein,Gene
P01100,MYC,FOS,MYC,NA,Repression,TF regulation,Protein,Gene
P01100,NEFL,FOS,NEFL,NA,Activation,TF regulation,Protein,Gene
P01100,NFKB1,FOS,NFKB1,NA,Repression,TF regulation,Protein,Gene
P01100,NOS2,FOS,NOS2,NA,Activation,TF regulation,Protein,Gene
P01100,PTGS2,FOS,PTGS2,NA,Activation,TF regulation,Protein,Gene
P01100,SLC10A2,FOS,SLC10A2,NA,Repression,TF regulation,Protein,Gene
P01100,SMAD7,FOS,SMAD7,NA,Activation,TF regulation,Protein,Gene
P01100,SOX7,FOS,SOX7,NA,Activation,TF regulation,Protein,Gene
P01100,SPI1,FOS,SPI1,NA,Repression,TF regulation,Protein,Gene
P01100,SRR,FOS,SRR,NA,Activation,TF regulation,Protein,Gene
P53539,CXCL8,FOSB,CXCL8,NA,Activation,TF regulation,Protein,Gene
P53539,TIMP1,FOSB,TIMP1,NA,Repression,TF regulation,Protein,Gene
P15407,ITGAV,FOSL1,ITGAV,NA,Repression,TF regulation,Protein,Gene
P15407,ITGB3,FOSL1,ITGB3,NA,Repression,TF regulation,Protein,Gene
P15408,BCL6,FOSL2,BCL6,NA,Activation,TF regulation,Protein,Gene
P15408,BRCA1,FOSL2,BRCA1,NA,Activation,TF regulation,Protein,Gene
P15408,CCR4,FOSL2,CCR4,NA,Activation,TF regulation,Protein,Gene
P15408,FOSL1,FOSL2,FOSL1,NA,Activation,TF regulation,Protein,Gene
P15408,MDM2,FOSL2,MDM2,NA,Activation,TF regulation,Protein,Gene
P15408,MYB,FOSL2,MYB,NA,Activation,TF regulation,Protein,Gene
P15408,NOS2,FOSL2,NOS2,NA,Activation,TF regulation,Protein,Gene
P15408,TIMP1,FOSL2,TIMP1,NA,Repression,TF regulation,Protein,Gene
P15408,UGT2B15,FOSL2,UGT2B15,NA,Activation,TF regulation,Protein,Gene
P55317,ABCA1,FOXA1,ABCA1,NA,Repression,TF regulation,Protein,Gene
P55317,APOB,FOXA1,APOB,NA,Activation,TF regulation,Protein,Gene
P55317,BCL2,FOXA1,BCL2,NA,Repression,TF regulation,Protein,Gene
P55317,CFTR,FOXA1,CFTR,NA,Repression,TF regulation,Protein,Gene
P55317,HSPA1A,FOXA1,HSPA1A,NA,Activation,TF regulation,Protein,Gene
P55317,KRT7,FOXA1,KRT7,NA,Activation,TF regulation,Protein,Gene
P55317,NF1,FOXA1,NF1,NA,Activation,TF regulation,Protein,Gene
P55317,RPRM,FOXA1,RPRM,NA,Repression,TF regulation,Protein,Gene
P55317,SERPINC1,FOXA1,SERPINC1,NA,Repression,TF regulation,Protein,Gene
P55317,SFTPB,FOXA1,SFTPB,NA,Activation,TF regulation,Protein,Gene
P55317,UGT2B17,FOXA1,UGT2B17,NA,Activation,TF regulation,Protein,Gene
Q9Y261,ABCA1,FOXA2,ABCA1,NA,Repression,TF regulation,Protein,Gene
Q9Y261,CDH1,FOXA2,CDH1,NA,Activation,TF regulation,Protein,Gene
Q9Y261,CFTR,FOXA2,CFTR,NA,Repression,TF regulation,Protein,Gene
Q9Y261,MMP7,FOXA2,MMP7,NA,Activation,TF regulation,Protein,Gene
Q9Y261,NR5A2,FOXA2,NR5A2,NA,Activation,TF regulation,Protein,Gene
Q9Y261,PAX6,FOXA2,PAX6,NA,Repression,TF regulation,Protein,Gene
Q9Y261,SERPINC1,FOXA2,SERPINC1,NA,Repression,TF regulation,Protein,Gene
Q9Y261,SOX14,FOXA2,SOX14,NA,Activation,TF regulation,Protein,Gene
Q9Y261,TPO,FOXA2,TPO,NA,Activation,TF regulation,Protein,Gene
Q12948,FGF19,FOXC1,FGF19,NA,Activation,TF regulation,Protein,Gene
Q9UJU5,CYFIP2,FOXD3,CYFIP2,NA,Activation,TF regulation,Protein,Gene
Q9UJU5,MITF,FOXD3,MITF,NA,Repression,TF regulation,Protein,Gene
Q9UJU5,NDRG1,FOXD3,NDRG1,NA,Activation,TF regulation,Protein,Gene
Q9UJU5,RARB,FOXD3,RARB,NA,Activation,TF regulation,Protein,Gene
Q9UJU5,SPP1,FOXD3,SPP1,NA,Activation,TF regulation,Protein,Gene
O00358,MSX1,FOXE1,MSX1,NA,Activation,TF regulation,Protein,Gene
Q12946,GH2,FOXF1,GH2,NA,Activation,TF regulation,Protein,Gene
Q12947,BAMBI,FOXF2,BAMBI,NA,Activation,TF regulation,Protein,Gene
Q12947,CXCL12,FOXF2,CXCL12,NA,Activation,TF regulation,Protein,Gene
Q12947,ITGB1,FOXF2,ITGB1,NA,Repression,TF regulation,Protein,Gene
Q12947,MT1E,FOXF2,MT1E,NA,Repression,TF regulation,Protein,Gene
Q12947,MT1F,FOXF2,MT1F,NA,Repression,TF regulation,Protein,Gene
Q12947,PDGFA,FOXF2,PDGFA,NA,Repression,TF regulation,Protein,Gene
Q12947,PSG7,FOXF2,PSG7,NA,Repression,TF regulation,Protein,Gene
Q12947,WASF2,FOXF2,WASF2,NA,Activation,TF regulation,Protein,Gene
P55316,CDKN1A,FOXG1,CDKN1A,NA,Repression,TF regulation,Protein,Gene
O75593,AR,FOXH1,AR,NA,Repression,TF regulation,Protein,Gene
Q12951,CFTR,FOXI1,CFTR,NA,Repression,TF regulation,Protein,Gene
Q12952,BMP4,FOXL1,BMP4,NA,Activation,TF regulation,Protein,Gene
P58012,CCND2,FOXL2,CCND2,NA,Repression,TF regulation,Protein,Gene
P58012,CYP11A1,FOXL2,CYP11A1,NA,Repression,TF regulation,Protein,Gene
P58012,CYP19A1,FOXL2,CYP19A1,NA,Repression,TF regulation,Protein,Gene
P58012,SIRT1,FOXL2,SIRT1,NA,Activation,TF regulation,Protein,Gene
P58012,STAR,FOXL2,STAR,NA,Repression,TF regulation,Protein,Gene
Q08050,AR,FOXM1,AR,NA,Activation,TF regulation,Protein,Gene
Q08050,BTG2,FOXM1,BTG2,NA,Activation,TF regulation,Protein,Gene
Q08050,CCNB1,FOXM1,CCNB1,NA,Activation,TF regulation,Protein,Gene
Q08050,CDC25B,FOXM1,CDC25B,NA,Activation,TF regulation,Protein,Gene
Q08050,CDC6,FOXM1,CDC6,NA,Activation,TF regulation,Protein,Gene
Q08050,CDKN2A,FOXM1,CDKN2A,NA,Repression,TF regulation,Protein,Gene
Q08050,FGB,FOXM1,FGB,NA,Repression,TF regulation,Protein,Gene
Q08050,MYC,FOXM1,MYC,NA,Activation,TF regulation,Protein,Gene
Q08050,SFTPB,FOXM1,SFTPB,NA,Activation,TF regulation,Protein,Gene
O15353,DSG4,FOXN1,DSG4,NA,Repression,TF regulation,Protein,Gene
Q12778,ADIPOR1,FOXO1,ADIPOR1,NA,Activation,TF regulation,Protein,Gene
Q12778,AR,FOXO1,AR,NA,Repression,TF regulation,Protein,Gene
Q12778,CDKN1B,FOXO1,CDKN1B,NA,Activation,TF regulation,Protein,Gene
Q12778,CXCR4,FOXO1,CXCR4,NA,Activation,TF regulation,Protein,Gene
Q12778,EGR1,FOXO1,EGR1,NA,Repression,TF regulation,Protein,Gene
Q12778,FABP4,FOXO1,FABP4,NA,Activation,TF regulation,Protein,Gene
Q12778,FSHB,FOXO1,FSHB,NA,Repression,TF regulation,Protein,Gene
Q12778,IGFBP1,FOXO1,IGFBP1,NA,Activation,TF regulation,Protein,Gene
Q12778,IL6,FOXO1,IL6,NA,Activation,TF regulation,Protein,Gene
Q12778,TNFSF10,FOXO1,TNFSF10,NA,Activation,TF regulation,Protein,Gene
Q12778,TXNIP,FOXO1,TXNIP,NA,Repression,TF regulation,Protein,Gene
O43524,AR,FOXO3,AR,NA,Activation,TF regulation,Protein,Gene
O43524,BCL6,FOXO3,BCL6,NA,Activation,TF regulation,Protein,Gene
O43524,CCND2,FOXO3,CCND2,NA,Repression,TF regulation,Protein,Gene
O43524,FASLG,FOXO3,FASLG,NA,Activation,TF regulation,Protein,Gene
O43524,FOXM1,FOXO3,FOXM1,NA,Repression,TF regulation,Protein,Gene
O43524,GALT,FOXO3,GALT,NA,Activation,TF regulation,Protein,Gene
O43524,MYOCD,FOXO3,MYOCD,NA,Repression,TF regulation,Protein,Gene
O43524,SIRT1,FOXO3,SIRT1,NA,Activation,TF regulation,Protein,Gene
O43524,SIRT6,FOXO3,SIRT6,NA,Activation,TF regulation,Protein,Gene
O43524,TNFSF10,FOXO3,TNFSF10,NA,Activation,TF regulation,Protein,Gene
O43524,TXNIP,FOXO3,TXNIP,NA,Activation,TF regulation,Protein,Gene
P98177,BCL6,FOXO4,BCL6,NA,Activation,TF regulation,Protein,Gene
P98177,CREB1,FOXO4,CREB1,NA,Activation,TF regulation,Protein,Gene
P98177,HIF1A,FOXO4,HIF1A,NA,Repression,TF regulation,Protein,Gene
P98177,SOD2,FOXO4,SOD2,NA,Activation,TF regulation,Protein,Gene
P98177,TNFSF10,FOXO4,TNFSF10,NA,Activation,TF regulation,Protein,Gene
Q9H334,KLK3,FOXP1,KLK3,NA,Repression,TF regulation,Protein,Gene
O15409,CNTNAP2,FOXP2,CNTNAP2,NA,Repression,TF regulation,Protein,Gene
O15409,MET,FOXP2,MET,NA,Repression,TF regulation,Protein,Gene
O15409,NKX2-1,FOXP2,NKX2-1,NA,Repression,TF regulation,Protein,Gene
O15409,PLAUR,FOXP2,PLAUR,NA,Activation,TF regulation,Protein,Gene
O15409,SRPX,FOXP2,SRPX,NA,Activation,TF regulation,Protein,Gene
Q9BZS1,BRCA1,FOXP3,BRCA1,NA,Repression,TF regulation,Protein,Gene
Q9BZS1,CCR4,FOXP3,CCR4,NA,Activation,TF regulation,Protein,Gene
Q9BZS1,IL2,FOXP3,IL2,NA,Repression,TF regulation,Protein,Gene
Q9BZS1,IL2RA,FOXP3,IL2RA,NA,Activation,TF regulation,Protein,Gene
Q9BZS1,USP21,FOXP3,USP21,NA,Activation,TF regulation,Protein,Gene
Q9C009,BCL11A,FOXQ1,BCL11A,NA,Activation,TF regulation,Protein,Gene
Q9C009,RSPO2,FOXQ1,RSPO2,NA,Activation,TF regulation,Protein,Gene
Q9C009,TWIST1,FOXQ1,TWIST1,NA,Activation,TF regulation,Protein,Gene
Q9C009,VEGFA,FOXQ1,VEGFA,NA,Activation,TF regulation,Protein,Gene
Q9C009,WNT3A,FOXQ1,WNT3A,NA,Activation,TF regulation,Protein,Gene
P35637,DDIT3,FUS,DDIT3,NA,Activation,TF regulation,Protein,Gene
P35637,MDM2,FUS,MDM2,NA,Repression,TF regulation,Protein,Gene
Q06546,TOMM70,GABPA,TOMM70,NA,Activation,TF regulation,Protein,Gene
P15976,AGGF1,GATA1,AGGF1,NA,Activation,TF regulation,Protein,Gene
P15976,BACH1,GATA1,BACH1,NA,Activation,TF regulation,Protein,Gene
P15976,BST2,GATA1,BST2,NA,Activation,TF regulation,Protein,Gene
P15976,CBFB,GATA1,CBFB,NA,Repression,TF regulation,Protein,Gene
P15976,CDA,GATA1,CDA,NA,Activation,TF regulation,Protein,Gene
P15976,CDC6,GATA1,CDC6,NA,Activation,TF regulation,Protein,Gene
P15976,CEBPA,GATA1,CEBPA,NA,Repression,TF regulation,Protein,Gene
P15976,CYBB,GATA1,CYBB,NA,Activation,TF regulation,Protein,Gene
P15976,DACH1,GATA1,DACH1,NA,Repression,TF regulation,Protein,Gene
P15976,DICER1,GATA1,DICER1,NA,Activation,TF regulation,Protein,Gene
P15976,EPO,GATA1,EPO,NA,Activation,TF regulation,Protein,Gene
P15976,EPOR,GATA1,EPOR,NA,Activation,TF regulation,Protein,Gene
P15976,FCER1A,GATA1,FCER1A,NA,Activation,TF regulation,Protein,Gene
P15976,GATA1,GATA1,GATA1,NA,Activation,TF regulation,Protein,Gene
P15976,GP1BB,GATA1,GP1BB,NA,Activation,TF regulation,Protein,Gene
P15976,GP6,GATA1,GP6,NA,Activation,TF regulation,Protein,Gene
P15976,GP9,GATA1,GP9,NA,Activation,TF regulation,Protein,Gene
P15976,GYPB,GATA1,GYPB,NA,Activation,TF regulation,Protein,Gene
P15976,HEMGN,GATA1,HEMGN,NA,Repression,TF regulation,Protein,Gene
P15976,MPL,GATA1,MPL,NA,Activation,TF regulation,Protein,Gene
P15976,PF4,GATA1,PF4,NA,Activation,TF regulation,Protein,Gene
P15976,PRG2,GATA1,PRG2,NA,Activation,TF regulation,Protein,Gene
P15976,PTGFR,GATA1,PTGFR,NA,Repression,TF regulation,Protein,Gene
P15976,SPI1,GATA1,SPI1,NA,Repression,TF regulation,Protein,Gene
P15976,TBXA2R,GATA1,TBXA2R,NA,Activation,TF regulation,Protein,Gene
P15976,WT1,GATA1,WT1,NA,Activation,TF regulation,Protein,Gene
P15976,ZNF268,GATA1,ZNF268,NA,Repression,TF regulation,Protein,Gene
P23769,ADH1A,GATA2,ADH1A,NA,Activation,TF regulation,Protein,Gene
P23769,AR,GATA2,AR,NA,Activation,TF regulation,Protein,Gene
P23769,CYBB,GATA2,CYBB,NA,Repression,TF regulation,Protein,Gene
P23769,EPO,GATA2,EPO,NA,Repression,TF regulation,Protein,Gene
P23769,ERVW-1,GATA2,ERVW-1,NA,Activation,TF regulation,Protein,Gene
P23769,FCER1A,GATA2,FCER1A,NA,Activation,TF regulation,Protein,Gene
P23769,GATA1,GATA2,GATA1,NA,Activation,TF regulation,Protein,Gene
P23769,MS4A2,GATA2,MS4A2,NA,Activation,TF regulation,Protein,Gene
P23769,NOS3,GATA2,NOS3,NA,Activation,TF regulation,Protein,Gene
P23769,PPARG,GATA2,PPARG,NA,Repression,TF regulation,Protein,Gene
P23769,PRG2,GATA2,PRG2,NA,Repression,TF regulation,Protein,Gene
P23769,SPI1,GATA2,SPI1,NA,Repression,TF regulation,Protein,Gene
P23769,WT1,GATA2,WT1,NA,Activation,TF regulation,Protein,Gene
P23771,CD40LG,GATA3,CD40LG,NA,Activation,TF regulation,Protein,Gene
P23771,CD8A,GATA3,CD8A,NA,Activation,TF regulation,Protein,Gene
P23771,CDH1,GATA3,CDH1,NA,Activation,TF regulation,Protein,Gene
P23771,CDH3,GATA3,CDH3,NA,Repression,TF regulation,Protein,Gene
P23771,CDX2,GATA3,CDX2,NA,Activation,TF regulation,Protein,Gene
P23771,CHST4,GATA3,CHST4,NA,Activation,TF regulation,Protein,Gene
P23771,CXCL1,GATA3,CXCL1,NA,Repression,TF regulation,Protein,Gene
P23771,EPO,GATA3,EPO,NA,Repression,TF regulation,Protein,Gene
P23771,ERG,GATA3,ERG,NA,Activation,TF regulation,Protein,Gene
P23771,ERVW-1,GATA3,ERVW-1,NA,Activation,TF regulation,Protein,Gene
P23771,FOXC1,GATA3,FOXC1,NA,Repression,TF regulation,Protein,Gene
P23771,FOXC2,GATA3,FOXC2,NA,Repression,TF regulation,Protein,Gene
P23771,HSD17B1,GATA3,HSD17B1,NA,Repression,TF regulation,Protein,Gene
P23771,IL12RB2,GATA3,IL12RB2,NA,Repression,TF regulation,Protein,Gene
P23771,IL5,GATA3,IL5,NA,Activation,TF regulation,Protein,Gene
P23771,LOX,GATA3,LOX,NA,Repression,TF regulation,Protein,Gene
P23771,MUC1,GATA3,MUC1,NA,Activation,TF regulation,Protein,Gene
P23771,PAEP,GATA3,PAEP,NA,Activation,TF regulation,Protein,Gene
P23771,STAT4,GATA3,STAT4,NA,Repression,TF regulation,Protein,Gene
P23771,TEK,GATA3,TEK,NA,Activation,TF regulation,Protein,Gene
P23771,ZEB1,GATA3,ZEB1,NA,Activation,TF regulation,Protein,Gene
P43694,AMH,GATA4,AMH,NA,Activation,TF regulation,Protein,Gene
P43694,CCND2,GATA4,CCND2,NA,Activation,TF regulation,Protein,Gene
P43694,ERBB2,GATA4,ERBB2,NA,Repression,TF regulation,Protein,Gene
P43694,FABP2,GATA4,FABP2,NA,Activation,TF regulation,Protein,Gene
P43694,HAMP,GATA4,HAMP,NA,Activation,TF regulation,Protein,Gene
P43694,HDAC9,GATA4,HDAC9,NA,Repression,TF regulation,Protein,Gene
P43694,IAPP,GATA4,IAPP,NA,Activation,TF regulation,Protein,Gene
P43694,IL5,GATA4,IL5,NA,Activation,TF regulation,Protein,Gene
P43694,NOS3,GATA4,NOS3,NA,Activation,TF regulation,Protein,Gene
P43694,NPPA,GATA4,NPPA,NA,Activation,TF regulation,Protein,Gene
P43694,SI,GATA4,SI,NA,Activation,TF regulation,Protein,Gene
Q92908,CAV1,GATA6,CAV1,NA,Repression,TF regulation,Protein,Gene
Q92908,CYP11A1,GATA6,CYP11A1,NA,Activation,TF regulation,Protein,Gene
Q92908,CYP17A1,GATA6,CYP17A1,NA,Activation,TF regulation,Protein,Gene
Q92908,DAB2,GATA6,DAB2,NA,Activation,TF regulation,Protein,Gene
Q92908,PLAU,GATA6,PLAU,NA,Repression,TF regulation,Protein,Gene
Q92908,SULT2A1,GATA6,SULT2A1,NA,Activation,TF regulation,Protein,Gene
P52951,IL6,GBX2,IL6,NA,Activation,TF regulation,Protein,Gene
Q9NP62,ERVW-1,GCM1,ERVW-1,NA,Activation,TF regulation,Protein,Gene
Q9NP62,PGF,GCM1,PGF,NA,Activation,TF regulation,Protein,Gene
O75603,CASR,GCM2,CASR,NA,Activation,TF regulation,Protein,Gene
O75603,PTH,GCM2,PTH,NA,Activation,TF regulation,Protein,Gene
Q99684,BAX,GFI1,BAX,NA,Repression,TF regulation,Protein,Gene
Q99684,CYP27B1,GFI1,CYP27B1,NA,Repression,TF regulation,Protein,Gene
Q5VTD9,MEF2C,GFI1B,MEF2C,NA,Repression,TF regulation,Protein,Gene
P08151,BCL2,GLI1,BCL2,NA,Activation,TF regulation,Protein,Gene
P08151,BHLHE41,GLI1,BHLHE41,NA,Activation,TF regulation,Protein,Gene
P08151,CDK2,GLI1,CDK2,NA,Activation,TF regulation,Protein,Gene
P08151,CYR61,GLI1,CYR61,NA,Activation,TF regulation,Protein,Gene
P08151,EGR2,GLI1,EGR2,NA,Repression,TF regulation,Protein,Gene
P08151,FAS,GLI1,FAS,NA,Repression,TF regulation,Protein,Gene
P08151,H2AFX,GLI1,H2AFX,NA,Repression,TF regulation,Protein,Gene
P08151,MUC5AC,GLI1,MUC5AC,NA,Activation,TF regulation,Protein,Gene
P08151,PDGFRA,GLI1,PDGFRA,NA,Activation,TF regulation,Protein,Gene
P08151,SFRP1,GLI1,SFRP1,NA,Activation,TF regulation,Protein,Gene
P08151,SOCS1,GLI1,SOCS1,NA,Activation,TF regulation,Protein,Gene
P08151,TNFRSF10B,GLI1,TNFRSF10B,NA,Repression,TF regulation,Protein,Gene
P10070,BCL2,GLI2,BCL2,NA,Activation,TF regulation,Protein,Gene
P10070,CDH1,GLI2,CDH1,NA,Repression,TF regulation,Protein,Gene
P10070,FAS,GLI2,FAS,NA,Repression,TF regulation,Protein,Gene
P10070,FOXF1,GLI2,FOXF1,NA,Activation,TF regulation,Protein,Gene
P10070,FST,GLI2,FST,NA,Activation,TF regulation,Protein,Gene
P10070,H2AFX,GLI2,H2AFX,NA,Repression,TF regulation,Protein,Gene
P10070,IFITM5,GLI2,IFITM5,NA,Activation,TF regulation,Protein,Gene
P10070,MUC5AC,GLI2,MUC5AC,NA,Activation,TF regulation,Protein,Gene
P10070,PDGFRA,GLI2,PDGFRA,NA,Activation,TF regulation,Protein,Gene
P10070,SOCS1,GLI2,SOCS1,NA,Activation,TF regulation,Protein,Gene
P10070,TNFRSF10B,GLI2,TNFRSF10B,NA,Repression,TF regulation,Protein,Gene
P10070,WNT2B,GLI2,WNT2B,NA,Activation,TF regulation,Protein,Gene
P10071,HLA-G,GLI3,HLA-G,NA,Repression,TF regulation,Protein,Gene
P10071,SMO,GLI3,SMO,NA,Activation,TF regulation,Protein,Gene
P10071,VMP1,GLI3,VMP1,NA,Activation,TF regulation,Protein,Gene
P78347,HSPA5,GTF2I,HSPA5,NA,Activation,TF regulation,Protein,Gene
P78347,HSPA5,GTF2I,HSPA5,NA,Activation,TF regulation,Protein,Gene
P78347,SIRT1,GTF2I,SIRT1,NA,Activation,TF regulation,Protein,Gene
P78347,SIRT1,GTF2I,SIRT1,NA,Activation,TF regulation,Protein,Gene
Q92664,BAG3,GTF3A,BAG3,NA,Activation,TF regulation,Protein,Gene
Q9H116,HOXA10,GZF1,HOXA10,NA,Repression,TF regulation,Protein,Gene
P61296,DBH,HAND2,DBH,NA,Activation,TF regulation,Protein,Gene
P61296,NPPA,HAND2,NPPA,NA,Activation,TF regulation,Protein,Gene
P61296,PHOX2A,HAND2,PHOX2A,NA,Activation,TF regulation,Protein,Gene
O00165,ATP2A2,HAX1,ATP2A2,NA,Repression,TF regulation,Protein,Gene
O60381,CDKN1A,HBP1,CDKN1A,NA,Repression,TF regulation,Protein,Gene
O60381,DNMT1,HBP1,DNMT1,NA,Repression,TF regulation,Protein,Gene
O60381,MIF,HBP1,MIF,NA,Repression,TF regulation,Protein,Gene
O60381,NCF1,HBP1,NCF1,NA,Repression,TF regulation,Protein,Gene
P51610,E2F1,HCFC1,E2F1,NA,Activation,TF regulation,Protein,Gene
P51610,E2F4,HCFC1,E2F4,NA,Repression,TF regulation,Protein,Gene
Q13547,ABCB1,HDAC1,ABCB1,NA,Repression,TF regulation,Protein,Gene
Q13547,BAMBI,HDAC1,BAMBI,NA,Repression,TF regulation,Protein,Gene
Q13547,BCL2A1,HDAC1,BCL2A1,NA,Activation,TF regulation,Protein,Gene
Q13547,BIRC3,HDAC1,BIRC3,NA,Activation,TF regulation,Protein,Gene
Q13547,BRCA2,HDAC1,BRCA2,NA,Repression,TF regulation,Protein,Gene
Q13547,CCND1,HDAC1,CCND1,NA,Activation,TF regulation,Protein,Gene
Q13547,CCND2,HDAC1,CCND2,NA,Repression,TF regulation,Protein,Gene
Q13547,CD1D,HDAC1,CD1D,NA,Repression,TF regulation,Protein,Gene
Q13547,CD44,HDAC1,CD44,NA,Repression,TF regulation,Protein,Gene
Q13547,CD82,HDAC1,CD82,NA,Repression,TF regulation,Protein,Gene
Q13547,CDH1,HDAC1,CDH1,NA,Repression,TF regulation,Protein,Gene
Q13547,CDKN1A,HDAC1,CDKN1A,NA,Repression,TF regulation,Protein,Gene
Q13547,CLDN7,HDAC1,CLDN7,NA,Activation,TF regulation,Protein,Gene
Q13547,COL1A2,HDAC1,COL1A2,NA,Activation,TF regulation,Protein,Gene
Q13547,E2F1,HDAC1,E2F1,NA,Repression,TF regulation,Protein,Gene
Q13547,EGFR,HDAC1,EGFR,NA,Repression,TF regulation,Protein,Gene
Q13547,EGR1,HDAC1,EGR1,NA,Repression,TF regulation,Protein,Gene
Q13547,EIF2AK1,HDAC1,EIF2AK1,NA,Repression,TF regulation,Protein,Gene
Q13547,ESR1,HDAC1,ESR1,NA,Repression,TF regulation,Protein,Gene
Q13547,FOS,HDAC1,FOS,NA,Repression,TF regulation,Protein,Gene
Q13547,GAD1,HDAC1,GAD1,NA,Repression,TF regulation,Protein,Gene
Q13547,GRIN2B,HDAC1,GRIN2B,NA,Activation,TF regulation,Protein,Gene
Q13547,HLA-DRA,HDAC1,HLA-DRA,NA,Repression,TF regulation,Protein,Gene
Q13547,HSPA5,HDAC1,HSPA5,NA,Repression,TF regulation,Protein,Gene
Q13547,ICAM1,HDAC1,ICAM1,NA,Activation,TF regulation,Protein,Gene
Q13547,IGFBP3,HDAC1,IGFBP3,NA,Activation,TF regulation,Protein,Gene
Q13547,IL2,HDAC1,IL2,NA,Repression,TF regulation,Protein,Gene
Q13547,KLF4,HDAC1,KLF4,NA,Repression,TF regulation,Protein,Gene
Q13547,MMP28,HDAC1,MMP28,NA,Repression,TF regulation,Protein,Gene
Q13547,MMP9,HDAC1,MMP9,NA,Repression,TF regulation,Protein,Gene
Q13547,PCNA,HDAC1,PCNA,NA,Repression,TF regulation,Protein,Gene
Q13547,PHB,HDAC1,PHB,NA,Repression,TF regulation,Protein,Gene
Q13547,PTGS2,HDAC1,PTGS2,NA,Activation,TF regulation,Protein,Gene
Q13547,RARB,HDAC1,RARB,NA,Repression,TF regulation,Protein,Gene
Q13547,RECK,HDAC1,RECK,NA,Activation,TF regulation,Protein,Gene
Q13547,RECQL4,HDAC1,RECQL4,NA,Repression,TF regulation,Protein,Gene
Q13547,RELN,HDAC1,RELN,NA,Repression,TF regulation,Protein,Gene
Q13547,RHOB,HDAC1,RHOB,NA,Repression,TF regulation,Protein,Gene
Q13547,RUNX3,HDAC1,RUNX3,NA,Activation,TF regulation,Protein,Gene
Q13547,SNAI2,HDAC1,SNAI2,NA,Repression,TF regulation,Protein,Gene
Q13547,SP1,HDAC1,SP1,NA,Repression,TF regulation,Protein,Gene
Q13547,SPP1,HDAC1,SPP1,NA,Repression,TF regulation,Protein,Gene
Q13547,TFF1,HDAC1,TFF1,NA,Repression,TF regulation,Protein,Gene
Q13547,TJP1,HDAC1,TJP1,NA,Repression,TF regulation,Protein,Gene
Q13547,TP53,HDAC1,TP53,NA,Repression,TF regulation,Protein,Gene
Q13547,TXNIP,HDAC1,TXNIP,NA,Repression,TF regulation,Protein,Gene
Q969S8,TXNIP,HDAC10,TXNIP,NA,Repression,TF regulation,Protein,Gene
Q96DB2,IL10,HDAC11,IL10,NA,Repression,TF regulation,Protein,Gene
Q96DB2,IL17A,HDAC11,IL17A,NA,Repression,TF regulation,Protein,Gene
Q96DB2,TNF,HDAC11,TNF,NA,Repression,TF regulation,Protein,Gene
Q96DB2,TNFSF4,HDAC11,TNFSF4,NA,Activation,TF regulation,Protein,Gene
Q92769,ALOX5,HDAC2,ALOX5,NA,Activation,TF regulation,Protein,Gene
Q92769,APAF1,HDAC2,APAF1,NA,Repression,TF regulation,Protein,Gene
Q92769,BMP7,HDAC2,BMP7,NA,Repression,TF regulation,Protein,Gene
Q92769,CCNE1,HDAC2,CCNE1,NA,Repression,TF regulation,Protein,Gene
Q92769,CD1D,HDAC2,CD1D,NA,Repression,TF regulation,Protein,Gene
Q92769,CDH1,HDAC2,CDH1,NA,Repression,TF regulation,Protein,Gene
Q92769,COL1A2,HDAC2,COL1A2,NA,Repression,TF regulation,Protein,Gene
Q92769,CXCL8,HDAC2,CXCL8,NA,Repression,TF regulation,Protein,Gene
Q92769,DNMT1,HDAC2,DNMT1,NA,Repression,TF regulation,Protein,Gene
Q92769,KLF4,HDAC2,KLF4,NA,Repression,TF regulation,Protein,Gene
Q92769,MUC5AC,HDAC2,MUC5AC,NA,Repression,TF regulation,Protein,Gene
Q92769,PHB,HDAC2,PHB,NA,Repression,TF regulation,Protein,Gene
Q92769,SNAI2,HDAC2,SNAI2,NA,Repression,TF regulation,Protein,Gene
Q92769,SP1,HDAC2,SP1,NA,Repression,TF regulation,Protein,Gene
Q92769,TGFBR2,HDAC2,TGFBR2,NA,Repression,TF regulation,Protein,Gene
Q92769,TNFSF10,HDAC2,TNFSF10,NA,Repression,TF regulation,Protein,Gene
Q92769,TWIST1,HDAC2,TWIST1,NA,Repression,TF regulation,Protein,Gene
O15379,ALOX5,HDAC3,ALOX5,NA,Activation,TF regulation,Protein,Gene
O15379,CDH1,HDAC3,CDH1,NA,Repression,TF regulation,Protein,Gene
O15379,CDKN2A,HDAC3,CDKN2A,NA,Repression,TF regulation,Protein,Gene
O15379,CXCR4,HDAC3,CXCR4,NA,Repression,TF regulation,Protein,Gene
O15379,GAS2,HDAC3,GAS2,NA,Repression,TF regulation,Protein,Gene
O15379,GATA2,HDAC3,GATA2,NA,Repression,TF regulation,Protein,Gene
O15379,GRHL1,HDAC3,GRHL1,NA,Repression,TF regulation,Protein,Gene
O15379,IFNA1,HDAC3,IFNA1,NA,Repression,TF regulation,Protein,Gene
O15379,JUN,HDAC3,JUN,NA,Repression,TF regulation,Protein,Gene
O15379,MMP2,HDAC3,MMP2,NA,Repression,TF regulation,Protein,Gene
O15379,MYC,HDAC3,MYC,NA,Repression,TF regulation,Protein,Gene
P56524,CDKN1A,HDAC4,CDKN1A,NA,Repression,TF regulation,Protein,Gene
P56524,CDKN2A,HDAC4,CDKN2A,NA,Repression,TF regulation,Protein,Gene
P56524,HOXB13,HDAC4,HOXB13,NA,Repression,TF regulation,Protein,Gene
P56524,IL10,HDAC4,IL10,NA,Repression,TF regulation,Protein,Gene
P56524,JUN,HDAC4,JUN,NA,Activation,TF regulation,Protein,Gene
P56524,MEF2A,HDAC4,MEF2A,NA,Repression,TF regulation,Protein,Gene
P56524,MMP13,HDAC4,MMP13,NA,Repression,TF regulation,Protein,Gene
P56524,PTGS2,HDAC4,PTGS2,NA,Activation,TF regulation,Protein,Gene
P56524,RUNX2,HDAC4,RUNX2,NA,Repression,TF regulation,Protein,Gene
P56524,TGIF1,HDAC4,TGIF1,NA,Activation,TF regulation,Protein,Gene
P56524,TGIF2,HDAC4,TGIF2,NA,Activation,TF regulation,Protein,Gene
P56524,VCAM1,HDAC4,VCAM1,NA,Activation,TF regulation,Protein,Gene
P56524,VEGFA,HDAC4,VEGFA,NA,Repression,TF regulation,Protein,Gene
P56524,WT1,HDAC4,WT1,NA,Repression,TF regulation,Protein,Gene
Q9UQL6,FGF2,HDAC5,FGF2,NA,Repression,TF regulation,Protein,Gene
Q9UQL6,MEF2A,HDAC5,MEF2A,NA,Repression,TF regulation,Protein,Gene
Q9UQL6,SLC2A1,HDAC5,SLC2A1,NA,Activation,TF regulation,Protein,Gene
Q9UQL6,SLC2A4,HDAC5,SLC2A4,NA,Repression,TF regulation,Protein,Gene
Q9UQL6,SLIT2,HDAC5,SLIT2,NA,Repression,TF regulation,Protein,Gene
Q9UQL6,WT1,HDAC5,WT1,NA,Repression,TF regulation,Protein,Gene
Q9UQL6,YY1,HDAC5,YY1,NA,Activation,TF regulation,Protein,Gene
Q8WUI4,ACTN4,HDAC7,ACTN4,NA,Repression,TF regulation,Protein,Gene
Q8WUI4,AKAP12,HDAC7,AKAP12,NA,Repression,TF regulation,Protein,Gene
Q8WUI4,CDKN1A,HDAC7,CDKN1A,NA,Activation,TF regulation,Protein,Gene
Q8WUI4,ESR1,HDAC7,ESR1,NA,Repression,TF regulation,Protein,Gene
Q8WUI4,HDC,HDAC7,HDC,NA,Repression,TF regulation,Protein,Gene
Q8WUI4,HIF1A,HDAC7,HIF1A,NA,Activation,TF regulation,Protein,Gene
Q8WUI4,MEF2A,HDAC7,MEF2A,NA,Repression,TF regulation,Protein,Gene
Q8WUI4,MEF2C,HDAC7,MEF2C,NA,Repression,TF regulation,Protein,Gene
Q8WUI4,MEF2D,HDAC7,MEF2D,NA,Repression,TF regulation,Protein,Gene
Q8WUI4,MMP10,HDAC7,MMP10,NA,Repression,TF regulation,Protein,Gene
Q9UKV0,CDKN2A,HDAC9,CDKN2A,NA,Activation,TF regulation,Protein,Gene
Q9UKV0,CFLAR,HDAC9,CFLAR,NA,Activation,TF regulation,Protein,Gene
Q9UKV0,CITED2,HDAC9,CITED2,NA,Repression,TF regulation,Protein,Gene
Q9UKV0,DIRAS3,HDAC9,DIRAS3,NA,Repression,TF regulation,Protein,Gene
Q9UKV0,ESR1,HDAC9,ESR1,NA,Repression,TF regulation,Protein,Gene
Q9UKV0,HSPA5,HDAC9,HSPA5,NA,Repression,TF regulation,Protein,Gene
Q9UKV0,IGFBP1,HDAC9,IGFBP1,NA,Repression,TF regulation,Protein,Gene
Q9UKV0,MEF2A,HDAC9,MEF2A,NA,Repression,TF regulation,Protein,Gene
Q9UKV0,MMP13,HDAC9,MMP13,NA,Activation,TF regulation,Protein,Gene
Q9UKV0,MYEF2,HDAC9,MYEF2,NA,Repression,TF regulation,Protein,Gene
Q9UKV0,NFKB1,HDAC9,NFKB1,NA,Repression,TF regulation,Protein,Gene
Q9UKV0,PRL,HDAC9,PRL,NA,Repression,TF regulation,Protein,Gene
Q9UKV0,RELA,HDAC9,RELA,NA,Repression,TF regulation,Protein,Gene
Q9UKV0,STAT6,HDAC9,STAT6,NA,Repression,TF regulation,Protein,Gene
Q9UKV0,TNFRSF10B,HDAC9,TNFRSF10B,NA,Repression,TF regulation,Protein,Gene
Q9UKV0,TP53,HDAC9,TP53,NA,Repression,TF regulation,Protein,Gene
P51858,CDH1,HDGF,CDH1,NA,Repression,TF regulation,Protein,Gene
P51858,FAS,HDGF,FAS,NA,Activation,TF regulation,Protein,Gene
P51858,SMYD1,HDGF,SMYD1,NA,Repression,TF regulation,Protein,Gene
P51858,VEGFA,HDGF,VEGFA,NA,Activation,TF regulation,Protein,Gene
P51858,VEGFB,HDGF,VEGFB,NA,Activation,TF regulation,Protein,Gene
P51858,VIM,HDGF,VIM,NA,Activation,TF regulation,Protein,Gene
Q14469,ASCL1,HES1,ASCL1,NA,Repression,TF regulation,Protein,Gene
Q14469,CD4,HES1,CD4,NA,Repression,TF regulation,Protein,Gene
Q14469,DBF4,HES1,DBF4,NA,Activation,TF regulation,Protein,Gene
Q14469,E2F1,HES1,E2F1,NA,Repression,TF regulation,Protein,Gene
Q14469,MAP2,HES1,MAP2,NA,Repression,TF regulation,Protein,Gene
Q14469,PTEN,HES1,PTEN,NA,Repression,TF regulation,Protein,Gene
Q14469,PTGDS,HES1,PTGDS,NA,Repression,TF regulation,Protein,Gene
Q96HZ4,ASCL1,HES6,ASCL1,NA,Repression,TF regulation,Protein,Gene
O94992,CCND1,HEXIM1,CCND1,NA,Repression,TF regulation,Protein,Gene
Q9Y5J3,ACTA2,HEY1,ACTA2,NA,Repression,TF regulation,Protein,Gene
Q9Y5J3,BMP2,HEY1,BMP2,NA,Repression,TF regulation,Protein,Gene
Q9Y5J3,GATA4,HEY1,GATA4,NA,Repression,TF regulation,Protein,Gene
Q9Y5J3,GATA6,HEY1,GATA6,NA,Repression,TF regulation,Protein,Gene
Q9Y5J3,KDR,HEY1,KDR,NA,Repression,TF regulation,Protein,Gene
Q9Y5J3,OCLN,HEY1,OCLN,NA,Activation,TF regulation,Protein,Gene
Q9Y5J3,PROX1,HEY1,PROX1,NA,Repression,TF regulation,Protein,Gene
Q9UBP5,ACTA2,HEY2,ACTA2,NA,Repression,TF regulation,Protein,Gene
Q9UBP5,GATA4,HEY2,GATA4,NA,Repression,TF regulation,Protein,Gene
Q9UBP5,GATA6,HEY2,GATA6,NA,Repression,TF regulation,Protein,Gene
Q9NQ87,AR,HEYL,AR,NA,Repression,TF regulation,Protein,Gene
Q03014,HNF4A,HHEX,HNF4A,NA,Activation,TF regulation,Protein,Gene
Q03014,SLC5A5,HHEX,SLC5A5,NA,Activation,TF regulation,Protein,Gene
Q14526,ACKR3,HIC1,ACKR3,NA,Repression,TF regulation,Protein,Gene
Q14526,E2F1,HIC1,E2F1,NA,Repression,TF regulation,Protein,Gene
Q14526,EPHA2,HIC1,EPHA2,NA,Repression,TF regulation,Protein,Gene
Q14526,LRP8,HIC1,LRP8,NA,Repression,TF regulation,Protein,Gene
Q14526,MYC,HIC1,MYC,NA,Repression,TF regulation,Protein,Gene
Q14526,SIRT1,HIC1,SIRT1,NA,Repression,TF regulation,Protein,Gene
Q14526,STAT3,HIC1,STAT3,NA,Activation,TF regulation,Protein,Gene
Q14526,VEGFA,HIC1,VEGFA,NA,Repression,TF regulation,Protein,Gene
Q14526,VLDLR,HIC1,VLDLR,NA,Repression,TF regulation,Protein,Gene
Q16665,ABCB1,HIF1A,ABCB1,NA,Repression,TF regulation,Protein,Gene
Q16665,ACE,HIF1A,ACE,NA,Activation,TF regulation,Protein,Gene
Q16665,ACE2,HIF1A,ACE2,NA,Repression,TF regulation,Protein,Gene
Q16665,AGTR1,HIF1A,AGTR1,NA,Activation,TF regulation,Protein,Gene
Q16665,ALAS2,HIF1A,ALAS2,NA,Activation,TF regulation,Protein,Gene
Q16665,ALDOA,HIF1A,ALDOA,NA,Activation,TF regulation,Protein,Gene
Q16665,APEX1,HIF1A,APEX1,NA,Repression,TF regulation,Protein,Gene
Q16665,AR,HIF1A,AR,NA,Activation,TF regulation,Protein,Gene
Q16665,ASS1,HIF1A,ASS1,NA,Activation,TF regulation,Protein,Gene
Q16665,BAX,HIF1A,BAX,NA,Activation,TF regulation,Protein,Gene
Q16665,BID,HIF1A,BID,NA,Repression,TF regulation,Protein,Gene
Q16665,BNIP3,HIF1A,BNIP3,NA,Activation,TF regulation,Protein,Gene
Q16665,CA9,HIF1A,CA9,NA,Activation,TF regulation,Protein,Gene
Q16665,CCND1,HIF1A,CCND1,NA,Repression,TF regulation,Protein,Gene
Q16665,CCR7,HIF1A,CCR7,NA,Activation,TF regulation,Protein,Gene
Q16665,CDH1,HIF1A,CDH1,NA,Repression,TF regulation,Protein,Gene
Q16665,CTGF,HIF1A,CTGF,NA,Activation,TF regulation,Protein,Gene
Q16665,CXCR4,HIF1A,CXCR4,NA,Activation,TF regulation,Protein,Gene
Q16665,E2F3,HIF1A,E2F3,NA,Activation,TF regulation,Protein,Gene
Q16665,EDN1,HIF1A,EDN1,NA,Activation,TF regulation,Protein,Gene
Q16665,EDNRB,HIF1A,EDNRB,NA,Activation,TF regulation,Protein,Gene
Q16665,ENO1,HIF1A,ENO1,NA,Activation,TF regulation,Protein,Gene
Q16665,EPO,HIF1A,EPO,NA,Activation,TF regulation,Protein,Gene
Q16665,FGF2,HIF1A,FGF2,NA,Activation,TF regulation,Protein,Gene
Q16665,HBEGF,HIF1A,HBEGF,NA,Activation,TF regulation,Protein,Gene
Q16665,HIF1A,HIF1A,HIF1A,NA,Repression,TF regulation,Protein,Gene
Q16665,ITGB2,HIF1A,ITGB2,NA,Activation,TF regulation,Protein,Gene
Q16665,LDHA,HIF1A,LDHA,NA,Activation,TF regulation,Protein,Gene
Q16665,LEP,HIF1A,LEP,NA,Activation,TF regulation,Protein,Gene
Q16665,MET,HIF1A,MET,NA,Activation,TF regulation,Protein,Gene
Q16665,MICA,HIF1A,MICA,NA,Activation,TF regulation,Protein,Gene
Q16665,MIF,HIF1A,MIF,NA,Activation,TF regulation,Protein,Gene
Q16665,MMP2,HIF1A,MMP2,NA,Activation,TF regulation,Protein,Gene
Q16665,NR4A1,HIF1A,NR4A1,NA,Activation,TF regulation,Protein,Gene
Q16665,NT5E,HIF1A,NT5E,NA,Activation,TF regulation,Protein,Gene
Q16665,PGK1,HIF1A,PGK1,NA,Activation,TF regulation,Protein,Gene
Q16665,PTGES,HIF1A,PTGES,NA,Activation,TF regulation,Protein,Gene
Q16665,RECK,HIF1A,RECK,NA,Repression,TF regulation,Protein,Gene
Q16665,RORA,HIF1A,RORA,NA,Activation,TF regulation,Protein,Gene
Q16665,SDHB,HIF1A,SDHB,NA,Repression,TF regulation,Protein,Gene
Q16665,SETD2,HIF1A,SETD2,NA,Activation,TF regulation,Protein,Gene
Q16665,SLC29A1,HIF1A,SLC29A1,NA,Repression,TF regulation,Protein,Gene
Q16665,SLC2A1,HIF1A,SLC2A1,NA,Activation,TF regulation,Protein,Gene
Q16665,SOCS1,HIF1A,SOCS1,NA,Activation,TF regulation,Protein,Gene
Q16665,TERT,HIF1A,TERT,NA,Activation,TF regulation,Protein,Gene
Q16665,TGFB3,HIF1A,TGFB3,NA,Activation,TF regulation,Protein,Gene
Q16665,TIMP2,HIF1A,TIMP2,NA,Activation,TF regulation,Protein,Gene
Q16665,TWIST1,HIF1A,TWIST1,NA,Activation,TF regulation,Protein,Gene
Q16665,VEGFA,HIF1A,VEGFA,NA,Activation,TF regulation,Protein,Gene
Q16665,VIM,HIF1A,VIM,NA,Activation,TF regulation,Protein,Gene
Q16665,WASF3,HIF1A,WASF3,NA,Activation,TF regulation,Protein,Gene
Q16665,XPC,HIF1A,XPC,NA,Activation,TF regulation,Protein,Gene
Q16665,ZNF217,HIF1A,ZNF217,NA,Activation,TF regulation,Protein,Gene
Q9BQA5,MBD2,HINFP,MBD2,NA,Repression,TF regulation,Protein,Gene
Q9H2X6,CDKN1A,HIPK2,CDKN1A,NA,Activation,TF regulation,Protein,Gene
Q9H2X6,HIF1A,HIPK2,HIF1A,NA,Repression,TF regulation,Protein,Gene
Q9H2X6,MEF2C,HIPK2,MEF2C,NA,Repression,TF regulation,Protein,Gene
Q9H2X6,NOX1,HIPK2,NOX1,NA,Repression,TF regulation,Protein,Gene
Q9H2X6,VEGFA,HIPK2,VEGFA,NA,Repression,TF regulation,Protein,Gene
Q9H2X6,VIM,HIPK2,VIM,NA,Repression,TF regulation,Protein,Gene
P54198,PLB1,HIRA,PLB1,NA,Repression,TF regulation,Protein,Gene
Q16534,DBP,HLF,DBP,NA,Activation,TF regulation,Protein,Gene
Q16534,RUNX1,HLF,RUNX1,NA,Repression,TF regulation,Protein,Gene
Q14527,OCA2,HLTF,OCA2,NA,Activation,TF regulation,Protein,Gene
P17096,BRCA1,HMGA1,BRCA1,NA,Repression,TF regulation,Protein,Gene
P17096,CD44,HMGA1,CD44,NA,Activation,TF regulation,Protein,Gene
P17096,CDC25A,HMGA1,CDC25A,NA,Activation,TF regulation,Protein,Gene
P17096,CDH1,HMGA1,CDH1,NA,Repression,TF regulation,Protein,Gene
P17096,INSR,HMGA1,INSR,NA,Activation,TF regulation,Protein,Gene
P17096,KL,HMGA1,KL,NA,Activation,TF regulation,Protein,Gene
P17096,POU1F1,HMGA1,POU1F1,NA,Activation,TF regulation,Protein,Gene
P17096,PTGS2,HMGA1,PTGS2,NA,Activation,TF regulation,Protein,Gene
P17096,SLC2A3,HMGA1,SLC2A3,NA,Activation,TF regulation,Protein,Gene
P17096,TWIST1,HMGA1,TWIST1,NA,Activation,TF regulation,Protein,Gene
P17096,XPA,HMGA1,XPA,NA,Repression,TF regulation,Protein,Gene
P52926,CDH1,HMGA2,CDH1,NA,Activation,TF regulation,Protein,Gene
P52926,COL11A2,HMGA2,COL11A2,NA,Activation,TF regulation,Protein,Gene
P52926,POU1F1,HMGA2,POU1F1,NA,Activation,TF regulation,Protein,Gene
P26583,GFI1B,HMGB2,GFI1B,NA,Activation,TF regulation,Protein,Gene
P26583,TNF,HMGB2,TNF,NA,Activation,TF regulation,Protein,Gene
P20823,ACAT2,HNF1A,ACAT2,NA,Activation,TF regulation,Protein,Gene
P20823,CDH17,HNF1A,CDH17,NA,Activation,TF regulation,Protein,Gene
P20823,IGFBP1,HNF1A,IGFBP1,NA,Activation,TF regulation,Protein,Gene
P20823,LCT,HNF1A,LCT,NA,Activation,TF regulation,Protein,Gene
P20823,MTTP,HNF1A,MTTP,NA,Activation,TF regulation,Protein,Gene
P20823,SLC22A10,HNF1A,SLC22A10,NA,Activation,TF regulation,Protein,Gene
P20823,SLC22A9,HNF1A,SLC22A9,NA,Activation,TF regulation,Protein,Gene
P20823,TM4SF1,HNF1A,TM4SF1,NA,Repression,TF regulation,Protein,Gene
P20823,UGT1A1,HNF1A,UGT1A1,NA,Activation,TF regulation,Protein,Gene
P20823,UGT1A10,HNF1A,UGT1A10,NA,Activation,TF regulation,Protein,Gene
P20823,UGT1A8,HNF1A,UGT1A8,NA,Activation,TF regulation,Protein,Gene
P20823,UGT1A9,HNF1A,UGT1A9,NA,Activation,TF regulation,Protein,Gene
P20823,UGT2B17,HNF1A,UGT2B17,NA,Activation,TF regulation,Protein,Gene
P20823,UGT2B7,HNF1A,UGT2B7,NA,Activation,TF regulation,Protein,Gene
P35680,UMOD,HNF1B,UMOD,NA,Activation,TF regulation,Protein,Gene
P41235,ABCG5,HNF4A,ABCG5,NA,Repression,TF regulation,Protein,Gene
P41235,ABCG8,HNF4A,ABCG8,NA,Repression,TF regulation,Protein,Gene
P41235,AFP,HNF4A,AFP,NA,Activation,TF regulation,Protein,Gene
P41235,C1QTNF5,HNF4A,C1QTNF5,NA,Activation,TF regulation,Protein,Gene
P41235,CEACAM1,HNF4A,CEACAM1,NA,Activation,TF regulation,Protein,Gene
P41235,CYP2C8,HNF4A,CYP2C8,NA,Activation,TF regulation,Protein,Gene
P41235,CYP2C9,HNF4A,CYP2C9,NA,Activation,TF regulation,Protein,Gene
P41235,CYP2D6,HNF4A,CYP2D6,NA,Activation,TF regulation,Protein,Gene
P41235,CYP7A1,HNF4A,CYP7A1,NA,Repression,TF regulation,Protein,Gene
P41235,FABP2,HNF4A,FABP2,NA,Activation,TF regulation,Protein,Gene
P41235,GFER,HNF4A,GFER,NA,Repression,TF regulation,Protein,Gene
P41235,GH1,HNF4A,GH1,NA,Repression,TF regulation,Protein,Gene
P41235,LDLR,HNF4A,LDLR,NA,Activation,TF regulation,Protein,Gene
P41235,MMP7,HNF4A,MMP7,NA,Activation,TF regulation,Protein,Gene
P41235,MTTP,HNF4A,MTTP,NA,Activation,TF regulation,Protein,Gene
P41235,MYC,HNF4A,MYC,NA,Activation,TF regulation,Protein,Gene
P41235,NPC1L1,HNF4A,NPC1L1,NA,Activation,TF regulation,Protein,Gene
P41235,NR1I2,HNF4A,NR1I2,NA,Activation,TF regulation,Protein,Gene
P41235,PCSK9,HNF4A,PCSK9,NA,Activation,TF regulation,Protein,Gene
P41235,RNASE2,HNF4A,RNASE2,NA,Activation,TF regulation,Protein,Gene
P41235,SERPINC1,HNF4A,SERPINC1,NA,Activation,TF regulation,Protein,Gene
P41235,SHBG,HNF4A,SHBG,NA,Activation,TF regulation,Protein,Gene
Q14541,AFP,HNF4G,AFP,NA,Activation,TF regulation,Protein,Gene
Q14541,CYP2D6,HNF4G,CYP2D6,NA,Activation,TF regulation,Protein,Gene
Q9BPY8,FLG,HOPX,FLG,NA,Activation,TF regulation,Protein,Gene
Q9BPY8,FOS,HOPX,FOS,NA,Repression,TF regulation,Protein,Gene
Q9BPY8,LOR,HOPX,LOR,NA,Activation,TF regulation,Protein,Gene
P49639,BCL2,HOXA1,BCL2,NA,Activation,TF regulation,Protein,Gene
P49639,CCND1,HOXA1,CCND1,NA,Activation,TF regulation,Protein,Gene
P49639,MYC,HOXA1,MYC,NA,Activation,TF regulation,Protein,Gene
P31260,BHLHE22,HOXA10,BHLHE22,NA,Activation,TF regulation,Protein,Gene
P31260,CDKN1C,HOXA10,CDKN1C,NA,Repression,TF regulation,Protein,Gene
P31260,EMX2,HOXA10,EMX2,NA,Activation,TF regulation,Protein,Gene
P31260,ID2,HOXA10,ID2,NA,Activation,TF regulation,Protein,Gene
P31260,IGFBP1,HOXA10,IGFBP1,NA,Activation,TF regulation,Protein,Gene
P31260,IL11,HOXA10,IL11,NA,Repression,TF regulation,Protein,Gene
P31260,IL15,HOXA10,IL15,NA,Activation,TF regulation,Protein,Gene
P31260,KLF9,HOXA10,KLF9,NA,Repression,TF regulation,Protein,Gene
P31260,MYCN,HOXA10,MYCN,NA,Repression,TF regulation,Protein,Gene
P31260,PHGDH,HOXA10,PHGDH,NA,Repression,TF regulation,Protein,Gene
P31260,SNAI1,HOXA10,SNAI1,NA,Repression,TF regulation,Protein,Gene
P31260,TP53,HOXA10,TP53,NA,Activation,TF regulation,Protein,Gene
P31270,HOXA10,HOXA11,HOXA10,NA,Repression,TF regulation,Protein,Gene
P20719,ARHGEF1,HOXA5,ARHGEF1,NA,Activation,TF regulation,Protein,Gene
P20719,PGR,HOXA5,PGR,NA,Activation,TF regulation,Protein,Gene
P20719,PTN,HOXA5,PTN,NA,Activation,TF regulation,Protein,Gene
P31268,CDH1,HOXA7,CDH1,NA,Activation,TF regulation,Protein,Gene
P31268,IVL,HOXA7,IVL,NA,Activation,TF regulation,Protein,Gene
P31268,KRT10,HOXA7,KRT10,NA,Activation,TF regulation,Protein,Gene
P31268,VIM,HOXA7,VIM,NA,Activation,TF regulation,Protein,Gene
P31269,ARHGEF1,HOXA9,ARHGEF1,NA,Activation,TF regulation,Protein,Gene
P31269,ID2,HOXA9,ID2,NA,Activation,TF regulation,Protein,Gene
P31269,MYCN,HOXA9,MYCN,NA,Activation,TF regulation,Protein,Gene
P31269,NFKB1,HOXA9,NFKB1,NA,Repression,TF regulation,Protein,Gene
P31269,RELA,HOXA9,RELA,NA,Repression,TF regulation,Protein,Gene
P14653,TCF4,HOXB1,TCF4,NA,Repression,TF regulation,Protein,Gene
Q92826,TCF4,HOXB13,TCF4,NA,Repression,TF regulation,Protein,Gene
P09629,CCND1,HOXB7,CCND1,NA,Activation,TF regulation,Protein,Gene
P09629,CDKN1B,HOXB7,CDKN1B,NA,Repression,TF regulation,Protein,Gene
P09629,DAPK1,HOXB7,DAPK1,NA,Repression,TF regulation,Protein,Gene
P09629,EGFR,HOXB7,EGFR,NA,Activation,TF regulation,Protein,Gene
P09629,FGF2,HOXB7,FGF2,NA,Activation,TF regulation,Protein,Gene
P09629,MMP2,HOXB7,MMP2,NA,Activation,TF regulation,Protein,Gene
P09629,PDGFA,HOXB7,PDGFA,NA,Activation,TF regulation,Protein,Gene
P09629,THBS2,HOXB7,THBS2,NA,Repression,TF regulation,Protein,Gene
P09629,VEGFA,HOXB7,VEGFA,NA,Activation,TF regulation,Protein,Gene
P09629,WNT5A,HOXB7,WNT5A,NA,Activation,TF regulation,Protein,Gene
Q9NYD6,HOXB8,HOXC10,HOXB8,NA,Repression,TF regulation,Protein,Gene
P31276,DSG4,HOXC13,DSG4,NA,Repression,TF regulation,Protein,Gene
P31276,SPI1,HOXC13,SPI1,NA,Repression,TF regulation,Protein,Gene
P09630,IGFBP3,HOXC6,IGFBP3,NA,Repression,TF regulation,Protein,Gene
P09630,MME,HOXC6,MME,NA,Repression,TF regulation,Protein,Gene
P31274,HOXB8,HOXC9,HOXB8,NA,Repression,TF regulation,Protein,Gene
P28356,HOXD9,HOXD9,HOXD9,NA,Activation,TF regulation,Protein,Gene
O43593,OLR1,HR,OLR1,NA,Activation,TF regulation,Protein,Gene
Q00613,ATG7,HSF1,ATG7,NA,Activation,TF regulation,Protein,Gene
Q00613,BAG3,HSF1,BAG3,NA,Repression,TF regulation,Protein,Gene
Q00613,CDKN1A,HSF1,CDKN1A,NA,Repression,TF regulation,Protein,Gene
Q00613,GUCA2B,HSF1,GUCA2B,NA,Repression,TF regulation,Protein,Gene
Q00613,HSD17B6,HSF1,HSD17B6,NA,Repression,TF regulation,Protein,Gene
Q00613,HSPA4,HSF1,HSPA4,NA,Activation,TF regulation,Protein,Gene
Q00613,IL1B,HSF1,IL1B,NA,Repression,TF regulation,Protein,Gene
Q00613,LDHA,HSF1,LDHA,NA,Activation,TF regulation,Protein,Gene
Q00613,MICA,HSF1,MICA,NA,Activation,TF regulation,Protein,Gene
Q00613,MICB,HSF1,MICB,NA,Activation,TF regulation,Protein,Gene
Q00613,NAT1,HSF1,NAT1,NA,Activation,TF regulation,Protein,Gene
Q00613,POLK,HSF1,POLK,NA,Activation,TF regulation,Protein,Gene
Q00613,SERPINE1,HSF1,SERPINE1,NA,Activation,TF regulation,Protein,Gene
Q03933,HSPA4,HSF2,HSPA4,NA,Activation,TF regulation,Protein,Gene
Q03933,MAP2K4,HSF2,MAP2K4,NA,Repression,TF regulation,Protein,Gene
Q03933,MAPK8,HSF2,MAPK8,NA,Repression,TF regulation,Protein,Gene
Q03933,TNFSF11,HSF2,TNFSF11,NA,Activation,TF regulation,Protein,Gene
Q9ULV5,DNASE2B,HSF4,DNASE2B,NA,Activation,TF regulation,Protein,Gene
Q9BUP3,MMP2,HTATIP2,MMP2,NA,Repression,TF regulation,Protein,Gene
Q9BUP3,SPP1,HTATIP2,SPP1,NA,Repression,TF regulation,Protein,Gene
Q9BUP3,VEGFA,HTATIP2,VEGFA,NA,Repression,TF regulation,Protein,Gene
P41134,ZNF148,ID1,ZNF148,NA,Repression,TF regulation,Protein,Gene
Q02363,SNAI1,ID2,SNAI1,NA,Activation,TF regulation,Protein,Gene
Q02535,TCF3,ID3,TCF3,NA,Repression,TF regulation,Protein,Gene
P47928,BRCA1,ID4,BRCA1,NA,Repression,TF regulation,Protein,Gene
Q16666,ICAM1,IFI16,ICAM1,NA,Repression,TF regulation,Protein,Gene
Q16666,MYC,IFI16,MYC,NA,Repression,TF regulation,Protein,Gene
Q16666,WT1,IFI16,WT1,NA,Activation,TF regulation,Protein,Gene
O14920,CD44,IKBKB,CD44,NA,Repression,TF regulation,Protein,Gene
O14920,MMP9,IKBKB,MMP9,NA,Repression,TF regulation,Protein,Gene
O14920,NOS2,IKBKB,NOS2,NA,Repression,TF regulation,Protein,Gene
O14920,VCAM1,IKBKB,VCAM1,NA,Repression,TF regulation,Protein,Gene
Q13422,FGFR4,IKZF1,FGFR4,NA,Activation,TF regulation,Protein,Gene
Q12905,ACRV1,ILF2,ACRV1,NA,Activation,TF regulation,Protein,Gene
Q12906,ACRV1,ILF3,ACRV1,NA,Activation,TF regulation,Protein,Gene
Q12906,BIRC5,ILF3,BIRC5,NA,Activation,TF regulation,Protein,Gene
Q12906,HLA-DRA,ILF3,HLA-DRA,NA,Repression,TF regulation,Protein,Gene
Q12906,IL2,ILF3,IL2,NA,Activation,TF regulation,Protein,Gene
Q12906,PLAU,ILF3,PLAU,NA,Activation,TF regulation,Protein,Gene
Q9UK53,AFP,ING1,AFP,NA,Repression,TF regulation,Protein,Gene
Q9UK53,BAX,ING1,BAX,NA,Activation,TF regulation,Protein,Gene
Q9UK53,CASP3,ING1,CASP3,NA,Activation,TF regulation,Protein,Gene
Q9UK53,CDKN1A,ING1,CDKN1A,NA,Activation,TF regulation,Protein,Gene
Q9UK53,TP53,ING1,TP53,NA,Activation,TF regulation,Protein,Gene
Q9H160,BCL2,ING2,BCL2,NA,Repression,TF regulation,Protein,Gene
Q9H160,MMP13,ING2,MMP13,NA,Activation,TF regulation,Protein,Gene
Q9UNL4,ANGPT1,ING4,ANGPT1,NA,Repression,TF regulation,Protein,Gene
Q9UNL4,ARL6IP5,ING4,ARL6IP5,NA,Activation,TF regulation,Protein,Gene
Q9UNL4,BAX,ING4,BAX,NA,Activation,TF regulation,Protein,Gene
Q9UNL4,BCL2,ING4,BCL2,NA,Repression,TF regulation,Protein,Gene
Q9UNL4,CASP3,ING4,CASP3,NA,Activation,TF regulation,Protein,Gene
Q9UNL4,CCND1,ING4,CCND1,NA,Repression,TF regulation,Protein,Gene
Q9UNL4,CDKN1A,ING4,CDKN1A,NA,Activation,TF regulation,Protein,Gene
Q9UNL4,CDKN1B,ING4,CDKN1B,NA,Activation,TF regulation,Protein,Gene
Q9UNL4,CXCL8,ING4,CXCL8,NA,Repression,TF regulation,Protein,Gene
Q9UNL4,NGF,ING4,NGF,NA,Repression,TF regulation,Protein,Gene
Q9UNL4,NTRK1,ING4,NTRK1,NA,Repression,TF regulation,Protein,Gene
Q9UNL4,PTGS2,ING4,PTGS2,NA,Repression,TF regulation,Protein,Gene
Q9UNL4,SKP2,ING4,SKP2,NA,Repression,TF regulation,Protein,Gene
Q9UNL4,SPP1,ING4,SPP1,NA,Repression,TF regulation,Protein,Gene
Q9UNL4,TP53,ING4,TP53,NA,Activation,TF regulation,Protein,Gene
P10914,BCL2,IRF1,BCL2,NA,Repression,TF regulation,Protein,Gene
P10914,CASP7,IRF1,CASP7,NA,Activation,TF regulation,Protein,Gene
P10914,CCNB1,IRF1,CCNB1,NA,Repression,TF regulation,Protein,Gene
P10914,CCNE1,IRF1,CCNE1,NA,Repression,TF regulation,Protein,Gene
P10914,CD40,IRF1,CD40,NA,Activation,TF regulation,Protein,Gene
P10914,CDK1,IRF1,CDK1,NA,Repression,TF regulation,Protein,Gene
P10914,CDK2,IRF1,CDK2,NA,Repression,TF regulation,Protein,Gene
P10914,CDK4,IRF1,CDK4,NA,Repression,TF regulation,Protein,Gene
P10914,CDKN1A,IRF1,CDKN1A,NA,Repression,TF regulation,Protein,Gene
P10914,CEACAM1,IRF1,CEACAM1,NA,Activation,TF regulation,Protein,Gene
P10914,CIITA,IRF1,CIITA,NA,Activation,TF regulation,Protein,Gene
P10914,CXCL10,IRF1,CXCL10,NA,Activation,TF regulation,Protein,Gene
P10914,CYBB,IRF1,CYBB,NA,Activation,TF regulation,Protein,Gene
P10914,DDX58,IRF1,DDX58,NA,Activation,TF regulation,Protein,Gene
P10914,DST,IRF1,DST,NA,Repression,TF regulation,Protein,Gene
P10914,E2F1,IRF1,E2F1,NA,Repression,TF regulation,Protein,Gene
P10914,EIF2AK2,IRF1,EIF2AK2,NA,Activation,TF regulation,Protein,Gene
P10914,FOXP3,IRF1,FOXP3,NA,Repression,TF regulation,Protein,Gene
P10914,HLA-A,IRF1,HLA-A,NA,Activation,TF regulation,Protein,Gene
P10914,IFIT3,IRF1,IFIT3,NA,Activation,TF regulation,Protein,Gene
P10914,IFNA1,IRF1,IFNA1,NA,Activation,TF regulation,Protein,Gene
P10914,IFNA13,IRF1,IFNA13,NA,Activation,TF regulation,Protein,Gene
P10914,IFNB1,IRF1,IFNB1,NA,Activation,TF regulation,Protein,Gene
P10914,IFNG,IRF1,IFNG,NA,Activation,TF regulation,Protein,Gene
P10914,IL10,IRF1,IL10,NA,Activation,TF regulation,Protein,Gene
P10914,IL27,IRF1,IL27,NA,Activation,TF regulation,Protein,Gene
P10914,IRF2,IRF1,IRF2,NA,Activation,TF regulation,Protein,Gene
P10914,MYB,IRF1,MYB,NA,Repression,TF regulation,Protein,Gene
P10914,NCF2,IRF1,NCF2,NA,Activation,TF regulation,Protein,Gene
P10914,PSMB9,IRF1,PSMB9,NA,Activation,TF regulation,Protein,Gene
P10914,SOCS1,IRF1,SOCS1,NA,Activation,TF regulation,Protein,Gene
P10914,SOCS2,IRF1,SOCS2,NA,Activation,TF regulation,Protein,Gene
P10914,TAP1,IRF1,TAP1,NA,Activation,TF regulation,Protein,Gene
P10914,TNFSF10,IRF1,TNFSF10,NA,Activation,TF regulation,Protein,Gene
P14316,CIITA,IRF2,CIITA,NA,Activation,TF regulation,Protein,Gene
P14316,CXCR4,IRF2,CXCR4,NA,Repression,TF regulation,Protein,Gene
P14316,DST,IRF2,DST,NA,Repression,TF regulation,Protein,Gene
P14316,IFNB1,IRF2,IFNB1,NA,Activation,TF regulation,Protein,Gene
P14316,IFNGR1,IRF2,IFNGR1,NA,Repression,TF regulation,Protein,Gene
P14316,TAP1,IRF2,TAP1,NA,Activation,TF regulation,Protein,Gene
Q14653,ABCC2,IRF3,ABCC2,NA,Activation,TF regulation,Protein,Gene
Q14653,CXCL10,IRF3,CXCL10,NA,Activation,TF regulation,Protein,Gene
Q14653,IFNA1,IRF3,IFNA1,NA,Activation,TF regulation,Protein,Gene
Q14653,IFNB1,IRF3,IFNB1,NA,Activation,TF regulation,Protein,Gene
Q14653,MAVS,IRF3,MAVS,NA,Activation,TF regulation,Protein,Gene
Q14653,PURA,IRF3,PURA,NA,Repression,TF regulation,Protein,Gene
Q14653,SOCS2,IRF3,SOCS2,NA,Activation,TF regulation,Protein,Gene
Q15306,BCL6,IRF4,BCL6,NA,Repression,TF regulation,Protein,Gene
Q15306,CD68,IRF4,CD68,NA,Repression,TF regulation,Protein,Gene
Q15306,FCER2,IRF4,FCER2,NA,Activation,TF regulation,Protein,Gene
Q15306,IRF3,IRF4,IRF3,NA,Repression,TF regulation,Protein,Gene
Q13568,IFNA1,IRF5,IFNA1,NA,Activation,TF regulation,Protein,Gene
Q13568,PDLIM7,IRF5,PDLIM7,NA,Repression,TF regulation,Protein,Gene
Q92985,ATF4,IRF7,ATF4,NA,Activation,TF regulation,Protein,Gene
Q92985,CD80,IRF7,CD80,NA,Activation,TF regulation,Protein,Gene
Q92985,CXCL10,IRF7,CXCL10,NA,Activation,TF regulation,Protein,Gene
Q92985,IFNA1,IRF7,IFNA1,NA,Activation,TF regulation,Protein,Gene
Q92985,IFNA13,IRF7,IFNA13,NA,Activation,TF regulation,Protein,Gene
Q92985,IFNA2,IRF7,IFNA2,NA,Activation,TF regulation,Protein,Gene
Q92985,IFNB1,IRF7,IFNB1,NA,Activation,TF regulation,Protein,Gene
Q02556,CD68,IRF8,CD68,NA,Repression,TF regulation,Protein,Gene
Q02556,CYBB,IRF8,CYBB,NA,Activation,TF regulation,Protein,Gene
Q02556,GAS2,IRF8,GAS2,NA,Repression,TF regulation,Protein,Gene
Q02556,IL1B,IRF8,IL1B,NA,Activation,TF regulation,Protein,Gene
Q02556,NCF2,IRF8,NCF2,NA,Activation,TF regulation,Protein,Gene
Q02556,NF1,IRF8,NF1,NA,Activation,TF regulation,Protein,Gene
Q02556,TLR3,IRF8,TLR3,NA,Repression,TF regulation,Protein,Gene
Q00978,CCND2,IRF9,CCND2,NA,Repression,TF regulation,Protein,Gene
Q00978,CDKN1A,IRF9,CDKN1A,NA,Activation,TF regulation,Protein,Gene
Q00978,CDKN1B,IRF9,CDKN1B,NA,Activation,TF regulation,Protein,Gene
Q00978,IL27,IRF9,IL27,NA,Repression,TF regulation,Protein,Gene
Q00978,NCAM1,IRF9,NCAM1,NA,Activation,TF regulation,Protein,Gene
Q00978,PML,IRF9,PML,NA,Activation,TF regulation,Protein,Gene
Q00978,SP100,IRF9,SP100,NA,Activation,TF regulation,Protein,Gene
P61371,MEF2C,ISL1,MEF2C,NA,Activation,TF regulation,Protein,Gene
Q8WYK2,ATF3,JDP2,ATF3,NA,Repression,TF regulation,Protein,Gene
Q8WYK2,DDIT3,JDP2,DDIT3,NA,Repression,TF regulation,Protein,Gene
P05412,ABCB1,JUN,ABCB1,NA,Activation,TF regulation,Protein,Gene
P05412,APOC3,JUN,APOC3,NA,Activation,TF regulation,Protein,Gene
P05412,AR,JUN,AR,NA,Repression,TF regulation,Protein,Gene
P05412,ATF3,JUN,ATF3,NA,Activation,TF regulation,Protein,Gene
P05412,BECN1,JUN,BECN1,NA,Activation,TF regulation,Protein,Gene
P05412,BEX2,JUN,BEX2,NA,Activation,TF regulation,Protein,Gene
P05412,BRCA1,JUN,BRCA1,NA,Activation,TF regulation,Protein,Gene
P05412,CCK,JUN,CCK,NA,Activation,TF regulation,Protein,Gene
P05412,CCL2,JUN,CCL2,NA,Activation,TF regulation,Protein,Gene
P05412,CCND1,JUN,CCND1,NA,Activation,TF regulation,Protein,Gene
P05412,CD82,JUN,CD82,NA,Activation,TF regulation,Protein,Gene
P05412,CDKN1A,JUN,CDKN1A,NA,Repression,TF regulation,Protein,Gene
P05412,CREM,JUN,CREM,NA,Activation,TF regulation,Protein,Gene
P05412,CSF1,JUN,CSF1,NA,Activation,TF regulation,Protein,Gene
P05412,CTGF,JUN,CTGF,NA,Repression,TF regulation,Protein,Gene
P05412,CTSL,JUN,CTSL,NA,Activation,TF regulation,Protein,Gene
P05412,CXCL8,JUN,CXCL8,NA,Activation,TF regulation,Protein,Gene
P05412,CYP19A1,JUN,CYP19A1,NA,Repression,TF regulation,Protein,Gene
P05412,DCN,JUN,DCN,NA,Repression,TF regulation,Protein,Gene
P05412,DDIT3,JUN,DDIT3,NA,Activation,TF regulation,Protein,Gene
P05412,EGFR,JUN,EGFR,NA,Activation,TF regulation,Protein,Gene
P05412,ETS1,JUN,ETS1,NA,Activation,TF regulation,Protein,Gene
P05412,EZR,JUN,EZR,NA,Activation,TF regulation,Protein,Gene
P05412,FAS,JUN,FAS,NA,Activation,TF regulation,Protein,Gene
P05412,FOSL1,JUN,FOSL1,NA,Activation,TF regulation,Protein,Gene
P05412,GJA1,JUN,GJA1,NA,Activation,TF regulation,Protein,Gene
P05412,HEY1,JUN,HEY1,NA,Activation,TF regulation,Protein,Gene
P05412,IFNG,JUN,IFNG,NA,Activation,TF regulation,Protein,Gene
P05412,IL12B,JUN,IL12B,NA,Activation,TF regulation,Protein,Gene
P05412,IL2,JUN,IL2,NA,Repression,TF regulation,Protein,Gene
P05412,IL3,JUN,IL3,NA,Activation,TF regulation,Protein,Gene
P05412,IL6,JUN,IL6,NA,Activation,TF regulation,Protein,Gene
P05412,JUN,JUN,JUN,NA,Activation,TF regulation,Protein,Gene
P05412,KRT16,JUN,KRT16,NA,Activation,TF regulation,Protein,Gene
P05412,LBP,JUN,LBP,NA,Repression,TF regulation,Protein,Gene
P05412,LDHA,JUN,LDHA,NA,Activation,TF regulation,Protein,Gene
P05412,LGALS3,JUN,LGALS3,NA,Activation,TF regulation,Protein,Gene
P05412,LOR,JUN,LOR,NA,Activation,TF regulation,Protein,Gene
P05412,MAPK8,JUN,MAPK8,NA,Activation,TF regulation,Protein,Gene
P05412,MAT2A,JUN,MAT2A,NA,Activation,TF regulation,Protein,Gene
P05412,MEF2D,JUN,MEF2D,NA,Activation,TF regulation,Protein,Gene
P05412,MMP1,JUN,MMP1,NA,Activation,TF regulation,Protein,Gene
P05412,MMP13,JUN,MMP13,NA,Activation,TF regulation,Protein,Gene
P05412,MMP2,JUN,MMP2,NA,Activation,TF regulation,Protein,Gene
P05412,MMP3,JUN,MMP3,NA,Activation,TF regulation,Protein,Gene
P05412,MMP7,JUN,MMP7,NA,Activation,TF regulation,Protein,Gene
P05412,MMP9,JUN,MMP9,NA,Activation,TF regulation,Protein,Gene
P05412,MSR1,JUN,MSR1,NA,Activation,TF regulation,Protein,Gene
P05412,MYC,JUN,MYC,NA,Repression,TF regulation,Protein,Gene
P05412,NAMPT,JUN,NAMPT,NA,Activation,TF regulation,Protein,Gene
P05412,NEFL,JUN,NEFL,NA,Activation,TF regulation,Protein,Gene
P05412,NEIL1,JUN,NEIL1,NA,Activation,TF regulation,Protein,Gene
P05412,NOS2,JUN,NOS2,NA,Activation,TF regulation,Protein,Gene
P05412,NOX5,JUN,NOX5,NA,Activation,TF regulation,Protein,Gene
P05412,PGR,JUN,PGR,NA,Repression,TF regulation,Protein,Gene
P05412,PLAT,JUN,PLAT,NA,Activation,TF regulation,Protein,Gene
P05412,PLAUR,JUN,PLAUR,NA,Activation,TF regulation,Protein,Gene
P05412,PPARD,JUN,PPARD,NA,Activation,TF regulation,Protein,Gene
P05412,PTGS2,JUN,PTGS2,NA,Activation,TF regulation,Protein,Gene
P05412,PTN,JUN,PTN,NA,Activation,TF regulation,Protein,Gene
P05412,RARA,JUN,RARA,NA,Repression,TF regulation,Protein,Gene
P05412,RARB,JUN,RARB,NA,Activation,TF regulation,Protein,Gene
P05412,RARG,JUN,RARG,NA,Repression,TF regulation,Protein,Gene
P05412,RHOB,JUN,RHOB,NA,Activation,TF regulation,Protein,Gene
P05412,SMAD7,JUN,SMAD7,NA,Activation,TF regulation,Protein,Gene
P05412,SMN1,JUN,SMN1,NA,Repression,TF regulation,Protein,Gene
P05412,SOX7,JUN,SOX7,NA,Activation,TF regulation,Protein,Gene
P05412,SPI1,JUN,SPI1,NA,Activation,TF regulation,Protein,Gene
P05412,SPRR1B,JUN,SPRR1B,NA,Activation,TF regulation,Protein,Gene
P05412,STMN1,JUN,STMN1,NA,Activation,TF regulation,Protein,Gene
P05412,TERT,JUN,TERT,NA,Repression,TF regulation,Protein,Gene
P05412,TNC,JUN,TNC,NA,Activation,TF regulation,Protein,Gene
P05412,TNF,JUN,TNF,NA,Activation,TF regulation,Protein,Gene
P05412,TNFRSF1B,JUN,TNFRSF1B,NA,Activation,TF regulation,Protein,Gene
P05412,TP53,JUN,TP53,NA,Repression,TF regulation,Protein,Gene
P05412,UGT2B15,JUN,UGT2B15,NA,Activation,TF regulation,Protein,Gene
P05412,VCAM1,JUN,VCAM1,NA,Activation,TF regulation,Protein,Gene
P05412,VDR,JUN,VDR,NA,Activation,TF regulation,Protein,Gene
P05412,VEGFA,JUN,VEGFA,NA,Repression,TF regulation,Protein,Gene
P17275,CD82,JUNB,CD82,NA,Activation,TF regulation,Protein,Gene
P17275,EGFR,JUNB,EGFR,NA,Activation,TF regulation,Protein,Gene
P17275,IL4,JUNB,IL4,NA,Activation,TF regulation,Protein,Gene
P17275,LOR,JUNB,LOR,NA,Repression,TF regulation,Protein,Gene
P17275,PTGS2,JUNB,PTGS2,NA,Activation,TF regulation,Protein,Gene
P17535,BCL6,JUND,BCL6,NA,Activation,TF regulation,Protein,Gene
P17535,CCND1,JUND,CCND1,NA,Activation,TF regulation,Protein,Gene
P17535,CCR4,JUND,CCR4,NA,Activation,TF regulation,Protein,Gene
P17535,FOSL1,JUND,FOSL1,NA,Activation,TF regulation,Protein,Gene
P17535,GADD45A,JUND,GADD45A,NA,Activation,TF regulation,Protein,Gene
P17535,GAST,JUND,GAST,NA,Activation,TF regulation,Protein,Gene
P17535,IL6,JUND,IL6,NA,Activation,TF regulation,Protein,Gene
P17535,ITGAV,JUND,ITGAV,NA,Repression,TF regulation,Protein,Gene
P17535,ITGB3,JUND,ITGB3,NA,Repression,TF regulation,Protein,Gene
P17535,MDM2,JUND,MDM2,NA,Activation,TF regulation,Protein,Gene
P17535,MYB,JUND,MYB,NA,Activation,TF regulation,Protein,Gene
P17535,NOS2,JUND,NOS2,NA,Activation,TF regulation,Protein,Gene
P17535,PTGS2,JUND,PTGS2,NA,Activation,TF regulation,Protein,Gene
P17535,SOX4,JUND,SOX4,NA,Activation,TF regulation,Protein,Gene
Q92831,CDK2,KAT2B,CDK2,NA,Repression,TF regulation,Protein,Gene
Q92831,CDKN1A,KAT2B,CDKN1A,NA,Activation,TF regulation,Protein,Gene
Q92831,CDKN1B,KAT2B,CDKN1B,NA,Activation,TF regulation,Protein,Gene
Q92831,IRF7,KAT2B,IRF7,NA,Repression,TF regulation,Protein,Gene
Q92831,RB1,KAT2B,RB1,NA,Activation,TF regulation,Protein,Gene
Q92831,SMAD4,KAT2B,SMAD4,NA,Activation,TF regulation,Protein,Gene
Q92831,ZEB1,KAT2B,ZEB1,NA,Repression,TF regulation,Protein,Gene
Q92993,ERCC1,KAT5,ERCC1,NA,Activation,TF regulation,Protein,Gene
Q92993,GMPS,KAT5,GMPS,NA,Repression,TF regulation,Protein,Gene
Q92993,HDC,KAT5,HDC,NA,Repression,TF regulation,Protein,Gene
Q92993,STAT3,KAT5,STAT3,NA,Repression,TF regulation,Protein,Gene
Q92794,HOXA9,KAT6A,HOXA9,NA,Activation,TF regulation,Protein,Gene
Q9Y2W7,GCM1,KCNIP3,GCM1,NA,Repression,TF regulation,Protein,Gene
Q9Y2W7,SLC8A3,KCNIP3,SLC8A3,NA,Repression,TF regulation,Protein,Gene
Q9Y2K7,EREG,KDM2A,EREG,NA,Repression,TF regulation,Protein,Gene
O94953,AR,KDM4B,AR,NA,Activation,TF regulation,Protein,Gene
Q9H3R0,JAG1,KDM4C,JAG1,NA,Activation,TF regulation,Protein,Gene
Q07666,IGF2,KHDRBS1,IGF2,NA,Activation,TF regulation,Protein,Gene
Q07666,LEP,KHDRBS1,LEP,NA,Activation,TF regulation,Protein,Gene
Q13118,CDKN1A,KLF10,CDKN1A,NA,Activation,TF regulation,Protein,Gene
Q13118,EGFR,KLF10,EGFR,NA,Repression,TF regulation,Protein,Gene
Q13118,FGFR1,KLF10,FGFR1,NA,Repression,TF regulation,Protein,Gene
Q13118,ITGAD,KLF10,ITGAD,NA,Activation,TF regulation,Protein,Gene
Q13118,PTGS1,KLF10,PTGS1,NA,Activation,TF regulation,Protein,Gene
Q13118,SERPINE1,KLF10,SERPINE1,NA,Activation,TF regulation,Protein,Gene
Q13118,STMN1,KLF10,STMN1,NA,Repression,TF regulation,Protein,Gene
O14901,INS,KLF11,INS,NA,Activation,TF regulation,Protein,Gene
Q9Y4X4,PRL,KLF12,PRL,NA,Repression,TF regulation,Protein,Gene
Q9Y4X4,TFAP2A,KLF12,TFAP2A,NA,Repression,TF regulation,Protein,Gene
Q9Y2Y9,LDLR,KLF13,LDLR,NA,Repression,TF regulation,Protein,Gene
Q8TD94,TGFBR2,KLF14,TGFBR2,NA,Repression,TF regulation,Protein,Gene
Q8TD94,TGFBR2,KLF14,TGFBR2,NA,Repression,TF regulation,Protein,Gene
Q9UIH9,LRP5,KLF15,LRP5,NA,Activation,TF regulation,Protein,Gene
Q9UIH9,RBP3,KLF15,RBP3,NA,Repression,TF regulation,Protein,Gene
Q9UIH9,RHO,KLF15,RHO,NA,Repression,TF regulation,Protein,Gene
Q9BXK1,CDKN1A,KLF16,CDKN1A,NA,Repression,TF regulation,Protein,Gene
Q9Y5W3,CCR5,KLF2,CCR5,NA,Activation,TF regulation,Protein,Gene
Q9Y5W3,CDKN1A,KLF2,CDKN1A,NA,Activation,TF regulation,Protein,Gene
Q9Y5W3,CXCR4,KLF2,CXCR4,NA,Repression,TF regulation,Protein,Gene
Q9Y5W3,FABP5,KLF2,FABP5,NA,Repression,TF regulation,Protein,Gene
Q9Y5W3,NOS3,KLF2,NOS3,NA,Activation,TF regulation,Protein,Gene
Q9Y5W3,PPARG,KLF2,PPARG,NA,Repression,TF regulation,Protein,Gene
Q9Y5W3,THBD,KLF2,THBD,NA,Activation,TF regulation,Protein,Gene
Q9Y5W3,WEE1,KLF2,WEE1,NA,Repression,TF regulation,Protein,Gene
P57682,CKM,KLF3,CKM,NA,Activation,TF regulation,Protein,Gene
O43474,ALPI,KLF4,ALPI,NA,Activation,TF regulation,Protein,Gene
O43474,ATF3,KLF4,ATF3,NA,Activation,TF regulation,Protein,Gene
O43474,BDKRB2,KLF4,BDKRB2,NA,Activation,TF regulation,Protein,Gene
O43474,BIRC5,KLF4,BIRC5,NA,Repression,TF regulation,Protein,Gene
O43474,CCNB1,KLF4,CCNB1,NA,Repression,TF regulation,Protein,Gene
O43474,CCND1,KLF4,CCND1,NA,Activation,TF regulation,Protein,Gene
O43474,CD14,KLF4,CD14,NA,Activation,TF regulation,Protein,Gene
O43474,CDH1,KLF4,CDH1,NA,Activation,TF regulation,Protein,Gene
O43474,CDH5,KLF4,CDH5,NA,Activation,TF regulation,Protein,Gene
O43474,CDKN1A,KLF4,CDKN1A,NA,Activation,TF regulation,Protein,Gene
O43474,CDKN1B,KLF4,CDKN1B,NA,Activation,TF regulation,Protein,Gene
O43474,CDKN1C,KLF4,CDKN1C,NA,Activation,TF regulation,Protein,Gene
O43474,GDF15,KLF4,GDF15,NA,Repression,TF regulation,Protein,Gene
O43474,GPA33,KLF4,GPA33,NA,Activation,TF regulation,Protein,Gene
O43474,HBA1,KLF4,HBA1,NA,Activation,TF regulation,Protein,Gene
O43474,HBA2,KLF4,HBA2,NA,Activation,TF regulation,Protein,Gene
O43474,HDC,KLF4,HDC,NA,Repression,TF regulation,Protein,Gene
O43474,HSPA8,KLF4,HSPA8,NA,Activation,TF regulation,Protein,Gene
O43474,IFITM3,KLF4,IFITM3,NA,Repression,TF regulation,Protein,Gene
O43474,IL1B,KLF4,IL1B,NA,Repression,TF regulation,Protein,Gene
O43474,IL6,KLF4,IL6,NA,Activation,TF regulation,Protein,Gene
O43474,KRT19,KLF4,KRT19,NA,Activation,TF regulation,Protein,Gene
O43474,LAMA1,KLF4,LAMA1,NA,Activation,TF regulation,Protein,Gene
O43474,LAMA3,KLF4,LAMA3,NA,Activation,TF regulation,Protein,Gene
O43474,LXN,KLF4,LXN,NA,Repression,TF regulation,Protein,Gene
O43474,MMP2,KLF4,MMP2,NA,Activation,TF regulation,Protein,Gene
O43474,NANOG,KLF4,NANOG,NA,Activation,TF regulation,Protein,Gene
O43474,ODC1,KLF4,ODC1,NA,Repression,TF regulation,Protein,Gene
O43474,PFKP,KLF4,PFKP,NA,Activation,TF regulation,Protein,Gene
O43474,RARA,KLF4,RARA,NA,Repression,TF regulation,Protein,Gene
O43474,SOD1,KLF4,SOD1,NA,Repression,TF regulation,Protein,Gene
O43474,THBD,KLF4,THBD,NA,Activation,TF regulation,Protein,Gene
O43474,TP53,KLF4,TP53,NA,Activation,TF regulation,Protein,Gene
O43474,VDR,KLF4,VDR,NA,Repression,TF regulation,Protein,Gene
Q13887,BIRC5,KLF5,BIRC5,NA,Activation,TF regulation,Protein,Gene
Q13887,CCNB1,KLF5,CCNB1,NA,Activation,TF regulation,Protein,Gene
Q13887,CCND1,KLF5,CCND1,NA,Activation,TF regulation,Protein,Gene
Q13887,CXCR4,KLF5,CXCR4,NA,Activation,TF regulation,Protein,Gene
Q13887,FASN,KLF5,FASN,NA,Activation,TF regulation,Protein,Gene
Q13887,FGFBP1,KLF5,FGFBP1,NA,Activation,TF regulation,Protein,Gene
Q13887,HIF1A,KLF5,HIF1A,NA,Activation,TF regulation,Protein,Gene
Q13887,ITGB2,KLF5,ITGB2,NA,Activation,TF regulation,Protein,Gene
Q13887,MMP9,KLF5,MMP9,NA,Activation,TF regulation,Protein,Gene
Q13887,NOTCH1,KLF5,NOTCH1,NA,Activation,TF regulation,Protein,Gene
Q99612,ATF3,KLF6,ATF3,NA,Activation,TF regulation,Protein,Gene
Q99612,CCND1,KLF6,CCND1,NA,Repression,TF regulation,Protein,Gene
Q99612,CDKN1A,KLF6,CDKN1A,NA,Activation,TF regulation,Protein,Gene
Q99612,CERS2,KLF6,CERS2,NA,Activation,TF regulation,Protein,Gene
Q99612,CGB5,KLF6,CGB5,NA,Activation,TF regulation,Protein,Gene
Q99612,DAPK2,KLF6,DAPK2,NA,Activation,TF regulation,Protein,Gene
Q99612,LAMA1,KLF6,LAMA1,NA,Activation,TF regulation,Protein,Gene
Q99612,MMP9,KLF6,MMP9,NA,Repression,TF regulation,Protein,Gene
Q99612,NOS2,KLF6,NOS2,NA,Activation,TF regulation,Protein,Gene
Q99612,PMAIP1,KLF6,PMAIP1,NA,Activation,TF regulation,Protein,Gene
Q99612,PSG3,KLF6,PSG3,NA,Activation,TF regulation,Protein,Gene
Q99612,PSG5,KLF6,PSG5,NA,Activation,TF regulation,Protein,Gene
Q99612,PTTG1,KLF6,PTTG1,NA,Repression,TF regulation,Protein,Gene
O95600,CDH1,KLF8,CDH1,NA,Activation,TF regulation,Protein,Gene
O95600,CDH2,KLF8,CDH2,NA,Repression,TF regulation,Protein,Gene
O95600,EPSTI1,KLF8,EPSTI1,NA,Activation,TF regulation,Protein,Gene
O95600,FN1,KLF8,FN1,NA,Repression,TF regulation,Protein,Gene
O95600,MMP14,KLF8,MMP14,NA,Activation,TF regulation,Protein,Gene
O95600,MMP9,KLF8,MMP9,NA,Activation,TF regulation,Protein,Gene
O95600,VIM,KLF8,VIM,NA,Repression,TF regulation,Protein,Gene
Q13886,PDCD5,KLF9,PDCD5,NA,Activation,TF regulation,Protein,Gene
Q13886,PMAIP1,KLF9,PMAIP1,NA,Repression,TF regulation,Protein,Gene
Q9Y468,RUNX1,L3MBTL1,RUNX1,NA,Repression,TF regulation,Protein,Gene
Q86U70,TCF3,LDB1,TCF3,NA,Repression,TF regulation,Protein,Gene
Q9UJU2,CD1D,LEF1,CD1D,NA,Repression,TF regulation,Protein,Gene
Q9UJU2,CLDN2,LEF1,CLDN2,NA,Activation,TF regulation,Protein,Gene
Q9UJU2,CYLD,LEF1,CYLD,NA,Repression,TF regulation,Protein,Gene
Q9UJU2,DSG4,LEF1,DSG4,NA,Repression,TF regulation,Protein,Gene
Q9UJU2,ELANE,LEF1,ELANE,NA,Activation,TF regulation,Protein,Gene
Q9UJU2,MITF,LEF1,MITF,NA,Activation,TF regulation,Protein,Gene
Q9UJU2,MMP7,LEF1,MMP7,NA,Activation,TF regulation,Protein,Gene
Q9UJU2,MYCBP,LEF1,MYCBP,NA,Activation,TF regulation,Protein,Gene
Q9UJU2,NRCAM,LEF1,NRCAM,NA,Activation,TF regulation,Protein,Gene
Q9UJU2,OCA2,LEF1,OCA2,NA,Activation,TF regulation,Protein,Gene
P50458,POU1F1,LHX2,POU1F1,NA,Activation,TF regulation,Protein,Gene
P50458,PRL,LHX2,PRL,NA,Activation,TF regulation,Protein,Gene
P50458,TSHB,LHX2,TSHB,NA,Activation,TF regulation,Protein,Gene
Q9UBR4,FSHB,LHX3,FSHB,NA,Activation,TF regulation,Protein,Gene
Q969G2,POU1F1,LHX4,POU1F1,NA,Activation,TF regulation,Protein,Gene
Q9UGP4,HIF1A,LIMD1,HIF1A,NA,Repression,TF regulation,Protein,Gene
P25791,CDH1,LMO2,CDH1,NA,Repression,TF regulation,Protein,Gene
P25791,ERG,LMO2,ERG,NA,Activation,TF regulation,Protein,Gene
P25791,FGF2,LMO2,FGF2,NA,Activation,TF regulation,Protein,Gene
P25791,GYPA,LMO2,GYPA,NA,Repression,TF regulation,Protein,Gene
P25791,LEF1,LMO2,LEF1,NA,Repression,TF regulation,Protein,Gene
P25791,NFATC1,LMO2,NFATC1,NA,Activation,TF regulation,Protein,Gene
P25791,ZEB1,LMO2,ZEB1,NA,Repression,TF regulation,Protein,Gene
Q8TAP4,ASCL1,LMO3,ASCL1,NA,Activation,TF regulation,Protein,Gene
Q8TAP4,HES1,LMO3,HES1,NA,Repression,TF regulation,Protein,Gene
P61968,BMP7,LMO4,BMP7,NA,Activation,TF regulation,Protein,Gene
P61968,BRCA1,LMO4,BRCA1,NA,Repression,TF regulation,Protein,Gene
P61968,DLG4,LMO4,DLG4,NA,Repression,TF regulation,Protein,Gene
O60663,COL4A4,LMX1B,COL4A4,NA,Activation,TF regulation,Protein,Gene
O60663,NLRP2,LMX1B,NLRP2,NA,Activation,TF regulation,Protein,Gene
O60663,TCF3,LMX1B,TCF3,NA,Activation,TF regulation,Protein,Gene
Q32MZ4,EGFR,LRRFIP1,EGFR,NA,Repression,TF regulation,Protein,Gene
Q32MZ4,TNF,LRRFIP1,TNF,NA,Repression,TF regulation,Protein,Gene
P12980,ERG,LYL1,ERG,NA,Activation,TF regulation,Protein,Gene
P12980,NFKB1,LYL1,NFKB1,NA,Repression,TF regulation,Protein,Gene
O75444,IL4,MAF,IL4,NA,Activation,TF regulation,Protein,Gene
O75444,ITGB7,MAF,ITGB7,NA,Activation,TF regulation,Protein,Gene
O75444,MMP13,MAF,MMP13,NA,Activation,TF regulation,Protein,Gene
Q8NHW3,PC,MAFA,PC,NA,Activation,TF regulation,Protein,Gene
Q92585,EGR1,MAML1,EGR1,NA,Activation,TF regulation,Protein,Gene
Q92585,HEY1,MAML1,HEY1,NA,Repression,TF regulation,Protein,Gene
Q92585,TNFRSF12A,MAML1,TNFRSF12A,NA,Repression,TF regulation,Protein,Gene
P61244,ODC1,MAX,ODC1,NA,Activation,TF regulation,Protein,Gene
P56270,HRAS,MAZ,HRAS,NA,Activation,TF regulation,Protein,Gene
P56270,MMP1,MAZ,MMP1,NA,Activation,TF regulation,Protein,Gene
P56270,MMP14,MAZ,MMP14,NA,Activation,TF regulation,Protein,Gene
P56270,TSG101,MAZ,TSG101,NA,Activation,TF regulation,Protein,Gene
Q9UIS9,ALOX5,MBD1,ALOX5,NA,Repression,TF regulation,Protein,Gene
Q9UIS9,IRF8,MBD1,IRF8,NA,Repression,TF regulation,Protein,Gene
Q9UIS9,MGMT,MBD1,MGMT,NA,Repression,TF regulation,Protein,Gene
Q9UIS9,SETDB1,MBD1,SETDB1,NA,Repression,TF regulation,Protein,Gene
Q9UBB5,GSTP1,MBD2,GSTP1,NA,Repression,TF regulation,Protein,Gene
Q9UBB5,NANOG,MBD2,NANOG,NA,Repression,TF regulation,Protein,Gene
Q00987,DNMT3A,MDM2,DNMT3A,NA,Activation,TF regulation,Protein,Gene
P51608,CCND1,MECP2,CCND1,NA,Repression,TF regulation,Protein,Gene
P51608,ESR1,MECP2,ESR1,NA,Repression,TF regulation,Protein,Gene
P51608,GAD1,MECP2,GAD1,NA,Repression,TF regulation,Protein,Gene
P51608,IGFBP3,MECP2,IGFBP3,NA,Repression,TF regulation,Protein,Gene
P51608,RELN,MECP2,RELN,NA,Repression,TF regulation,Protein,Gene
P51608,TFF1,MECP2,TFF1,NA,Repression,TF regulation,Protein,Gene
Q15648,AURKA,MED1,AURKA,NA,Activation,TF regulation,Protein,Gene
Q15648,SULT2A1,MED1,SULT2A1,NA,Activation,TF regulation,Protein,Gene
Q9ULK4,KISS1,MED23,KISS1,NA,Activation,TF regulation,Protein,Gene
Q02078,JUN,MEF2A,JUN,NA,Activation,TF regulation,Protein,Gene
Q02078,MAPK14,MEF2A,MAPK14,NA,Activation,TF regulation,Protein,Gene
Q02078,MAPK7,MEF2A,MAPK7,NA,Activation,TF regulation,Protein,Gene
Q02078,MMP10,MEF2A,MMP10,NA,Activation,TF regulation,Protein,Gene
Q02078,NRF1,MEF2A,NRF1,NA,Activation,TF regulation,Protein,Gene
Q02078,SLC2A4,MEF2A,SLC2A4,NA,Activation,TF regulation,Protein,Gene
Q02078,SOST,MEF2A,SOST,NA,Repression,TF regulation,Protein,Gene
Q06413,CPT1B,MEF2C,CPT1B,NA,Activation,TF regulation,Protein,Gene
Q06413,JUN,MEF2C,JUN,NA,Activation,TF regulation,Protein,Gene
Q06413,MAPK7,MEF2C,MAPK7,NA,Activation,TF regulation,Protein,Gene
Q06413,NR4A1,MEF2C,NR4A1,NA,Repression,TF regulation,Protein,Gene
Q06413,SOST,MEF2C,SOST,NA,Repression,TF regulation,Protein,Gene
Q14814,ATF3,MEF2D,ATF3,NA,Activation,TF regulation,Protein,Gene
Q14814,CD14,MEF2D,CD14,NA,Activation,TF regulation,Protein,Gene
Q14814,JUN,MEF2D,JUN,NA,Activation,TF regulation,Protein,Gene
Q14814,SOST,MEF2D,SOST,NA,Repression,TF regulation,Protein,Gene
O00470,PF4,MEIS1,PF4,NA,Activation,TF regulation,Protein,Gene
O00255,CASP8,MEN1,CASP8,NA,Activation,TF regulation,Protein,Gene
O00255,CDKN1B,MEN1,CDKN1B,NA,Activation,TF regulation,Protein,Gene
O00255,CDKN2C,MEN1,CDKN2C,NA,Repression,TF regulation,Protein,Gene
O00255,GAST,MEN1,GAST,NA,Repression,TF regulation,Protein,Gene
O00255,JUND,MEN1,JUND,NA,Repression,TF regulation,Protein,Gene
O00255,TERT,MEN1,TERT,NA,Repression,TF regulation,Protein,Gene
O75030,ACP5,MITF,ACP5,NA,Activation,TF regulation,Protein,Gene
O75030,BCL2A1,MITF,BCL2A1,NA,Repression,TF regulation,Protein,Gene
O75030,BEST1,MITF,BEST1,NA,Activation,TF regulation,Protein,Gene
O75030,CTSK,MITF,CTSK,NA,Activation,TF regulation,Protein,Gene
O75030,DCT,MITF,DCT,NA,Activation,TF regulation,Protein,Gene
O75030,FOS,MITF,FOS,NA,Activation,TF regulation,Protein,Gene
O75030,GPNMB,MITF,GPNMB,NA,Activation,TF regulation,Protein,Gene
O75030,HIF1A,MITF,HIF1A,NA,Activation,TF regulation,Protein,Gene
O75030,KIT,MITF,KIT,NA,Activation,TF regulation,Protein,Gene
O75030,OCA2,MITF,OCA2,NA,Activation,TF regulation,Protein,Gene
O75030,PPARGC1A,MITF,PPARGC1A,NA,Activation,TF regulation,Protein,Gene
O75030,SERPINF1,MITF,SERPINF1,NA,Activation,TF regulation,Protein,Gene
O75030,TRAP,MITF,TRAP,NA,Activation,TF regulation,Protein,Gene
O75030,TRPM1,MITF,TRPM1,NA,Activation,TF regulation,Protein,Gene
O75030,TYR,MITF,TYR,NA,Activation,TF regulation,Protein,Gene
O75030,TYRP1,MITF,TYRP1,NA,Activation,TF regulation,Protein,Gene
Q969V6,COL1A1,MKL1,COL1A1,NA,Activation,TF regulation,Protein,Gene
Q969V6,TAGLN,MKL1,TAGLN,NA,Activation,TF regulation,Protein,Gene
P55197,BAX,MLLT10,BAX,NA,Repression,TF regulation,Protein,Gene
P55197,CDKN1A,MLLT10,CDKN1A,NA,Repression,TF regulation,Protein,Gene
P55197,MDM2,MLLT10,MDM2,NA,Repression,TF regulation,Protein,Gene
P42568,BAX,MLLT3,BAX,NA,Repression,TF regulation,Protein,Gene
P42568,CDKN1A,MLLT3,CDKN1A,NA,Repression,TF regulation,Protein,Gene
P42568,MDM2,MLLT3,MDM2,NA,Repression,TF regulation,Protein,Gene
P42568,SCNN1A,MLLT3,SCNN1A,NA,Activation,TF regulation,Protein,Gene
Q9NP71,TXNIP,MLXIPL,TXNIP,NA,Activation,TF regulation,Protein,Gene
O60682,CDC25A,MSC,CDC25A,NA,Repression,TF regulation,Protein,Gene
O60682,CDC6,MSC,CDC6,NA,Repression,TF regulation,Protein,Gene
O60682,CTLA4,MSC,CTLA4,NA,Activation,TF regulation,Protein,Gene
O60682,FOXP3,MSC,FOXP3,NA,Activation,TF regulation,Protein,Gene
O60682,IFNG,MSC,IFNG,NA,Activation,TF regulation,Protein,Gene
O60682,IL10,MSC,IL10,NA,Activation,TF regulation,Protein,Gene
O60682,IL2RA,MSC,IL2RA,NA,Activation,TF regulation,Protein,Gene
O60682,LTA,MSC,LTA,NA,Repression,TF regulation,Protein,Gene
O60682,MCM7,MSC,MCM7,NA,Repression,TF regulation,Protein,Gene
O60682,MMP2,MSC,MMP2,NA,Activation,TF regulation,Protein,Gene
P28360,DKK1,MSX1,DKK1,NA,Repression,TF regulation,Protein,Gene
P28360,DLK1,MSX1,DLK1,NA,Activation,TF regulation,Protein,Gene
P28360,HEY1,MSX1,HEY1,NA,Activation,TF regulation,Protein,Gene
P28360,NOTCH3,MSX1,NOTCH3,NA,Activation,TF regulation,Protein,Gene
P35548,BCL2,MSX2,BCL2,NA,Repression,TF regulation,Protein,Gene
P35548,BGLAP,MSX2,BGLAP,NA,Repression,TF regulation,Protein,Gene
P35548,CDH2,MSX2,CDH2,NA,Repression,TF regulation,Protein,Gene
P35548,NKX3-1,MSX2,NKX3-1,NA,Activation,TF regulation,Protein,Gene
P35548,SOD1,MSX2,SOD1,NA,Activation,TF regulation,Protein,Gene
Q13330,ARNTL,MTA1,ARNTL,NA,Activation,TF regulation,Protein,Gene
Q13330,BCAS3,MTA1,BCAS3,NA,Activation,TF regulation,Protein,Gene
Q13330,BCL2L1,MTA1,BCL2L1,NA,Activation,TF regulation,Protein,Gene
Q13330,CDH1,MTA1,CDH1,NA,Repression,TF regulation,Protein,Gene
Q13330,CDKN2A,MTA1,CDKN2A,NA,Activation,TF regulation,Protein,Gene
Q13330,EGFR,MTA1,EGFR,NA,Activation,TF regulation,Protein,Gene
Q13330,EPHA2,MTA1,EPHA2,NA,Repression,TF regulation,Protein,Gene
Q13330,ESR1,MTA1,ESR1,NA,Repression,TF regulation,Protein,Gene
Q13330,MTA3,MTA1,MTA3,NA,Repression,TF regulation,Protein,Gene
Q13330,NOS2,MTA1,NOS2,NA,Activation,TF regulation,Protein,Gene
Q13330,PTEN,MTA1,PTEN,NA,Repression,TF regulation,Protein,Gene
Q13330,RNF144A,MTA1,RNF144A,NA,Repression,TF regulation,Protein,Gene
Q13330,SMAD7,MTA1,SMAD7,NA,Repression,TF regulation,Protein,Gene
Q13330,SNAI1,MTA1,SNAI1,NA,Activation,TF regulation,Protein,Gene
Q13330,SNAI2,MTA1,SNAI2,NA,Activation,TF regulation,Protein,Gene
Q13330,SUMO2,MTA1,SUMO2,NA,Activation,TF regulation,Protein,Gene
O94776,CDH1,MTA2,CDH1,NA,Repression,TF regulation,Protein,Gene
O94776,FSHR,MTA2,FSHR,NA,Repression,TF regulation,Protein,Gene
Q9BTC8,CGB5,MTA3,CGB5,NA,Repression,TF regulation,Protein,Gene
Q9BTC8,SNAI1,MTA3,SNAI1,NA,Repression,TF regulation,Protein,Gene
Q14872,GCLC,MTF1,GCLC,NA,Activation,TF regulation,Protein,Gene
Q14872,MCAT,MTF1,MCAT,NA,Activation,TF regulation,Protein,Gene
Q14872,PRNP,MTF1,PRNP,NA,Activation,TF regulation,Protein,Gene
Q14872,SOD1,MTF1,SOD1,NA,Activation,TF regulation,Protein,Gene
Q05195,PTEN,MXD1,PTEN,NA,Repression,TF regulation,Protein,Gene
Q05195,TERT,MXD1,TERT,NA,Activation,TF regulation,Protein,Gene
P28698,PADI1,MZF1,PADI1,NA,Activation,TF regulation,Protein,Gene
P50539,MYC,MXI1,MYC,NA,Repression,TF regulation,Protein,Gene
P10242,BCL2,MYB,BCL2,NA,Activation,TF regulation,Protein,Gene
P10242,CCNA1,MYB,CCNA1,NA,Activation,TF regulation,Protein,Gene
P10242,CD4,MYB,CD4,NA,Repression,TF regulation,Protein,Gene
P10242,CDO1,MYB,CDO1,NA,Activation,TF regulation,Protein,Gene
P10242,CLEC4G,MYB,CLEC4G,NA,Activation,TF regulation,Protein,Gene
P10242,COL1A1,MYB,COL1A1,NA,Activation,TF regulation,Protein,Gene
P10242,COL1A2,MYB,COL1A2,NA,Activation,TF regulation,Protein,Gene
P10242,CSF3R,MYB,CSF3R,NA,Repression,TF regulation,Protein,Gene
P10242,GSTM1,MYB,GSTM1,NA,Activation,TF regulation,Protein,Gene
P10242,ICAM1,MYB,ICAM1,NA,Repression,TF regulation,Protein,Gene
P10242,IL15,MYB,IL15,NA,Activation,TF regulation,Protein,Gene
P10242,IL7,MYB,IL7,NA,Activation,TF regulation,Protein,Gene
P10242,KLF1,MYB,KLF1,NA,Activation,TF regulation,Protein,Gene
P10242,LCK,MYB,LCK,NA,Activation,TF regulation,Protein,Gene
P10242,LMO2,MYB,LMO2,NA,Activation,TF regulation,Protein,Gene
P10242,MAT2A,MYB,MAT2A,NA,Activation,TF regulation,Protein,Gene
P10242,MYC,MYB,MYC,NA,Activation,TF regulation,Protein,Gene
P10242,TK1,MYB,TK1,NA,Activation,TF regulation,Protein,Gene
P10242,WT1,MYB,WT1,NA,Activation,TF regulation,Protein,Gene
P10244,MYC,MYBL2,MYC,NA,Activation,TF regulation,Protein,Gene
P01106,ASS1,MYC,ASS1,NA,Activation,TF regulation,Protein,Gene
P01106,BMI1,MYC,BMI1,NA,Activation,TF regulation,Protein,Gene
P01106,BRD7,MYC,BRD7,NA,Repression,TF regulation,Protein,Gene
P01106,CCND1,MYC,CCND1,NA,Repression,TF regulation,Protein,Gene
P01106,CCND2,MYC,CCND2,NA,Activation,TF regulation,Protein,Gene
P01106,CCNE1,MYC,CCNE1,NA,Activation,TF regulation,Protein,Gene
P01106,CD33,MYC,CD33,NA,Repression,TF regulation,Protein,Gene
P01106,CD38,MYC,CD38,NA,Activation,TF regulation,Protein,Gene
P01106,CDC25C,MYC,CDC25C,NA,Activation,TF regulation,Protein,Gene
P01106,CDC34,MYC,CDC34,NA,Activation,TF regulation,Protein,Gene
P01106,CDK4,MYC,CDK4,NA,Activation,TF regulation,Protein,Gene
P01106,CDK6,MYC,CDK6,NA,Activation,TF regulation,Protein,Gene
P01106,CDKN1A,MYC,CDKN1A,NA,Activation,TF regulation,Protein,Gene
P01106,CEBPA,MYC,CEBPA,NA,Repression,TF regulation,Protein,Gene
P01106,CFLAR,MYC,CFLAR,NA,Repression,TF regulation,Protein,Gene
P01106,CHEK1,MYC,CHEK1,NA,Activation,TF regulation,Protein,Gene
P01106,CHEK2,MYC,CHEK2,NA,Activation,TF regulation,Protein,Gene
P01106,CXCR4,MYC,CXCR4,NA,Activation,TF regulation,Protein,Gene
P01106,DKK1,MYC,DKK1,NA,Repression,TF regulation,Protein,Gene
P01106,EBNA1BP2,MYC,EBNA1BP2,NA,Activation,TF regulation,Protein,Gene
P01106,FASLG,MYC,FASLG,NA,Activation,TF regulation,Protein,Gene
P01106,FOXM1,MYC,FOXM1,NA,Activation,TF regulation,Protein,Gene
P01106,FTH1P18,MYC,FTH1P18,NA,Repression,TF regulation,Protein,Gene
P01106,FUT3,MYC,FUT3,NA,Activation,TF regulation,Protein,Gene
P01106,GATA1,MYC,GATA1,NA,Repression,TF regulation,Protein,Gene
P01106,GATA4,MYC,GATA4,NA,Activation,TF regulation,Protein,Gene
P01106,HDAC2,MYC,HDAC2,NA,Activation,TF regulation,Protein,Gene
P01106,HLA-A,MYC,HLA-A,NA,Activation,TF regulation,Protein,Gene
P01106,HLA-B,MYC,HLA-B,NA,Activation,TF regulation,Protein,Gene
P01106,HLA-C,MYC,HLA-C,NA,Activation,TF regulation,Protein,Gene
P01106,HLA-E,MYC,HLA-E,NA,Activation,TF regulation,Protein,Gene
P01106,HLA-F,MYC,HLA-F,NA,Activation,TF regulation,Protein,Gene
P01106,HLA-G,MYC,HLA-G,NA,Activation,TF regulation,Protein,Gene
P01106,HNRNPA1,MYC,HNRNPA1,NA,Activation,TF regulation,Protein,Gene
P01106,HNRNPA2B1,MYC,HNRNPA2B1,NA,Activation,TF regulation,Protein,Gene
P01106,IFNA1,MYC,IFNA1,NA,Repression,TF regulation,Protein,Gene
P01106,IGF2BP1,MYC,IGF2BP1,NA,Activation,TF regulation,Protein,Gene
P01106,IGK,MYC,IGK,NA,Activation,TF regulation,Protein,Gene
P01106,IPO7,MYC,IPO7,NA,Activation,TF regulation,Protein,Gene
P01106,JUNB,MYC,JUNB,NA,Repression,TF regulation,Protein,Gene
P01106,KRAS,MYC,KRAS,NA,Activation,TF regulation,Protein,Gene
P01106,LDHA,MYC,LDHA,NA,Activation,TF regulation,Protein,Gene
P01106,MME,MYC,MME,NA,Activation,TF regulation,Protein,Gene
P01106,MST1,MYC,MST1,NA,Repression,TF regulation,Protein,Gene
P01106,NDRG1,MYC,NDRG1,NA,Repression,TF regulation,Protein,Gene
P01106,NFE2,MYC,NFE2,NA,Repression,TF regulation,Protein,Gene
P01106,NOL7,MYC,NOL7,NA,Activation,TF regulation,Protein,Gene
P01106,ODC1,MYC,ODC1,NA,Activation,TF regulation,Protein,Gene
P01106,PMAIP1,MYC,PMAIP1,NA,Activation,TF regulation,Protein,Gene
P01106,PRDX3,MYC,PRDX3,NA,Activation,TF regulation,Protein,Gene
P01106,PRODH,MYC,PRODH,NA,Repression,TF regulation,Protein,Gene
P01106,PTBP1,MYC,PTBP1,NA,Activation,TF regulation,Protein,Gene
P01106,SFRP1,MYC,SFRP1,NA,Repression,TF regulation,Protein,Gene
P01106,SRSF1,MYC,SRSF1,NA,Activation,TF regulation,Protein,Gene
P01106,ST3GAL1,MYC,ST3GAL1,NA,Activation,TF regulation,Protein,Gene
P01106,ST3GAL3,MYC,ST3GAL3,NA,Activation,TF regulation,Protein,Gene
P01106,ST3GAL4,MYC,ST3GAL4,NA,Activation,TF regulation,Protein,Gene
P01106,SURF1,MYC,SURF1,NA,Activation,TF regulation,Protein,Gene
P01106,SURF2,MYC,SURF2,NA,Activation,TF regulation,Protein,Gene
P01106,TERT,MYC,TERT,NA,Activation,TF regulation,Protein,Gene
P01106,TFAP4,MYC,TFAP4,NA,Activation,TF regulation,Protein,Gene
P01106,TFRC,MYC,TFRC,NA,Activation,TF regulation,Protein,Gene
P01106,TNFRSF10B,MYC,TNFRSF10B,NA,Activation,TF regulation,Protein,Gene
P01106,TP53,MYC,TP53,NA,Activation,TF regulation,Protein,Gene
P01106,TP73,MYC,TP73,NA,Activation,TF regulation,Protein,Gene
P01106,UBE2C,MYC,UBE2C,NA,Activation,TF regulation,Protein,Gene
P01106,VEGFA,MYC,VEGFA,NA,Activation,TF regulation,Protein,Gene
P01106,WRN,MYC,WRN,NA,Activation,TF regulation,Protein,Gene
P01106,XPO1,MYC,XPO1,NA,Activation,TF regulation,Protein,Gene
P04198,ABCB1,MYCN,ABCB1,NA,Repression,TF regulation,Protein,Gene
P04198,ABCC1,MYCN,ABCC1,NA,Activation,TF regulation,Protein,Gene
P04198,BAX,MYCN,BAX,NA,Activation,TF regulation,Protein,Gene
P04198,BIRC5,MYCN,BIRC5,NA,Activation,TF regulation,Protein,Gene
P04198,BMI1,MYCN,BMI1,NA,Activation,TF regulation,Protein,Gene
P04198,CD44,MYCN,CD44,NA,Activation,TF regulation,Protein,Gene
P04198,CDKN1A,MYCN,CDKN1A,NA,Activation,TF regulation,Protein,Gene
P04198,CIITA,MYCN,CIITA,NA,Repression,TF regulation,Protein,Gene
P04198,CLU,MYCN,CLU,NA,Repression,TF regulation,Protein,Gene
P04198,CTSD,MYCN,CTSD,NA,Activation,TF regulation,Protein,Gene
P04198,DKK3,MYCN,DKK3,NA,Repression,TF regulation,Protein,Gene
P04198,EFNB3,MYCN,EFNB3,NA,Activation,TF regulation,Protein,Gene
P04198,GRHL1,MYCN,GRHL1,NA,Repression,TF regulation,Protein,Gene
P04198,HDAC2,MYCN,HDAC2,NA,Activation,TF regulation,Protein,Gene
P04198,LRRN3,MYCN,LRRN3,NA,Repression,TF regulation,Protein,Gene
P04198,MCM10,MYCN,MCM10,NA,Activation,TF regulation,Protein,Gene
P04198,MCM2,MYCN,MCM2,NA,Activation,TF regulation,Protein,Gene
P04198,MCM3,MYCN,MCM3,NA,Activation,TF regulation,Protein,Gene
P04198,MCM4,MYCN,MCM4,NA,Activation,TF regulation,Protein,Gene
P04198,MCM5,MYCN,MCM5,NA,Activation,TF regulation,Protein,Gene
P04198,MCM6,MYCN,MCM6,NA,Activation,TF regulation,Protein,Gene
P04198,MCM7,MYCN,MCM7,NA,Activation,TF regulation,Protein,Gene
P04198,MCM8,MYCN,MCM8,NA,Activation,TF regulation,Protein,Gene
P04198,MXI1,MYCN,MXI1,NA,Repression,TF regulation,Protein,Gene
P04198,MYBL2,MYCN,MYBL2,NA,Activation,TF regulation,Protein,Gene
P04198,NDRG1,MYCN,NDRG1,NA,Activation,TF regulation,Protein,Gene
P04198,NES,MYCN,NES,NA,Activation,TF regulation,Protein,Gene
P04198,NGFR,MYCN,NGFR,NA,Repression,TF regulation,Protein,Gene
P04198,NTRK1,MYCN,NTRK1,NA,Repression,TF regulation,Protein,Gene
P04198,SKP2,MYCN,SKP2,NA,Repression,TF regulation,Protein,Gene
P04198,TP53,MYCN,TP53,NA,Activation,TF regulation,Protein,Gene
P04198,TP53INP1,MYCN,TP53INP1,NA,Repression,TF regulation,Protein,Gene
Q8IZQ8,ACTG2,MYOCD,ACTG2,NA,Activation,TF regulation,Protein,Gene
P15172,HBEGF,MYOD1,HBEGF,NA,Activation,TF regulation,Protein,Gene
P15173,MYEF2,MYOG,MYEF2,NA,Activation,TF regulation,Protein,Gene
P28698,BLMH,MZF1,BLMH,NA,Activation,TF regulation,Protein,Gene
P28698,MMP2,MZF1,MMP2,NA,Repression,TF regulation,Protein,Gene
P28698,TERT,MZF1,TERT,NA,Repression,TF regulation,Protein,Gene
Q15742,BCAR1,NAB2,BCAR1,NA,Activation,TF regulation,Protein,Gene
Q15742,RBL2,NAB2,RBL2,NA,Activation,TF regulation,Protein,Gene
Q9H9S0,AFP,NANOG,AFP,NA,Repression,TF regulation,Protein,Gene
Q9H9S0,CDC25A,NANOG,CDC25A,NA,Repression,TF regulation,Protein,Gene
Q9H9S0,CDK6,NANOG,CDK6,NA,Repression,TF regulation,Protein,Gene
Q9H9S0,CDX2,NANOG,CDX2,NA,Repression,TF regulation,Protein,Gene
Q9H9S0,CGA,NANOG,CGA,NA,Repression,TF regulation,Protein,Gene
Q9H9S0,FGF4,NANOG,FGF4,NA,Activation,TF regulation,Protein,Gene
Q9H9S0,KDR,NANOG,KDR,NA,Activation,TF regulation,Protein,Gene
Q9H9S0,GATA2,NANOG,GATA2,NA,Repression,TF regulation,Protein,Gene
Q9H9S0,GATA4,NANOG,GATA4,NA,Repression,TF regulation,Protein,Gene
Q9H9S0,GATA6,NANOG,GATA6,NA,Repression,TF regulation,Protein,Gene
Q9H9S0,KLF2,NANOG,KLF2,NA,Activation,TF regulation,Protein,Gene
Q9H9S0,LAMB1,NANOG,LAMB1,NA,Repression,TF regulation,Protein,Gene
Q9H9S0,LXN,NANOG,LXN,NA,Repression,TF regulation,Protein,Gene
Q9H9S0,MTF2,NANOG,MTF2,NA,Activation,TF regulation,Protein,Gene
Q9H9S0,POU5F1,NANOG,POU5F1,NA,Activation,TF regulation,Protein,Gene
Q9H9S0,SOX1,NANOG,SOX1,NA,Activation,TF regulation,Protein,Gene
Q9H9S0,YES1,NANOG,YES1,NA,Activation,TF regulation,Protein,Gene
Q15788,CDKN1A,NCOA1,CDKN1A,NA,Activation,TF regulation,Protein,Gene
Q15788,EPO,NCOA1,EPO,NA,Activation,TF regulation,Protein,Gene
Q15596,AR,NCOA2,AR,NA,Repression,TF regulation,Protein,Gene
Q9Y6Q9,BCL2,NCOA3,BCL2,NA,Activation,TF regulation,Protein,Gene
Q9Y6Q9,EPO,NCOA3,EPO,NA,Activation,TF regulation,Protein,Gene
Q9Y6Q9,MMP10,NCOA3,MMP10,NA,Activation,TF regulation,Protein,Gene
Q9Y6Q9,MMP7,NCOA3,MMP7,NA,Activation,TF regulation,Protein,Gene
Q13772,AR,NCOA4,AR,NA,Activation,TF regulation,Protein,Gene
Q13772,KLK3,NCOA4,KLK3,NA,Activation,TF regulation,Protein,Gene
Q14686,FOS,NCOA6,FOS,NA,Activation,TF regulation,Protein,Gene
Q14686,HSF1,NCOA6,HSF1,NA,Activation,TF regulation,Protein,Gene
O75376,AR,NCOR1,AR,NA,Activation,TF regulation,Protein,Gene
O75376,ESR1,NCOR1,ESR1,NA,Repression,TF regulation,Protein,Gene
O75376,G0S2,NCOR1,G0S2,NA,Repression,TF regulation,Protein,Gene
O75376,IGFBP3,NCOR1,IGFBP3,NA,Repression,TF regulation,Protein,Gene
O75376,PPARG,NCOR1,PPARG,NA,Repression,TF regulation,Protein,Gene
O75376,SNAI2,NCOR1,SNAI2,NA,Repression,TF regulation,Protein,Gene
Q9Y618,AR,NCOR2,AR,NA,Activation,TF regulation,Protein,Gene
Q8WX92,TFF1,NELFB,TFF1,NA,Repression,TF regulation,Protein,Gene
Q8IXH7,CCND1,NELFCD,CCND1,NA,Repression,TF regulation,Protein,Gene
Q8IXH7,CDKN1A,NELFCD,CDKN1A,NA,Activation,TF regulation,Protein,Gene
Q8IXH7,CTNNB1,NELFCD,CTNNB1,NA,Repression,TF regulation,Protein,Gene
Q9Y4Z2,VSX2,NEUROG3,VSX2,NA,Activation,TF regulation,Protein,Gene
P21359,AFP,NF1,AFP,NA,Repression,TF regulation,Protein,Gene
P21359,FOS,NF1,FOS,NA,Activation,TF regulation,Protein,Gene
P21359,MYC,NF1,MYC,NA,Activation,TF regulation,Protein,Gene
P21359,PLAT,NF1,PLAT,NA,Repression,TF regulation,Protein,Gene
P21359,TP53,NF1,TP53,NA,Activation,TF regulation,Protein,Gene
O94916,CCL2,NFAT5,CCL2,NA,Repression,TF regulation,Protein,Gene
O95644,CD3G,NFATC1,CD3G,NA,Activation,TF regulation,Protein,Gene
O95644,CYP2E1,NFATC1,CYP2E1,NA,Activation,TF regulation,Protein,Gene
O95644,ICAM1,NFATC1,ICAM1,NA,Activation,TF regulation,Protein,Gene
O95644,SP1,NFATC1,SP1,NA,Repression,TF regulation,Protein,Gene
Q13469,CD3G,NFATC2,CD3G,NA,Repression,TF regulation,Protein,Gene
Q13469,FOXP3,NFATC2,FOXP3,NA,Activation,TF regulation,Protein,Gene
Q13469,MDM2,NFATC2,MDM2,NA,Activation,TF regulation,Protein,Gene
Q12968,CTSD,NFATC3,CTSD,NA,Activation,TF regulation,Protein,Gene
Q12968,TFF1,NFATC3,TFF1,NA,Activation,TF regulation,Protein,Gene
Q14494,NQO1,NFE2L1,NQO1,NA,Activation,TF regulation,Protein,Gene
Q16236,BRCA1,NFE2L2,BRCA1,NA,Activation,TF regulation,Protein,Gene
Q16236,CAT,NFE2L2,CAT,NA,Activation,TF regulation,Protein,Gene
Q16236,CFTR,NFE2L2,CFTR,NA,Activation,TF regulation,Protein,Gene
Q16236,CXCL8,NFE2L2,CXCL8,NA,Activation,TF regulation,Protein,Gene
Q16236,GCLC,NFE2L2,GCLC,NA,Repression,TF regulation,Protein,Gene
Q16236,GSTA1,NFE2L2,GSTA1,NA,Activation,TF regulation,Protein,Gene
Q16236,HMOX1,NFE2L2,HMOX1,NA,Activation,TF regulation,Protein,Gene
Q16236,KRT16,NFE2L2,KRT16,NA,Activation,TF regulation,Protein,Gene
Q16236,MTHFR,NFE2L2,MTHFR,NA,Activation,TF regulation,Protein,Gene
Q16236,NQO1,NFE2L2,NQO1,NA,Activation,TF regulation,Protein,Gene
Q16236,SOD1,NFE2L2,SOD1,NA,Activation,TF regulation,Protein,Gene
Q16236,SOD2,NFE2L2,SOD2,NA,Activation,TF regulation,Protein,Gene
Q16236,UGT2B7,NFE2L2,UGT2B7,NA,Activation,TF regulation,Protein,Gene
Q12857,CDKN1A,NFIA,CDKN1A,NA,Repression,TF regulation,Protein,Gene
O00712,CDKN1A,NFIB,CDKN1A,NA,Activation,TF regulation,Protein,Gene
O00712,MBP,NFIB,MBP,NA,Activation,TF regulation,Protein,Gene
P08651,FHL5,NFIC,FHL5,NA,Activation,TF regulation,Protein,Gene
P08651,C4BPB,NFIC,C4BPB,NA,Activation,TF regulation,Protein,Gene
P08651,CCL2,NFIC,CCL2,NA,Activation,TF regulation,Protein,Gene
P08651,CYP17A1,NFIC,CYP17A1,NA,Activation,TF regulation,Protein,Gene
P08651,CYP1A1,NFIC,CYP1A1,NA,Repression,TF regulation,Protein,Gene
P08651,HMGB1,NFIC,HMGB1,NA,Activation,TF regulation,Protein,Gene
P08651,IRS2,NFIC,IRS2,NA,Activation,TF regulation,Protein,Gene
P08651,ITGA5,NFIC,ITGA5,NA,Repression,TF regulation,Protein,Gene
P08651,MATN1,NFIC,MATN1,NA,Repression,TF regulation,Protein,Gene
P08651,SLC34A2,NFIC,SLC34A2,NA,Activation,TF regulation,Protein,Gene
P08651,SMUG1,NFIC,SMUG1,NA,Activation,TF regulation,Protein,Gene
Q16649,IL1B,NFIL3,IL1B,NA,Repression,TF regulation,Protein,Gene
Q16649,TNFSF10,NFIL3,TNFSF10,NA,Repression,TF regulation,Protein,Gene
Q14938,CDKN1A,NFIX,CDKN1A,NA,Repression,TF regulation,Protein,Gene
Q14938,CHI3L1,NFIX,CHI3L1,NA,Activation,TF regulation,Protein,Gene
P19838,ABCA1,NFKB1,ABCA1,NA,Repression,TF regulation,Protein,Gene
P19838,ABCB1,NFKB1,ABCB1,NA,Activation,TF regulation,Protein,Gene
P19838,ABCG2,NFKB1,ABCG2,NA,Activation,TF regulation,Protein,Gene
P19838,ADORA1,NFKB1,ADORA1,NA,Activation,TF regulation,Protein,Gene
P19838,AGER,NFKB1,AGER,NA,Activation,TF regulation,Protein,Gene
P19838,AKT1,NFKB1,AKT1,NA,Repression,TF regulation,Protein,Gene
P19838,AKT2,NFKB1,AKT2,NA,Repression,TF regulation,Protein,Gene
P19838,ALOX5,NFKB1,ALOX5,NA,Repression,TF regulation,Protein,Gene
P19838,AMH,NFKB1,AMH,NA,Activation,TF regulation,Protein,Gene
P19838,AR,NFKB1,AR,NA,Repression,TF regulation,Protein,Gene
P19838,B2M,NFKB1,B2M,NA,Activation,TF regulation,Protein,Gene
P19838,BACE1,NFKB1,BACE1,NA,Repression,TF regulation,Protein,Gene
P19838,BAX,NFKB1,BAX,NA,Repression,TF regulation,Protein,Gene
P19838,BCL2,NFKB1,BCL2,NA,Activation,TF regulation,Protein,Gene
P19838,BCL2A1,NFKB1,BCL2A1,NA,Activation,TF regulation,Protein,Gene
P19838,BCL2L1,NFKB1,BCL2L1,NA,Activation,TF regulation,Protein,Gene
P19838,BCL2L11,NFKB1,BCL2L11,NA,Repression,TF regulation,Protein,Gene
P19838,BCL3,NFKB1,BCL3,NA,Activation,TF regulation,Protein,Gene
P19838,BGN,NFKB1,BGN,NA,Activation,TF regulation,Protein,Gene
P19838,BHMT,NFKB1,BHMT,NA,Repression,TF regulation,Protein,Gene
P19838,BIRC2,NFKB1,BIRC2,NA,Activation,TF regulation,Protein,Gene
P19838,BIRC3,NFKB1,BIRC3,NA,Activation,TF regulation,Protein,Gene
P19838,BIRC5,NFKB1,BIRC5,NA,Activation,TF regulation,Protein,Gene
P19838,BMP2,NFKB1,BMP2,NA,Activation,TF regulation,Protein,Gene
P19838,BRCA2,NFKB1,BRCA2,NA,Activation,TF regulation,Protein,Gene
P19838,CCL11,NFKB1,CCL11,NA,Activation,TF regulation,Protein,Gene
P19838,CCL19,NFKB1,CCL19,NA,Activation,TF regulation,Protein,Gene
P19838,CCL2,NFKB1,CCL2,NA,Activation,TF regulation,Protein,Gene
P19838,CCL22,NFKB1,CCL22,NA,Activation,TF regulation,Protein,Gene
P19838,CCL3,NFKB1,CCL3,NA,Activation,TF regulation,Protein,Gene
P19838,CCL5,NFKB1,CCL5,NA,Activation,TF regulation,Protein,Gene
P19838,CCNB1,NFKB1,CCNB1,NA,Activation,TF regulation,Protein,Gene
P19838,CCND1,NFKB1,CCND1,NA,Activation,TF regulation,Protein,Gene
P19838,CCND2,NFKB1,CCND2,NA,Activation,TF regulation,Protein,Gene
P19838,CCR2,NFKB1,CCR2,NA,Activation,TF regulation,Protein,Gene
P19838,CCR3,NFKB1,CCR3,NA,Activation,TF regulation,Protein,Gene
P19838,CCR7,NFKB1,CCR7,NA,Activation,TF regulation,Protein,Gene
P19838,CD3G,NFKB1,CD3G,NA,Activation,TF regulation,Protein,Gene
P19838,CD40,NFKB1,CD40,NA,Activation,TF regulation,Protein,Gene
P19838,CD40LG,NFKB1,CD40LG,NA,Activation,TF regulation,Protein,Gene
P19838,CD58,NFKB1,CD58,NA,Activation,TF regulation,Protein,Gene
P19838,CD80,NFKB1,CD80,NA,Activation,TF regulation,Protein,Gene
P19838,CD83,NFKB1,CD83,NA,Activation,TF regulation,Protein,Gene
P19838,CD86,NFKB1,CD86,NA,Activation,TF regulation,Protein,Gene
P19838,CDH1,NFKB1,CDH1,NA,Activation,TF regulation,Protein,Gene
P19838,CDK4,NFKB1,CDK4,NA,Activation,TF regulation,Protein,Gene
P19838,CDKN1A,NFKB1,CDKN1A,NA,Repression,TF regulation,Protein,Gene
P19838,CEACAM1,NFKB1,CEACAM1,NA,Activation,TF regulation,Protein,Gene
P19838,CFI,NFKB1,CFI,NA,Activation,TF regulation,Protein,Gene
P19838,CFLAR,NFKB1,CFLAR,NA,Activation,TF regulation,Protein,Gene
P19838,CFTR,NFKB1,CFTR,NA,Activation,TF regulation,Protein,Gene
P19838,COL1A2,NFKB1,COL1A2,NA,Repression,TF regulation,Protein,Gene
P19838,COL2A1,NFKB1,COL2A1,NA,Repression,TF regulation,Protein,Gene
P19838,CRHR1,NFKB1,CRHR1,NA,Activation,TF regulation,Protein,Gene
P19838,CRP,NFKB1,CRP,NA,Activation,TF regulation,Protein,Gene
P19838,CSF1,NFKB1,CSF1,NA,Activation,TF regulation,Protein,Gene
P19838,CTCF,NFKB1,CTCF,NA,Repression,TF regulation,Protein,Gene
P19838,CTSB,NFKB1,CTSB,NA,Activation,TF regulation,Protein,Gene
P19838,CXCL1,NFKB1,CXCL1,NA,Activation,TF regulation,Protein,Gene
P19838,CXCL10,NFKB1,CXCL10,NA,Activation,TF regulation,Protein,Gene
P19838,CXCL12,NFKB1,CXCL12,NA,Activation,TF regulation,Protein,Gene
P19838,CXCL8,NFKB1,CXCL8,NA,Activation,TF regulation,Protein,Gene
P19838,CXCR2,NFKB1,CXCR2,NA,Activation,TF regulation,Protein,Gene
P19838,CXCR4,NFKB1,CXCR4,NA,Activation,TF regulation,Protein,Gene
P19838,CYP19A1,NFKB1,CYP19A1,NA,Repression,TF regulation,Protein,Gene
P19838,EBI3,NFKB1,EBI3,NA,Activation,TF regulation,Protein,Gene
P19838,EGFR,NFKB1,EGFR,NA,Activation,TF regulation,Protein,Gene
P19838,EGR1,NFKB1,EGR1,NA,Repression,TF regulation,Protein,Gene
P19838,EPCAM,NFKB1,EPCAM,NA,Repression,TF regulation,Protein,Gene
P19838,FAF1,NFKB1,FAF1,NA,Activation,TF regulation,Protein,Gene
P19838,FAS,NFKB1,FAS,NA,Activation,TF regulation,Protein,Gene
P19838,FASLG,NFKB1,FASLG,NA,Activation,TF regulation,Protein,Gene
P19838,FGF8,NFKB1,FGF8,NA,Activation,TF regulation,Protein,Gene
P19838,VEGFD,NFKB1,VEGFD,NA,Activation,TF regulation,Protein,Gene
P19838,FLT4,NFKB1,FLT4,NA,Activation,TF regulation,Protein,Gene
P19838,FN1,NFKB1,FN1,NA,Activation,TF regulation,Protein,Gene
P19838,FOXP3,NFKB1,FOXP3,NA,Activation,TF regulation,Protein,Gene
P19838,GATA3,NFKB1,GATA3,NA,Activation,TF regulation,Protein,Gene
P19838,GFAP,NFKB1,GFAP,NA,Activation,TF regulation,Protein,Gene
P19838,GKN2,NFKB1,GKN2,NA,Repression,TF regulation,Protein,Gene
P19838,GSTP1,NFKB1,GSTP1,NA,Activation,TF regulation,Protein,Gene
P19838,HBEGF,NFKB1,HBEGF,NA,Activation,TF regulation,Protein,Gene
P19838,HOXA9,NFKB1,HOXA9,NA,Repression,TF regulation,Protein,Gene
P19838,HPSE,NFKB1,HPSE,NA,Activation,TF regulation,Protein,Gene
P19838,HSD11B2,NFKB1,HSD11B2,NA,Activation,TF regulation,Protein,Gene
P19838,HYAL1,NFKB1,HYAL1,NA,Activation,TF regulation,Protein,Gene
P19838,ICAM1,NFKB1,ICAM1,NA,Activation,TF regulation,Protein,Gene
P19838,IFNA1,NFKB1,IFNA1,NA,Activation,TF regulation,Protein,Gene
P19838,IFNB1,NFKB1,IFNB1,NA,Activation,TF regulation,Protein,Gene
P19838,IFNG,NFKB1,IFNG,NA,Activation,TF regulation,Protein,Gene
P19838,IL10,NFKB1,IL10,NA,Activation,TF regulation,Protein,Gene
P19838,IL12A,NFKB1,IL12A,NA,Activation,TF regulation,Protein,Gene
P19838,IL12B,NFKB1,IL12B,NA,Activation,TF regulation,Protein,Gene
P19838,IL17C,NFKB1,IL17C,NA,Activation,TF regulation,Protein,Gene
P19838,IL18,NFKB1,IL18,NA,Activation,TF regulation,Protein,Gene
P19838,IL1A,NFKB1,IL1A,NA,Repression,TF regulation,Protein,Gene
P19838,IL1B,NFKB1,IL1B,NA,Activation,TF regulation,Protein,Gene
P19838,IL1RN,NFKB1,IL1RN,NA,Activation,TF regulation,Protein,Gene
P19838,IL2,NFKB1,IL2,NA,Activation,TF regulation,Protein,Gene
P19838,IL23A,NFKB1,IL23A,NA,Activation,TF regulation,Protein,Gene
P19838,IL6,NFKB1,IL6,NA,Activation,TF regulation,Protein,Gene
P19838,IRF1,NFKB1,IRF1,NA,Activation,TF regulation,Protein,Gene
P19838,IRF4,NFKB1,IRF4,NA,Activation,TF regulation,Protein,Gene
P19838,IRF7,NFKB1,IRF7,NA,Activation,TF regulation,Protein,Gene
P19838,JUNB,NFKB1,JUNB,NA,Activation,TF regulation,Protein,Gene
P19838,KLK3,NFKB1,KLK3,NA,Activation,TF regulation,Protein,Gene
P19838,LCN2,NFKB1,LCN2,NA,Activation,TF regulation,Protein,Gene
P19838,LIPE,NFKB1,LIPE,NA,Activation,TF regulation,Protein,Gene
P19838,LPL,NFKB1,LPL,NA,Activation,TF regulation,Protein,Gene
P19838,LTC4S,NFKB1,LTC4S,NA,Repression,TF regulation,Protein,Gene
P19838,MAT2A,NFKB1,MAT2A,NA,Activation,TF regulation,Protein,Gene
P19838,MCL1,NFKB1,MCL1,NA,Activation,TF regulation,Protein,Gene
P19838,MMP1,NFKB1,MMP1,NA,Activation,TF regulation,Protein,Gene
P19838,MMP13,NFKB1,MMP13,NA,Activation,TF regulation,Protein,Gene
P19838,MMP14,NFKB1,MMP14,NA,Activation,TF regulation,Protein,Gene
P19838,MMP2,NFKB1,MMP2,NA,Activation,TF regulation,Protein,Gene
P19838,MMP9,NFKB1,MMP9,NA,Activation,TF regulation,Protein,Gene
P19838,MUC2,NFKB1,MUC2,NA,Activation,TF regulation,Protein,Gene
P19838,MYC,NFKB1,MYC,NA,Activation,TF regulation,Protein,Gene
P19838,NAMPT,NFKB1,NAMPT,NA,Activation,TF regulation,Protein,Gene
P19838,NCAM1,NFKB1,NCAM1,NA,Activation,TF regulation,Protein,Gene
P19838,NFKBIA,NFKB1,NFKBIA,NA,Activation,TF regulation,Protein,Gene
P19838,NLRP2,NFKB1,NLRP2,NA,Activation,TF regulation,Protein,Gene
P19838,NOD2,NFKB1,NOD2,NA,Activation,TF regulation,Protein,Gene
P19838,NOLC1,NFKB1,NOLC1,NA,Activation,TF regulation,Protein,Gene
P19838,NOS1,NFKB1,NOS1,NA,Activation,TF regulation,Protein,Gene
P19838,NOS2,NFKB1,NOS2,NA,Activation,TF regulation,Protein,Gene
P19838,NOS3,NFKB1,NOS3,NA,Activation,TF regulation,Protein,Gene
P19838,NOX4,NFKB1,NOX4,NA,Activation,TF regulation,Protein,Gene
P19838,NOX5,NFKB1,NOX5,NA,Activation,TF regulation,Protein,Gene
P19838,OPTN,NFKB1,OPTN,NA,Activation,TF regulation,Protein,Gene
P19838,PDK4,NFKB1,PDK4,NA,Repression,TF regulation,Protein,Gene
P19838,PLAU,NFKB1,PLAU,NA,Activation,TF regulation,Protein,Gene
P19838,PLAUR,NFKB1,PLAUR,NA,Activation,TF regulation,Protein,Gene
P19838,PLIN1,NFKB1,PLIN1,NA,Activation,TF regulation,Protein,Gene
P19838,PROX1,NFKB1,PROX1,NA,Activation,TF regulation,Protein,Gene
P19838,PTAFR,NFKB1,PTAFR,NA,Activation,TF regulation,Protein,Gene
P19838,PTEN,NFKB1,PTEN,NA,Activation,TF regulation,Protein,Gene
P19838,PTGDS,NFKB1,PTGDS,NA,Activation,TF regulation,Protein,Gene
P19838,PTGES,NFKB1,PTGES,NA,Activation,TF regulation,Protein,Gene
P19838,PTGS2,NFKB1,PTGS2,NA,Activation,TF regulation,Protein,Gene
P19838,PTHLH,NFKB1,PTHLH,NA,Activation,TF regulation,Protein,Gene
P19838,REPS2,NFKB1,REPS2,NA,Repression,TF regulation,Protein,Gene
P19838,RGS4,NFKB1,RGS4,NA,Activation,TF regulation,Protein,Gene
P19838,RIPK2,NFKB1,RIPK2,NA,Activation,TF regulation,Protein,Gene
P19838,S100A6,NFKB1,S100A6,NA,Activation,TF regulation,Protein,Gene
P19838,SDC1,NFKB1,SDC1,NA,Activation,TF regulation,Protein,Gene
P19838,SELE,NFKB1,SELE,NA,Activation,TF regulation,Protein,Gene
P19838,SERPINA3,NFKB1,SERPINA3,NA,Repression,TF regulation,Protein,Gene
P19838,SERPINB1,NFKB1,SERPINB1,NA,Activation,TF regulation,Protein,Gene
P19838,SERPINE1,NFKB1,SERPINE1,NA,Activation,TF regulation,Protein,Gene
P19838,SLC25A27,NFKB1,SLC25A27,NA,Activation,TF regulation,Protein,Gene
P19838,SNAI1,NFKB1,SNAI1,NA,Activation,TF regulation,Protein,Gene
P19838,SOD2,NFKB1,SOD2,NA,Activation,TF regulation,Protein,Gene
P19838,STK39,NFKB1,STK39,NA,Activation,TF regulation,Protein,Gene
P19838,TBX21,NFKB1,TBX21,NA,Activation,TF regulation,Protein,Gene
P19838,TF,NFKB1,TF,NA,Activation,TF regulation,Protein,Gene
P19838,TFF1,NFKB1,TFF1,NA,Activation,TF regulation,Protein,Gene
P19838,TFF3,NFKB1,TFF3,NA,Activation,TF regulation,Protein,Gene
P19838,THBD,NFKB1,THBD,NA,Repression,TF regulation,Protein,Gene
P19838,TIMP1,NFKB1,TIMP1,NA,Repression,TF regulation,Protein,Gene
P19838,TLR2,NFKB1,TLR2,NA,Activation,TF regulation,Protein,Gene
P19838,TLR3,NFKB1,TLR3,NA,Activation,TF regulation,Protein,Gene
P19838,TLR7,NFKB1,TLR7,NA,Activation,TF regulation,Protein,Gene
P19838,TNF,NFKB1,TNF,NA,Activation,TF regulation,Protein,Gene
P19838,TNFAIP3,NFKB1,TNFAIP3,NA,Activation,TF regulation,Protein,Gene
P19838,TNFRSF10B,NFKB1,TNFRSF10B,NA,Activation,TF regulation,Protein,Gene
P19838,TNFRSF13C,NFKB1,TNFRSF13C,NA,Activation,TF regulation,Protein,Gene
P19838,TNFSF10,NFKB1,TNFSF10,NA,Activation,TF regulation,Protein,Gene
P19838,TRAF1,NFKB1,TRAF1,NA,Activation,TF regulation,Protein,Gene
P19838,TRAF2,NFKB1,TRAF2,NA,Activation,TF regulation,Protein,Gene
P19838,UPP1,NFKB1,UPP1,NA,Activation,TF regulation,Protein,Gene
P19838,VCAM1,NFKB1,VCAM1,NA,Activation,TF regulation,Protein,Gene
P19838,VEGFA,NFKB1,VEGFA,NA,Activation,TF regulation,Protein,Gene
P19838,XIAP,NFKB1,XIAP,NA,Activation,TF regulation,Protein,Gene
P19838,YY1,NFKB1,YY1,NA,Repression,TF regulation,Protein,Gene
Q00653,CCL21,NFKB2,CCL21,NA,Activation,TF regulation,Protein,Gene
Q00653,CCND2,NFKB2,CCND2,NA,Activation,TF regulation,Protein,Gene
Q00653,CDK6,NFKB2,CDK6,NA,Activation,TF regulation,Protein,Gene
Q00653,HIF1A,NFKB2,HIF1A,NA,Repression,TF regulation,Protein,Gene
Q00653,SELP,NFKB2,SELP,NA,Activation,TF regulation,Protein,Gene
Q00653,SND1,NFKB2,SND1,NA,Activation,TF regulation,Protein,Gene
P25963,CCL5,NFKBIA,CCL5,NA,Repression,TF regulation,Protein,Gene
P25963,CD40,NFKBIA,CD40,NA,Repression,TF regulation,Protein,Gene
P25963,CD58,NFKBIA,CD58,NA,Repression,TF regulation,Protein,Gene
P25963,EBI3,NFKBIA,EBI3,NA,Repression,TF regulation,Protein,Gene
P25963,FAS,NFKBIA,FAS,NA,Repression,TF regulation,Protein,Gene
P25963,ICAM1,NFKBIA,ICAM1,NA,Repression,TF regulation,Protein,Gene
P25963,IFNB1,NFKBIA,IFNB1,NA,Repression,TF regulation,Protein,Gene
P25963,IL1B,NFKBIA,IL1B,NA,Repression,TF regulation,Protein,Gene
P25963,NFKB1,NFKBIA,NFKB1,NA,Activation,TF regulation,Protein,Gene
P25963,NOS2,NFKBIA,NOS2,NA,Repression,TF regulation,Protein,Gene
P25963,PON2,NFKBIA,PON2,NA,Activation,TF regulation,Protein,Gene
P25963,RELA,NFKBIA,RELA,NA,Activation,TF regulation,Protein,Gene
P25963,S100A6,NFKBIA,S100A6,NA,Repression,TF regulation,Protein,Gene
P25963,TNFSF10,NFKBIA,TNFSF10,NA,Repression,TF regulation,Protein,Gene
P25963,TRAF1,NFKBIA,TRAF1,NA,Repression,TF regulation,Protein,Gene
Q15653,IFNB1,NFKBIB,IFNB1,NA,Repression,TF regulation,Protein,Gene
Q6P4R8,JUN,NFRKB,JUN,NA,Activation,TF regulation,Protein,Gene
P23511,CBS,NFYA,CBS,NA,Activation,TF regulation,Protein,Gene
P23511,CCND2,NFYA,CCND2,NA,Activation,TF regulation,Protein,Gene
P23511,CDKN1B,NFYA,CDKN1B,NA,Activation,TF regulation,Protein,Gene
P23511,CYP2A6,NFYA,CYP2A6,NA,Activation,TF regulation,Protein,Gene
P23511,FXR2,NFYA,FXR2,NA,Activation,TF regulation,Protein,Gene
P23511,GADD45A,NFYA,GADD45A,NA,Activation,TF regulation,Protein,Gene
P23511,HOXB4,NFYA,HOXB4,NA,Activation,TF regulation,Protein,Gene
P23511,OGG1,NFYA,OGG1,NA,Activation,TF regulation,Protein,Gene
P23511,SOX18,NFYA,SOX18,NA,Activation,TF regulation,Protein,Gene
P23511,SP3,NFYA,SP3,NA,Activation,TF regulation,Protein,Gene
P25208,CCND2,NFYB,CCND2,NA,Activation,TF regulation,Protein,Gene
P25208,CDKN1B,NFYB,CDKN1B,NA,Activation,TF regulation,Protein,Gene
P25208,FXR2,NFYB,FXR2,NA,Activation,TF regulation,Protein,Gene
P25208,SOX18,NFYB,SOX18,NA,Activation,TF regulation,Protein,Gene
P25208,TPH1,NFYB,TPH1,NA,Activation,TF regulation,Protein,Gene
Q13952,CCND2,NFYC,CCND2,NA,Activation,TF regulation,Protein,Gene
Q13952,CDKN1B,NFYC,CDKN1B,NA,Activation,TF regulation,Protein,Gene
Q13952,FXR2,NFYC,FXR2,NA,Activation,TF regulation,Protein,Gene
Q13952,SOX18,NFYC,SOX18,NA,Activation,TF regulation,Protein,Gene
Q02577,ASCL1,NHLH2,ASCL1,NA,Activation,TF regulation,Protein,Gene
Q02577,HES1,NHLH2,HES1,NA,Repression,TF regulation,Protein,Gene
Q02577,MAOA,NHLH2,MAOA,NA,Activation,TF regulation,Protein,Gene
P43699,RET,NKX2-1,RET,NA,Repression,TF regulation,Protein,Gene
P43699,SFTPB,NKX2-1,SFTPB,NA,Activation,TF regulation,Protein,Gene
P43699,STK11,NKX2-1,STK11,NA,Repression,TF regulation,Protein,Gene
O95096,NPPA,NKX2-2,NPPA,NA,Activation,TF regulation,Protein,Gene
P52952,DACT1,NKX2-5,DACT1,NA,Repression,TF regulation,Protein,Gene
P52952,DACT2,NKX2-5,DACT2,NA,Repression,TF regulation,Protein,Gene
P52952,DACT3,NKX2-5,DACT3,NA,Repression,TF regulation,Protein,Gene
P52952,GATA4,NKX2-5,GATA4,NA,Activation,TF regulation,Protein,Gene
P52952,MEF2C,NKX2-5,MEF2C,NA,Repression,TF regulation,Protein,Gene
Q99801,ACTG2,NKX3-1,ACTG2,NA,Activation,TF regulation,Protein,Gene
Q99801,AR,NKX3-1,AR,NA,Repression,TF regulation,Protein,Gene
Q99801,CCND1,NKX3-1,CCND1,NA,Repression,TF regulation,Protein,Gene
Q99801,FOS,NKX3-1,FOS,NA,Repression,TF regulation,Protein,Gene
Q99801,IGF1R,NKX3-1,IGF1R,NA,Repression,TF regulation,Protein,Gene
Q9UM47,APOD,NOTCH3,APOD,NA,Repression,TF regulation,Protein,Gene
Q9UM47,HES1,NOTCH3,HES1,NA,Repression,TF regulation,Protein,Gene
P06748,ATF5,NPM1,ATF5,NA,Repression,TF regulation,Protein,Gene
P06748,CDKN1A,NPM1,CDKN1A,NA,Activation,TF regulation,Protein,Gene
P06748,MDM2,NPM1,MDM2,NA,Repression,TF regulation,Protein,Gene
P06748,PTPN6,NPM1,PTPN6,NA,Activation,TF regulation,Protein,Gene
P06748,TAF1A,NPM1,TAF1A,NA,Activation,TF regulation,Protein,Gene
P51843,AMH,NR0B1,AMH,NA,Repression,TF regulation,Protein,Gene
P51843,CAMP,NR0B1,CAMP,NA,Repression,TF regulation,Protein,Gene
P51843,CYP17A1,NR0B1,CYP17A1,NA,Repression,TF regulation,Protein,Gene
P51843,CYP19A1,NR0B1,CYP19A1,NA,Repression,TF regulation,Protein,Gene
P51843,ESRRG,NR0B1,ESRRG,NA,Repression,TF regulation,Protein,Gene
P51843,NOS1,NR0B1,NOS1,NA,Activation,TF regulation,Protein,Gene
P51843,NR1H4,NR0B1,NR1H4,NA,Repression,TF regulation,Protein,Gene
P51843,NR5A1,NR0B1,NR5A1,NA,Repression,TF regulation,Protein,Gene
P51843,PBX1,NR0B1,PBX1,NA,Activation,TF regulation,Protein,Gene
P51843,STAR,NR0B1,STAR,NA,Repression,TF regulation,Protein,Gene
Q15466,E2F1,NR0B2,E2F1,NA,Repression,TF regulation,Protein,Gene
Q15466,PCK2,NR0B2,PCK2,NA,Repression,TF regulation,Protein,Gene
Q15466,PTGS2,NR0B2,PTGS2,NA,Activation,TF regulation,Protein,Gene
P20393,ARNTL,NR1D1,ARNTL,NA,Repression,TF regulation,Protein,Gene
P55055,ABCA1,NR1H2,ABCA1,NA,Activation,TF regulation,Protein,Gene
P55055,ABCG1,NR1H2,ABCG1,NA,Activation,TF regulation,Protein,Gene
P55055,ABCG4,NR1H2,ABCG4,NA,Activation,TF regulation,Protein,Gene
Q13133,ABCA1,NR1H3,ABCA1,NA,Activation,TF regulation,Protein,Gene
Q13133,ABCG1,NR1H3,ABCG1,NA,Activation,TF regulation,Protein,Gene
Q13133,ABCG4,NR1H3,ABCG4,NA,Activation,TF regulation,Protein,Gene
Q13133,BHLHE40,NR1H3,BHLHE40,NA,Activation,TF regulation,Protein,Gene
Q96RI1,ABCB4,NR1H4,ABCB4,NA,Activation,TF regulation,Protein,Gene
Q96RI1,ABCC4,NR1H4,ABCC4,NA,Repression,TF regulation,Protein,Gene
Q96RI1,CYP7A1,NR1H4,CYP7A1,NA,Repression,TF regulation,Protein,Gene
Q96RI1,DCN,NR1H4,DCN,NA,Activation,TF regulation,Protein,Gene
Q96RI1,EDN1,NR1H4,EDN1,NA,Repression,TF regulation,Protein,Gene
Q96RI1,FABP6,NR1H4,FABP6,NA,Activation,TF regulation,Protein,Gene
Q96RI1,INS,NR1H4,INS,NA,Activation,TF regulation,Protein,Gene
Q96RI1,KRT13,NR1H4,KRT13,NA,Activation,TF regulation,Protein,Gene
Q96RI1,NFKB1,NR1H4,NFKB1,NA,Activation,TF regulation,Protein,Gene
Q96RI1,NR1I2,NR1H4,NR1I2,NA,Activation,TF regulation,Protein,Gene
Q96RI1,RELA,NR1H4,RELA,NA,Activation,TF regulation,Protein,Gene
Q96RI1,SCARB1,NR1H4,SCARB1,NA,Activation,TF regulation,Protein,Gene
Q96RI1,STK11,NR1H4,STK11,NA,Activation,TF regulation,Protein,Gene
Q96RI1,UGT2B4,NR1H4,UGT2B4,NA,Repression,TF regulation,Protein,Gene
Q96RI1,VEGFA,NR1H4,VEGFA,NA,Activation,TF regulation,Protein,Gene
O75469,ABCB1,NR1I2,ABCB1,NA,Activation,TF regulation,Protein,Gene
O75469,BCL2,NR1I2,BCL2,NA,Activation,TF regulation,Protein,Gene
O75469,BCL2L1,NR1I2,BCL2L1,NA,Activation,TF regulation,Protein,Gene
O75469,CCL2,NR1I2,CCL2,NA,Repression,TF regulation,Protein,Gene
O75469,CORO1C,NR1I2,CORO1C,NA,Activation,TF regulation,Protein,Gene
O75469,CYP3A4,NR1I2,CYP3A4,NA,Activation,TF regulation,Protein,Gene
O75469,FGF19,NR1I2,FGF19,NA,Activation,TF regulation,Protein,Gene
O75469,FOSL1,NR1I2,FOSL1,NA,Activation,TF regulation,Protein,Gene
O75469,IL10,NR1I2,IL10,NA,Activation,TF regulation,Protein,Gene
O75469,KLF6,NR1I2,KLF6,NA,Activation,TF regulation,Protein,Gene
O75469,NFKB1,NR1I2,NFKB1,NA,Repression,TF regulation,Protein,Gene
O75469,NOD1,NR1I2,NOD1,NA,Repression,TF regulation,Protein,Gene
O75469,NOD2,NR1I2,NOD2,NA,Repression,TF regulation,Protein,Gene
O75469,PTAFR,NR1I2,PTAFR,NA,Activation,TF regulation,Protein,Gene
O75469,RAB3A,NR1I2,RAB3A,NA,Activation,TF regulation,Protein,Gene
O75469,RELA,NR1I2,RELA,NA,Repression,TF regulation,Protein,Gene
O75469,THBS1,NR1I2,THBS1,NA,Activation,TF regulation,Protein,Gene
O75469,THRSP,NR1I2,THRSP,NA,Activation,TF regulation,Protein,Gene
O75469,TNFRSF12A,NR1I2,TNFRSF12A,NA,Activation,TF regulation,Protein,Gene
O75469,UGT1A1,NR1I2,UGT1A1,NA,Activation,TF regulation,Protein,Gene
Q14994,CYP2B6,NR1I3,CYP2B6,NA,Activation,TF regulation,Protein,Gene
Q14994,UGT1A1,NR1I3,UGT1A1,NA,Activation,TF regulation,Protein,Gene
P49116,LHCGR,NR2C2,LHCGR,NA,Activation,TF regulation,Protein,Gene
P10589,CYP17A1,NR2F1,CYP17A1,NA,Repression,TF regulation,Protein,Gene
P10589,DR1,NR2F1,DR1,NA,Repression,TF regulation,Protein,Gene
P10589,LHCGR,NR2F1,LHCGR,NA,Repression,TF regulation,Protein,Gene
P10589,MTTP,NR2F1,MTTP,NA,Repression,TF regulation,Protein,Gene
P10589,SERPINC1,NR2F1,SERPINC1,NA,Repression,TF regulation,Protein,Gene
P24468,POU5F1,NR2F2,POU5F1,NA,Repression,TF regulation,Protein,Gene
P24468,TFAP2A,NR2F2,TFAP2A,NA,Activation,TF regulation,Protein,Gene
P10588,LHCGR,NR2F6,LHCGR,NA,Repression,TF regulation,Protein,Gene
P04150,ATF2,NR3C1,ATF2,NA,Repression,TF regulation,Protein,Gene
P04150,ATP1B1,NR3C1,ATP1B1,NA,Repression,TF regulation,Protein,Gene
P04150,BAD,NR3C1,BAD,NA,Activation,TF regulation,Protein,Gene
P04150,BAX,NR3C1,BAX,NA,Activation,TF regulation,Protein,Gene
P04150,BGLAP,NR3C1,BGLAP,NA,Repression,TF regulation,Protein,Gene
P04150,BRCA1,NR3C1,BRCA1,NA,Activation,TF regulation,Protein,Gene
P04150,CALD1,NR3C1,CALD1,NA,Activation,TF regulation,Protein,Gene
P04150,CCND3,NR3C1,CCND3,NA,Repression,TF regulation,Protein,Gene
P04150,CDK4,NR3C1,CDK4,NA,Repression,TF regulation,Protein,Gene
P04150,CDK6,NR3C1,CDK6,NA,Repression,TF regulation,Protein,Gene
P04150,CDKN1A,NR3C1,CDKN1A,NA,Activation,TF regulation,Protein,Gene
P04150,CYP19A1,NR3C1,CYP19A1,NA,Activation,TF regulation,Protein,Gene
P04150,ELK1,NR3C1,ELK1,NA,Repression,TF regulation,Protein,Gene
P04150,ETS1,NR3C1,ETS1,NA,Repression,TF regulation,Protein,Gene
P04150,NFKB1,NR3C1,NFKB1,NA,Repression,TF regulation,Protein,Gene
P04150,RPS6KA3,NR3C1,RPS6KA3,NA,Activation,TF regulation,Protein,Gene
P04150,SRF,NR3C1,SRF,NA,Repression,TF regulation,Protein,Gene
P04150,STAT1,NR3C1,STAT1,NA,Repression,TF regulation,Protein,Gene
P04150,TP53,NR3C1,TP53,NA,Repression,TF regulation,Protein,Gene
P04150,UGT1A1,NR3C1,UGT1A1,NA,Activation,TF regulation,Protein,Gene
P08235,ATP1B1,NR3C2,ATP1B1,NA,Repression,TF regulation,Protein,Gene
P08235,CABIN1,NR3C2,CABIN1,NA,Repression,TF regulation,Protein,Gene
P08235,CCR5,NR3C2,CCR5,NA,Activation,TF regulation,Protein,Gene
P08235,CCR6,NR3C2,CCR6,NA,Activation,TF regulation,Protein,Gene
P08235,CD40,NR3C2,CD40,NA,Activation,TF regulation,Protein,Gene
P08235,EGFR,NR3C2,EGFR,NA,Activation,TF regulation,Protein,Gene
P22736,BABAM2,NR4A1,BABAM2,NA,Repression,TF regulation,Protein,Gene
P22736,CCNA2,NR4A1,CCNA2,NA,Repression,TF regulation,Protein,Gene
P22736,CDKN1B,NR4A1,CDKN1B,NA,Activation,TF regulation,Protein,Gene
P22736,E2F1,NR4A1,E2F1,NA,Activation,TF regulation,Protein,Gene
P22736,HSD3B2,NR4A1,HSD3B2,NA,Activation,TF regulation,Protein,Gene
P22736,MDM2,NR4A1,MDM2,NA,Repression,TF regulation,Protein,Gene
P22736,MMP2,NR4A1,MMP2,NA,Activation,TF regulation,Protein,Gene
P22736,RNF7,NR4A1,RNF7,NA,Repression,TF regulation,Protein,Gene
P22736,TIMP2,NR4A1,TIMP2,NA,Activation,TF regulation,Protein,Gene
P22736,TNF,NR4A1,TNF,NA,Repression,TF regulation,Protein,Gene
P43354,MMP1,NR4A2,MMP1,NA,Repression,TF regulation,Protein,Gene
Q92570,PPARG,NR4A3,PPARG,NA,Repression,TF regulation,Protein,Gene
Q13285,AMH,NR5A1,AMH,NA,Activation,TF regulation,Protein,Gene
Q13285,CITED2,NR5A1,CITED2,NA,Activation,TF regulation,Protein,Gene
Q13285,CYP11B2,NR5A1,CYP11B2,NA,Repression,TF regulation,Protein,Gene
Q13285,CYP17A1,NR5A1,CYP17A1,NA,Activation,TF regulation,Protein,Gene
Q13285,CYP19A1,NR5A1,CYP19A1,NA,Activation,TF regulation,Protein,Gene
Q13285,HSD3B2,NR5A1,HSD3B2,NA,Activation,TF regulation,Protein,Gene
Q13285,LHB,NR5A1,LHB,NA,Activation,TF regulation,Protein,Gene
Q13285,MC2R,NR5A1,MC2R,NA,Activation,TF regulation,Protein,Gene
Q13285,NOV,NR5A1,NOV,NA,Repression,TF regulation,Protein,Gene
Q13285,NR0B1,NR5A1,NR0B1,NA,Activation,TF regulation,Protein,Gene
Q13285,PBX1,NR5A1,PBX1,NA,Activation,TF regulation,Protein,Gene
Q13285,SRY,NR5A1,SRY,NA,Activation,TF regulation,Protein,Gene
Q13285,STAR,NR5A1,STAR,NA,Activation,TF regulation,Protein,Gene
Q13285,STARD7,NR5A1,STARD7,NA,Activation,TF regulation,Protein,Gene
O00482,ABCG5,NR5A2,ABCG5,NA,Activation,TF regulation,Protein,Gene
O00482,ABCG8,NR5A2,ABCG8,NA,Activation,TF regulation,Protein,Gene
O00482,CETP,NR5A2,CETP,NA,Activation,TF regulation,Protein,Gene
O00482,CYP11B1,NR5A2,CYP11B1,NA,Activation,TF regulation,Protein,Gene
O00482,HSD3B2,NR5A2,HSD3B2,NA,Activation,TF regulation,Protein,Gene
O00482,NR5A2,NR5A2,NR5A2,NA,Activation,TF regulation,Protein,Gene
O00482,STAR,NR5A2,STAR,NA,Activation,TF regulation,Protein,Gene
Q16656,CAPNS1,NRF1,CAPNS1,NA,Activation,TF regulation,Protein,Gene
Q16656,CXCR4,NRF1,CXCR4,NA,Activation,TF regulation,Protein,Gene
Q16656,FMR1,NRF1,FMR1,NA,Activation,TF regulation,Protein,Gene
Q16656,FXR2,NRF1,FXR2,NA,Activation,TF regulation,Protein,Gene
Q16656,IDE,NRF1,IDE,NA,Activation,TF regulation,Protein,Gene
Q16656,PRDX3,NRF1,PRDX3,NA,Activation,TF regulation,Protein,Gene
Q16656,PRDX5,NRF1,PRDX5,NA,Activation,TF regulation,Protein,Gene
Q16656,SLC46A1,NRF1,SLC46A1,NA,Activation,TF regulation,Protein,Gene
Q16656,SPAST,NRF1,SPAST,NA,Activation,TF regulation,Protein,Gene
P48552,SLC7A1,NRIP1,SLC7A1,NA,Activation,TF regulation,Protein,Gene
P54845,NR2E3,NRL,NR2E3,NA,Activation,TF regulation,Protein,Gene
P54845,RBP3,NRL,RBP3,NA,Repression,TF regulation,Protein,Gene
P54845,RHO,NRL,RHO,NA,Repression,TF regulation,Protein,Gene
O60356,BCL2L1,NUPR1,BCL2L1,NA,Activation,TF regulation,Protein,Gene
O60356,CDKN1A,NUPR1,CDKN1A,NA,Activation,TF regulation,Protein,Gene
O60356,MSL1,NUPR1,MSL1,NA,Repression,TF regulation,Protein,Gene
Q9UBC0,PROC,ONECUT1,PROC,NA,Activation,TF regulation,Protein,Gene
O95948,MITF,ONECUT2,MITF,NA,Activation,TF regulation,Protein,Gene
O95948,SYTL4,ONECUT2,SYTL4,NA,Repression,TF regulation,Protein,Gene
P32242,BEST1,OTX1,BEST1,NA,Activation,TF regulation,Protein,Gene
P32243,AURKA,OTX2,AURKA,NA,Activation,TF regulation,Protein,Gene
P32243,BEST1,OTX2,BEST1,NA,Activation,TF regulation,Protein,Gene
P32243,CCNG2,OTX2,CCNG2,NA,Activation,TF regulation,Protein,Gene
P32243,CDC25C,OTX2,CDC25C,NA,Activation,TF regulation,Protein,Gene
P32243,IGF1,OTX2,IGF1,NA,Activation,TF regulation,Protein,Gene
P32243,IL6,OTX2,IL6,NA,Activation,TF regulation,Protein,Gene
P32243,PAX6,OTX2,PAX6,NA,Activation,TF regulation,Protein,Gene
P32243,RBP3,OTX2,RBP3,NA,Activation,TF regulation,Protein,Gene
P32243,TYR,OTX2,TYR,NA,Activation,TF regulation,Protein,Gene
Q9UQ80,AGR2,PA2G4,AGR2,NA,Activation,TF regulation,Protein,Gene
Q9UQ80,E2F1,PA2G4,E2F1,NA,Repression,TF regulation,Protein,Gene
Q9UQ80,KLK3,PA2G4,KLK3,NA,Repression,TF regulation,Protein,Gene
P09874,BCL2,PARP1,BCL2,NA,Repression,TF regulation,Protein,Gene
P09874,BRCA2,PARP1,BRCA2,NA,Repression,TF regulation,Protein,Gene
P09874,CDH1,PARP1,CDH1,NA,Activation,TF regulation,Protein,Gene
P09874,E2F1,PARP1,E2F1,NA,Activation,TF regulation,Protein,Gene
P09874,FOXO1,PARP1,FOXO1,NA,Repression,TF regulation,Protein,Gene
P09874,HTR1A,PARP1,HTR1A,NA,Repression,TF regulation,Protein,Gene
P09874,SERPINE1,PARP1,SERPINE1,NA,Activation,TF regulation,Protein,Gene
P09874,SERPINF1,PARP1,SERPINF1,NA,Repression,TF regulation,Protein,Gene
P09874,SNAI1,PARP1,SNAI1,NA,Repression,TF regulation,Protein,Gene
P09874,THBD,PARP1,THBD,NA,Activation,TF regulation,Protein,Gene
P09874,VIM,PARP1,VIM,NA,Activation,TF regulation,Protein,Gene
Q96IZ0,BCL2,PAWR,BCL2,NA,Repression,TF regulation,Protein,Gene
Q96IZ0,NOV,PAWR,NOV,NA,Activation,TF regulation,Protein,Gene
Q02962,TP53,PAX2,TP53,NA,Repression,TF regulation,Protein,Gene
P23760,BCL2L1,PAX3,BCL2L1,NA,Activation,TF regulation,Protein,Gene
P23760,CXCR4,PAX3,CXCR4,NA,Activation,TF regulation,Protein,Gene
P23760,MITF,PAX3,MITF,NA,Activation,TF regulation,Protein,Gene
O43316,GCG,PAX4,GCG,NA,Repression,TF regulation,Protein,Gene
O43316,INS,PAX4,INS,NA,Repression,TF regulation,Protein,Gene
Q02548,BAX,PAX5,BAX,NA,Activation,TF regulation,Protein,Gene
Q02548,BCL2,PAX5,BCL2,NA,Repression,TF regulation,Protein,Gene
Q02548,BLK,PAX5,BLK,NA,Repression,TF regulation,Protein,Gene
Q02548,CCND1,PAX5,CCND1,NA,Repression,TF regulation,Protein,Gene
Q02548,CD19,PAX5,CD19,NA,Activation,TF regulation,Protein,Gene
Q02548,CD79A,PAX5,CD79A,NA,Activation,TF regulation,Protein,Gene
Q02548,CDKN1A,PAX5,CDKN1A,NA,Activation,TF regulation,Protein,Gene
Q02548,FHL2,PAX5,FHL2,NA,Activation,TF regulation,Protein,Gene
Q02548,LEF1,PAX5,LEF1,NA,Activation,TF regulation,Protein,Gene
Q02548,MET,PAX5,MET,NA,Activation,TF regulation,Protein,Gene
Q02548,MMP1,PAX5,MMP1,NA,Repression,TF regulation,Protein,Gene
Q02548,MYCN,PAX5,MYCN,NA,Activation,TF regulation,Protein,Gene
Q02548,PRDM1,PAX5,PRDM1,NA,Repression,TF regulation,Protein,Gene
Q02548,TERT,PAX5,TERT,NA,Activation,TF regulation,Protein,Gene
Q02548,TIMP1,PAX5,TIMP1,NA,Activation,TF regulation,Protein,Gene
Q02548,TP53,PAX5,TP53,NA,Activation,TF regulation,Protein,Gene
Q02548,XBP1,PAX5,XBP1,NA,Repression,TF regulation,Protein,Gene
P26367,FABP7,PAX6,FABP7,NA,Activation,TF regulation,Protein,Gene
P26367,MET,PAX6,MET,NA,Activation,TF regulation,Protein,Gene
P26367,PCSK1,PAX6,PCSK1,NA,Activation,TF regulation,Protein,Gene
P26367,PDHX,PAX6,PDHX,NA,Repression,TF regulation,Protein,Gene
P26367,PROX1,PAX6,PROX1,NA,Activation,TF regulation,Protein,Gene
P26367,SIX3,PAX6,SIX3,NA,Activation,TF regulation,Protein,Gene
Q06710,E2F1,PAX8,E2F1,NA,Activation,TF regulation,Protein,Gene
Q06710,NCAM1,PAX8,NCAM1,NA,Activation,TF regulation,Protein,Gene
Q06710,SLC3A1,PAX8,SLC3A1,NA,Activation,TF regulation,Protein,Gene
Q06710,SLC5A5,PAX8,SLC5A5,NA,Activation,TF regulation,Protein,Gene
Q06710,TG,PAX8,TG,NA,Repression,TF regulation,Protein,Gene
Q06710,TP53,PAX8,TP53,NA,Repression,TF regulation,Protein,Gene
Q06710,TSHR,PAX8,TSHR,NA,Repression,TF regulation,Protein,Gene
Q06710,WT1,PAX8,WT1,NA,Activation,TF regulation,Protein,Gene
P40424,HOXB1,PBX1,HOXB1,NA,Activation,TF regulation,Protein,Gene
P40424,NANOG,PBX1,NANOG,NA,Activation,TF regulation,Protein,Gene
P40424,PF4,PBX1,PF4,NA,Activation,TF regulation,Protein,Gene
P40424,VCP,PBX1,VCP,NA,Activation,TF regulation,Protein,Gene
P40425,EMX2,PBX2,EMX2,NA,Activation,TF regulation,Protein,Gene
P40425,PF4,PBX2,PF4,NA,Activation,TF regulation,Protein,Gene
P61457,FXYD2,PCBD1,FXYD2,NA,Repression,TF regulation,Protein,Gene
P35227,HOXA7,PCGF2,HOXA7,NA,Activation,TF regulation,Protein,Gene
P35227,ZEB1,PCGF2,ZEB1,NA,Repression,TF regulation,Protein,Gene
P35227,ZEB2,PCGF2,ZEB2,NA,Repression,TF regulation,Protein,Gene
P52945,GCK,PDX1,GCK,NA,Activation,TF regulation,Protein,Gene
P52945,INS,PDX1,INS,NA,Activation,TF regulation,Protein,Gene
O15534,BAX,PER1,BAX,NA,Repression,TF regulation,Protein,Gene
O15534,BCL2,PER1,BCL2,NA,Activation,TF regulation,Protein,Gene
O15534,SLC5A1,PER1,SLC5A1,NA,Repression,TF regulation,Protein,Gene
O15055,SNAI2,PER2,SNAI2,NA,Repression,TF regulation,Protein,Gene
O15055,TWIST1,PER2,TWIST1,NA,Repression,TF regulation,Protein,Gene
P06401,BCL2,PGR,BCL2,NA,Activation,TF regulation,Protein,Gene
P06401,CYP19A1,PGR,CYP19A1,NA,Repression,TF regulation,Protein,Gene
P06401,DUSP1,PGR,DUSP1,NA,Activation,TF regulation,Protein,Gene
P06401,E2F1,PGR,E2F1,NA,Activation,TF regulation,Protein,Gene
P06401,ERBB2,PGR,ERBB2,NA,Repression,TF regulation,Protein,Gene
P06401,ESR1,PGR,ESR1,NA,Activation,TF regulation,Protein,Gene
P06401,FOXP3,PGR,FOXP3,NA,Repression,TF regulation,Protein,Gene
P06401,HLTF,PGR,HLTF,NA,Activation,TF regulation,Protein,Gene
P06401,IL10,PGR,IL10,NA,Repression,TF regulation,Protein,Gene
P06401,KLK4,PGR,KLK4,NA,Activation,TF regulation,Protein,Gene
P06401,PTGS2,PGR,PTGS2,NA,Repression,TF regulation,Protein,Gene
P06401,RELA,PGR,RELA,NA,Repression,TF regulation,Protein,Gene
Q99623,ARNT,PHB2,ARNT,NA,Repression,TF regulation,Protein,Gene
Q99623,BTG2,PHB2,BTG2,NA,Repression,TF regulation,Protein,Gene
O14813,DBH,PHOX2A,DBH,NA,Activation,TF regulation,Protein,Gene
O14813,TLX2,PHOX2A,TLX2,NA,Activation,TF regulation,Protein,Gene
Q99453,ALK,PHOX2B,ALK,NA,Activation,TF regulation,Protein,Gene
Q99453,DBH,PHOX2B,DBH,NA,Activation,TF regulation,Protein,Gene
Q99453,MSX1,PHOX2B,MSX1,NA,Repression,TF regulation,Protein,Gene
Q99453,TLX2,PHOX2B,TLX2,NA,Activation,TF regulation,Protein,Gene
O75925,FABP2,PIAS1,FABP2,NA,Activation,TF regulation,Protein,Gene
O75925,MUC1,PIAS1,MUC1,NA,Repression,TF regulation,Protein,Gene
O75925,PRMT1,PIAS1,PRMT1,NA,Repression,TF regulation,Protein,Gene
O75925,SI,PIAS1,SI,NA,Activation,TF regulation,Protein,Gene
O75928,AR,PIAS2,AR,NA,Activation,TF regulation,Protein,Gene
O75928,LRRN3,PIAS2,LRRN3,NA,Repression,TF regulation,Protein,Gene
O75928,MUC1,PIAS2,MUC1,NA,Repression,TF regulation,Protein,Gene
O75928,MYCN,PIAS2,MYCN,NA,Repression,TF regulation,Protein,Gene
Q9Y6X2,ATF1,PIAS3,ATF1,NA,Activation,TF regulation,Protein,Gene
Q9Y6X2,MUC1,PIAS3,MUC1,NA,Repression,TF regulation,Protein,Gene
Q8N2W9,MUC1,PIAS4,MUC1,NA,Repression,TF regulation,Protein,Gene
P78337,GNRH1,PITX1,GNRH1,NA,Repression,TF regulation,Protein,Gene
P78337,HES1,PITX1,HES1,NA,Repression,TF regulation,Protein,Gene
P78337,IFNA1,PITX1,IFNA1,NA,Repression,TF regulation,Protein,Gene
P78337,IRF2,PITX1,IRF2,NA,Repression,TF regulation,Protein,Gene
P78337,IRF7,PITX1,IRF7,NA,Repression,TF regulation,Protein,Gene
P78337,JUN,PITX1,JUN,NA,Repression,TF regulation,Protein,Gene
P78337,NKX3-1,PITX1,NKX3-1,NA,Repression,TF regulation,Protein,Gene
P78337,PRL,PITX1,PRL,NA,Activation,TF regulation,Protein,Gene
P78337,RUNX1,PITX1,RUNX1,NA,Repression,TF regulation,Protein,Gene
P78337,RUNX2,PITX1,RUNX2,NA,Repression,TF regulation,Protein,Gene
P78337,TERT,PITX1,TERT,NA,Repression,TF regulation,Protein,Gene
P78337,TRIB2,PITX1,TRIB2,NA,Repression,TF regulation,Protein,Gene
Q99697,GNRH1,PITX2,GNRH1,NA,Repression,TF regulation,Protein,Gene
Q99697,LEF1,PITX2,LEF1,NA,Activation,TF regulation,Protein,Gene
Q99697,LHX6,PITX2,LHX6,NA,Activation,TF regulation,Protein,Gene
Q99697,PRL,PITX2,PRL,NA,Activation,TF regulation,Protein,Gene
O75364,MIP,PITX3,MIP,NA,Activation,TF regulation,Protein,Gene
O75364,TH,PITX3,TH,NA,Activation,TF regulation,Protein,Gene
P55347,PTPN6,PKNOX1,PTPN6,NA,Activation,TF regulation,Protein,Gene
P55347,SYP,PKNOX1,SYP,NA,Activation,TF regulation,Protein,Gene
Q6DJT9,ABCC6,PLAG1,ABCC6,NA,Activation,TF regulation,Protein,Gene
Q6DJT9,CRLF1,PLAG1,CRLF1,NA,Activation,TF regulation,Protein,Gene
Q6DJT9,IGF2,PLAG1,IGF2,NA,Activation,TF regulation,Protein,Gene
Q9UM63,ABCC6,PLAGL1,ABCC6,NA,Activation,TF regulation,Protein,Gene
Q9UM63,SDHB,PLAGL1,SDHB,NA,Repression,TF regulation,Protein,Gene
Q9UPG8,IGF2,PLAGL2,IGF2,NA,Activation,TF regulation,Protein,Gene
Q9UPG8,METAP2,PLAGL2,METAP2,NA,Activation,TF regulation,Protein,Gene
Q9UPG8,NCF2,PLAGL2,NCF2,NA,Activation,TF regulation,Protein,Gene
Q9UPG8,SFTPC,PLAGL2,SFTPC,NA,Activation,TF regulation,Protein,Gene
P29590,BAX,PML,BAX,NA,Activation,TF regulation,Protein,Gene
P29590,CASP3,PML,CASP3,NA,Activation,TF regulation,Protein,Gene
P29590,CCND1,PML,CCND1,NA,Repression,TF regulation,Protein,Gene
P29590,CDKN1A,PML,CDKN1A,NA,Activation,TF regulation,Protein,Gene
P29590,EAF2,PML,EAF2,NA,Repression,TF regulation,Protein,Gene
P29590,EGFR,PML,EGFR,NA,Repression,TF regulation,Protein,Gene
P29590,EP300,PML,EP300,NA,Activation,TF regulation,Protein,Gene
P29590,FLT3,PML,FLT3,NA,Activation,TF regulation,Protein,Gene
P29590,GRIP1,PML,GRIP1,NA,Activation,TF regulation,Protein,Gene
P29590,HIPK2,PML,HIPK2,NA,Activation,TF regulation,Protein,Gene
P29590,IFNB1,PML,IFNB1,NA,Activation,TF regulation,Protein,Gene
P29590,NR4A1,PML,NR4A1,NA,Repression,TF regulation,Protein,Gene
P29590,PML,PML,PML,NA,Activation,TF regulation,Protein,Gene
P29590,TNFAIP3,PML,TNFAIP3,NA,Repression,TF regulation,Protein,Gene
P29590,TNFSF10,PML,TNFSF10,NA,Activation,TF regulation,Protein,Gene
P29590,UBA7,PML,UBA7,NA,Repression,TF regulation,Protein,Gene
O95602,E2F1,POLR1A,E2F1,NA,Repression,TF regulation,Protein,Gene
P28069,GH1,POU1F1,GH1,NA,Activation,TF regulation,Protein,Gene
P28069,GH2,POU1F1,GH2,NA,Activation,TF regulation,Protein,Gene
P28069,GHR,POU1F1,GHR,NA,Activation,TF regulation,Protein,Gene
P28069,POU1F1,POU1F1,POU1F1,NA,Activation,TF regulation,Protein,Gene
P28069,PRL,POU1F1,PRL,NA,Activation,TF regulation,Protein,Gene
P28069,TSHB,POU1F1,TSHB,NA,Activation,TF regulation,Protein,Gene
P28069,VDR,POU1F1,VDR,NA,Activation,TF regulation,Protein,Gene
Q16633,IGH,POU2AF1,IGH,NA,Activation,TF regulation,Protein,Gene
Q16633,TK1,POU2AF1,TK1,NA,Activation,TF regulation,Protein,Gene
Q16633,TNFRSF17,POU2AF1,TNFRSF17,NA,Activation,TF regulation,Protein,Gene
P14859,CCND1,POU2F1,CCND1,NA,Activation,TF regulation,Protein,Gene
P14859,GADD45A,POU2F1,GADD45A,NA,Activation,TF regulation,Protein,Gene
P14859,HBG1,POU2F1,HBG1,NA,Repression,TF regulation,Protein,Gene
P14859,IL2,POU2F1,IL2,NA,Activation,TF regulation,Protein,Gene
P14859,IL4,POU2F1,IL4,NA,Repression,TF regulation,Protein,Gene
P14859,LCT,POU2F1,LCT,NA,Activation,TF regulation,Protein,Gene
P14859,LGALS4,POU2F1,LGALS4,NA,Activation,TF regulation,Protein,Gene
P14859,MAD2L1,POU2F1,MAD2L1,NA,Activation,TF regulation,Protein,Gene
P14859,PTGIR,POU2F1,PTGIR,NA,Activation,TF regulation,Protein,Gene
P14859,SNAI2,POU2F1,SNAI2,NA,Activation,TF regulation,Protein,Gene
P14859,TK1,POU2F1,TK1,NA,Activation,TF regulation,Protein,Gene
P14859,TWIST1,POU2F1,TWIST1,NA,Activation,TF regulation,Protein,Gene
P14859,UGT2B7,POU2F1,UGT2B7,NA,Activation,TF regulation,Protein,Gene
P14859,VCAM1,POU2F1,VCAM1,NA,Repression,TF regulation,Protein,Gene
P14859,VWF,POU2F1,VWF,NA,Activation,TF regulation,Protein,Gene
P09086,TK1,POU2F2,TK1,NA,Activation,TF regulation,Protein,Gene
P20265,GNRH1,POU3F2,GNRH1,NA,Activation,TF regulation,Protein,Gene
P20265,PDE5A,POU3F2,PDE5A,NA,Repression,TF regulation,Protein,Gene
Q01851,HSP90AA1,POU4F1,HSP90AA1,NA,Activation,TF regulation,Protein,Gene
Q12837,CCND1,POU4F2,CCND1,NA,Activation,TF regulation,Protein,Gene
Q12837,HSP90AA1,POU4F2,HSP90AA1,NA,Activation,TF regulation,Protein,Gene
Q01860,BMP4,POU5F1,BMP4,NA,Repression,TF regulation,Protein,Gene
Q01860,CDKN1A,POU5F1,CDKN1A,NA,Repression,TF regulation,Protein,Gene
Q01860,CDX2,POU5F1,CDX2,NA,Repression,TF regulation,Protein,Gene
Q01860,DKK1,POU5F1,DKK1,NA,Repression,TF regulation,Protein,Gene
Q01860,DLX5,POU5F1,DLX5,NA,Repression,TF regulation,Protein,Gene
Q01860,EOMES,POU5F1,EOMES,NA,Repression,TF regulation,Protein,Gene
Q01860,FGF4,POU5F1,FGF4,NA,Activation,TF regulation,Protein,Gene
Q01860,GATA6,POU5F1,GATA6,NA,Repression,TF regulation,Protein,Gene
Q01860,HLX,POU5F1,HLX,NA,Repression,TF regulation,Protein,Gene
Q01860,ID2,POU5F1,ID2,NA,Repression,TF regulation,Protein,Gene
Q01860,ITGA6,POU5F1,ITGA6,NA,Activation,TF regulation,Protein,Gene
Q01860,LEFTY1,POU5F1,LEFTY1,NA,Activation,TF regulation,Protein,Gene
Q01860,NANOG,POU5F1,NANOG,NA,Activation,TF regulation,Protein,Gene
Q01860,SOX2,POU5F1,SOX2,NA,Activation,TF regulation,Protein,Gene
Q01860,SPP1,POU5F1,SPP1,NA,Activation,TF regulation,Protein,Gene
Q01860,TBXT,POU5F1,TBXT,NA,Repression,TF regulation,Protein,Gene
Q01860,TBX18,POU5F1,TBX18,NA,Repression,TF regulation,Protein,Gene
Q01860,TDGF1,POU5F1,TDGF1,NA,Activation,TF regulation,Protein,Gene
Q01860,THY1,POU5F1,THY1,NA,Activation,TF regulation,Protein,Gene
Q01860,ZFP42,POU5F1,ZFP42,NA,Activation,TF regulation,Protein,Gene
Q07869,ACSL1,PPARA,ACSL1,NA,Repression,TF regulation,Protein,Gene
Q07869,ANGPTL4,PPARA,ANGPTL4,NA,Activation,TF regulation,Protein,Gene
Q07869,APOB,PPARA,APOB,NA,Activation,TF regulation,Protein,Gene
Q07869,APOBR,PPARA,APOBR,NA,Repression,TF regulation,Protein,Gene
Q07869,APOC3,PPARA,APOC3,NA,Repression,TF regulation,Protein,Gene
Q07869,CETP,PPARA,CETP,NA,Activation,TF regulation,Protein,Gene
Q07869,CPT1A,PPARA,CPT1A,NA,Repression,TF regulation,Protein,Gene
Q07869,CYP1A1,PPARA,CYP1A1,NA,Activation,TF regulation,Protein,Gene
Q07869,CYP2C9,PPARA,CYP2C9,NA,Repression,TF regulation,Protein,Gene
Q07869,IL6R,PPARA,IL6R,NA,Repression,TF regulation,Protein,Gene
Q07869,LPL,PPARA,LPL,NA,Activation,TF regulation,Protein,Gene
Q07869,MMP9,PPARA,MMP9,NA,Repression,TF regulation,Protein,Gene
Q07869,NFKBIA,PPARA,NFKBIA,NA,Activation,TF regulation,Protein,Gene
Q07869,PDK4,PPARA,PDK4,NA,Activation,TF regulation,Protein,Gene
Q07869,PLIN2,PPARA,PLIN2,NA,Repression,TF regulation,Protein,Gene
Q07869,PTGS2,PPARA,PTGS2,NA,Activation,TF regulation,Protein,Gene
Q07869,SERPINE1,PPARA,SERPINE1,NA,Activation,TF regulation,Protein,Gene
Q07869,SREBF2,PPARA,SREBF2,NA,Repression,TF regulation,Protein,Gene
Q07869,TXNIP,PPARA,TXNIP,NA,Repression,TF regulation,Protein,Gene
Q07869,UCP1,PPARA,UCP1,NA,Repression,TF regulation,Protein,Gene
Q07869,UGT1A9,PPARA,UGT1A9,NA,Activation,TF regulation,Protein,Gene
Q03181,ANG,PPARD,ANG,NA,Repression,TF regulation,Protein,Gene
Q03181,ANGPTL4,PPARD,ANGPTL4,NA,Repression,TF regulation,Protein,Gene
Q03181,CAT,PPARD,CAT,NA,Activation,TF regulation,Protein,Gene
Q03181,HSD11B2,PPARD,HSD11B2,NA,Repression,TF regulation,Protein,Gene
Q03181,LPL,PPARD,LPL,NA,Activation,TF regulation,Protein,Gene
Q03181,PDK4,PPARD,PDK4,NA,Activation,TF regulation,Protein,Gene
Q03181,SAT1,PPARD,SAT1,NA,Activation,TF regulation,Protein,Gene
Q03181,SOD1,PPARD,SOD1,NA,Activation,TF regulation,Protein,Gene
Q03181,TIMP1,PPARD,TIMP1,NA,Activation,TF regulation,Protein,Gene
Q03181,TXN,PPARD,TXN,NA,Activation,TF regulation,Protein,Gene
P37231,ABCG2,PPARG,ABCG2,NA,Activation,TF regulation,Protein,Gene
P37231,ACAT1,PPARG,ACAT1,NA,Activation,TF regulation,Protein,Gene
P37231,ADIPOQ,PPARG,ADIPOQ,NA,Activation,TF regulation,Protein,Gene
P37231,AGER,PPARG,AGER,NA,Repression,TF regulation,Protein,Gene
P37231,ANGPTL4,PPARG,ANGPTL4,NA,Activation,TF regulation,Protein,Gene
P37231,APOB,PPARG,APOB,NA,Repression,TF regulation,Protein,Gene
P37231,APOBR,PPARG,APOBR,NA,Repression,TF regulation,Protein,Gene
P37231,BAD,PPARG,BAD,NA,Activation,TF regulation,Protein,Gene
P37231,BCL2,PPARG,BCL2,NA,Activation,TF regulation,Protein,Gene
P37231,BCL2L1,PPARG,BCL2L1,NA,Repression,TF regulation,Protein,Gene
P37231,BRS3,PPARG,BRS3,NA,Activation,TF regulation,Protein,Gene
P37231,CCND1,PPARG,CCND1,NA,Repression,TF regulation,Protein,Gene
P37231,CCNE1,PPARG,CCNE1,NA,Repression,TF regulation,Protein,Gene
P37231,CD36,PPARG,CD36,NA,Activation,TF regulation,Protein,Gene
P37231,CD83,PPARG,CD83,NA,Activation,TF regulation,Protein,Gene
P37231,CDKN1A,PPARG,CDKN1A,NA,Activation,TF regulation,Protein,Gene
P37231,CFLAR,PPARG,CFLAR,NA,Repression,TF regulation,Protein,Gene
P37231,CIITA,PPARG,CIITA,NA,Activation,TF regulation,Protein,Gene
P37231,CPT1B,PPARG,CPT1B,NA,Activation,TF regulation,Protein,Gene
P37231,CSF1,PPARG,CSF1,NA,Repression,TF regulation,Protein,Gene
P37231,EGFR,PPARG,EGFR,NA,Repression,TF regulation,Protein,Gene
P37231,ERO1A,PPARG,ERO1A,NA,Activation,TF regulation,Protein,Gene
P37231,ERP44,PPARG,ERP44,NA,Activation,TF regulation,Protein,Gene
P37231,FABP4,PPARG,FABP4,NA,Activation,TF regulation,Protein,Gene
P37231,FASLG,PPARG,FASLG,NA,Activation,TF regulation,Protein,Gene
P37231,GK,PPARG,GK,NA,Activation,TF regulation,Protein,Gene
P37231,ICAM1,PPARG,ICAM1,NA,Repression,TF regulation,Protein,Gene
P37231,LIPE,PPARG,LIPE,NA,Activation,TF regulation,Protein,Gene
P37231,MMP9,PPARG,MMP9,NA,Repression,TF regulation,Protein,Gene
P37231,MYC,PPARG,MYC,NA,Repression,TF regulation,Protein,Gene
P37231,PDK2,PPARG,PDK2,NA,Repression,TF regulation,Protein,Gene
P37231,PLIN2,PPARG,PLIN2,NA,Activation,TF regulation,Protein,Gene
P37231,POU2F1,PPARG,POU2F1,NA,Activation,TF regulation,Protein,Gene
P37231,PTEN,PPARG,PTEN,NA,Activation,TF regulation,Protein,Gene
P37231,PTGS2,PPARG,PTGS2,NA,Activation,TF regulation,Protein,Gene
P37231,RARB,PPARG,RARB,NA,Activation,TF regulation,Protein,Gene
P37231,REN,PPARG,REN,NA,Repression,TF regulation,Protein,Gene
P37231,RETN,PPARG,RETN,NA,Activation,TF regulation,Protein,Gene
P37231,SAT1,PPARG,SAT1,NA,Activation,TF regulation,Protein,Gene
P37231,SLC2A4,PPARG,SLC2A4,NA,Repression,TF regulation,Protein,Gene
P37231,SLC5A5,PPARG,SLC5A5,NA,Activation,TF regulation,Protein,Gene
P37231,SLC9A1,PPARG,SLC9A1,NA,Repression,TF regulation,Protein,Gene
P37231,TG,PPARG,TG,NA,Repression,TF regulation,Protein,Gene
P37231,TP53,PPARG,TP53,NA,Activation,TF regulation,Protein,Gene
P37231,TSHR,PPARG,TSHR,NA,Repression,TF regulation,Protein,Gene
P37231,UGT1A9,PPARG,UGT1A9,NA,Activation,TF regulation,Protein,Gene
P37231,VLDLR,PPARG,VLDLR,NA,Activation,TF regulation,Protein,Gene
Q9UBK2,ALDOB,PPARGC1A,ALDOB,NA,Activation,TF regulation,Protein,Gene
Q9UBK2,APOA5,PPARGC1A,APOA5,NA,Activation,TF regulation,Protein,Gene
Q9UBK2,APOC3,PPARGC1A,APOC3,NA,Activation,TF regulation,Protein,Gene
Q9UBK2,CYP7A1,PPARGC1A,CYP7A1,NA,Activation,TF regulation,Protein,Gene
Q9UBK2,MFN2,PPARGC1A,MFN2,NA,Activation,TF regulation,Protein,Gene
Q9UBK2,OTC,PPARGC1A,OTC,NA,Activation,TF regulation,Protein,Gene
Q9UBK2,PCK2,PPARGC1A,PCK2,NA,Activation,TF regulation,Protein,Gene
O75626,CIITA,PRDM1,CIITA,NA,Repression,TF regulation,Protein,Gene
O75626,GCSAM,PRDM1,GCSAM,NA,Repression,TF regulation,Protein,Gene
O75626,LMO2,PRDM1,LMO2,NA,Repression,TF regulation,Protein,Gene
O75626,MYC,PRDM1,MYC,NA,Repression,TF regulation,Protein,Gene
Q9GZV8,POU5F1,PRDM14,POU5F1,NA,Activation,TF regulation,Protein,Gene
Q92786,AKT2,PROX1,AKT2,NA,Repression,TF regulation,Protein,Gene
Q92786,CCNE1,PROX1,CCNE1,NA,Activation,TF regulation,Protein,Gene
Q92786,CDKN1B,PROX1,CDKN1B,NA,Activation,TF regulation,Protein,Gene
Q92786,CDKN1C,PROX1,CDKN1C,NA,Activation,TF regulation,Protein,Gene
Q92786,CYP7A1,PROX1,CYP7A1,NA,Repression,TF regulation,Protein,Gene
Q92786,IFNG,PROX1,IFNG,NA,Repression,TF regulation,Protein,Gene
Q92786,NR1I2,PROX1,NR1I2,NA,Repression,TF regulation,Protein,Gene
Q92786,NR5A2,PROX1,NR5A2,NA,Repression,TF regulation,Protein,Gene
Q92786,RGS4,PROX1,RGS4,NA,Repression,TF regulation,Protein,Gene
Q92786,SIX3,PROX1,SIX3,NA,Activation,TF regulation,Protein,Gene
Q92786,TWIST1,PROX1,TWIST1,NA,Repression,TF regulation,Protein,Gene
P06454,IDO1,PTMA,IDO1,NA,Activation,TF regulation,Protein,Gene
P06454,IDO2,PTMA,IDO2,NA,Activation,TF regulation,Protein,Gene
P06454,TLR9,PTMA,TLR9,NA,Repression,TF regulation,Protein,Gene
O95997,CCNB1,PTTG1,CCNB1,NA,Activation,TF regulation,Protein,Gene
O95997,CDC42,PTTG1,CDC42,NA,Activation,TF regulation,Protein,Gene
O95997,CDK1,PTTG1,CDK1,NA,Activation,TF regulation,Protein,Gene
O95997,DOCK1,PTTG1,DOCK1,NA,Activation,TF regulation,Protein,Gene
O95997,ID3,PTTG1,ID3,NA,Activation,TF regulation,Protein,Gene
O95997,KDR,PTTG1,KDR,NA,Activation,TF regulation,Protein,Gene
O95997,LGALS1,PTTG1,LGALS1,NA,Activation,TF regulation,Protein,Gene
O95997,MYC,PTTG1,MYC,NA,Activation,TF regulation,Protein,Gene
O95997,PTTG1IP,PTTG1,PTTG1IP,NA,Activation,TF regulation,Protein,Gene
O95997,RAC1,PTTG1,RAC1,NA,Activation,TF regulation,Protein,Gene
O95997,RHOA,PTTG1,RHOA,NA,Activation,TF regulation,Protein,Gene
O95997,S100A4,PTTG1,S100A4,NA,Activation,TF regulation,Protein,Gene
O95997,TIMP2,PTTG1,TIMP2,NA,Repression,TF regulation,Protein,Gene
O95997,VEGFA,PTTG1,VEGFA,NA,Activation,TF regulation,Protein,Gene
Q00577,AR,PURA,AR,NA,Repression,TF regulation,Protein,Gene
Q00577,FAS,PURA,FAS,NA,Repression,TF regulation,Protein,Gene
Q00577,PCNA,PURA,PCNA,NA,Repression,TF regulation,Protein,Gene
Q06609,SP1,RAD51,SP1,NA,Activation,TF regulation,Protein,Gene
P10276,ABCC3,RARA,ABCC3,NA,Repression,TF regulation,Protein,Gene
P10276,ANXA8,RARA,ANXA8,NA,Repression,TF regulation,Protein,Gene
P10276,CCNA1,RARA,CCNA1,NA,Repression,TF regulation,Protein,Gene
P10276,CDKN1A,RARA,CDKN1A,NA,Activation,TF regulation,Protein,Gene
P10276,CRABP1,RARA,CRABP1,NA,Activation,TF regulation,Protein,Gene
P10276,CRH,RARA,CRH,NA,Activation,TF regulation,Protein,Gene
P10276,CXCR5,RARA,CXCR5,NA,Activation,TF regulation,Protein,Gene
P10276,FGFBP1,RARA,FGFBP1,NA,Activation,TF regulation,Protein,Gene
P10276,HSD17B2,RARA,HSD17B2,NA,Activation,TF regulation,Protein,Gene
P10276,ICAM1,RARA,ICAM1,NA,Activation,TF regulation,Protein,Gene
P10276,MACROD1,RARA,MACROD1,NA,Repression,TF regulation,Protein,Gene
P10276,MUC5AC,RARA,MUC5AC,NA,Repression,TF regulation,Protein,Gene
P10276,NR1I3,RARA,NR1I3,NA,Activation,TF regulation,Protein,Gene
P10276,PRKCA,RARA,PRKCA,NA,Activation,TF regulation,Protein,Gene
P10276,RARB,RARA,RARB,NA,Activation,TF regulation,Protein,Gene
P10276,SCD,RARA,SCD,NA,Activation,TF regulation,Protein,Gene
P10276,THBD,RARA,THBD,NA,Activation,TF regulation,Protein,Gene
P10826,RARB,RARB,RARB,NA,Activation,TF regulation,Protein,Gene
P13631,BGLAP,RARG,BGLAP,NA,Activation,TF regulation,Protein,Gene
P13631,ICAM1,RARG,ICAM1,NA,Activation,TF regulation,Protein,Gene
P06400,BRCA1,RB1,BRCA1,NA,Repression,TF regulation,Protein,Gene
P06400,CDKN1A,RB1,CDKN1A,NA,Activation,TF regulation,Protein,Gene
P06400,DHFR,RB1,DHFR,NA,Repression,TF regulation,Protein,Gene
P06400,DNMT3A,RB1,DNMT3A,NA,Repression,TF regulation,Protein,Gene
P06400,E2F1,RB1,E2F1,NA,Repression,TF regulation,Protein,Gene
P06400,E2F2,RB1,E2F2,NA,Repression,TF regulation,Protein,Gene
P06400,E2F3,RB1,E2F3,NA,Repression,TF regulation,Protein,Gene
P06400,EBNA1BP2,RB1,EBNA1BP2,NA,Activation,TF regulation,Protein,Gene
P06400,FGFR1,RB1,FGFR1,NA,Repression,TF regulation,Protein,Gene
P06400,FOS,RB1,FOS,NA,Repression,TF regulation,Protein,Gene
P06400,MYC,RB1,MYC,NA,Repression,TF regulation,Protein,Gene
P06400,PCNA,RB1,PCNA,NA,Repression,TF regulation,Protein,Gene
P06400,RB1,RB1,RB1,NA,Repression,TF regulation,Protein,Gene
P06400,RBL1,RB1,RBL1,NA,Repression,TF regulation,Protein,Gene
P06400,SFTPD,RB1,SFTPD,NA,Activation,TF regulation,Protein,Gene
P06400,TFDP1,RB1,TFDP1,NA,Repression,TF regulation,Protein,Gene
P06400,VEGFA,RB1,VEGFA,NA,Activation,TF regulation,Protein,Gene
Q8TDY2,RB1,RB1CC1,RB1,NA,Activation,TF regulation,Protein,Gene
Q16576,CDH1,RBBP7,CDH1,NA,Repression,TF regulation,Protein,Gene
P28749,BRCA1,RBL1,BRCA1,NA,Repression,TF regulation,Protein,Gene
P28749,BRCA1,RBL1,BRCA1,NA,Repression,TF regulation,Protein,Gene
P28749,CCNA2,RBL1,CCNA2,NA,Repression,TF regulation,Protein,Gene
P28749,CCNA2,RBL1,CCNA2,NA,Repression,TF regulation,Protein,Gene
P28749,HIST1H2AE,RBL1,HIST1H2AE,NA,Repression,TF regulation,Protein,Gene
P28749,HIST1H2AE,RBL1,HIST1H2AE,NA,Repression,TF regulation,Protein,Gene
P28749,TFDP1,RBL1,TFDP1,NA,Repression,TF regulation,Protein,Gene
P28749,TFDP1,RBL1,TFDP1,NA,Repression,TF regulation,Protein,Gene
Q08999,BRCA1,RBL2,BRCA1,NA,Repression,TF regulation,Protein,Gene
Q08999,DNMT3B,RBL2,DNMT3B,NA,Repression,TF regulation,Protein,Gene
Q08999,RAD51,RBL2,RAD51,NA,Repression,TF regulation,Protein,Gene
P38159,EGR1,RBMX,EGR1,NA,Repression,TF regulation,Protein,Gene
P38159,FOS,RBMX,FOS,NA,Repression,TF regulation,Protein,Gene
P38159,FOSL1,RBMX,FOSL1,NA,Repression,TF regulation,Protein,Gene
P38159,JUNB,RBMX,JUNB,NA,Repression,TF regulation,Protein,Gene
P38159,JUND,RBMX,JUND,NA,Repression,TF regulation,Protein,Gene
P38159,KIT,RBMX,KIT,NA,Repression,TF regulation,Protein,Gene
P38159,ROS1,RBMX,ROS1,NA,Repression,TF regulation,Protein,Gene
P38159,TXNIP,RBMX,TXNIP,NA,Activation,TF regulation,Protein,Gene
Q06330,IL6,RBPJ,IL6,NA,Activation,TF regulation,Protein,Gene
Q06330,PTEN,RBPJ,PTEN,NA,Repression,TF regulation,Protein,Gene
Q04864,BCL2A1,REL,BCL2A1,NA,Activation,TF regulation,Protein,Gene
Q04864,BIRC3,REL,BIRC3,NA,Activation,TF regulation,Protein,Gene
Q04864,CCL2,REL,CCL2,NA,Activation,TF regulation,Protein,Gene
Q04864,CDKN1A,REL,CDKN1A,NA,Activation,TF regulation,Protein,Gene
Q04864,CSRP1,REL,CSRP1,NA,Activation,TF regulation,Protein,Gene
Q04864,EPHB2,REL,EPHB2,NA,Repression,TF regulation,Protein,Gene
Q04864,IL1B,REL,IL1B,NA,Activation,TF regulation,Protein,Gene
Q04864,IL2RA,REL,IL2RA,NA,Activation,TF regulation,Protein,Gene
Q04864,IL6,REL,IL6,NA,Repression,TF regulation,Protein,Gene
Q04864,SELE,REL,SELE,NA,Activation,TF regulation,Protein,Gene
Q04864,SOD2,REL,SOD2,NA,Activation,TF regulation,Protein,Gene
Q04864,TNFAIP3,REL,TNFAIP3,NA,Activation,TF regulation,Protein,Gene
Q04206,ABCA1,RELA,ABCA1,NA,Repression,TF regulation,Protein,Gene
Q04206,ABCB1,RELA,ABCB1,NA,Activation,TF regulation,Protein,Gene
Q04206,ABCG2,RELA,ABCG2,NA,Activation,TF regulation,Protein,Gene
Q04206,ADORA1,RELA,ADORA1,NA,Activation,TF regulation,Protein,Gene
Q04206,AGER,RELA,AGER,NA,Activation,TF regulation,Protein,Gene
Q04206,AKT1,RELA,AKT1,NA,Repression,TF regulation,Protein,Gene
Q04206,AKT2,RELA,AKT2,NA,Repression,TF regulation,Protein,Gene
Q04206,ALOX5,RELA,ALOX5,NA,Repression,TF regulation,Protein,Gene
Q04206,AMH,RELA,AMH,NA,Activation,TF regulation,Protein,Gene
Q04206,AR,RELA,AR,NA,Repression,TF regulation,Protein,Gene
Q04206,BACE1,RELA,BACE1,NA,Repression,TF regulation,Protein,Gene
Q04206,BAD,RELA,BAD,NA,Activation,TF regulation,Protein,Gene
Q04206,BAX,RELA,BAX,NA,Repression,TF regulation,Protein,Gene
Q04206,BCL2,RELA,BCL2,NA,Activation,TF regulation,Protein,Gene
Q04206,BCL2A1,RELA,BCL2A1,NA,Activation,TF regulation,Protein,Gene
Q04206,BCL2L1,RELA,BCL2L1,NA,Activation,TF regulation,Protein,Gene
Q04206,BCL2L11,RELA,BCL2L11,NA,Repression,TF regulation,Protein,Gene
Q04206,BCL3,RELA,BCL3,NA,Activation,TF regulation,Protein,Gene
Q04206,BGN,RELA,BGN,NA,Activation,TF regulation,Protein,Gene
Q04206,BHMT,RELA,BHMT,NA,Repression,TF regulation,Protein,Gene
Q04206,BIRC2,RELA,BIRC2,NA,Activation,TF regulation,Protein,Gene
Q04206,BIRC3,RELA,BIRC3,NA,Activation,TF regulation,Protein,Gene
Q04206,BIRC5,RELA,BIRC5,NA,Activation,TF regulation,Protein,Gene
Q04206,BMP2,RELA,BMP2,NA,Activation,TF regulation,Protein,Gene
Q04206,BRCA2,RELA,BRCA2,NA,Activation,TF regulation,Protein,Gene
Q04206,CCL11,RELA,CCL11,NA,Activation,TF regulation,Protein,Gene
Q04206,CCL2,RELA,CCL2,NA,Activation,TF regulation,Protein,Gene
Q04206,CCL20,RELA,CCL20,NA,Activation,TF regulation,Protein,Gene
Q04206,CCL22,RELA,CCL22,NA,Activation,TF regulation,Protein,Gene
Q04206,CCL3,RELA,CCL3,NA,Activation,TF regulation,Protein,Gene
Q04206,CCL5,RELA,CCL5,NA,Activation,TF regulation,Protein,Gene
Q04206,CCNB1,RELA,CCNB1,NA,Activation,TF regulation,Protein,Gene
Q04206,CCND1,RELA,CCND1,NA,Activation,TF regulation,Protein,Gene
Q04206,CCND2,RELA,CCND2,NA,Activation,TF regulation,Protein,Gene
Q04206,CCR2,RELA,CCR2,NA,Activation,TF regulation,Protein,Gene
Q04206,CCR3,RELA,CCR3,NA,Activation,TF regulation,Protein,Gene
Q04206,CCR7,RELA,CCR7,NA,Activation,TF regulation,Protein,Gene
Q04206,CD40,RELA,CD40,NA,Activation,TF regulation,Protein,Gene
Q04206,CD58,RELA,CD58,NA,Activation,TF regulation,Protein,Gene
Q04206,CD80,RELA,CD80,NA,Activation,TF regulation,Protein,Gene
Q04206,CD83,RELA,CD83,NA,Activation,TF regulation,Protein,Gene
Q04206,CD86,RELA,CD86,NA,Activation,TF regulation,Protein,Gene
Q04206,CDH1,RELA,CDH1,NA,Activation,TF regulation,Protein,Gene
Q04206,CDK4,RELA,CDK4,NA,Activation,TF regulation,Protein,Gene
Q04206,CDK6,RELA,CDK6,NA,Activation,TF regulation,Protein,Gene
Q04206,CDKN1A,RELA,CDKN1A,NA,Activation,TF regulation,Protein,Gene
Q04206,CEACAM1,RELA,CEACAM1,NA,Activation,TF regulation,Protein,Gene
Q04206,CFI,RELA,CFI,NA,Activation,TF regulation,Protein,Gene
Q04206,CFLAR,RELA,CFLAR,NA,Activation,TF regulation,Protein,Gene
Q04206,CFTR,RELA,CFTR,NA,Activation,TF regulation,Protein,Gene
Q04206,COL1A2,RELA,COL1A2,NA,Repression,TF regulation,Protein,Gene
Q04206,COL2A1,RELA,COL2A1,NA,Repression,TF regulation,Protein,Gene
Q04206,CRHR1,RELA,CRHR1,NA,Activation,TF regulation,Protein,Gene
Q04206,CRP,RELA,CRP,NA,Activation,TF regulation,Protein,Gene
Q04206,CSF1,RELA,CSF1,NA,Activation,TF regulation,Protein,Gene
Q04206,CTSB,RELA,CTSB,NA,Activation,TF regulation,Protein,Gene
Q04206,CXCL1,RELA,CXCL1,NA,Activation,TF regulation,Protein,Gene
Q04206,CXCL10,RELA,CXCL10,NA,Activation,TF regulation,Protein,Gene
Q04206,CXCL12,RELA,CXCL12,NA,Activation,TF regulation,Protein,Gene
Q04206,CXCL8,RELA,CXCL8,NA,Activation,TF regulation,Protein,Gene
Q04206,CXCR2,RELA,CXCR2,NA,Activation,TF regulation,Protein,Gene
Q04206,CXCR4,RELA,CXCR4,NA,Activation,TF regulation,Protein,Gene
Q04206,CYP19A1,RELA,CYP19A1,NA,Repression,TF regulation,Protein,Gene
Q04206,EBI3,RELA,EBI3,NA,Activation,TF regulation,Protein,Gene
Q04206,EGFR,RELA,EGFR,NA,Activation,TF regulation,Protein,Gene
Q04206,EGR1,RELA,EGR1,NA,Repression,TF regulation,Protein,Gene
Q04206,EPAS1,RELA,EPAS1,NA,Activation,TF regulation,Protein,Gene
Q04206,EPCAM,RELA,EPCAM,NA,Repression,TF regulation,Protein,Gene
Q04206,FAF1,RELA,FAF1,NA,Activation,TF regulation,Protein,Gene
Q04206,FAS,RELA,FAS,NA,Activation,TF regulation,Protein,Gene
Q04206,FASLG,RELA,FASLG,NA,Activation,TF regulation,Protein,Gene
Q04206,FGF8,RELA,FGF8,NA,Activation,TF regulation,Protein,Gene
Q04206,VEGFD,RELA,VEGFD,NA,Activation,TF regulation,Protein,Gene
Q04206,FLT4,RELA,FLT4,NA,Activation,TF regulation,Protein,Gene
Q04206,FN1,RELA,FN1,NA,Activation,TF regulation,Protein,Gene
Q04206,FOXP3,RELA,FOXP3,NA,Activation,TF regulation,Protein,Gene
Q04206,GATA3,RELA,GATA3,NA,Activation,TF regulation,Protein,Gene
Q04206,GFAP,RELA,GFAP,NA,Activation,TF regulation,Protein,Gene
Q04206,GKN2,RELA,GKN2,NA,Repression,TF regulation,Protein,Gene
Q04206,GNRH2,RELA,GNRH2,NA,Repression,TF regulation,Protein,Gene
Q04206,GSTP1,RELA,GSTP1,NA,Activation,TF regulation,Protein,Gene
Q04206,GTF2B,RELA,GTF2B,NA,Activation,TF regulation,Protein,Gene
Q04206,HBEGF,RELA,HBEGF,NA,Activation,TF regulation,Protein,Gene
Q04206,HLA-A,RELA,HLA-A,NA,Activation,TF regulation,Protein,Gene
Q04206,HPSE,RELA,HPSE,NA,Activation,TF regulation,Protein,Gene
Q04206,HSD11B2,RELA,HSD11B2,NA,Activation,TF regulation,Protein,Gene
Q04206,HYAL1,RELA,HYAL1,NA,Activation,TF regulation,Protein,Gene
Q04206,ICAM1,RELA,ICAM1,NA,Activation,TF regulation,Protein,Gene
Q04206,IFNA1,RELA,IFNA1,NA,Activation,TF regulation,Protein,Gene
Q04206,IFNB1,RELA,IFNB1,NA,Activation,TF regulation,Protein,Gene
Q04206,IFNG,RELA,IFNG,NA,Activation,TF regulation,Protein,Gene
Q04206,IL10,RELA,IL10,NA,Activation,TF regulation,Protein,Gene
Q04206,IL12A,RELA,IL12A,NA,Activation,TF regulation,Protein,Gene
Q04206,IL12B,RELA,IL12B,NA,Activation,TF regulation,Protein,Gene
Q04206,IL17C,RELA,IL17C,NA,Activation,TF regulation,Protein,Gene
Q04206,IL18,RELA,IL18,NA,Activation,TF regulation,Protein,Gene
Q04206,IL1A,RELA,IL1A,NA,Repression,TF regulation,Protein,Gene
Q04206,IL1B,RELA,IL1B,NA,Activation,TF regulation,Protein,Gene
Q04206,IL1RN,RELA,IL1RN,NA,Activation,TF regulation,Protein,Gene
Q04206,IL2,RELA,IL2,NA,Activation,TF regulation,Protein,Gene
Q04206,IL23A,RELA,IL23A,NA,Activation,TF regulation,Protein,Gene
Q04206,IL6,RELA,IL6,NA,Activation,TF regulation,Protein,Gene
Q04206,IRF1,RELA,IRF1,NA,Activation,TF regulation,Protein,Gene
Q04206,IRF4,RELA,IRF4,NA,Activation,TF regulation,Protein,Gene
Q04206,IRF7,RELA,IRF7,NA,Activation,TF regulation,Protein,Gene
Q04206,JUNB,RELA,JUNB,NA,Activation,TF regulation,Protein,Gene
Q04206,KLK3,RELA,KLK3,NA,Repression,TF regulation,Protein,Gene
Q04206,LCN2,RELA,LCN2,NA,Activation,TF regulation,Protein,Gene
Q04206,LIPE,RELA,LIPE,NA,Activation,TF regulation,Protein,Gene
Q04206,LPL,RELA,LPL,NA,Activation,TF regulation,Protein,Gene
Q04206,LTC4S,RELA,LTC4S,NA,Repression,TF regulation,Protein,Gene
Q04206,MAT2A,RELA,MAT2A,NA,Activation,TF regulation,Protein,Gene
Q04206,MCL1,RELA,MCL1,NA,Activation,TF regulation,Protein,Gene
Q04206,MMP1,RELA,MMP1,NA,Activation,TF regulation,Protein,Gene
Q04206,MMP12,RELA,MMP12,NA,Activation,TF regulation,Protein,Gene
Q04206,MMP13,RELA,MMP13,NA,Activation,TF regulation,Protein,Gene
Q04206,MMP14,RELA,MMP14,NA,Activation,TF regulation,Protein,Gene
Q04206,MMP2,RELA,MMP2,NA,Activation,TF regulation,Protein,Gene
Q04206,MMP9,RELA,MMP9,NA,Activation,TF regulation,Protein,Gene
Q04206,MUC2,RELA,MUC2,NA,Activation,TF regulation,Protein,Gene
Q04206,MYC,RELA,MYC,NA,Activation,TF regulation,Protein,Gene
Q04206,NAMPT,RELA,NAMPT,NA,Activation,TF regulation,Protein,Gene
Q04206,NCAM1,RELA,NCAM1,NA,Activation,TF regulation,Protein,Gene
Q04206,NFKB1,RELA,NFKB1,NA,Activation,TF regulation,Protein,Gene
Q04206,NFKBIA,RELA,NFKBIA,NA,Activation,TF regulation,Protein,Gene
Q04206,NLRP2,RELA,NLRP2,NA,Activation,TF regulation,Protein,Gene
Q04206,NOLC1,RELA,NOLC1,NA,Activation,TF regulation,Protein,Gene
Q04206,NOS1,RELA,NOS1,NA,Activation,TF regulation,Protein,Gene
Q04206,NOS2,RELA,NOS2,NA,Activation,TF regulation,Protein,Gene
Q04206,NOS3,RELA,NOS3,NA,Activation,TF regulation,Protein,Gene
Q04206,NOX4,RELA,NOX4,NA,Activation,TF regulation,Protein,Gene
Q04206,NOX5,RELA,NOX5,NA,Activation,TF regulation,Protein,Gene
Q04206,OPTN,RELA,OPTN,NA,Activation,TF regulation,Protein,Gene
Q04206,OXTR,RELA,OXTR,NA,Activation,TF regulation,Protein,Gene
Q04206,PCK2,RELA,PCK2,NA,Repression,TF regulation,Protein,Gene
Q04206,PDK4,RELA,PDK4,NA,Repression,TF regulation,Protein,Gene
Q04206,PGR,RELA,PGR,NA,Repression,TF regulation,Protein,Gene
Q04206,PLAU,RELA,PLAU,NA,Activation,TF regulation,Protein,Gene
Q04206,PLAUR,RELA,PLAUR,NA,Activation,TF regulation,Protein,Gene
Q04206,PLIN1,RELA,PLIN1,NA,Activation,TF regulation,Protein,Gene
Q04206,PPARD,RELA,PPARD,NA,Repression,TF regulation,Protein,Gene
Q04206,PROX1,RELA,PROX1,NA,Activation,TF regulation,Protein,Gene
Q04206,PTAFR,RELA,PTAFR,NA,Activation,TF regulation,Protein,Gene
Q04206,PTEN,RELA,PTEN,NA,Activation,TF regulation,Protein,Gene
Q04206,PTGES,RELA,PTGES,NA,Activation,TF regulation,Protein,Gene
Q04206,PTGS2,RELA,PTGS2,NA,Activation,TF regulation,Protein,Gene
Q04206,PTHLH,RELA,PTHLH,NA,Activation,TF regulation,Protein,Gene
Q04206,REPS2,RELA,REPS2,NA,Repression,TF regulation,Protein,Gene
Q04206,RGS4,RELA,RGS4,NA,Activation,TF regulation,Protein,Gene
Q04206,RIPK2,RELA,RIPK2,NA,Activation,TF regulation,Protein,Gene
Q04206,S100A6,RELA,S100A6,NA,Activation,TF regulation,Protein,Gene
Q04206,SAA2,RELA,SAA2,NA,Activation,TF regulation,Protein,Gene
Q04206,SDC1,RELA,SDC1,NA,Activation,TF regulation,Protein,Gene
Q04206,SELE,RELA,SELE,NA,Activation,TF regulation,Protein,Gene
Q04206,SERPINA3,RELA,SERPINA3,NA,Repression,TF regulation,Protein,Gene
Q04206,SERPINB1,RELA,SERPINB1,NA,Activation,TF regulation,Protein,Gene
Q04206,SERPINE1,RELA,SERPINE1,NA,Activation,TF regulation,Protein,Gene
Q04206,SIRT1,RELA,SIRT1,NA,Activation,TF regulation,Protein,Gene
Q04206,SLC25A27,RELA,SLC25A27,NA,Activation,TF regulation,Protein,Gene
Q04206,SNAI1,RELA,SNAI1,NA,Activation,TF regulation,Protein,Gene
Q04206,SOD2,RELA,SOD2,NA,Activation,TF regulation,Protein,Gene
Q04206,STK39,RELA,STK39,NA,Activation,TF regulation,Protein,Gene
Q04206,TBP,RELA,TBP,NA,Activation,TF regulation,Protein,Gene
Q04206,TBX21,RELA,TBX21,NA,Activation,TF regulation,Protein,Gene
Q04206,TF,RELA,TF,NA,Activation,TF regulation,Protein,Gene
Q04206,TFF1,RELA,TFF1,NA,Activation,TF regulation,Protein,Gene
Q04206,TFF3,RELA,TFF3,NA,Activation,TF regulation,Protein,Gene
Q04206,THBD,RELA,THBD,NA,Repression,TF regulation,Protein,Gene
Q04206,TIMP1,RELA,TIMP1,NA,Repression,TF regulation,Protein,Gene
Q04206,TLR2,RELA,TLR2,NA,Activation,TF regulation,Protein,Gene
Q04206,TLR3,RELA,TLR3,NA,Activation,TF regulation,Protein,Gene
Q04206,TLR7,RELA,TLR7,NA,Activation,TF regulation,Protein,Gene
Q04206,TNC,RELA,TNC,NA,Activation,TF regulation,Protein,Gene
Q04206,TNF,RELA,TNF,NA,Activation,TF regulation,Protein,Gene
Q04206,TNFAIP3,RELA,TNFAIP3,NA,Activation,TF regulation,Protein,Gene
Q04206,TNFRSF10B,RELA,TNFRSF10B,NA,Activation,TF regulation,Protein,Gene
Q04206,TNFRSF13C,RELA,TNFRSF13C,NA,Activation,TF regulation,Protein,Gene
Q04206,TNFSF10,RELA,TNFSF10,NA,Activation,TF regulation,Protein,Gene
Q04206,TRAF1,RELA,TRAF1,NA,Activation,TF regulation,Protein,Gene
Q04206,TRAF2,RELA,TRAF2,NA,Activation,TF regulation,Protein,Gene
Q04206,TRIB3,RELA,TRIB3,NA,Repression,TF regulation,Protein,Gene
Q04206,TWIST1,RELA,TWIST1,NA,Activation,TF regulation,Protein,Gene
Q04206,UPP1,RELA,UPP1,NA,Activation,TF regulation,Protein,Gene
Q04206,VCAM1,RELA,VCAM1,NA,Activation,TF regulation,Protein,Gene
Q04206,VEGFA,RELA,VEGFA,NA,Activation,TF regulation,Protein,Gene
Q04206,XIAP,RELA,XIAP,NA,Activation,TF regulation,Protein,Gene
Q04206,YY1,RELA,YY1,NA,Repression,TF regulation,Protein,Gene
Q01201,CCL19,RELB,CCL19,NA,Activation,TF regulation,Protein,Gene
Q01201,CCL21,RELB,CCL21,NA,Activation,TF regulation,Protein,Gene
Q01201,PIGR,RELB,PIGR,NA,Activation,TF regulation,Protein,Gene
Q13127,AVP,REST,AVP,NA,Activation,TF regulation,Protein,Gene
Q13127,BDNF,REST,BDNF,NA,Repression,TF regulation,Protein,Gene
Q13127,CARTPT,REST,CARTPT,NA,Repression,TF regulation,Protein,Gene
Q13127,CD59,REST,CD59,NA,Repression,TF regulation,Protein,Gene
Q13127,DGCR5,REST,DGCR5,NA,Repression,TF regulation,Protein,Gene
Q13127,GJD2,REST,GJD2,NA,Repression,TF regulation,Protein,Gene
Q13127,GLRA1,REST,GLRA1,NA,Activation,TF regulation,Protein,Gene
Q13127,GRIN1,REST,GRIN1,NA,Repression,TF regulation,Protein,Gene
Q13127,KCNN4,REST,KCNN4,NA,Repression,TF regulation,Protein,Gene
Q13127,KCNQ2,REST,KCNQ2,NA,Repression,TF regulation,Protein,Gene
Q13127,KCNQ3,REST,KCNQ3,NA,Repression,TF regulation,Protein,Gene
Q13127,LIN28A,REST,LIN28A,NA,Repression,TF regulation,Protein,Gene
Q13127,NRP1,REST,NRP1,NA,Repression,TF regulation,Protein,Gene
Q13127,OPRM1,REST,OPRM1,NA,Repression,TF regulation,Protein,Gene
Q13127,PENK,REST,PENK,NA,Repression,TF regulation,Protein,Gene
Q13127,STAT1,REST,STAT1,NA,Repression,TF regulation,Protein,Gene
Q13127,TAC1,REST,TAC1,NA,Repression,TF regulation,Protein,Gene
Q13127,TH,REST,TH,NA,Activation,TF regulation,Protein,Gene
Q13127,TPH2,REST,TPH2,NA,Activation,TF regulation,Protein,Gene
Q13127,TUBB3,REST,TUBB3,NA,Repression,TF regulation,Protein,Gene
Q8NHY2,MMP1,RFWD2,MMP1,NA,Repression,TF regulation,Protein,Gene
Q8NHY2,PLAU,RFWD2,PLAU,NA,Repression,TF regulation,Protein,Gene
Q8NHY2,COP1,RFWD2,COP1,NA,Repression,TF regulation,Protein,Gene
P22670,COL1A2,RFX1,COL1A2,NA,Activation,TF regulation,Protein,Gene
P22670,MAP1A,RFX1,MAP1A,NA,Repression,TF regulation,Protein,Gene
P22670,MYC,RFX1,MYC,NA,Repression,TF regulation,Protein,Gene
P22670,PCNA,RFX1,PCNA,NA,Repression,TF regulation,Protein,Gene
P48380,MAP1A,RFX3,MAP1A,NA,Repression,TF regulation,Protein,Gene
P48382,COL1A2,RFX5,COL1A2,NA,Repression,TF regulation,Protein,Gene
Q9UBS8,CCND1,RNF14,CCND1,NA,Activation,TF regulation,Protein,Gene
P35398,NPSR1,RORA,NPSR1,NA,Repression,TF regulation,Protein,Gene
P35398,NR1D1,RORA,NR1D1,NA,Activation,TF regulation,Protein,Gene
Q92766,KLK3,RREB1,KLK3,NA,Repression,TF regulation,Protein,Gene
Q01196,BAALC,RUNX1,BAALC,NA,Activation,TF regulation,Protein,Gene
Q01196,CCL3,RUNX1,CCL3,NA,Activation,TF regulation,Protein,Gene
Q01196,CD34,RUNX1,CD34,NA,Activation,TF regulation,Protein,Gene
Q01196,GP1BA,RUNX1,GP1BA,NA,Activation,TF regulation,Protein,Gene
Q01196,IL2,RUNX1,IL2,NA,Activation,TF regulation,Protein,Gene
Q01196,IL3,RUNX1,IL3,NA,Repression,TF regulation,Protein,Gene
Q01196,ITGA2B,RUNX1,ITGA2B,NA,Activation,TF regulation,Protein,Gene
Q01196,JUN,RUNX1,JUN,NA,Activation,TF regulation,Protein,Gene
Q01196,LGALS3,RUNX1,LGALS3,NA,Activation,TF regulation,Protein,Gene
Q01196,MAD2L1,RUNX1,MAD2L1,NA,Repression,TF regulation,Protein,Gene
Q01196,MECOM,RUNX1,MECOM,NA,Activation,TF regulation,Protein,Gene
Q01196,MYH10,RUNX1,MYH10,NA,Repression,TF regulation,Protein,Gene
Q01196,NCAM1,RUNX1,NCAM1,NA,Activation,TF regulation,Protein,Gene
Q01196,NF1,RUNX1,NF1,NA,Repression,TF regulation,Protein,Gene
Q01196,PF4,RUNX1,PF4,NA,Activation,TF regulation,Protein,Gene
Q01196,SPI1,RUNX1,SPI1,NA,Activation,TF regulation,Protein,Gene
Q01196,SYMPK,RUNX1,SYMPK,NA,Repression,TF regulation,Protein,Gene
Q01196,VEGFA,RUNX1,VEGFA,NA,Repression,TF regulation,Protein,Gene
Q13950,ELANE,RUNX2,ELANE,NA,Activation,TF regulation,Protein,Gene
Q13950,IBSP,RUNX2,IBSP,NA,Activation,TF regulation,Protein,Gene
Q13950,LGALS3,RUNX2,LGALS3,NA,Activation,TF regulation,Protein,Gene
Q13950,MMP13,RUNX2,MMP13,NA,Activation,TF regulation,Protein,Gene
Q13950,MMP2,RUNX2,MMP2,NA,Activation,TF regulation,Protein,Gene
Q13950,SNAI2,RUNX2,SNAI2,NA,Activation,TF regulation,Protein,Gene
Q13950,SNAI3,RUNX2,SNAI3,NA,Activation,TF regulation,Protein,Gene
Q13950,TWIST1,RUNX2,TWIST1,NA,Activation,TF regulation,Protein,Gene
Q13950,VEGFA,RUNX2,VEGFA,NA,Activation,TF regulation,Protein,Gene
Q13950,VEGFC,RUNX2,VEGFC,NA,Activation,TF regulation,Protein,Gene
Q13761,CAPN10,RUNX3,CAPN10,NA,Activation,TF regulation,Protein,Gene
Q13761,CASP2,RUNX3,CASP2,NA,Activation,TF regulation,Protein,Gene
Q13761,CASP3,RUNX3,CASP3,NA,Activation,TF regulation,Protein,Gene
Q13761,CASP7,RUNX3,CASP7,NA,Activation,TF regulation,Protein,Gene
Q13761,CASP8,RUNX3,CASP8,NA,Activation,TF regulation,Protein,Gene
Q13761,CCND1,RUNX3,CCND1,NA,Repression,TF regulation,Protein,Gene
Q13761,CD36,RUNX3,CD36,NA,Repression,TF regulation,Protein,Gene
Q13761,CDKN1A,RUNX3,CDKN1A,NA,Activation,TF regulation,Protein,Gene
Q13761,CFLAR,RUNX3,CFLAR,NA,Repression,TF regulation,Protein,Gene
Q13761,CLDN7,RUNX3,CLDN7,NA,Activation,TF regulation,Protein,Gene
Q13761,CLEC4G,RUNX3,CLEC4G,NA,Activation,TF regulation,Protein,Gene
Q13761,DNASE1,RUNX3,DNASE1,NA,Activation,TF regulation,Protein,Gene
Q13761,FADD,RUNX3,FADD,NA,Activation,TF regulation,Protein,Gene
Q13761,HES1,RUNX3,HES1,NA,Repression,TF regulation,Protein,Gene
Q13761,HSPD1,RUNX3,HSPD1,NA,Repression,TF regulation,Protein,Gene
Q13761,ICAM3,RUNX3,ICAM3,NA,Repression,TF regulation,Protein,Gene
Q13761,ING1,RUNX3,ING1,NA,Activation,TF regulation,Protein,Gene
Q13761,ING4,RUNX3,ING4,NA,Activation,TF regulation,Protein,Gene
Q13761,JAG1,RUNX3,JAG1,NA,Repression,TF regulation,Protein,Gene
Q13761,MMP9,RUNX3,MMP9,NA,Repression,TF regulation,Protein,Gene
Q13761,MYC,RUNX3,MYC,NA,Repression,TF regulation,Protein,Gene
Q13761,PEA15,RUNX3,PEA15,NA,Repression,TF regulation,Protein,Gene
Q13761,RUNX1,RUNX3,RUNX1,NA,Repression,TF regulation,Protein,Gene
Q13761,TCF4,RUNX3,TCF4,NA,Activation,TF regulation,Protein,Gene
Q13761,TIAL1,RUNX3,TIAL1,NA,Repression,TF regulation,Protein,Gene
Q13761,TIMP1,RUNX3,TIMP1,NA,Activation,TF regulation,Protein,Gene
Q13761,TRAF6,RUNX3,TRAF6,NA,Activation,TF regulation,Protein,Gene
Q13761,TXN2,RUNX3,TXN2,NA,Repression,TF regulation,Protein,Gene
Q13761,WNT4,RUNX3,WNT4,NA,Repression,TF regulation,Protein,Gene
Q9Y265,TP53,RUVBL1,TP53,NA,Repression,TF regulation,Protein,Gene
P19793,ABCA1,RXRA,ABCA1,NA,Activation,TF regulation,Protein,Gene
P19793,ABCC3,RXRA,ABCC3,NA,Repression,TF regulation,Protein,Gene
P19793,CPT1B,RXRA,CPT1B,NA,Activation,TF regulation,Protein,Gene
P19793,CXCR5,RXRA,CXCR5,NA,Activation,TF regulation,Protein,Gene
P19793,HSD17B2,RXRA,HSD17B2,NA,Activation,TF regulation,Protein,Gene
P19793,IL2RA,RXRA,IL2RA,NA,Activation,TF regulation,Protein,Gene
P19793,IL2RB,RXRA,IL2RB,NA,Activation,TF regulation,Protein,Gene
P19793,IL2RG,RXRA,IL2RG,NA,Activation,TF regulation,Protein,Gene
P19793,NOL7,RXRA,NOL7,NA,Activation,TF regulation,Protein,Gene
P19793,SERPINC1,RXRA,SERPINC1,NA,Activation,TF regulation,Protein,Gene
Q9BXA9,HDAC9,SALL3,HDAC9,NA,Repression,TF regulation,Protein,Gene
Q9BXA9,HDAC9,SALL3,HDAC9,NA,Repression,TF regulation,Protein,Gene
Q9UJQ4,ABCA3,SALL4,ABCA3,NA,Activation,TF regulation,Protein,Gene
Q9UJQ4,CDH1,SALL4,CDH1,NA,Repression,TF regulation,Protein,Gene
Q9UJQ4,HOXA9,SALL4,HOXA9,NA,Activation,TF regulation,Protein,Gene
Q9UJQ4,PTEN,SALL4,PTEN,NA,Repression,TF regulation,Protein,Gene
Q9UJQ4,ZEB1,SALL4,ZEB1,NA,Activation,TF regulation,Protein,Gene
Q01826,BCL2,SATB1,BCL2,NA,Activation,TF regulation,Protein,Gene
Q01826,CDK4,SATB1,CDK4,NA,Activation,TF regulation,Protein,Gene
Q01826,CYBB,SATB1,CYBB,NA,Repression,TF regulation,Protein,Gene
Q01826,GATA3,SATB1,GATA3,NA,Activation,TF regulation,Protein,Gene
Q01826,HBE1,SATB1,HBE1,NA,Activation,TF regulation,Protein,Gene
Q01826,IL4,SATB1,IL4,NA,Activation,TF regulation,Protein,Gene
Q01826,IL5,SATB1,IL5,NA,Repression,TF regulation,Protein,Gene
Q01826,MKI67,SATB1,MKI67,NA,Activation,TF regulation,Protein,Gene
Q01826,SPARC,SATB1,SPARC,NA,Activation,TF regulation,Protein,Gene
Q01826,SPI1,SATB1,SPI1,NA,Activation,TF regulation,Protein,Gene
Q9UPW6,TP63,SATB2,TP63,NA,Repression,TF regulation,Protein,Gene
Q9UPW6,UPF3B,SATB2,UPF3B,NA,Activation,TF regulation,Protein,Gene
Q9UHV2,SET,SERTAD1,SET,NA,Activation,TF regulation,Protein,Gene
Q9Y6X0,PTPA,SETBP1,PTPA,NA,Repression,TF regulation,Protein,Gene
Q9Y6X0,PTGER2,SETBP1,PTGER2,NA,Repression,TF regulation,Protein,Gene
Q9Y6X0,PTGS2,SETBP1,PTGS2,NA,Repression,TF regulation,Protein,Gene
Q15637,AMH,SF1,AMH,NA,Activation,TF regulation,Protein,Gene
Q15637,CYP11A1,SF1,CYP11A1,NA,Activation,TF regulation,Protein,Gene
Q15637,MC2R,SF1,MC2R,NA,Activation,TF regulation,Protein,Gene
Q15637,SULT2A1,SF1,SULT2A1,NA,Activation,TF regulation,Protein,Gene
Q15637,TCERG1,SF1,TCERG1,NA,Repression,TF regulation,Protein,Gene
P23246,ADARB2,SFPQ,ADARB2,NA,Repression,TF regulation,Protein,Gene
P23246,CXCL8,SFPQ,CXCL8,NA,Repression,TF regulation,Protein,Gene
P23246,STAT6,SFPQ,STAT6,NA,Repression,TF regulation,Protein,Gene
O15266,FGFR3,SHOX,FGFR3,NA,Activation,TF regulation,Protein,Gene
O15266,NPPB,SHOX,NPPB,NA,Activation,TF regulation,Protein,Gene
Q14190,BCL2,SIM2,BCL2,NA,Repression,TF regulation,Protein,Gene
Q14190,CASP3,SIM2,CASP3,NA,Activation,TF regulation,Protein,Gene
Q96ST3,E2F1,SIN3A,E2F1,NA,Repression,TF regulation,Protein,Gene
Q96ST3,KLK3,SIN3A,KLK3,NA,Repression,TF regulation,Protein,Gene
Q96EB6,ABCB1,SIRT1,ABCB1,NA,Activation,TF regulation,Protein,Gene
Q96EB6,ACAN,SIRT1,ACAN,NA,Activation,TF regulation,Protein,Gene
Q96EB6,ADAMTS5,SIRT1,ADAMTS5,NA,Repression,TF regulation,Protein,Gene
Q96EB6,BCL11A,SIRT1,BCL11A,NA,Repression,TF regulation,Protein,Gene
Q96EB6,CCAR2,SIRT1,CCAR2,NA,Repression,TF regulation,Protein,Gene
Q96EB6,CCND1,SIRT1,CCND1,NA,Repression,TF regulation,Protein,Gene
Q96EB6,CDH1,SIRT1,CDH1,NA,Repression,TF regulation,Protein,Gene
Q96EB6,CDKN1A,SIRT1,CDKN1A,NA,Repression,TF regulation,Protein,Gene
Q96EB6,CFH,SIRT1,CFH,NA,Repression,TF regulation,Protein,Gene
Q96EB6,CFLAR,SIRT1,CFLAR,NA,Activation,TF regulation,Protein,Gene
Q96EB6,COL10A1,SIRT1,COL10A1,NA,Repression,TF regulation,Protein,Gene
Q96EB6,COL1A2,SIRT1,COL1A2,NA,Repression,TF regulation,Protein,Gene
Q96EB6,CTNNB1,SIRT1,CTNNB1,NA,Repression,TF regulation,Protein,Gene
Q96EB6,DLL4,SIRT1,DLL4,NA,Repression,TF regulation,Protein,Gene
Q96EB6,EGLN1,SIRT1,EGLN1,NA,Repression,TF regulation,Protein,Gene
Q96EB6,ESRRG,SIRT1,ESRRG,NA,Activation,TF regulation,Protein,Gene
Q96EB6,EZH2,SIRT1,EZH2,NA,Repression,TF regulation,Protein,Gene
Q96EB6,FOXO3,SIRT1,FOXO3,NA,Repression,TF regulation,Protein,Gene
Q96EB6,HBE1,SIRT1,HBE1,NA,Repression,TF regulation,Protein,Gene
Q96EB6,HIF1A,SIRT1,HIF1A,NA,Activation,TF regulation,Protein,Gene
Q96EB6,HSF1,SIRT1,HSF1,NA,Activation,TF regulation,Protein,Gene
Q96EB6,HYOU1,SIRT1,HYOU1,NA,Activation,TF regulation,Protein,Gene
Q96EB6,ICAM1,SIRT1,ICAM1,NA,Repression,TF regulation,Protein,Gene
Q96EB6,MCL1,SIRT1,MCL1,NA,Activation,TF regulation,Protein,Gene
Q96EB6,MMP9,SIRT1,MMP9,NA,Repression,TF regulation,Protein,Gene
Q96EB6,MYC,SIRT1,MYC,NA,Repression,TF regulation,Protein,Gene
Q96EB6,NBN,SIRT1,NBN,NA,Activation,TF regulation,Protein,Gene
Q96EB6,NOTCH1,SIRT1,NOTCH1,NA,Repression,TF regulation,Protein,Gene
Q96EB6,NQO1,SIRT1,NQO1,NA,Repression,TF regulation,Protein,Gene
Q96EB6,PAX6,SIRT1,PAX6,NA,Repression,TF regulation,Protein,Gene
Q96EB6,PER1,SIRT1,PER1,NA,Activation,TF regulation,Protein,Gene
Q96EB6,PPARG,SIRT1,PPARG,NA,Repression,TF regulation,Protein,Gene
Q96EB6,TBX3,SIRT1,TBX3,NA,Repression,TF regulation,Protein,Gene
Q96EB6,TNFRSF10B,SIRT1,TNFRSF10B,NA,Repression,TF regulation,Protein,Gene
Q96EB6,TP53,SIRT1,TP53,NA,Activation,TF regulation,Protein,Gene
Q96EB6,WRN,SIRT1,WRN,NA,Repression,TF regulation,Protein,Gene
Q96EB6,XPC,SIRT1,XPC,NA,Repression,TF regulation,Protein,Gene
Q8IXJ6,AFP,SIRT2,AFP,NA,Activation,TF regulation,Protein,Gene
Q8IXJ6,CDKN1A,SIRT2,CDKN1A,NA,Repression,TF regulation,Protein,Gene
Q8IXJ6,NEDD4,SIRT2,NEDD4,NA,Repression,TF regulation,Protein,Gene
Q15475,CDH1,SIX1,CDH1,NA,Repression,TF regulation,Protein,Gene
Q15475,VEGFC,SIX1,VEGFC,NA,Activation,TF regulation,Protein,Gene
P12755,FHL2,SKI,FHL2,NA,Activation,TF regulation,Protein,Gene
P12755,MDM2,SKI,MDM2,NA,Activation,TF regulation,Protein,Gene
P12757,ADAM12,SKIL,ADAM12,NA,Repression,TF regulation,Protein,Gene
P12757,SMAD7,SKIL,SMAD7,NA,Repression,TF regulation,Protein,Gene
Q9NR83,SLC2A4,SLC2A4RG,SLC2A4,NA,Activation,TF regulation,Protein,Gene
P84022,ANGPTL4,SMAD3,ANGPTL4,NA,Activation,TF regulation,Protein,Gene
P84022,APOC3,SMAD3,APOC3,NA,Activation,TF regulation,Protein,Gene
P84022,BAMBI,SMAD3,BAMBI,NA,Activation,TF regulation,Protein,Gene
P84022,CCND2,SMAD3,CCND2,NA,Activation,TF regulation,Protein,Gene
P84022,CDKN1A,SMAD3,CDKN1A,NA,Activation,TF regulation,Protein,Gene
P84022,CYP17A1,SMAD3,CYP17A1,NA,Repression,TF regulation,Protein,Gene
P84022,CYP7A1,SMAD3,CYP7A1,NA,Repression,TF regulation,Protein,Gene
P84022,FOXP3,SMAD3,FOXP3,NA,Activation,TF regulation,Protein,Gene
P84022,FST,SMAD3,FST,NA,Activation,TF regulation,Protein,Gene
P84022,MMP9,SMAD3,MMP9,NA,Repression,TF regulation,Protein,Gene
P84022,PTHLH,SMAD3,PTHLH,NA,Activation,TF regulation,Protein,Gene
P84022,SERPINE1,SMAD3,SERPINE1,NA,Activation,TF regulation,Protein,Gene
P84022,SMAD7,SMAD3,SMAD7,NA,Repression,TF regulation,Protein,Gene
P84022,TERT,SMAD3,TERT,NA,Repression,TF regulation,Protein,Gene
P84022,TGFB1,SMAD3,TGFB1,NA,Repression,TF regulation,Protein,Gene
P84022,TNC,SMAD3,TNC,NA,Activation,TF regulation,Protein,Gene
P84022,VDR,SMAD3,VDR,NA,Activation,TF regulation,Protein,Gene
Q13485,APOC3,SMAD4,APOC3,NA,Activation,TF regulation,Protein,Gene
Q13485,BAMBI,SMAD4,BAMBI,NA,Activation,TF regulation,Protein,Gene
Q13485,BTRC,SMAD4,BTRC,NA,Repression,TF regulation,Protein,Gene
Q13485,CDKN1A,SMAD4,CDKN1A,NA,Activation,TF regulation,Protein,Gene
Q13485,DACH1,SMAD4,DACH1,NA,Repression,TF regulation,Protein,Gene
Q13485,RUNX1T1,SMAD4,RUNX1T1,NA,Activation,TF regulation,Protein,Gene
Q13485,SERPINE1,SMAD4,SERPINE1,NA,Activation,TF regulation,Protein,Gene
Q13485,TNC,SMAD4,TNC,NA,Activation,TF regulation,Protein,Gene
O15105,CDK1,SMAD7,CDK1,NA,Repression,TF regulation,Protein,Gene
O15105,CDKN1A,SMAD7,CDKN1A,NA,Repression,TF regulation,Protein,Gene
O15105,CDKN2B,SMAD7,CDKN2B,NA,Repression,TF regulation,Protein,Gene
O15105,KRT14,SMAD7,KRT14,NA,Repression,TF regulation,Protein,Gene
O15105,MET,SMAD7,MET,NA,Activation,TF regulation,Protein,Gene
O15105,MYC,SMAD7,MYC,NA,Activation,TF regulation,Protein,Gene
O15105,TGFB1,SMAD7,TGFB1,NA,Activation,TF regulation,Protein,Gene
O15105,TGFBR1,SMAD7,TGFBR1,NA,Repression,TF regulation,Protein,Gene
P28370,CD44,SMARCA1,CD44,NA,Repression,TF regulation,Protein,Gene
P28370,CDKN2A,SMARCA1,CDKN2A,NA,Activation,TF regulation,Protein,Gene
P51532,ABCG2,SMARCA4,ABCG2,NA,Activation,TF regulation,Protein,Gene
P51532,CCND1,SMARCA4,CCND1,NA,Repression,TF regulation,Protein,Gene
P51532,CD44,SMARCA4,CD44,NA,Repression,TF regulation,Protein,Gene
P51532,CDH1,SMARCA4,CDH1,NA,Activation,TF regulation,Protein,Gene
P51532,CDKN1A,SMARCA4,CDKN1A,NA,Activation,TF regulation,Protein,Gene
P51532,CDKN2A,SMARCA4,CDKN2A,NA,Activation,TF regulation,Protein,Gene
P51532,FOS,SMARCA4,FOS,NA,Repression,TF regulation,Protein,Gene
P51532,MECOM,SMARCA4,MECOM,NA,Activation,TF regulation,Protein,Gene
Q12824,CD44,SMARCB1,CD44,NA,Repression,TF regulation,Protein,Gene
Q12824,CDKN2A,SMARCB1,CDKN2A,NA,Activation,TF regulation,Protein,Gene
Q9HAU4,KLF5,SMURF2,KLF5,NA,Repression,TF regulation,Protein,Gene
O95863,CDH1,SNAI1,CDH1,NA,Repression,TF regulation,Protein,Gene
O95863,CLDN3,SNAI1,CLDN3,NA,Repression,TF regulation,Protein,Gene
O95863,CXADR,SNAI1,CXADR,NA,Repression,TF regulation,Protein,Gene
O95863,HBEGF,SNAI1,HBEGF,NA,Activation,TF regulation,Protein,Gene
O95863,PEBP1,SNAI1,PEBP1,NA,Repression,TF regulation,Protein,Gene
O95863,THBS1,SNAI1,THBS1,NA,Repression,TF regulation,Protein,Gene
O95863,VDR,SNAI1,VDR,NA,Repression,TF regulation,Protein,Gene
O43623,CD44,SNAI2,CD44,NA,Activation,TF regulation,Protein,Gene
O43623,CDH1,SNAI2,CDH1,NA,Repression,TF regulation,Protein,Gene
O43623,CXADR,SNAI2,CXADR,NA,Repression,TF regulation,Protein,Gene
O43623,CXCL12,SNAI2,CXCL12,NA,Activation,TF regulation,Protein,Gene
O43623,CXCR4,SNAI2,CXCR4,NA,Activation,TF regulation,Protein,Gene
O43623,HPGD,SNAI2,HPGD,NA,Repression,TF regulation,Protein,Gene
O43623,JAG1,SNAI2,JAG1,NA,Activation,TF regulation,Protein,Gene
O43623,LPAR2,SNAI2,LPAR2,NA,Repression,TF regulation,Protein,Gene
O43623,MMP9,SNAI2,MMP9,NA,Activation,TF regulation,Protein,Gene
O43623,POU5F1,SNAI2,POU5F1,NA,Activation,TF regulation,Protein,Gene
O43623,UBE2D3,SNAI2,UBE2D3,NA,Repression,TF regulation,Protein,Gene
O43623,VDR,SNAI2,VDR,NA,Repression,TF regulation,Protein,Gene
Q7KZF4,AGTR1,SND1,AGTR1,NA,Activation,TF regulation,Protein,Gene
P56693,COL11A2,SOX10,COL11A2,NA,Activation,TF regulation,Protein,Gene
P56693,GJB1,SOX10,GJB1,NA,Activation,TF regulation,Protein,Gene
P56693,MIA,SOX10,MIA,NA,Activation,TF regulation,Protein,Gene
P56693,MITF,SOX10,MITF,NA,Activation,TF regulation,Protein,Gene
P56693,RET,SOX10,RET,NA,Activation,TF regulation,Protein,Gene
P35716,SPAST,SOX11,SPAST,NA,Activation,TF regulation,Protein,Gene
Q9H6I2,CSNK1A1,SOX17,CSNK1A1,NA,Repression,TF regulation,Protein,Gene
Q9H6I2,FN1,SOX17,FN1,NA,Repression,TF regulation,Protein,Gene
Q9H6I2,HNF4A,SOX17,HNF4A,NA,Activation,TF regulation,Protein,Gene
Q9H6I2,MACC1,SOX17,MACC1,NA,Repression,TF regulation,Protein,Gene
Q9H6I2,NFAT5,SOX17,NFAT5,NA,Repression,TF regulation,Protein,Gene
Q9H6I2,SERBP1,SOX17,SERBP1,NA,Repression,TF regulation,Protein,Gene
P48431,ABCC3,SOX2,ABCC3,NA,Activation,TF regulation,Protein,Gene
P48431,ABCC6,SOX2,ABCC6,NA,Activation,TF regulation,Protein,Gene
P48431,ASXL1,SOX2,ASXL1,NA,Activation,TF regulation,Protein,Gene
P48431,BMP4,SOX2,BMP4,NA,Repression,TF regulation,Protein,Gene
P48431,DKK1,SOX2,DKK1,NA,Activation,TF regulation,Protein,Gene
P48431,FGF4,SOX2,FGF4,NA,Activation,TF regulation,Protein,Gene
P48431,ISL1,SOX2,ISL1,NA,Repression,TF regulation,Protein,Gene
P48431,ITGA6,SOX2,ITGA6,NA,Activation,TF regulation,Protein,Gene
P48431,LHX3,SOX2,LHX3,NA,Activation,TF regulation,Protein,Gene
P48431,MKI67,SOX2,MKI67,NA,Repression,TF regulation,Protein,Gene
P48431,MMP3,SOX2,MMP3,NA,Activation,TF regulation,Protein,Gene
P48431,NTRK3,SOX2,NTRK3,NA,Activation,TF regulation,Protein,Gene
P48431,PAX6,SOX2,PAX6,NA,Activation,TF regulation,Protein,Gene
P48431,PGA5,SOX2,PGA5,NA,Activation,TF regulation,Protein,Gene
P48431,PLAC1,SOX2,PLAC1,NA,Repression,TF regulation,Protein,Gene
P48431,POU4F2,SOX2,POU4F2,NA,Repression,TF regulation,Protein,Gene
P48431,RHO,SOX2,RHO,NA,Repression,TF regulation,Protein,Gene
P48431,TUBB3,SOX2,TUBB3,NA,Repression,TF regulation,Protein,Gene
P48431,VIM,SOX2,VIM,NA,Activation,TF regulation,Protein,Gene
Q06945,HDAC8,SOX4,HDAC8,NA,Activation,TF regulation,Protein,Gene
Q06945,NCAM1,SOX4,NCAM1,NA,Activation,TF regulation,Protein,Gene
P35712,CCNA2,SOX6,CCNA2,NA,Repression,TF regulation,Protein,Gene
P35712,CCND1,SOX6,CCND1,NA,Repression,TF regulation,Protein,Gene
P35712,CDK4,SOX6,CDK4,NA,Repression,TF regulation,Protein,Gene
P35712,CDKN1A,SOX6,CDKN1A,NA,Activation,TF regulation,Protein,Gene
P35712,CTNNB1,SOX6,CTNNB1,NA,Repression,TF regulation,Protein,Gene
P35712,TP53,SOX6,TP53,NA,Activation,TF regulation,Protein,Gene
P48436,AMH,SOX9,AMH,NA,Activation,TF regulation,Protein,Gene
P48436,AR,SOX9,AR,NA,Activation,TF regulation,Protein,Gene
P48436,BEST1,SOX9,BEST1,NA,Activation,TF regulation,Protein,Gene
P48436,CDK4,SOX9,CDK4,NA,Activation,TF regulation,Protein,Gene
P48436,CDKN1A,SOX9,CDKN1A,NA,Activation,TF regulation,Protein,Gene
P48436,COL11A2,SOX9,COL11A2,NA,Activation,TF regulation,Protein,Gene
P48436,COL2A1,SOX9,COL2A1,NA,Activation,TF regulation,Protein,Gene
P48436,DCC,SOX9,DCC,NA,Activation,TF regulation,Protein,Gene
P48436,HES1,SOX9,HES1,NA,Activation,TF regulation,Protein,Gene
P48436,MIA,SOX9,MIA,NA,Activation,TF regulation,Protein,Gene
P48436,NR5A1,SOX9,NR5A1,NA,Activation,TF regulation,Protein,Gene
P48436,POU3F2,SOX9,POU3F2,NA,Repression,TF regulation,Protein,Gene
P48436,PRAME,SOX9,PRAME,NA,Repression,TF regulation,Protein,Gene
P48436,RXFP2,SOX9,RXFP2,NA,Activation,TF regulation,Protein,Gene
P48436,SOX10,SOX9,SOX10,NA,Repression,TF regulation,Protein,Gene
P08047,ABCA1,SP1,ABCA1,NA,Activation,TF regulation,Protein,Gene
P08047,ABCB1,SP1,ABCB1,NA,Activation,TF regulation,Protein,Gene
P08047,ABCB8,SP1,ABCB8,NA,Activation,TF regulation,Protein,Gene
P08047,ABCC1,SP1,ABCC1,NA,Repression,TF regulation,Protein,Gene
P08047,ABCC3,SP1,ABCC3,NA,Activation,TF regulation,Protein,Gene
P08047,ADAM10,SP1,ADAM10,NA,Activation,TF regulation,Protein,Gene
P08047,ADAM17,SP1,ADAM17,NA,Activation,TF regulation,Protein,Gene
P08047,ADAM23,SP1,ADAM23,NA,Activation,TF regulation,Protein,Gene
P08047,ADIPOQ,SP1,ADIPOQ,NA,Activation,TF regulation,Protein,Gene
P08047,ADRA2B,SP1,ADRA2B,NA,Activation,TF regulation,Protein,Gene
P08047,GRK2,SP1,GRK2,NA,Activation,TF regulation,Protein,Gene
P08047,AGTR1,SP1,AGTR1,NA,Activation,TF regulation,Protein,Gene
P08047,AHR,SP1,AHR,NA,Repression,TF regulation,Protein,Gene
P08047,ALOX12,SP1,ALOX12,NA,Activation,TF regulation,Protein,Gene
P08047,ALOX5,SP1,ALOX5,NA,Activation,TF regulation,Protein,Gene
P08047,APEX1,SP1,APEX1,NA,Repression,TF regulation,Protein,Gene
P08047,APLNR,SP1,APLNR,NA,Activation,TF regulation,Protein,Gene
P08047,APP,SP1,APP,NA,Activation,TF regulation,Protein,Gene
P08047,AR,SP1,AR,NA,Activation,TF regulation,Protein,Gene
P08047,ARF6,SP1,ARF6,NA,Activation,TF regulation,Protein,Gene
P08047,ATP2A2,SP1,ATP2A2,NA,Activation,TF regulation,Protein,Gene
P08047,ATP2A3,SP1,ATP2A3,NA,Activation,TF regulation,Protein,Gene
P08047,ATP2C1,SP1,ATP2C1,NA,Activation,TF regulation,Protein,Gene
P08047,B4GALT1,SP1,B4GALT1,NA,Activation,TF regulation,Protein,Gene
P08047,B4GALT5,SP1,B4GALT5,NA,Activation,TF regulation,Protein,Gene
P08047,BACE1,SP1,BACE1,NA,Activation,TF regulation,Protein,Gene
P08047,BLMH,SP1,BLMH,NA,Activation,TF regulation,Protein,Gene
P08047,BRD7,SP1,BRD7,NA,Activation,TF regulation,Protein,Gene
P08047,BSG,SP1,BSG,NA,Activation,TF regulation,Protein,Gene
P08047,CA9,SP1,CA9,NA,Activation,TF regulation,Protein,Gene
P08047,CCL2,SP1,CCL2,NA,Activation,TF regulation,Protein,Gene
P08047,CCNA2,SP1,CCNA2,NA,Repression,TF regulation,Protein,Gene
P08047,CCND1,SP1,CCND1,NA,Activation,TF regulation,Protein,Gene
P08047,CCND2,SP1,CCND2,NA,Activation,TF regulation,Protein,Gene
P08047,CD14,SP1,CD14,NA,Activation,TF regulation,Protein,Gene
P08047,CD151,SP1,CD151,NA,Activation,TF regulation,Protein,Gene
P08047,CD1D,SP1,CD1D,NA,Activation,TF regulation,Protein,Gene
P08047,CD2AP,SP1,CD2AP,NA,Activation,TF regulation,Protein,Gene
P08047,CD44,SP1,CD44,NA,Activation,TF regulation,Protein,Gene
P08047,ADGRE5,SP1,ADGRE5,NA,Activation,TF regulation,Protein,Gene
P08047,CD99,SP1,CD99,NA,Activation,TF regulation,Protein,Gene
P08047,CDK4,SP1,CDK4,NA,Activation,TF regulation,Protein,Gene
P08047,CDK6,SP1,CDK6,NA,Repression,TF regulation,Protein,Gene
P08047,CDKN1A,SP1,CDKN1A,NA,Activation,TF regulation,Protein,Gene
P08047,CDKN1B,SP1,CDKN1B,NA,Activation,TF regulation,Protein,Gene
P08047,CDKN2A,SP1,CDKN2A,NA,Activation,TF regulation,Protein,Gene
P08047,CENPH,SP1,CENPH,NA,Activation,TF regulation,Protein,Gene
P08047,CERS2,SP1,CERS2,NA,Activation,TF regulation,Protein,Gene
P08047,CETP,SP1,CETP,NA,Repression,TF regulation,Protein,Gene
P08047,CHST4,SP1,CHST4,NA,Activation,TF regulation,Protein,Gene
P08047,CLDN3,SP1,CLDN3,NA,Activation,TF regulation,Protein,Gene
P08047,COL11A2,SP1,COL11A2,NA,Activation,TF regulation,Protein,Gene
P08047,COL2A1,SP1,COL2A1,NA,Activation,TF regulation,Protein,Gene
P08047,CREM,SP1,CREM,NA,Activation,TF regulation,Protein,Gene
P08047,CTGF,SP1,CTGF,NA,Activation,TF regulation,Protein,Gene
P08047,CTSL,SP1,CTSL,NA,Activation,TF regulation,Protein,Gene
P08047,CXCL14,SP1,CXCL14,NA,Activation,TF regulation,Protein,Gene
P08047,CXCL5,SP1,CXCL5,NA,Activation,TF regulation,Protein,Gene
P08047,CYP1B1,SP1,CYP1B1,NA,Activation,TF regulation,Protein,Gene
P08047,CYP27A1,SP1,CYP27A1,NA,Activation,TF regulation,Protein,Gene
P08047,DBF4,SP1,DBF4,NA,Activation,TF regulation,Protein,Gene
P08047,DHCR24,SP1,DHCR24,NA,Activation,TF regulation,Protein,Gene
P08047,DNASE2,SP1,DNASE2,NA,Activation,TF regulation,Protein,Gene
P08047,DNMT1,SP1,DNMT1,NA,Activation,TF regulation,Protein,Gene
P08047,DNMT3A,SP1,DNMT3A,NA,Activation,TF regulation,Protein,Gene
P08047,DNMT3B,SP1,DNMT3B,NA,Activation,TF regulation,Protein,Gene
P08047,EAPP,SP1,EAPP,NA,Activation,TF regulation,Protein,Gene
P08047,EDNRB,SP1,EDNRB,NA,Activation,TF regulation,Protein,Gene
P08047,EGFR,SP1,EGFR,NA,Repression,TF regulation,Protein,Gene
P08047,EGR1,SP1,EGR1,NA,Activation,TF regulation,Protein,Gene
P08047,ELF4,SP1,ELF4,NA,Activation,TF regulation,Protein,Gene
P08047,ELMO3,SP1,ELMO3,NA,Activation,TF regulation,Protein,Gene
P08047,ENG,SP1,ENG,NA,Activation,TF regulation,Protein,Gene
P08047,EPO,SP1,EPO,NA,Activation,TF regulation,Protein,Gene
P08047,EPOR,SP1,EPOR,NA,Repression,TF regulation,Protein,Gene
P08047,ERBB2,SP1,ERBB2,NA,Activation,TF regulation,Protein,Gene
P08047,ERVW-1,SP1,ERVW-1,NA,Activation,TF regulation,Protein,Gene
P08047,EZR,SP1,EZR,NA,Activation,TF regulation,Protein,Gene
P08047,FAS,SP1,FAS,NA,Activation,TF regulation,Protein,Gene
P08047,FASLG,SP1,FASLG,NA,Activation,TF regulation,Protein,Gene
P08047,FMR1,SP1,FMR1,NA,Activation,TF regulation,Protein,Gene
P08047,FOXM1,SP1,FOXM1,NA,Activation,TF regulation,Protein,Gene
P08047,FXR2,SP1,FXR2,NA,Activation,TF regulation,Protein,Gene
P08047,GAST,SP1,GAST,NA,Activation,TF regulation,Protein,Gene
P08047,GCLC,SP1,GCLC,NA,Activation,TF regulation,Protein,Gene
P08047,GFER,SP1,GFER,NA,Activation,TF regulation,Protein,Gene
P08047,GJA1,SP1,GJA1,NA,Activation,TF regulation,Protein,Gene
P08047,GSTP1,SP1,GSTP1,NA,Activation,TF regulation,Protein,Gene
P08047,HAS2,SP1,HAS2,NA,Repression,TF regulation,Protein,Gene
P08047,HBEGF,SP1,HBEGF,NA,Activation,TF regulation,Protein,Gene
P08047,HCN2,SP1,HCN2,NA,Activation,TF regulation,Protein,Gene
P08047,HCN4,SP1,HCN4,NA,Activation,TF regulation,Protein,Gene
P08047,HDAC4,SP1,HDAC4,NA,Activation,TF regulation,Protein,Gene
P08047,HGF,SP1,HGF,NA,Activation,TF regulation,Protein,Gene
P08047,HIST2H4A,SP1,HIST2H4A,NA,Activation,TF regulation,Protein,Gene
P08047,HMGA1,SP1,HMGA1,NA,Activation,TF regulation,Protein,Gene
P08047,HPR,SP1,HPR,NA,Activation,TF regulation,Protein,Gene
P08047,HRAS,SP1,HRAS,NA,Activation,TF regulation,Protein,Gene
P08047,HSD17B1,SP1,HSD17B1,NA,Activation,TF regulation,Protein,Gene
P08047,HSD17B11,SP1,HSD17B11,NA,Activation,TF regulation,Protein,Gene
P08047,HSD17B2,SP1,HSD17B2,NA,Activation,TF regulation,Protein,Gene
P08047,HSD3B1,SP1,HSD3B1,NA,Activation,TF regulation,Protein,Gene
P08047,HTT,SP1,HTT,NA,Activation,TF regulation,Protein,Gene
P08047,HYAL1,SP1,HYAL1,NA,Repression,TF regulation,Protein,Gene
P08047,ID4,SP1,ID4,NA,Repression,TF regulation,Protein,Gene
P08047,IGF2,SP1,IGF2,NA,Activation,TF regulation,Protein,Gene
P08047,IGFBP3,SP1,IGFBP3,NA,Activation,TF regulation,Protein,Gene
P08047,IL10,SP1,IL10,NA,Activation,TF regulation,Protein,Gene
P08047,IL6,SP1,IL6,NA,Activation,TF regulation,Protein,Gene
P08047,INSR,SP1,INSR,NA,Activation,TF regulation,Protein,Gene
P08047,IRF5,SP1,IRF5,NA,Activation,TF regulation,Protein,Gene
P08047,IRS2,SP1,IRS2,NA,Activation,TF regulation,Protein,Gene
P08047,ITGA5,SP1,ITGA5,NA,Activation,TF regulation,Protein,Gene
P08047,ITGAD,SP1,ITGAD,NA,Activation,TF regulation,Protein,Gene
P08047,ITGAV,SP1,ITGAV,NA,Repression,TF regulation,Protein,Gene
P08047,ITGB3,SP1,ITGB3,NA,Repression,TF regulation,Protein,Gene
P08047,KCNQ2,SP1,KCNQ2,NA,Activation,TF regulation,Protein,Gene
P08047,KCNQ3,SP1,KCNQ3,NA,Activation,TF regulation,Protein,Gene
P08047,KDR,SP1,KDR,NA,Repression,TF regulation,Protein,Gene
P08047,KIF2C,SP1,KIF2C,NA,Activation,TF regulation,Protein,Gene
P08047,KISS1,SP1,KISS1,NA,Activation,TF regulation,Protein,Gene
P08047,KLK3,SP1,KLK3,NA,Activation,TF regulation,Protein,Gene
P08047,KRT14,SP1,KRT14,NA,Repression,TF regulation,Protein,Gene
P08047,KRT16,SP1,KRT16,NA,Activation,TF regulation,Protein,Gene
P08047,KRT19,SP1,KRT19,NA,Activation,TF regulation,Protein,Gene
P08047,KRT5,SP1,KRT5,NA,Activation,TF regulation,Protein,Gene
P08047,LDHA,SP1,LDHA,NA,Activation,TF regulation,Protein,Gene
P08047,LDLR,SP1,LDLR,NA,Activation,TF regulation,Protein,Gene
P08047,LEP,SP1,LEP,NA,Activation,TF regulation,Protein,Gene
P08047,LOR,SP1,LOR,NA,Activation,TF regulation,Protein,Gene
P08047,LOXL4,SP1,LOXL4,NA,Activation,TF regulation,Protein,Gene
P08047,LRP5,SP1,LRP5,NA,Activation,TF regulation,Protein,Gene
P08047,MACROD1,SP1,MACROD1,NA,Activation,TF regulation,Protein,Gene
P08047,MAT2A,SP1,MAT2A,NA,Activation,TF regulation,Protein,Gene
P08047,MAT2B,SP1,MAT2B,NA,Activation,TF regulation,Protein,Gene
P08047,MDM2,SP1,MDM2,NA,Activation,TF regulation,Protein,Gene
P08047,MET,SP1,MET,NA,Activation,TF regulation,Protein,Gene
P08047,MICA,SP1,MICA,NA,Activation,TF regulation,Protein,Gene
P08047,MICB,SP1,MICB,NA,Activation,TF regulation,Protein,Gene
P08047,MIF,SP1,MIF,NA,Activation,TF regulation,Protein,Gene
P08047,MMP11,SP1,MMP11,NA,Activation,TF regulation,Protein,Gene
P08047,MMP14,SP1,MMP14,NA,Activation,TF regulation,Protein,Gene
P08047,MMP2,SP1,MMP2,NA,Activation,TF regulation,Protein,Gene
P08047,MMP9,SP1,MMP9,NA,Activation,TF regulation,Protein,Gene
P08047,MMRN1,SP1,MMRN1,NA,Activation,TF regulation,Protein,Gene
P08047,MPO,SP1,MPO,NA,Activation,TF regulation,Protein,Gene
P08047,MTA1,SP1,MTA1,NA,Activation,TF regulation,Protein,Gene
P08047,MUC2,SP1,MUC2,NA,Activation,TF regulation,Protein,Gene
P08047,MUC5AC,SP1,MUC5AC,NA,Activation,TF regulation,Protein,Gene
P08047,MUC6,SP1,MUC6,NA,Activation,TF regulation,Protein,Gene
P08047,MYCN,SP1,MYCN,NA,Activation,TF regulation,Protein,Gene
P08047,NDUFV1,SP1,NDUFV1,NA,Activation,TF regulation,Protein,Gene
P08047,NDUFV2,SP1,NDUFV2,NA,Activation,TF regulation,Protein,Gene
P08047,NFKB1,SP1,NFKB1,NA,Activation,TF regulation,Protein,Gene
P08047,NOS3,SP1,NOS3,NA,Activation,TF regulation,Protein,Gene
P08047,OPRM1,SP1,OPRM1,NA,Activation,TF regulation,Protein,Gene
P08047,P2RX4,SP1,P2RX4,NA,Repression,TF regulation,Protein,Gene
P08047,P4HA1,SP1,P4HA1,NA,Activation,TF regulation,Protein,Gene
P08047,PADI1,SP1,PADI1,NA,Activation,TF regulation,Protein,Gene
P08047,PCK1,SP1,PCK1,NA,Activation,TF regulation,Protein,Gene
P08047,PDIA2,SP1,PDIA2,NA,Activation,TF regulation,Protein,Gene
P08047,PGR,SP1,PGR,NA,Activation,TF regulation,Protein,Gene
P08047,PHGDH,SP1,PHGDH,NA,Activation,TF regulation,Protein,Gene
P08047,PLAUR,SP1,PLAUR,NA,Activation,TF regulation,Protein,Gene
P08047,PON1,SP1,PON1,NA,Activation,TF regulation,Protein,Gene
P08047,POR,SP1,POR,NA,Activation,TF regulation,Protein,Gene
P08047,PPL,SP1,PPL,NA,Activation,TF regulation,Protein,Gene
P08047,PPP2R2B,SP1,PPP2R2B,NA,Activation,TF regulation,Protein,Gene
P08047,PRKCE,SP1,PRKCE,NA,Repression,TF regulation,Protein,Gene
P08047,PRM1,SP1,PRM1,NA,Activation,TF regulation,Protein,Gene
P08047,PRNP,SP1,PRNP,NA,Activation,TF regulation,Protein,Gene
P08047,PRSS50,SP1,PRSS50,NA,Activation,TF regulation,Protein,Gene
P08047,PTGIR,SP1,PTGIR,NA,Activation,TF regulation,Protein,Gene
P08047,PTGS2,SP1,PTGS2,NA,Activation,TF regulation,Protein,Gene
P08047,PTHLH,SP1,PTHLH,NA,Activation,TF regulation,Protein,Gene
P08047,PTTG1,SP1,PTTG1,NA,Activation,TF regulation,Protein,Gene
P08047,RARA,SP1,RARA,NA,Activation,TF regulation,Protein,Gene
P08047,RASSF1,SP1,RASSF1,NA,Activation,TF regulation,Protein,Gene
P08047,RECK,SP1,RECK,NA,Activation,TF regulation,Protein,Gene
P08047,RECQL4,SP1,RECQL4,NA,Activation,TF regulation,Protein,Gene
P08047,RELA,SP1,RELA,NA,Activation,TF regulation,Protein,Gene
P08047,RETN,SP1,RETN,NA,Activation,TF regulation,Protein,Gene
P08047,RGN,SP1,RGN,NA,Repression,TF regulation,Protein,Gene
P08047,RORA,SP1,RORA,NA,Activation,TF regulation,Protein,Gene
P08047,SERPINB5,SP1,SERPINB5,NA,Activation,TF regulation,Protein,Gene
P08047,SERPINE1,SP1,SERPINE1,NA,Activation,TF regulation,Protein,Gene
P08047,SIGIRR,SP1,SIGIRR,NA,Activation,TF regulation,Protein,Gene
P08047,SKP2,SP1,SKP2,NA,Activation,TF regulation,Protein,Gene
P08047,SLC19A1,SP1,SLC19A1,NA,Activation,TF regulation,Protein,Gene
P08047,SLC19A3,SP1,SLC19A3,NA,Activation,TF regulation,Protein,Gene
P08047,SLC29A1,SP1,SLC29A1,NA,Repression,TF regulation,Protein,Gene
P08047,SLC39A8,SP1,SLC39A8,NA,Activation,TF regulation,Protein,Gene
P08047,SLC5A8,SP1,SLC5A8,NA,Activation,TF regulation,Protein,Gene
P08047,SMPD1,SP1,SMPD1,NA,Activation,TF regulation,Protein,Gene
P08047,SOCS1,SP1,SOCS1,NA,Activation,TF regulation,Protein,Gene
P08047,SOD1,SP1,SOD1,NA,Activation,TF regulation,Protein,Gene
P08047,SOD2,SP1,SOD2,NA,Repression,TF regulation,Protein,Gene
P08047,SOX9,SP1,SOX9,NA,Activation,TF regulation,Protein,Gene
P08047,SP3,SP1,SP3,NA,Activation,TF regulation,Protein,Gene
P08047,SPN,SP1,SPN,NA,Activation,TF regulation,Protein,Gene
P08047,SREBF1,SP1,SREBF1,NA,Activation,TF regulation,Protein,Gene
P08047,STARD3,SP1,STARD3,NA,Activation,TF regulation,Protein,Gene
P08047,TAF7,SP1,TAF7,NA,Activation,TF regulation,Protein,Gene
P08047,TERF2,SP1,TERF2,NA,Activation,TF regulation,Protein,Gene
P08047,TERT,SP1,TERT,NA,Activation,TF regulation,Protein,Gene
P08047,TGFB1,SP1,TGFB1,NA,Activation,TF regulation,Protein,Gene
P08047,THBD,SP1,THBD,NA,Activation,TF regulation,Protein,Gene
P08047,TICAM1,SP1,TICAM1,NA,Repression,TF regulation,Protein,Gene
P08047,TIMP1,SP1,TIMP1,NA,Activation,TF regulation,Protein,Gene
P08047,TIMP3,SP1,TIMP3,NA,Activation,TF regulation,Protein,Gene
P08047,TK1,SP1,TK1,NA,Activation,TF regulation,Protein,Gene
P08047,TLR2,SP1,TLR2,NA,Activation,TF regulation,Protein,Gene
P08047,TMPO,SP1,TMPO,NA,Activation,TF regulation,Protein,Gene
P08047,TNC,SP1,TNC,NA,Activation,TF regulation,Protein,Gene
P08047,TNF,SP1,TNF,NA,Activation,TF regulation,Protein,Gene
P08047,TNFRSF10B,SP1,TNFRSF10B,NA,Activation,TF regulation,Protein,Gene
P08047,TNFSF10,SP1,TNFSF10,NA,Repression,TF regulation,Protein,Gene
P08047,TNFSF14,SP1,TNFSF14,NA,Activation,TF regulation,Protein,Gene
P08047,UGCG,SP1,UGCG,NA,Activation,TF regulation,Protein,Gene
P08047,UGDH,SP1,UGDH,NA,Activation,TF regulation,Protein,Gene
P08047,UGT1A4,SP1,UGT1A4,NA,Activation,TF regulation,Protein,Gene
P08047,UTRN,SP1,UTRN,NA,Activation,TF regulation,Protein,Gene
P08047,VAMP2,SP1,VAMP2,NA,Activation,TF regulation,Protein,Gene
P08047,VEGFA,SP1,VEGFA,NA,Activation,TF regulation,Protein,Gene
P08047,VIM,SP1,VIM,NA,Activation,TF regulation,Protein,Gene
P08047,WIF1,SP1,WIF1,NA,Repression,TF regulation,Protein,Gene
P08047,WT1,SP1,WT1,NA,Activation,TF regulation,Protein,Gene
P08047,XIAP,SP1,XIAP,NA,Activation,TF regulation,Protein,Gene
P08047,YY1,SP1,YY1,NA,Activation,TF regulation,Protein,Gene
P23497,ETS1,SP100,ETS1,NA,Repression,TF regulation,Protein,Gene
Q02086,CEACAM1,SP2,CEACAM1,NA,Repression,TF regulation,Protein,Gene
Q02086,DNMT3A,SP2,DNMT3A,NA,Activation,TF regulation,Protein,Gene
Q02086,DNMT3B,SP2,DNMT3B,NA,Activation,TF regulation,Protein,Gene
Q02086,HSD17B2,SP2,HSD17B2,NA,Repression,TF regulation,Protein,Gene
Q02086,MMP9,SP2,MMP9,NA,Repression,TF regulation,Protein,Gene
Q02447,ABCA1,SP3,ABCA1,NA,Repression,TF regulation,Protein,Gene
Q02447,ALOX12,SP3,ALOX12,NA,Activation,TF regulation,Protein,Gene
Q02447,ALPL,SP3,ALPL,NA,Activation,TF regulation,Protein,Gene
Q02447,BSG,SP3,BSG,NA,Activation,TF regulation,Protein,Gene
Q02447,CD2AP,SP3,CD2AP,NA,Activation,TF regulation,Protein,Gene
Q02447,ADGRE5,SP3,ADGRE5,NA,Activation,TF regulation,Protein,Gene
Q02447,CDKN1A,SP3,CDKN1A,NA,Activation,TF regulation,Protein,Gene
Q02447,CENPH,SP3,CENPH,NA,Activation,TF regulation,Protein,Gene
Q02447,CETP,SP3,CETP,NA,Repression,TF regulation,Protein,Gene
Q02447,COL11A2,SP3,COL11A2,NA,Activation,TF regulation,Protein,Gene
Q02447,COL2A1,SP3,COL2A1,NA,Activation,TF regulation,Protein,Gene
Q02447,CTSL,SP3,CTSL,NA,Activation,TF regulation,Protein,Gene
Q02447,CYP27A1,SP3,CYP27A1,NA,Activation,TF regulation,Protein,Gene
Q02447,DNASE2,SP3,DNASE2,NA,Activation,TF regulation,Protein,Gene
Q02447,EAPP,SP3,EAPP,NA,Repression,TF regulation,Protein,Gene
Q02447,ERBB2,SP3,ERBB2,NA,Activation,TF regulation,Protein,Gene
Q02447,ETF1,SP3,ETF1,NA,Repression,TF regulation,Protein,Gene
Q02447,FOXP3,SP3,FOXP3,NA,Repression,TF regulation,Protein,Gene
Q02447,HBEGF,SP3,HBEGF,NA,Activation,TF regulation,Protein,Gene
Q02447,HDAC4,SP3,HDAC4,NA,Activation,TF regulation,Protein,Gene
Q02447,HGF,SP3,HGF,NA,Activation,TF regulation,Protein,Gene
Q02447,HSD17B2,SP3,HSD17B2,NA,Activation,TF regulation,Protein,Gene
Q02447,ID4,SP3,ID4,NA,Repression,TF regulation,Protein,Gene
Q02447,IGFBP3,SP3,IGFBP3,NA,Activation,TF regulation,Protein,Gene
Q02447,ITGAD,SP3,ITGAD,NA,Activation,TF regulation,Protein,Gene
Q02447,KDR,SP3,KDR,NA,Activation,TF regulation,Protein,Gene
Q02447,KLK3,SP3,KLK3,NA,Activation,TF regulation,Protein,Gene
Q02447,CNMD,SP3,CNMD,NA,Activation,TF regulation,Protein,Gene
Q02447,LOR,SP3,LOR,NA,Repression,TF regulation,Protein,Gene
Q02447,LPL,SP3,LPL,NA,Activation,TF regulation,Protein,Gene
Q02447,MSH6,SP3,MSH6,NA,Activation,TF regulation,Protein,Gene
Q02447,MUC6,SP3,MUC6,NA,Activation,TF regulation,Protein,Gene
Q02447,MYCN,SP3,MYCN,NA,Activation,TF regulation,Protein,Gene
Q02447,NFKB1,SP3,NFKB1,NA,Activation,TF regulation,Protein,Gene
Q02447,NOS3,SP3,NOS3,NA,Activation,TF regulation,Protein,Gene
Q02447,NOX4,SP3,NOX4,NA,Activation,TF regulation,Protein,Gene
Q02447,OPRM1,SP3,OPRM1,NA,Activation,TF regulation,Protein,Gene
Q02447,PADI1,SP3,PADI1,NA,Activation,TF regulation,Protein,Gene
Q02447,RASSF1,SP3,RASSF1,NA,Activation,TF regulation,Protein,Gene
Q02447,RELA,SP3,RELA,NA,Activation,TF regulation,Protein,Gene
Q02447,RORA,SP3,RORA,NA,Activation,TF regulation,Protein,Gene
Q02447,SLC19A3,SP3,SLC19A3,NA,Activation,TF regulation,Protein,Gene
Q02447,SOX18,SP3,SOX18,NA,Repression,TF regulation,Protein,Gene
Q02447,TFF1,SP3,TFF1,NA,Activation,TF regulation,Protein,Gene
Q02447,TFF2,SP3,TFF2,NA,Repression,TF regulation,Protein,Gene
Q02447,UTRN,SP3,UTRN,NA,Activation,TF regulation,Protein,Gene
Q02447,YY1,SP3,YY1,NA,Activation,TF regulation,Protein,Gene
Q02446,ASS1,SP4,ASS1,NA,Activation,TF regulation,Protein,Gene
Q02446,ERBB2,SP4,ERBB2,NA,Activation,TF regulation,Protein,Gene
Q02446,KDR,SP4,KDR,NA,Activation,TF regulation,Protein,Gene
Q02446,MAOB,SP4,MAOB,NA,Activation,TF regulation,Protein,Gene
Q02446,NFKB1,SP4,NFKB1,NA,Activation,TF regulation,Protein,Gene
Q02446,RELA,SP4,RELA,NA,Activation,TF regulation,Protein,Gene
Q02446,YY1,SP4,YY1,NA,Activation,TF regulation,Protein,Gene
Q8TDD2,COL11A2,SP7,COL11A2,NA,Activation,TF regulation,Protein,Gene
O95238,AGR2,SPDEF,AGR2,NA,Activation,TF regulation,Protein,Gene
O95238,CDH1,SPDEF,CDH1,NA,Activation,TF regulation,Protein,Gene
O95238,MMP9,SPDEF,MMP9,NA,Repression,TF regulation,Protein,Gene
O95238,MUC2,SPDEF,MUC2,NA,Activation,TF regulation,Protein,Gene
O95238,PLAUR,SPDEF,PLAUR,NA,Repression,TF regulation,Protein,Gene
O95238,RETNLB,SPDEF,RETNLB,NA,Activation,TF regulation,Protein,Gene
O95238,SERPINB5,SPDEF,SERPINB5,NA,Activation,TF regulation,Protein,Gene
O95238,SPINK4,SPDEF,SPINK4,NA,Activation,TF regulation,Protein,Gene
O95238,SQSTM1,SPDEF,SQSTM1,NA,Activation,TF regulation,Protein,Gene
Q96T58,DMPK,SPEN,DMPK,NA,Activation,TF regulation,Protein,Gene
P17947,ACP5,SPI1,ACP5,NA,Activation,TF regulation,Protein,Gene
P17947,ALOX15,SPI1,ALOX15,NA,Activation,TF regulation,Protein,Gene
P17947,BCL6,SPI1,BCL6,NA,Repression,TF regulation,Protein,Gene
P17947,CCL2,SPI1,CCL2,NA,Activation,TF regulation,Protein,Gene
P17947,CD40,SPI1,CD40,NA,Activation,TF regulation,Protein,Gene
P17947,CD68,SPI1,CD68,NA,Repression,TF regulation,Protein,Gene
P17947,CLEC4G,SPI1,CLEC4G,NA,Activation,TF regulation,Protein,Gene
P17947,CSF3R,SPI1,CSF3R,NA,Activation,TF regulation,Protein,Gene
P17947,CTSS,SPI1,CTSS,NA,Activation,TF regulation,Protein,Gene
P17947,CXCR1,SPI1,CXCR1,NA,Activation,TF regulation,Protein,Gene
P17947,CYBB,SPI1,CYBB,NA,Activation,TF regulation,Protein,Gene
P17947,FCER1A,SPI1,FCER1A,NA,Activation,TF regulation,Protein,Gene
P17947,GATA1,SPI1,GATA1,NA,Activation,TF regulation,Protein,Gene
P17947,IFIT3,SPI1,IFIT3,NA,Activation,TF regulation,Protein,Gene
P17947,IL1B,SPI1,IL1B,NA,Activation,TF regulation,Protein,Gene
P17947,IL5,SPI1,IL5,NA,Activation,TF regulation,Protein,Gene
P17947,ITGAM,SPI1,ITGAM,NA,Activation,TF regulation,Protein,Gene
P17947,ITGAX,SPI1,ITGAX,NA,Repression,TF regulation,Protein,Gene
P17947,ITGB2,SPI1,ITGB2,NA,Activation,TF regulation,Protein,Gene
P17947,MACROD1,SPI1,MACROD1,NA,Repression,TF regulation,Protein,Gene
P17947,MAPK1,SPI1,MAPK1,NA,Repression,TF regulation,Protein,Gene
P17947,NCF2,SPI1,NCF2,NA,Activation,TF regulation,Protein,Gene
P17947,PARG,SPI1,PARG,NA,Repression,TF regulation,Protein,Gene
P17947,PEBP1,SPI1,PEBP1,NA,Activation,TF regulation,Protein,Gene
P17947,PRG2,SPI1,PRG2,NA,Activation,TF regulation,Protein,Gene
P17947,PTGIR,SPI1,PTGIR,NA,Activation,TF regulation,Protein,Gene
P17947,RNASE2,SPI1,RNASE2,NA,Activation,TF regulation,Protein,Gene
P17947,TLR4,SPI1,TLR4,NA,Activation,TF regulation,Protein,Gene
Q01892,CD40,SPIB,CD40,NA,Activation,TF regulation,Protein,Gene
Q01892,IRF7,SPIB,IRF7,NA,Repression,TF regulation,Protein,Gene
Q8N5J4,IL4,SPIC,IL4,NA,Activation,TF regulation,Protein,Gene
Q6ZRS2,KLK3,SRCAP,KLK3,NA,Activation,TF regulation,Protein,Gene
P36956,ACLY,SREBF1,ACLY,NA,Activation,TF regulation,Protein,Gene
P36956,APOA5,SREBF1,APOA5,NA,Repression,TF regulation,Protein,Gene
P36956,BCL2L1,SREBF1,BCL2L1,NA,Repression,TF regulation,Protein,Gene
P36956,CAV1,SREBF1,CAV1,NA,Repression,TF regulation,Protein,Gene
P36956,FAS,SREBF1,FAS,NA,Activation,TF regulation,Protein,Gene
P36956,IRS2,SREBF1,IRS2,NA,Repression,TF regulation,Protein,Gene
P36956,LDLR,SREBF1,LDLR,NA,Activation,TF regulation,Protein,Gene
P36956,LRP1,SREBF1,LRP1,NA,Repression,TF regulation,Protein,Gene
P36956,NR0B2,SREBF1,NR0B2,NA,Activation,TF regulation,Protein,Gene
P36956,PCK1,SREBF1,PCK1,NA,Repression,TF regulation,Protein,Gene
P36956,PCSK9,SREBF1,PCSK9,NA,Activation,TF regulation,Protein,Gene
P36956,PDX1,SREBF1,PDX1,NA,Repression,TF regulation,Protein,Gene
P36956,SCD5,SREBF1,SCD5,NA,Activation,TF regulation,Protein,Gene
Q12772,ABCA1,SREBF2,ABCA1,NA,Repression,TF regulation,Protein,Gene
Q12772,ABCG5,SREBF2,ABCG5,NA,Repression,TF regulation,Protein,Gene
Q12772,ABCG8,SREBF2,ABCG8,NA,Repression,TF regulation,Protein,Gene
Q12772,ACOT7,SREBF2,ACOT7,NA,Activation,TF regulation,Protein,Gene
Q12772,HMGCR,SREBF2,HMGCR,NA,Activation,TF regulation,Protein,Gene
Q12772,HNF4A,SREBF2,HNF4A,NA,Repression,TF regulation,Protein,Gene
Q12772,LDLR,SREBF2,LDLR,NA,Activation,TF regulation,Protein,Gene
Q12772,LRP1,SREBF2,LRP1,NA,Repression,TF regulation,Protein,Gene
Q12772,MTTP,SREBF2,MTTP,NA,Repression,TF regulation,Protein,Gene
Q12772,NPC1L1,SREBF2,NPC1L1,NA,Activation,TF regulation,Protein,Gene
Q12772,PCSK9,SREBF2,PCSK9,NA,Activation,TF regulation,Protein,Gene
Q12772,PON1,SREBF2,PON1,NA,Activation,TF regulation,Protein,Gene
Q12772,PON2,SREBF2,PON2,NA,Activation,TF regulation,Protein,Gene
P11831,CREB1,SRF,CREB1,NA,Repression,TF regulation,Protein,Gene
P11831,FOS,SRF,FOS,NA,Activation,TF regulation,Protein,Gene
P11831,FOSL1,SRF,FOSL1,NA,Activation,TF regulation,Protein,Gene
P11831,MMP14,SRF,MMP14,NA,Activation,TF regulation,Protein,Gene
P11831,MMP2,SRF,MMP2,NA,Activation,TF regulation,Protein,Gene
P11831,PLAU,SRF,PLAU,NA,Activation,TF regulation,Protein,Gene
P11831,PLG,SRF,PLG,NA,Activation,TF regulation,Protein,Gene
P11831,SAMD4A,SRF,SAMD4A,NA,Activation,TF regulation,Protein,Gene
P11831,SERPINE1,SRF,SERPINE1,NA,Repression,TF regulation,Protein,Gene
P11831,SMN1,SRF,SMN1,NA,Activation,TF regulation,Protein,Gene
P11831,TAGLN,SRF,TAGLN,NA,Activation,TF regulation,Protein,Gene
P11831,UBE2S,SRF,UBE2S,NA,Activation,TF regulation,Protein,Gene
Q07955,NFKB1,SRSF1,NFKB1,NA,Repression,TF regulation,Protein,Gene
Q05066,ETV2,SRY,ETV2,NA,Activation,TF regulation,Protein,Gene
Q05066,SOX9,SRY,SOX9,NA,Activation,TF regulation,Protein,Gene
Q05066,WDR5,SRY,WDR5,NA,Activation,TF regulation,Protein,Gene
P05455,HAP1,SSB,HAP1,NA,Repression,TF regulation,Protein,Gene
P05455,LAMB1,SSB,LAMB1,NA,Activation,TF regulation,Protein,Gene
P42224,CCL3,STAT1,CCL3,NA,Activation,TF regulation,Protein,Gene
P42224,CCR1,STAT1,CCR1,NA,Activation,TF regulation,Protein,Gene
P42224,CD22,STAT1,CD22,NA,Activation,TF regulation,Protein,Gene
P42224,CD40,STAT1,CD40,NA,Activation,TF regulation,Protein,Gene
P42224,CD40LG,STAT1,CD40LG,NA,Activation,TF regulation,Protein,Gene
P42224,CDKN1A,STAT1,CDKN1A,NA,Activation,TF regulation,Protein,Gene
P42224,CEBPE,STAT1,CEBPE,NA,Activation,TF regulation,Protein,Gene
P42224,CFTR,STAT1,CFTR,NA,Activation,TF regulation,Protein,Gene
P42224,CIITA,STAT1,CIITA,NA,Activation,TF regulation,Protein,Gene
P42224,CXCL10,STAT1,CXCL10,NA,Repression,TF regulation,Protein,Gene
P42224,EDN1,STAT1,EDN1,NA,Activation,TF regulation,Protein,Gene
P42224,FCGRT,STAT1,FCGRT,NA,Repression,TF regulation,Protein,Gene
P42224,FGF2,STAT1,FGF2,NA,Activation,TF regulation,Protein,Gene
P42224,FGFR3,STAT1,FGFR3,NA,Repression,TF regulation,Protein,Gene
P42224,GAST,STAT1,GAST,NA,Activation,TF regulation,Protein,Gene
P42224,HMOX1,STAT1,HMOX1,NA,Activation,TF regulation,Protein,Gene
P42224,HSP90AA1,STAT1,HSP90AA1,NA,Repression,TF regulation,Protein,Gene
P42224,ICAM1,STAT1,ICAM1,NA,Activation,TF regulation,Protein,Gene
P42224,IFNA1,STAT1,IFNA1,NA,Repression,TF regulation,Protein,Gene
P42224,IFNB1,STAT1,IFNB1,NA,Repression,TF regulation,Protein,Gene
P42224,IFNG,STAT1,IFNG,NA,Activation,TF regulation,Protein,Gene
P42224,IL1B,STAT1,IL1B,NA,Activation,TF regulation,Protein,Gene
P42224,IL6,STAT1,IL6,NA,Repression,TF regulation,Protein,Gene
P42224,IRF1,STAT1,IRF1,NA,Activation,TF regulation,Protein,Gene
P42224,IRF7,STAT1,IRF7,NA,Activation,TF regulation,Protein,Gene
P42224,IRF8,STAT1,IRF8,NA,Activation,TF regulation,Protein,Gene
P42224,IVL,STAT1,IVL,NA,Repression,TF regulation,Protein,Gene
P42224,JAK2,STAT1,JAK2,NA,Activation,TF regulation,Protein,Gene
P42224,KRT17,STAT1,KRT17,NA,Activation,TF regulation,Protein,Gene
P42224,LY96,STAT1,LY96,NA,Activation,TF regulation,Protein,Gene
P42224,MMP13,STAT1,MMP13,NA,Repression,TF regulation,Protein,Gene
P42224,MMP9,STAT1,MMP9,NA,Repression,TF regulation,Protein,Gene
P42224,MUC1,STAT1,MUC1,NA,Activation,TF regulation,Protein,Gene
P42224,MUC4,STAT1,MUC4,NA,Activation,TF regulation,Protein,Gene
P42224,MVP,STAT1,MVP,NA,Activation,TF regulation,Protein,Gene
P42224,NOS2,STAT1,NOS2,NA,Activation,TF regulation,Protein,Gene
P42224,NOX5,STAT1,NOX5,NA,Activation,TF regulation,Protein,Gene
P42224,NR1H4,STAT1,NR1H4,NA,Repression,TF regulation,Protein,Gene
P42224,OPRM1,STAT1,OPRM1,NA,Activation,TF regulation,Protein,Gene
P42224,PML,STAT1,PML,NA,Activation,TF regulation,Protein,Gene
P42224,PPARA,STAT1,PPARA,NA,Activation,TF regulation,Protein,Gene
P42224,PRKCE,STAT1,PRKCE,NA,Repression,TF regulation,Protein,Gene
P42224,PTGS2,STAT1,PTGS2,NA,Activation,TF regulation,Protein,Gene
P42224,S100A10,STAT1,S100A10,NA,Activation,TF regulation,Protein,Gene
P42224,STAT2,STAT1,STAT2,NA,Activation,TF regulation,Protein,Gene
P42224,TLR3,STAT1,TLR3,NA,Activation,TF regulation,Protein,Gene
P42224,TP53,STAT1,TP53,NA,Activation,TF regulation,Protein,Gene
P42224,UPP1,STAT1,UPP1,NA,Activation,TF regulation,Protein,Gene
P52630,IRF1,STAT2,IRF1,NA,Activation,TF regulation,Protein,Gene
P52630,NOS2,STAT2,NOS2,NA,Activation,TF regulation,Protein,Gene
P52630,PTGS2,STAT2,PTGS2,NA,Activation,TF regulation,Protein,Gene
P40763,AKAP12,STAT3,AKAP12,NA,Activation,TF regulation,Protein,Gene
P40763,BCL2,STAT3,BCL2,NA,Activation,TF regulation,Protein,Gene
P40763,BCL2L1,STAT3,BCL2L1,NA,Activation,TF regulation,Protein,Gene
P40763,BCL6,STAT3,BCL6,NA,Activation,TF regulation,Protein,Gene
P40763,BIRC5,STAT3,BIRC5,NA,Activation,TF regulation,Protein,Gene
P40763,CCL11,STAT3,CCL11,NA,Activation,TF regulation,Protein,Gene
P40763,CCL2,STAT3,CCL2,NA,Activation,TF regulation,Protein,Gene
P40763,CCND1,STAT3,CCND1,NA,Activation,TF regulation,Protein,Gene
P40763,CCND3,STAT3,CCND3,NA,Activation,TF regulation,Protein,Gene
P40763,CD46,STAT3,CD46,NA,Activation,TF regulation,Protein,Gene
P40763,CDK4,STAT3,CDK4,NA,Activation,TF regulation,Protein,Gene
P40763,CDKN1A,STAT3,CDKN1A,NA,Activation,TF regulation,Protein,Gene
P40763,CFB,STAT3,CFB,NA,Activation,TF regulation,Protein,Gene
P40763,CHI3L1,STAT3,CHI3L1,NA,Activation,TF regulation,Protein,Gene
P40763,CISH,STAT3,CISH,NA,Activation,TF regulation,Protein,Gene
P40763,CRP,STAT3,CRP,NA,Activation,TF regulation,Protein,Gene
P40763,CSRP1,STAT3,CSRP1,NA,Activation,TF regulation,Protein,Gene
P40763,CTGF,STAT3,CTGF,NA,Repression,TF regulation,Protein,Gene
P40763,DDIT3,STAT3,DDIT3,NA,Repression,TF regulation,Protein,Gene
P40763,DNMT1,STAT3,DNMT1,NA,Activation,TF regulation,Protein,Gene
P40763,EGFR,STAT3,EGFR,NA,Activation,TF regulation,Protein,Gene
P40763,ESR2,STAT3,ESR2,NA,Activation,TF regulation,Protein,Gene
P40763,ETV6,STAT3,ETV6,NA,Activation,TF regulation,Protein,Gene
P40763,F2R,STAT3,F2R,NA,Activation,TF regulation,Protein,Gene
P40763,FAAH,STAT3,FAAH,NA,Activation,TF regulation,Protein,Gene
P40763,FAS,STAT3,FAS,NA,Activation,TF regulation,Protein,Gene
P40763,FGF1,STAT3,FGF1,NA,Repression,TF regulation,Protein,Gene
P40763,FGF2,STAT3,FGF2,NA,Activation,TF regulation,Protein,Gene
P40763,FGG,STAT3,FGG,NA,Activation,TF regulation,Protein,Gene
P40763,FLT3,STAT3,FLT3,NA,Activation,TF regulation,Protein,Gene
P40763,FOS,STAT3,FOS,NA,Activation,TF regulation,Protein,Gene
P40763,GAST,STAT3,GAST,NA,Activation,TF regulation,Protein,Gene
P40763,GFAP,STAT3,GFAP,NA,Activation,TF regulation,Protein,Gene
P40763,HAMP,STAT3,HAMP,NA,Activation,TF regulation,Protein,Gene
P40763,HGF,STAT3,HGF,NA,Activation,TF regulation,Protein,Gene
P40763,HIF1A,STAT3,HIF1A,NA,Activation,TF regulation,Protein,Gene
P40763,HMOX1,STAT3,HMOX1,NA,Activation,TF regulation,Protein,Gene
P40763,HSPA4,STAT3,HSPA4,NA,Activation,TF regulation,Protein,Gene
P40763,HSPB1,STAT3,HSPB1,NA,Activation,TF regulation,Protein,Gene
P40763,IFNAR1,STAT3,IFNAR1,NA,Activation,TF regulation,Protein,Gene
P40763,IFNG,STAT3,IFNG,NA,Repression,TF regulation,Protein,Gene
P40763,IKBKE,STAT3,IKBKE,NA,Activation,TF regulation,Protein,Gene
P40763,IL10,STAT3,IL10,NA,Activation,TF regulation,Protein,Gene
P40763,IL1RN,STAT3,IL1RN,NA,Activation,TF regulation,Protein,Gene
P40763,IL2,STAT3,IL2,NA,Activation,TF regulation,Protein,Gene
P40763,IL21,STAT3,IL21,NA,Activation,TF regulation,Protein,Gene
P40763,IL6,STAT3,IL6,NA,Activation,TF regulation,Protein,Gene
P40763,IRF1,STAT3,IRF1,NA,Activation,TF regulation,Protein,Gene
P40763,JAK2,STAT3,JAK2,NA,Activation,TF regulation,Protein,Gene
P40763,JUNB,STAT3,JUNB,NA,Activation,TF regulation,Protein,Gene
P40763,KLF11,STAT3,KLF11,NA,Activation,TF regulation,Protein,Gene
P40763,KRT17,STAT3,KRT17,NA,Activation,TF regulation,Protein,Gene
P40763,LEP,STAT3,LEP,NA,Activation,TF regulation,Protein,Gene
P40763,LGALS3BP,STAT3,LGALS3BP,NA,Repression,TF regulation,Protein,Gene
P40763,LTBP1,STAT3,LTBP1,NA,Repression,TF regulation,Protein,Gene
P40763,MCL1,STAT3,MCL1,NA,Activation,TF regulation,Protein,Gene
P40763,MICA,STAT3,MICA,NA,Repression,TF regulation,Protein,Gene
P40763,MMP2,STAT3,MMP2,NA,Activation,TF regulation,Protein,Gene
P40763,MMP7,STAT3,MMP7,NA,Activation,TF regulation,Protein,Gene
P40763,MMP9,STAT3,MMP9,NA,Repression,TF regulation,Protein,Gene
P40763,MUC1,STAT3,MUC1,NA,Activation,TF regulation,Protein,Gene
P40763,MUC4,STAT3,MUC4,NA,Activation,TF regulation,Protein,Gene
P40763,MYC,STAT3,MYC,NA,Activation,TF regulation,Protein,Gene
P40763,NANOG,STAT3,NANOG,NA,Activation,TF regulation,Protein,Gene
P40763,NME1,STAT3,NME1,NA,Activation,TF regulation,Protein,Gene
P40763,NOX5,STAT3,NOX5,NA,Activation,TF regulation,Protein,Gene
P40763,OAS1,STAT3,OAS1,NA,Repression,TF regulation,Protein,Gene
P40763,OPRM1,STAT3,OPRM1,NA,Activation,TF regulation,Protein,Gene
P40763,OSM,STAT3,OSM,NA,Activation,TF regulation,Protein,Gene
P40763,PAX3,STAT3,PAX3,NA,Repression,TF regulation,Protein,Gene
P40763,PGF,STAT3,PGF,NA,Repression,TF regulation,Protein,Gene
P40763,PIAS3,STAT3,PIAS3,NA,Activation,TF regulation,Protein,Gene
P40763,PIM1,STAT3,PIM1,NA,Activation,TF regulation,Protein,Gene
P40763,PPARA,STAT3,PPARA,NA,Activation,TF regulation,Protein,Gene
P40763,PRDM1,STAT3,PRDM1,NA,Activation,TF regulation,Protein,Gene
P40763,PSMB5,STAT3,PSMB5,NA,Activation,TF regulation,Protein,Gene
P40763,PTEN,STAT3,PTEN,NA,Activation,TF regulation,Protein,Gene
P40763,PTGS2,STAT3,PTGS2,NA,Activation,TF regulation,Protein,Gene
P40763,PTPN13,STAT3,PTPN13,NA,Activation,TF regulation,Protein,Gene
P40763,PTPN6,STAT3,PTPN6,NA,Repression,TF regulation,Protein,Gene
P40763,S100A11,STAT3,S100A11,NA,Activation,TF regulation,Protein,Gene
P40763,S1PR1,STAT3,S1PR1,NA,Activation,TF regulation,Protein,Gene
P40763,SALL4,STAT3,SALL4,NA,Activation,TF regulation,Protein,Gene
P40763,SHH,STAT3,SHH,NA,Activation,TF regulation,Protein,Gene
P40763,SOCS1,STAT3,SOCS1,NA,Activation,TF regulation,Protein,Gene
P40763,SOCS3,STAT3,SOCS3,NA,Activation,TF regulation,Protein,Gene
P40763,STAT1,STAT3,STAT1,NA,Activation,TF regulation,Protein,Gene
P40763,STS,STAT3,STS,NA,Activation,TF regulation,Protein,Gene
P40763,TERT,STAT3,TERT,NA,Activation,TF regulation,Protein,Gene
P40763,TGFB1,STAT3,TGFB1,NA,Activation,TF regulation,Protein,Gene
P40763,TIMP1,STAT3,TIMP1,NA,Activation,TF regulation,Protein,Gene
P40763,TNFRSF10B,STAT3,TNFRSF10B,NA,Repression,TF regulation,Protein,Gene
P40763,TP63,STAT3,TP63,NA,Activation,TF regulation,Protein,Gene
P40763,TYK2,STAT3,TYK2,NA,Repression,TF regulation,Protein,Gene
P40763,UCP2,STAT3,UCP2,NA,Repression,TF regulation,Protein,Gene
P40763,USP7,STAT3,USP7,NA,Repression,TF regulation,Protein,Gene
P40763,VDR,STAT3,VDR,NA,Repression,TF regulation,Protein,Gene
P40763,ZFP36,STAT3,ZFP36,NA,Activation,TF regulation,Protein,Gene
Q14765,MYC,STAT4,MYC,NA,Activation,TF regulation,Protein,Gene
Q14765,PRF1,STAT4,PRF1,NA,Activation,TF regulation,Protein,Gene
Q14765,S100A4,STAT4,S100A4,NA,Activation,TF regulation,Protein,Gene
Q14765,SOCS3,STAT4,SOCS3,NA,Repression,TF regulation,Protein,Gene
P42229,BCL6,STAT5A,BCL6,NA,Repression,TF regulation,Protein,Gene
P42229,CCND2,STAT5A,CCND2,NA,Repression,TF regulation,Protein,Gene
P42229,CDKN2B,STAT5A,CDKN2B,NA,Repression,TF regulation,Protein,Gene
P42229,IFNG,STAT5A,IFNG,NA,Activation,TF regulation,Protein,Gene
P42229,SUMO1,STAT5A,SUMO1,NA,Repression,TF regulation,Protein,Gene
P51692,BCL2L1,STAT5B,BCL2L1,NA,Activation,TF regulation,Protein,Gene
P51692,BCL6,STAT5B,BCL6,NA,Repression,TF regulation,Protein,Gene
P51692,IGF1,STAT5B,IGF1,NA,Activation,TF regulation,Protein,Gene
P42226,ALOX15,STAT6,ALOX15,NA,Activation,TF regulation,Protein,Gene
P42226,CCL11,STAT6,CCL11,NA,Activation,TF regulation,Protein,Gene
P42226,CCL17,STAT6,CCL17,NA,Activation,TF regulation,Protein,Gene
P42226,CCL26,STAT6,CCL26,NA,Activation,TF regulation,Protein,Gene
P42226,CNR1,STAT6,CNR1,NA,Activation,TF regulation,Protein,Gene
P42226,COL1A1,STAT6,COL1A1,NA,Activation,TF regulation,Protein,Gene
P42226,COL1A2,STAT6,COL1A2,NA,Activation,TF regulation,Protein,Gene
P42226,CYP2E1,STAT6,CYP2E1,NA,Activation,TF regulation,Protein,Gene
P42226,FCER2,STAT6,FCER2,NA,Activation,TF regulation,Protein,Gene
P42226,FOS,STAT6,FOS,NA,Activation,TF regulation,Protein,Gene
P42226,HSD3B2,STAT6,HSD3B2,NA,Activation,TF regulation,Protein,Gene
P42226,IL1R1,STAT6,IL1R1,NA,Activation,TF regulation,Protein,Gene
P42226,IL4,STAT6,IL4,NA,Activation,TF regulation,Protein,Gene
P42226,PTGS2,STAT6,PTGS2,NA,Activation,TF regulation,Protein,Gene
P42226,RHOA,STAT6,RHOA,NA,Activation,TF regulation,Protein,Gene
P42226,SELE,STAT6,SELE,NA,Repression,TF regulation,Protein,Gene
P42226,SELP,STAT6,SELP,NA,Activation,TF regulation,Protein,Gene
P42226,SLC26A4,STAT6,SLC26A4,NA,Activation,TF regulation,Protein,Gene
P42226,STAT1,STAT6,STAT1,NA,Repression,TF regulation,Protein,Gene
P42226,TLR4,STAT6,TLR4,NA,Repression,TF regulation,Protein,Gene
Q8IWZ8,IL1B,SUGP1,IL1B,NA,Activation,TF regulation,Protein,Gene
O75486,NEDD4L,SUPT3H,NEDD4L,NA,Activation,TF regulation,Protein,Gene
Q15022,SNAI2,SUZ12,SNAI2,NA,Repression,TF regulation,Protein,Gene
Q15022,TWIST1,SUZ12,TWIST1,NA,Repression,TF regulation,Protein,Gene
P21675,AR,TAF1,AR,NA,Activation,TF regulation,Protein,Gene
P21675,CDKN1A,TAF1,CDKN1A,NA,Activation,TF regulation,Protein,Gene
O00268,ATF7,TAF4,ATF7,NA,Repression,TF regulation,Protein,Gene
P17542,ALDH1A2,TAL1,ALDH1A2,NA,Activation,TF regulation,Protein,Gene
P17542,CD34,TAL1,CD34,NA,Repression,TF regulation,Protein,Gene
P17542,ERG,TAL1,ERG,NA,Activation,TF regulation,Protein,Gene
P17542,MYB,TAL1,MYB,NA,Activation,TF regulation,Protein,Gene
P17542,MYCN,TAL1,MYCN,NA,Activation,TF regulation,Protein,Gene
P17542,NFKB1,TAL1,NFKB1,NA,Repression,TF regulation,Protein,Gene
P20226,BCL2,TBP,BCL2,NA,Repression,TF regulation,Protein,Gene
P20226,FOS,TBP,FOS,NA,Activation,TF regulation,Protein,Gene
P20226,FUS,TBP,FUS,NA,Repression,TF regulation,Protein,Gene
P20226,IL6,TBP,IL6,NA,Repression,TF regulation,Protein,Gene
P20226,LIN28B,TBP,LIN28B,NA,Activation,TF regulation,Protein,Gene
P20226,NF1,TBP,NF1,NA,Repression,TF regulation,Protein,Gene
P62380,NF1,TBPL1,NF1,NA,Activation,TF regulation,Protein,Gene
Q13207,CDKN1A,TBX2,CDKN1A,NA,Repression,TF regulation,Protein,Gene
Q13207,CDKN2A,TBX2,CDKN2A,NA,Repression,TF regulation,Protein,Gene
Q9UL17,CCR4,TBX21,CCR4,NA,Repression,TF regulation,Protein,Gene
Q9UL17,CHST4,TBX21,CHST4,NA,Activation,TF regulation,Protein,Gene
Q9UL17,CXCR3,TBX21,CXCR3,NA,Activation,TF regulation,Protein,Gene
Q9UL17,IFNG,TBX21,IFNG,NA,Activation,TF regulation,Protein,Gene
Q9UL17,IL13,TBX21,IL13,NA,Repression,TF regulation,Protein,Gene
Q9UL17,IL4,TBX21,IL4,NA,Repression,TF regulation,Protein,Gene
Q9UL17,PTGDR2,TBX21,PTGDR2,NA,Repression,TF regulation,Protein,Gene
O15119,CDKN1A,TBX3,CDKN1A,NA,Repression,TF regulation,Protein,Gene
O15119,CDKN2A,TBX3,CDKN2A,NA,Repression,TF regulation,Protein,Gene
Q99593,CDKN2A,TBX5,CDKN2A,NA,Activation,TF regulation,Protein,Gene
Q99593,GJA5,TBX5,GJA5,NA,Activation,TF regulation,Protein,Gene
Q99593,NPPA,TBX5,NPPA,NA,Activation,TF regulation,Protein,Gene
Q99081,CDH1,TCF12,CDH1,NA,Repression,TF regulation,Protein,Gene
Q9Y242,CCNE1,TCF19,CCNE1,NA,Repression,TF regulation,Protein,Gene
Q9Y242,CCNE1,TCF19,CCNE1,NA,Repression,TF regulation,Protein,Gene
P15923,BBC3,TCF3,BBC3,NA,Repression,TF regulation,Protein,Gene
P15923,CDH1,TCF3,CDH1,NA,Repression,TF regulation,Protein,Gene
P15923,CDK6,TCF3,CDK6,NA,Repression,TF regulation,Protein,Gene
P15923,CDKN1A,TCF3,CDKN1A,NA,Activation,TF regulation,Protein,Gene
P15923,CR2,TCF3,CR2,NA,Activation,TF regulation,Protein,Gene
P15923,EXO1,TCF3,EXO1,NA,Repression,TF regulation,Protein,Gene
P15923,MYC,TCF3,MYC,NA,Activation,TF regulation,Protein,Gene
P15923,POU5F1,TCF3,POU5F1,NA,Repression,TF regulation,Protein,Gene
P15884,ABCB1,TCF4,ABCB1,NA,Activation,TF regulation,Protein,Gene
P15884,CCND1,TCF4,CCND1,NA,Activation,TF regulation,Protein,Gene
P15884,CLEC4C,TCF4,CLEC4C,NA,Activation,TF regulation,Protein,Gene
P15884,CNTNAP2,TCF4,CNTNAP2,NA,Activation,TF regulation,Protein,Gene
P15884,HECA,TCF4,HECA,NA,Repression,TF regulation,Protein,Gene
P15884,MITF,TCF4,MITF,NA,Repression,TF regulation,Protein,Gene
P15884,MYC,TCF4,MYC,NA,Activation,TF regulation,Protein,Gene
P15884,NOTUM,TCF4,NOTUM,NA,Activation,TF regulation,Protein,Gene
P15884,NRXN1,TCF4,NRXN1,NA,Activation,TF regulation,Protein,Gene
P15884,PLD1,TCF4,PLD1,NA,Activation,TF regulation,Protein,Gene
P15884,PTEN,TCF4,PTEN,NA,Repression,TF regulation,Protein,Gene
P15884,VEGFA,TCF4,VEGFA,NA,Activation,TF regulation,Protein,Gene
P15884,VIM,TCF4,VIM,NA,Activation,TF regulation,Protein,Gene
Q9NQB0,BIRC5,TCF7L2,BIRC5,NA,Activation,TF regulation,Protein,Gene
Q9NQB0,HECA,TCF7L2,HECA,NA,Repression,TF regulation,Protein,Gene
Q9NQB0,STARD7,TCF7L2,STARD7,NA,Activation,TF regulation,Protein,Gene
Q9UL49,CD2,TCFL5,CD2,NA,Repression,TF regulation,Protein,Gene
P28347,ATP6V0A2,TEAD1,ATP6V0A2,NA,Activation,TF regulation,Protein,Gene
P28347,MSLN,TEAD1,MSLN,NA,Activation,TF regulation,Protein,Gene
Q15561,VEGFA,TEAD4,VEGFA,NA,Repression,TF regulation,Protein,Gene
Q10587,ALB,TEF,ALB,NA,Activation,TF regulation,Protein,Gene
P05549,ACHE,TFAP2A,ACHE,NA,Repression,TF regulation,Protein,Gene
P05549,BCL2,TFAP2A,BCL2,NA,Repression,TF regulation,Protein,Gene
P05549,BRS3,TFAP2A,BRS3,NA,Activation,TF regulation,Protein,Gene
P05549,CD82,TFAP2A,CD82,NA,Activation,TF regulation,Protein,Gene
P05549,CDH1,TFAP2A,CDH1,NA,Activation,TF regulation,Protein,Gene
P05549,CDKN1A,TFAP2A,CDKN1A,NA,Activation,TF regulation,Protein,Gene
P05549,CRABP2,TFAP2A,CRABP2,NA,Activation,TF regulation,Protein,Gene
P05549,CRYAB,TFAP2A,CRYAB,NA,Activation,TF regulation,Protein,Gene
P05549,DCBLD2,TFAP2A,DCBLD2,NA,Activation,TF regulation,Protein,Gene
P05549,ECM1,TFAP2A,ECM1,NA,Activation,TF regulation,Protein,Gene
P05549,ETS1,TFAP2A,ETS1,NA,Activation,TF regulation,Protein,Gene
P05549,HGF,TFAP2A,HGF,NA,Repression,TF regulation,Protein,Gene
P05549,HOXA4,TFAP2A,HOXA4,NA,Repression,TF regulation,Protein,Gene
P05549,HSD17B1,TFAP2A,HSD17B1,NA,Repression,TF regulation,Protein,Gene
P05549,IGFBP5,TFAP2A,IGFBP5,NA,Activation,TF regulation,Protein,Gene
P05549,KISS1,TFAP2A,KISS1,NA,Activation,TF regulation,Protein,Gene
P05549,KLF12,TFAP2A,KLF12,NA,Repression,TF regulation,Protein,Gene
P05549,KRT5,TFAP2A,KRT5,NA,Activation,TF regulation,Protein,Gene
P05549,LNPEP,TFAP2A,LNPEP,NA,Activation,TF regulation,Protein,Gene
P05549,MCAM,TFAP2A,MCAM,NA,Repression,TF regulation,Protein,Gene
P05549,MMP9,TFAP2A,MMP9,NA,Activation,TF regulation,Protein,Gene
P05549,MUC4,TFAP2A,MUC4,NA,Repression,TF regulation,Protein,Gene
P05549,NME3,TFAP2A,NME3,NA,Activation,TF regulation,Protein,Gene
P05549,NR3C1,TFAP2A,NR3C1,NA,Activation,TF regulation,Protein,Gene
P05549,PRKCA,TFAP2A,PRKCA,NA,Activation,TF regulation,Protein,Gene
P05549,PTEN,TFAP2A,PTEN,NA,Activation,TF regulation,Protein,Gene
P05549,SLC19A1,TFAP2A,SLC19A1,NA,Activation,TF regulation,Protein,Gene
P05549,SULT1E1,TFAP2A,SULT1E1,NA,Activation,TF regulation,Protein,Gene
P05549,TAF7,TFAP2A,TAF7,NA,Activation,TF regulation,Protein,Gene
P05549,VEGFA,TFAP2A,VEGFA,NA,Activation,TF regulation,Protein,Gene
Q92481,ADIPOQ,TFAP2B,ADIPOQ,NA,Repression,TF regulation,Protein,Gene
Q92481,CRYAB,TFAP2B,CRYAB,NA,Activation,TF regulation,Protein,Gene
Q92481,PTGDS,TFAP2B,PTGDS,NA,Activation,TF regulation,Protein,Gene
Q92754,CDKN1A,TFAP2C,CDKN1A,NA,Repression,TF regulation,Protein,Gene
Q92754,CRABP2,TFAP2C,CRABP2,NA,Activation,TF regulation,Protein,Gene
Q92754,ECM1,TFAP2C,ECM1,NA,Activation,TF regulation,Protein,Gene
Q92754,ESR1,TFAP2C,ESR1,NA,Activation,TF regulation,Protein,Gene
Q92754,GPX1,TFAP2C,GPX1,NA,Activation,TF regulation,Protein,Gene
Q92754,SULT1E1,TFAP2C,SULT1E1,NA,Activation,TF regulation,Protein,Gene
Q01664,CDKN1A,TFAP4,CDKN1A,NA,Activation,TF regulation,Protein,Gene
Q01664,MDM2,TFAP4,MDM2,NA,Repression,TF regulation,Protein,Gene
Q01664,PPP2R2B,TFAP4,PPP2R2B,NA,Repression,TF regulation,Protein,Gene
Q01664,SALL2,TFAP4,SALL2,NA,Activation,TF regulation,Protein,Gene
Q12800,PAX6,TFCP2,PAX6,NA,Activation,TF regulation,Protein,Gene
Q12800,SPP1,TFCP2,SPP1,NA,Activation,TF regulation,Protein,Gene
Q12800,TF,TFCP2,TF,NA,Activation,TF regulation,Protein,Gene
Q14186,CCNE1,TFDP1,CCNE1,NA,Activation,TF regulation,Protein,Gene
Q14186,CDK1,TFDP1,CDK1,NA,Activation,TF regulation,Protein,Gene
Q14186,DHFR,TFDP1,DHFR,NA,Activation,TF regulation,Protein,Gene
Q14186,MYBL2,TFDP1,MYBL2,NA,Activation,TF regulation,Protein,Gene
Q14186,NRIP1,TFDP1,NRIP1,NA,Activation,TF regulation,Protein,Gene
Q14186,PCNA,TFDP1,PCNA,NA,Activation,TF regulation,Protein,Gene
Q14186,RRM1,TFDP1,RRM1,NA,Activation,TF regulation,Protein,Gene
Q14186,TP53,TFDP1,TP53,NA,Repression,TF regulation,Protein,Gene
Q14186,TYMS,TFDP1,TYMS,NA,Activation,TF regulation,Protein,Gene
Q5H9I0,MAP1LC3B,TFDP3,MAP1LC3B,NA,Activation,TF regulation,Protein,Gene
P0C1Z6,EAF2,TFPT,EAF2,NA,Repression,TF regulation,Protein,Gene
P0C1Z6,EAF2,TFPT,EAF2,NA,Repression,TF regulation,Protein,Gene
Q15583,SERPINE1,TGIF1,SERPINE1,NA,Repression,TF regulation,Protein,Gene
Q15583,SOX3,TGIF1,SOX3,NA,Repression,TF regulation,Protein,Gene
P10827,SERPINC1,THRA,SERPINC1,NA,Repression,TF regulation,Protein,Gene
P10828,CGA,THRB,CGA,NA,Repression,TF regulation,Protein,Gene
Q04726,RUNX1,TLE3,RUNX1,NA,Repression,TF regulation,Protein,Gene
P31314,MYC,TLX1,MYC,NA,Activation,TF regulation,Protein,Gene
P31314,NR4A3,TLX1,NR4A3,NA,Activation,TF regulation,Protein,Gene
P21580,IRF7,TNFAIP3,IRF7,NA,Repression,TF regulation,Protein,Gene
P21580,JUN,TNFAIP3,JUN,NA,Repression,TF regulation,Protein,Gene
P21580,NFKB1,TNFAIP3,NFKB1,NA,Repression,TF regulation,Protein,Gene
P21580,RELA,TNFAIP3,RELA,NA,Repression,TF regulation,Protein,Gene
P50616,IL2,TOB1,IL2,NA,Repression,TF regulation,Protein,Gene
Q02880,RUNX1,TOP2B,RUNX1,NA,Activation,TF regulation,Protein,Gene
P04637,ABCB1,TP53,ABCB1,NA,Repression,TF regulation,Protein,Gene
P04637,AFP,TP53,AFP,NA,Repression,TF regulation,Protein,Gene
P04637,AKT1,TP53,AKT1,NA,Repression,TF regulation,Protein,Gene
P04637,APCS,TP53,APCS,NA,Activation,TF regulation,Protein,Gene
P04637,ATF3,TP53,ATF3,NA,Activation,TF regulation,Protein,Gene
P04637,BAX,TP53,BAX,NA,Activation,TF regulation,Protein,Gene
P04637,BBC3,TP53,BBC3,NA,Activation,TF regulation,Protein,Gene
P04637,BCL2,TP53,BCL2,NA,Repression,TF regulation,Protein,Gene
P04637,BCL2L1,TP53,BCL2L1,NA,Activation,TF regulation,Protein,Gene
P04637,BCL3,TP53,BCL3,NA,Repression,TF regulation,Protein,Gene
P04637,BDKRB2,TP53,BDKRB2,NA,Activation,TF regulation,Protein,Gene
P04637,BGLAP,TP53,BGLAP,NA,Activation,TF regulation,Protein,Gene
P04637,BIRC5,TP53,BIRC5,NA,Repression,TF regulation,Protein,Gene
P04637,BRCA1,TP53,BRCA1,NA,Repression,TF regulation,Protein,Gene
P04637,BRCA2,TP53,BRCA2,NA,Repression,TF regulation,Protein,Gene
P04637,CAV1,TP53,CAV1,NA,Activation,TF regulation,Protein,Gene
P04637,CCNB1,TP53,CCNB1,NA,Repression,TF regulation,Protein,Gene
P04637,CCNB2,TP53,CCNB2,NA,Repression,TF regulation,Protein,Gene
P04637,CCND1,TP53,CCND1,NA,Repression,TF regulation,Protein,Gene
P04637,CD82,TP53,CD82,NA,Activation,TF regulation,Protein,Gene
P04637,CDK1,TP53,CDK1,NA,Repression,TF regulation,Protein,Gene
P04637,CDK2,TP53,CDK2,NA,Repression,TF regulation,Protein,Gene
P04637,CDKN1A,TP53,CDKN1A,NA,Activation,TF regulation,Protein,Gene
P04637,CHEK1,TP53,CHEK1,NA,Repression,TF regulation,Protein,Gene
P04637,CHEK2,TP53,CHEK2,NA,Repression,TF regulation,Protein,Gene
P04637,CHUK,TP53,CHUK,NA,Repression,TF regulation,Protein,Gene
P04637,CKM,TP53,CKM,NA,Activation,TF regulation,Protein,Gene
P04637,CRYAB,TP53,CRYAB,NA,Activation,TF regulation,Protein,Gene
P04637,CTNNB1,TP53,CTNNB1,NA,Repression,TF regulation,Protein,Gene
P04637,CTSD,TP53,CTSD,NA,Activation,TF regulation,Protein,Gene
P04637,DDB1,TP53,DDB1,NA,Activation,TF regulation,Protein,Gene
P04637,DDB2,TP53,DDB2,NA,Activation,TF regulation,Protein,Gene
P04637,DNMT1,TP53,DNMT1,NA,Activation,TF regulation,Protein,Gene
P04637,DUSP1,TP53,DUSP1,NA,Activation,TF regulation,Protein,Gene
P04637,E2F1,TP53,E2F1,NA,Repression,TF regulation,Protein,Gene
P04637,E2F3,TP53,E2F3,NA,Repression,TF regulation,Protein,Gene
P04637,E2F7,TP53,E2F7,NA,Activation,TF regulation,Protein,Gene
P04637,EGFR,TP53,EGFR,NA,Activation,TF regulation,Protein,Gene
P04637,EPHA2,TP53,EPHA2,NA,Activation,TF regulation,Protein,Gene
P04637,EZH2,TP53,EZH2,NA,Activation,TF regulation,Protein,Gene
P04637,FAS,TP53,FAS,NA,Activation,TF regulation,Protein,Gene
P04637,FGF2,TP53,FGF2,NA,Repression,TF regulation,Protein,Gene
P04637,FLT1,TP53,FLT1,NA,Activation,TF regulation,Protein,Gene
P04637,FOXM1,TP53,FOXM1,NA,Repression,TF regulation,Protein,Gene
P04637,GADD45A,TP53,GADD45A,NA,Activation,TF regulation,Protein,Gene
P04637,GDF15,TP53,GDF15,NA,Activation,TF regulation,Protein,Gene
P04637,GML,TP53,GML,NA,Activation,TF regulation,Protein,Gene
P04637,GSTP1,TP53,GSTP1,NA,Activation,TF regulation,Protein,Gene
P04637,HIPK2,TP53,HIPK2,NA,Activation,TF regulation,Protein,Gene
P04637,HNF4A,TP53,HNF4A,NA,Repression,TF regulation,Protein,Gene
P04637,HSP90AB1,TP53,HSP90AB1,NA,Repression,TF regulation,Protein,Gene
P04637,IFI16,TP53,IFI16,NA,Activation,TF regulation,Protein,Gene
P04637,IGF1R,TP53,IGF1R,NA,Repression,TF regulation,Protein,Gene
P04637,IGFBP3,TP53,IGFBP3,NA,Activation,TF regulation,Protein,Gene
P04637,IPO7,TP53,IPO7,NA,Repression,TF regulation,Protein,Gene
P04637,KLF2,TP53,KLF2,NA,Repression,TF regulation,Protein,Gene
P04637,MAD1L1,TP53,MAD1L1,NA,Repression,TF regulation,Protein,Gene
P04637,MAP4,TP53,MAP4,NA,Repression,TF regulation,Protein,Gene
P04637,MCL1,TP53,MCL1,NA,Repression,TF regulation,Protein,Gene
P04637,MCM7,TP53,MCM7,NA,Repression,TF regulation,Protein,Gene
P04637,MDM2,TP53,MDM2,NA,Activation,TF regulation,Protein,Gene
P04637,MET,TP53,MET,NA,Repression,TF regulation,Protein,Gene
P04637,MGMT,TP53,MGMT,NA,Repression,TF regulation,Protein,Gene
P04637,MMP1,TP53,MMP1,NA,Repression,TF regulation,Protein,Gene
P04637,MMP2,TP53,MMP2,NA,Activation,TF regulation,Protein,Gene
P04637,MUC2,TP53,MUC2,NA,Activation,TF regulation,Protein,Gene
P04637,MYC,TP53,MYC,NA,Repression,TF regulation,Protein,Gene
P04637,NKX3-1,TP53,NKX3-1,NA,Repression,TF regulation,Protein,Gene
P04637,NLRC4,TP53,NLRC4,NA,Activation,TF regulation,Protein,Gene
P04637,OGG1,TP53,OGG1,NA,Activation,TF regulation,Protein,Gene
P04637,PAX5,TP53,PAX5,NA,Activation,TF regulation,Protein,Gene
P04637,PDGFRB,TP53,PDGFRB,NA,Activation,TF regulation,Protein,Gene
P04637,PERP,TP53,PERP,NA,Repression,TF regulation,Protein,Gene
P04637,PIAS3,TP53,PIAS3,NA,Repression,TF regulation,Protein,Gene
P04637,PMAIP1,TP53,PMAIP1,NA,Activation,TF regulation,Protein,Gene
P04637,PML,TP53,PML,NA,Activation,TF regulation,Protein,Gene
P04637,PTPA,TP53,PTPA,NA,Repression,TF regulation,Protein,Gene
P04637,PRC1,TP53,PRC1,NA,Repression,TF regulation,Protein,Gene
P04637,PTEN,TP53,PTEN,NA,Repression,TF regulation,Protein,Gene
P04637,PTTG1,TP53,PTTG1,NA,Activation,TF regulation,Protein,Gene
P04637,RASSF1,TP53,RASSF1,NA,Repression,TF regulation,Protein,Gene
P04637,RECQL4,TP53,RECQL4,NA,Activation,TF regulation,Protein,Gene
P04637,REEP5,TP53,REEP5,NA,Repression,TF regulation,Protein,Gene
P04637,S100B,TP53,S100B,NA,Activation,TF regulation,Protein,Gene
P04637,SFN,TP53,SFN,NA,Activation,TF regulation,Protein,Gene
P04637,SIVA1,TP53,SIVA1,NA,Activation,TF regulation,Protein,Gene
P04637,SLC2A1,TP53,SLC2A1,NA,Repression,TF regulation,Protein,Gene
P04637,SLC6A6,TP53,SLC6A6,NA,Repression,TF regulation,Protein,Gene
P04637,SSTR2,TP53,SSTR2,NA,Repression,TF regulation,Protein,Gene
P04637,STAT3,TP53,STAT3,NA,Repression,TF regulation,Protein,Gene
P04637,TBXAS1,TP53,TBXAS1,NA,Repression,TF regulation,Protein,Gene
P04637,TCF7L2,TP53,TCF7L2,NA,Repression,TF regulation,Protein,Gene
P04637,TERT,TP53,TERT,NA,Repression,TF regulation,Protein,Gene
P04637,THBS1,TP53,THBS1,NA,Activation,TF regulation,Protein,Gene
P04637,TNFRSF10A,TP53,TNFRSF10A,NA,Activation,TF regulation,Protein,Gene
P04637,TNFRSF10B,TP53,TNFRSF10B,NA,Activation,TF regulation,Protein,Gene
P04637,TP53,TP53,TP53,NA,Activation,TF regulation,Protein,Gene
P04637,TP53I3,TP53,TP53I3,NA,Activation,TF regulation,Protein,Gene
P04637,TRIM22,TP53,TRIM22,NA,Activation,TF regulation,Protein,Gene
P04637,TYMS,TP53,TYMS,NA,Repression,TF regulation,Protein,Gene
P04637,UHRF1,TP53,UHRF1,NA,Repression,TF regulation,Protein,Gene
P04637,UHRF1BP1,TP53,UHRF1BP1,NA,Activation,TF regulation,Protein,Gene
P04637,VCAN,TP53,VCAN,NA,Activation,TF regulation,Protein,Gene
P04637,VEGFA,TP53,VEGFA,NA,Activation,TF regulation,Protein,Gene
P04637,WRN,TP53,WRN,NA,Repression,TF regulation,Protein,Gene
P04637,XPO1,TP53,XPO1,NA,Repression,TF regulation,Protein,Gene
Q12888,BRCA1,TP53BP1,BRCA1,NA,Activation,TF regulation,Protein,Gene
Q9H3D4,BAX,TP63,BAX,NA,Activation,TF regulation,Protein,Gene
Q9H3D4,CDKN1A,TP63,CDKN1A,NA,Activation,TF regulation,Protein,Gene
Q9H3D4,ID2,TP63,ID2,NA,Repression,TF regulation,Protein,Gene
Q9H3D4,KLF4,TP63,KLF4,NA,Repression,TF regulation,Protein,Gene
Q9H3D4,TCF4,TP63,TCF4,NA,Activation,TF regulation,Protein,Gene
Q9H3D4,VDR,TP63,VDR,NA,Activation,TF regulation,Protein,Gene
O15350,BBC3,TP73,BBC3,NA,Activation,TF regulation,Protein,Gene
O15350,CDKN1A,TP73,CDKN1A,NA,Activation,TF regulation,Protein,Gene
O15350,PMAIP1,TP73,PMAIP1,NA,Activation,TF regulation,Protein,Gene
O15350,TERT,TP73,TERT,NA,Repression,TF regulation,Protein,Gene
Q9Y4K3,VEGFA,TRAF6,VEGFA,NA,Repression,TF regulation,Protein,Gene
Q96PN7,CD40,TRERF1,CD40,NA,Repression,TF regulation,Protein,Gene
Q96PN7,CD80,TRERF1,CD80,NA,Repression,TF regulation,Protein,Gene
Q96PN7,CD86,TRERF1,CD86,NA,Repression,TF regulation,Protein,Gene
Q96PN7,LILRB1,TRERF1,LILRB1,NA,Repression,TF regulation,Protein,Gene
Q96PN7,LILRB2,TRERF1,LILRB2,NA,Repression,TF regulation,Protein,Gene
Q96PN7,LILRB4,TRERF1,LILRB4,NA,Repression,TF regulation,Protein,Gene
Q96RU7,ATF4,TRIB3,ATF4,NA,Repression,TF regulation,Protein,Gene
O95361,DES,TRIM16,DES,NA,Repression,TF regulation,Protein,Gene
O95361,E2F1,TRIM16,E2F1,NA,Repression,TF regulation,Protein,Gene
O95361,VIM,TRIM16,VIM,NA,Repression,TF regulation,Protein,Gene
Q13263,E2F3,TRIM28,E2F3,NA,Repression,TF regulation,Protein,Gene
Q13263,E2F4,TRIM28,E2F4,NA,Repression,TF regulation,Protein,Gene
Q9UHF7,RUNX2,TRPS1,RUNX2,NA,Repression,TF regulation,Protein,Gene
Q9Y4A5,CCND2,TRRAP,CCND2,NA,Activation,TF regulation,Protein,Gene
Q9Y4A5,MITF,TRRAP,MITF,NA,Repression,TF regulation,Protein,Gene
Q15714,CNP,TSC22D1,CNP,NA,Activation,TF regulation,Protein,Gene
Q99576,CCND1,TSC22D3,CCND1,NA,Activation,TF regulation,Protein,Gene
Q99576,CDKN1A,TSC22D3,CDKN1A,NA,Repression,TF regulation,Protein,Gene
Q99576,FOXO1,TSC22D3,FOXO1,NA,Repression,TF regulation,Protein,Gene
Q99576,FOXO3,TSC22D3,FOXO3,NA,Repression,TF regulation,Protein,Gene
Q99576,FOXO4,TSC22D3,FOXO4,NA,Repression,TF regulation,Protein,Gene
Q99816,EGFR,TSG101,EGFR,NA,Repression,TF regulation,Protein,Gene
Q99816,REG4,TSG101,REG4,NA,Repression,TF regulation,Protein,Gene
Q9UNY4,TPO,TTF2,TPO,NA,Activation,TF regulation,Protein,Gene
Q15672,AKR1C2,TWIST1,AKR1C2,NA,Activation,TF regulation,Protein,Gene
Q15672,AKT2,TWIST1,AKT2,NA,Activation,TF regulation,Protein,Gene
Q15672,ATM,TWIST1,ATM,NA,Activation,TF regulation,Protein,Gene
Q15672,BMI1,TWIST1,BMI1,NA,Activation,TF regulation,Protein,Gene
Q15672,CD44,TWIST1,CD44,NA,Activation,TF regulation,Protein,Gene
Q15672,CDH1,TWIST1,CDH1,NA,Repression,TF regulation,Protein,Gene
Q15672,CTPS1,TWIST1,CTPS1,NA,Activation,TF regulation,Protein,Gene
Q15672,DNM3,TWIST1,DNM3,NA,Activation,TF regulation,Protein,Gene
Q15672,ERBB3,TWIST1,ERBB3,NA,Repression,TF regulation,Protein,Gene
Q15672,ESR1,TWIST1,ESR1,NA,Repression,TF regulation,Protein,Gene
Q15672,F2R,TWIST1,F2R,NA,Repression,TF regulation,Protein,Gene
Q15672,FN1,TWIST1,FN1,NA,Activation,TF regulation,Protein,Gene
Q15672,FOS,TWIST1,FOS,NA,Activation,TF regulation,Protein,Gene
Q15672,GDF15,TWIST1,GDF15,NA,Activation,TF regulation,Protein,Gene
Q15672,ICAM1,TWIST1,ICAM1,NA,Activation,TF regulation,Protein,Gene
Q15672,ILK,TWIST1,ILK,NA,Repression,TF regulation,Protein,Gene
Q15672,ITGB1,TWIST1,ITGB1,NA,Activation,TF regulation,Protein,Gene
Q15672,MAPK1,TWIST1,MAPK1,NA,Activation,TF regulation,Protein,Gene
Q15672,MAPK3,TWIST1,MAPK3,NA,Activation,TF regulation,Protein,Gene
Q15672,MMP2,TWIST1,MMP2,NA,Activation,TF regulation,Protein,Gene
Q15672,MYB,TWIST1,MYB,NA,Repression,TF regulation,Protein,Gene
Q15672,NF1,TWIST1,NF1,NA,Repression,TF regulation,Protein,Gene
Q15672,NR2F1,TWIST1,NR2F1,NA,Activation,TF regulation,Protein,Gene
Q15672,PFDN4,TWIST1,PFDN4,NA,Repression,TF regulation,Protein,Gene
Q15672,RAP1A,TWIST1,RAP1A,NA,Repression,TF regulation,Protein,Gene
Q15672,RBL2,TWIST1,RBL2,NA,Repression,TF regulation,Protein,Gene
Q15672,RUNX2,TWIST1,RUNX2,NA,Repression,TF regulation,Protein,Gene
Q15672,SRPX,TWIST1,SRPX,NA,Repression,TF regulation,Protein,Gene
Q15672,TIMP1,TWIST1,TIMP1,NA,Repression,TF regulation,Protein,Gene
Q15672,YBX1,TWIST1,YBX1,NA,Activation,TF regulation,Protein,Gene
Q8WVJ9,AKR1C2,TWIST2,AKR1C2,NA,Activation,TF regulation,Protein,Gene
Q8WVJ9,ATM,TWIST2,ATM,NA,Activation,TF regulation,Protein,Gene
Q8WVJ9,CD44,TWIST2,CD44,NA,Activation,TF regulation,Protein,Gene
Q8WVJ9,CDH2,TWIST2,CDH2,NA,Repression,TF regulation,Protein,Gene
Q8WVJ9,CTPS1,TWIST2,CTPS1,NA,Activation,TF regulation,Protein,Gene
Q8WVJ9,ERBB3,TWIST2,ERBB3,NA,Repression,TF regulation,Protein,Gene
Q8WVJ9,F2R,TWIST2,F2R,NA,Repression,TF regulation,Protein,Gene
Q8WVJ9,FN1,TWIST2,FN1,NA,Activation,TF regulation,Protein,Gene
Q8WVJ9,FOS,TWIST2,FOS,NA,Activation,TF regulation,Protein,Gene
Q8WVJ9,GDF15,TWIST2,GDF15,NA,Activation,TF regulation,Protein,Gene
Q8WVJ9,ICAM1,TWIST2,ICAM1,NA,Activation,TF regulation,Protein,Gene
Q8WVJ9,ILK,TWIST2,ILK,NA,Repression,TF regulation,Protein,Gene
Q8WVJ9,ITGB1,TWIST2,ITGB1,NA,Activation,TF regulation,Protein,Gene
Q8WVJ9,MMP2,TWIST2,MMP2,NA,Activation,TF regulation,Protein,Gene
Q8WVJ9,MYB,TWIST2,MYB,NA,Repression,TF regulation,Protein,Gene
Q8WVJ9,NF1,TWIST2,NF1,NA,Repression,TF regulation,Protein,Gene
Q8WVJ9,NR2F1,TWIST2,NR2F1,NA,Activation,TF regulation,Protein,Gene
Q8WVJ9,PFDN4,TWIST2,PFDN4,NA,Repression,TF regulation,Protein,Gene
Q8WVJ9,RAP1A,TWIST2,RAP1A,NA,Repression,TF regulation,Protein,Gene
Q8WVJ9,RBL2,TWIST2,RBL2,NA,Repression,TF regulation,Protein,Gene
Q8WVJ9,RUNX2,TWIST2,RUNX2,NA,Repression,TF regulation,Protein,Gene
Q8WVJ9,SRPX,TWIST2,SRPX,NA,Repression,TF regulation,Protein,Gene
O94763,AR,URI1,AR,NA,Repression,TF regulation,Protein,Gene
P22415,ABCA1,USF1,ABCA1,NA,Activation,TF regulation,Protein,Gene
P22415,AGT,USF1,AGT,NA,Repression,TF regulation,Protein,Gene
P22415,APC,USF1,APC,NA,Activation,TF regulation,Protein,Gene
P22415,APOA5,USF1,APOA5,NA,Activation,TF regulation,Protein,Gene
P22415,ASCL2,USF1,ASCL2,NA,Repression,TF regulation,Protein,Gene
P22415,B2M,USF1,B2M,NA,Activation,TF regulation,Protein,Gene
P22415,CD2,USF1,CD2,NA,Activation,TF regulation,Protein,Gene
P22415,CEACAM1,USF1,CEACAM1,NA,Activation,TF regulation,Protein,Gene
P22415,CEACAM5,USF1,CEACAM5,NA,Activation,TF regulation,Protein,Gene
P22415,CIITA,USF1,CIITA,NA,Activation,TF regulation,Protein,Gene
P22415,CTSD,USF1,CTSD,NA,Activation,TF regulation,Protein,Gene
P22415,CXCR4,USF1,CXCR4,NA,Activation,TF regulation,Protein,Gene
P22415,CYP19A1,USF1,CYP19A1,NA,Repression,TF regulation,Protein,Gene
P22415,CYP1A1,USF1,CYP1A1,NA,Repression,TF regulation,Protein,Gene
P22415,FMR1,USF1,FMR1,NA,Activation,TF regulation,Protein,Gene
P22415,FOXA2,USF1,FOXA2,NA,Activation,TF regulation,Protein,Gene
P22415,GATA5,USF1,GATA5,NA,Activation,TF regulation,Protein,Gene
P22415,GCK,USF1,GCK,NA,Activation,TF regulation,Protein,Gene
P22415,HMOX1,USF1,HMOX1,NA,Activation,TF regulation,Protein,Gene
P22415,HOXB4,USF1,HOXB4,NA,Activation,TF regulation,Protein,Gene
P22415,P4HA1,USF1,P4HA1,NA,Activation,TF regulation,Protein,Gene
P22415,PF4,USF1,PF4,NA,Activation,TF regulation,Protein,Gene
P22415,PIGR,USF1,PIGR,NA,Activation,TF regulation,Protein,Gene
P22415,PTGDS,USF1,PTGDS,NA,Activation,TF regulation,Protein,Gene
P22415,PTGS2,USF1,PTGS2,NA,Repression,TF regulation,Protein,Gene
P22415,S100A6,USF1,S100A6,NA,Activation,TF regulation,Protein,Gene
P22415,SERBP1,USF1,SERBP1,NA,Activation,TF regulation,Protein,Gene
P22415,SERPINE1,USF1,SERPINE1,NA,Activation,TF regulation,Protein,Gene
P22415,SLC19A1,USF1,SLC19A1,NA,Activation,TF regulation,Protein,Gene
P22415,SLC22A2,USF1,SLC22A2,NA,Activation,TF regulation,Protein,Gene
P22415,TERT,USF1,TERT,NA,Activation,TF regulation,Protein,Gene
P22415,TGFB1,USF1,TGFB1,NA,Activation,TF regulation,Protein,Gene
P22415,TGFB2,USF1,TGFB2,NA,Activation,TF regulation,Protein,Gene
P22415,TOP3A,USF1,TOP3A,NA,Activation,TF regulation,Protein,Gene
P22415,TRAP,USF1,TRAP,NA,Activation,TF regulation,Protein,Gene
Q15853,ABCA1,USF2,ABCA1,NA,Activation,TF regulation,Protein,Gene
Q15853,APC,USF2,APC,NA,Activation,TF regulation,Protein,Gene
Q15853,APOA5,USF2,APOA5,NA,Activation,TF regulation,Protein,Gene
Q15853,ASCL2,USF2,ASCL2,NA,Repression,TF regulation,Protein,Gene
Q15853,ATP5F1A,USF2,ATP5F1A,NA,Activation,TF regulation,Protein,Gene
Q15853,B2M,USF2,B2M,NA,Activation,TF regulation,Protein,Gene
Q15853,CD2,USF2,CD2,NA,Activation,TF regulation,Protein,Gene
Q15853,CEACAM1,USF2,CEACAM1,NA,Activation,TF regulation,Protein,Gene
Q15853,CEACAM5,USF2,CEACAM5,NA,Activation,TF regulation,Protein,Gene
Q15853,CTSD,USF2,CTSD,NA,Activation,TF regulation,Protein,Gene
Q15853,CXCR2,USF2,CXCR2,NA,Activation,TF regulation,Protein,Gene
Q15853,CXCR4,USF2,CXCR4,NA,Activation,TF regulation,Protein,Gene
Q15853,CYP19A1,USF2,CYP19A1,NA,Repression,TF regulation,Protein,Gene
Q15853,FMR1,USF2,FMR1,NA,Activation,TF regulation,Protein,Gene
Q15853,HMOX1,USF2,HMOX1,NA,Activation,TF regulation,Protein,Gene
Q15853,HOXB4,USF2,HOXB4,NA,Activation,TF regulation,Protein,Gene
Q15853,IGF2R,USF2,IGF2R,NA,Activation,TF regulation,Protein,Gene
Q15853,P4HA1,USF2,P4HA1,NA,Activation,TF regulation,Protein,Gene
Q15853,PDX1,USF2,PDX1,NA,Activation,TF regulation,Protein,Gene
Q15853,PF4,USF2,PF4,NA,Activation,TF regulation,Protein,Gene
Q15853,PIGR,USF2,PIGR,NA,Activation,TF regulation,Protein,Gene
Q15853,SLC19A1,USF2,SLC19A1,NA,Activation,TF regulation,Protein,Gene
Q15853,TERT,USF2,TERT,NA,Activation,TF regulation,Protein,Gene
Q15853,TGFB1,USF2,TGFB1,NA,Activation,TF regulation,Protein,Gene
Q15853,TGFB2,USF2,TGFB2,NA,Activation,TF regulation,Protein,Gene
Q15853,THBS1,USF2,THBS1,NA,Activation,TF regulation,Protein,Gene
Q15853,TOP3A,USF2,TOP3A,NA,Activation,TF regulation,Protein,Gene
Q15853,TRAP,USF2,TRAP,NA,Activation,TF regulation,Protein,Gene
P11473,CALB1,VDR,CALB1,NA,Activation,TF regulation,Protein,Gene
P11473,CD14,VDR,CD14,NA,Activation,TF regulation,Protein,Gene
P11473,CDH1,VDR,CDH1,NA,Activation,TF regulation,Protein,Gene
P11473,CDKN1B,VDR,CDKN1B,NA,Activation,TF regulation,Protein,Gene
P11473,CST5,VDR,CST5,NA,Activation,TF regulation,Protein,Gene
P11473,CXCL8,VDR,CXCL8,NA,Activation,TF regulation,Protein,Gene
P11473,CYP24A1,VDR,CYP24A1,NA,Activation,TF regulation,Protein,Gene
P11473,CYP7A1,VDR,CYP7A1,NA,Repression,TF regulation,Protein,Gene
P11473,DKK4,VDR,DKK4,NA,Repression,TF regulation,Protein,Gene
P11473,EGFR,VDR,EGFR,NA,Repression,TF regulation,Protein,Gene
P11473,HOXA10,VDR,HOXA10,NA,Activation,TF regulation,Protein,Gene
P11473,IGFBP3,VDR,IGFBP3,NA,Repression,TF regulation,Protein,Gene
P11473,IL10,VDR,IL10,NA,Repression,TF regulation,Protein,Gene
P11473,IL12B,VDR,IL12B,NA,Repression,TF regulation,Protein,Gene
P11473,IL2,VDR,IL2,NA,Repression,TF regulation,Protein,Gene
P11473,IL6,VDR,IL6,NA,Repression,TF regulation,Protein,Gene
P11473,NCOR1,VDR,NCOR1,NA,Activation,TF regulation,Protein,Gene
P11473,PTH,VDR,PTH,NA,Repression,TF regulation,Protein,Gene
P11473,SKP2,VDR,SKP2,NA,Repression,TF regulation,Protein,Gene
P11473,TNFRSF21,VDR,TNFRSF21,NA,Activation,TF regulation,Protein,Gene
P11473,TPT1,VDR,TPT1,NA,Activation,TF regulation,Protein,Gene
Q14119,IL3,VEZF1,IL3,NA,Activation,TF regulation,Protein,Gene
P40337,ANGPT2,VHL,ANGPT2,NA,Repression,TF regulation,Protein,Gene
P40337,AR,VHL,AR,NA,Activation,TF regulation,Protein,Gene
P40337,CDKN1B,VHL,CDKN1B,NA,Activation,TF regulation,Protein,Gene
P40337,CDKN1C,VHL,CDKN1C,NA,Activation,TF regulation,Protein,Gene
P40337,CXCR4,VHL,CXCR4,NA,Repression,TF regulation,Protein,Gene
P40337,DAB2,VHL,DAB2,NA,Activation,TF regulation,Protein,Gene
P40337,HIF1A,VHL,HIF1A,NA,Repression,TF regulation,Protein,Gene
P40337,IGF1R,VHL,IGF1R,NA,Repression,TF regulation,Protein,Gene
P40337,NMU,VHL,NMU,NA,Repression,TF regulation,Protein,Gene
P40337,SPARC,VHL,SPARC,NA,Activation,TF regulation,Protein,Gene
P40337,TFRC,VHL,TFRC,NA,Repression,TF regulation,Protein,Gene
P40337,VEGFA,VHL,VEGFA,NA,Activation,TF regulation,Protein,Gene
P19544,AMH,WT1,AMH,NA,Activation,TF regulation,Protein,Gene
P19544,AR,WT1,AR,NA,Repression,TF regulation,Protein,Gene
P19544,CAMP,WT1,CAMP,NA,Repression,TF regulation,Protein,Gene
P19544,CCNE1,WT1,CCNE1,NA,Repression,TF regulation,Protein,Gene
P19544,CD14,WT1,CD14,NA,Activation,TF regulation,Protein,Gene
P19544,ADGRE5,WT1,ADGRE5,NA,Activation,TF regulation,Protein,Gene
P19544,CDC73,WT1,CDC73,NA,Repression,TF regulation,Protein,Gene
P19544,CDH1,WT1,CDH1,NA,Repression,TF regulation,Protein,Gene
P19544,CIAO1,WT1,CIAO1,NA,Repression,TF regulation,Protein,Gene
P19544,CKM,WT1,CKM,NA,Activation,TF regulation,Protein,Gene
P19544,CXXC5,WT1,CXXC5,NA,Activation,TF regulation,Protein,Gene
P19544,CYP19A1,WT1,CYP19A1,NA,Repression,TF regulation,Protein,Gene
P19544,DNMT3A,WT1,DNMT3A,NA,Activation,TF regulation,Protein,Gene
P19544,EGFR,WT1,EGFR,NA,Repression,TF regulation,Protein,Gene
P19544,ETS1,WT1,ETS1,NA,Activation,TF regulation,Protein,Gene
P19544,HBEGF,WT1,HBEGF,NA,Activation,TF regulation,Protein,Gene
P19544,IGF1,WT1,IGF1,NA,Repression,TF regulation,Protein,Gene
P19544,IGF1R,WT1,IGF1R,NA,Repression,TF regulation,Protein,Gene
P19544,IGF2,WT1,IGF2,NA,Repression,TF regulation,Protein,Gene
P19544,IRF8,WT1,IRF8,NA,Repression,TF regulation,Protein,Gene
P19544,ITGAX,WT1,ITGAX,NA,Activation,TF regulation,Protein,Gene
P19544,JUN,WT1,JUN,NA,Activation,TF regulation,Protein,Gene
P19544,MYB,WT1,MYB,NA,Repression,TF regulation,Protein,Gene
P19544,MYC,WT1,MYC,NA,Repression,TF regulation,Protein,Gene
P19544,MYCN,WT1,MYCN,NA,Repression,TF regulation,Protein,Gene
P19544,NDRG2,WT1,NDRG2,NA,Activation,TF regulation,Protein,Gene
P19544,ODC1,WT1,ODC1,NA,Activation,TF regulation,Protein,Gene
P19544,PAX2,WT1,PAX2,NA,Repression,TF regulation,Protein,Gene
P19544,PDGFA,WT1,PDGFA,NA,Repression,TF regulation,Protein,Gene
P19544,PODXL,WT1,PODXL,NA,Activation,TF regulation,Protein,Gene
P19544,SMAD3,WT1,SMAD3,NA,Activation,TF regulation,Protein,Gene
P19544,SRY,WT1,SRY,NA,Activation,TF regulation,Protein,Gene
P19544,STIM1,WT1,STIM1,NA,Repression,TF regulation,Protein,Gene
P19544,TBXA2R,WT1,TBXA2R,NA,Repression,TF regulation,Protein,Gene
P19544,TERT,WT1,TERT,NA,Repression,TF regulation,Protein,Gene
P19544,THBS1,WT1,THBS1,NA,Activation,TF regulation,Protein,Gene
P19544,UBE2I,WT1,UBE2I,NA,Repression,TF regulation,Protein,Gene
P19544,VDR,WT1,VDR,NA,Activation,TF regulation,Protein,Gene
P19544,VEGFA,WT1,VEGFA,NA,Activation,TF regulation,Protein,Gene
Q9H0M0,ERBB4,WWP1,ERBB4,NA,Repression,TF regulation,Protein,Gene
Q9H0M0,TGFBR1,WWP1,TGFBR1,NA,Repression,TF regulation,Protein,Gene
Q9GZV5,ASNS,WWTR1,ASNS,NA,Repression,TF regulation,Protein,Gene
Q9GZV5,BAK1,WWTR1,BAK1,NA,Activation,TF regulation,Protein,Gene
Q9GZV5,BAX,WWTR1,BAX,NA,Activation,TF regulation,Protein,Gene
Q9GZV5,LTBR,WWTR1,LTBR,NA,Activation,TF regulation,Protein,Gene
Q9GZV5,SMAD3,WWTR1,SMAD3,NA,Activation,TF regulation,Protein,Gene
P17861,ERP29,XBP1,ERP29,NA,Repression,TF regulation,Protein,Gene
P17861,ESR1,XBP1,ESR1,NA,Activation,TF regulation,Protein,Gene
P17861,HSPA5,XBP1,HSPA5,NA,Activation,TF regulation,Protein,Gene
P17861,NPPB,XBP1,NPPB,NA,Activation,TF regulation,Protein,Gene
Q01831,CASP2,XPC,CASP2,NA,Repression,TF regulation,Protein,Gene
Q01831,KIN,XPC,KIN,NA,Activation,TF regulation,Protein,Gene
Q01831,RNF111,XPC,RNF111,NA,Repression,TF regulation,Protein,Gene
P13010,ETS1,XRCC5,ETS1,NA,Repression,TF regulation,Protein,Gene
P67809,ABCB1,YBX1,ABCB1,NA,Activation,TF regulation,Protein,Gene
P67809,AGT,YBX1,AGT,NA,Activation,TF regulation,Protein,Gene
P67809,ANAPC4,YBX1,ANAPC4,NA,Repression,TF regulation,Protein,Gene
P67809,CCNB1,YBX1,CCNB1,NA,Repression,TF regulation,Protein,Gene
P67809,CCNC,YBX1,CCNC,NA,Repression,TF regulation,Protein,Gene
P67809,CDC20,YBX1,CDC20,NA,Repression,TF regulation,Protein,Gene
P67809,CDH1,YBX1,CDH1,NA,Activation,TF regulation,Protein,Gene
P67809,CDKN3,YBX1,CDKN3,NA,Activation,TF regulation,Protein,Gene
P67809,CKS2,YBX1,CKS2,NA,Repression,TF regulation,Protein,Gene
P67809,CXCR4,YBX1,CXCR4,NA,Activation,TF regulation,Protein,Gene
P67809,EGFR,YBX1,EGFR,NA,Activation,TF regulation,Protein,Gene
P67809,ERBB2,YBX1,ERBB2,NA,Activation,TF regulation,Protein,Gene
P67809,ERBB3,YBX1,ERBB3,NA,Activation,TF regulation,Protein,Gene
P67809,FAS,YBX1,FAS,NA,Repression,TF regulation,Protein,Gene
P67809,KPNA2,YBX1,KPNA2,NA,Repression,TF regulation,Protein,Gene
P67809,MET,YBX1,MET,NA,Activation,TF regulation,Protein,Gene
P67809,MMP13,YBX1,MMP13,NA,Repression,TF regulation,Protein,Gene
P67809,MNAT1,YBX1,MNAT1,NA,Repression,TF regulation,Protein,Gene
P67809,MYCN,YBX1,MYCN,NA,Activation,TF regulation,Protein,Gene
P67809,RAD9A,YBX1,RAD9A,NA,Activation,TF regulation,Protein,Gene
P67809,RBBP8,YBX1,RBBP8,NA,Repression,TF regulation,Protein,Gene
P67809,SKP2,YBX1,SKP2,NA,Repression,TF regulation,Protein,Gene
P67809,SUMO1,YBX1,SUMO1,NA,Repression,TF regulation,Protein,Gene
P67809,TYMS,YBX1,TYMS,NA,Repression,TF regulation,Protein,Gene
O95619,TP53,YEATS4,TP53,NA,Repression,TF regulation,Protein,Gene
P25490,ACTC1,YY1,ACTC1,NA,Repression,TF regulation,Protein,Gene
P25490,APC,YY1,APC,NA,Repression,TF regulation,Protein,Gene
P25490,APH1A,YY1,APH1A,NA,Activation,TF regulation,Protein,Gene
P25490,ATP2C1,YY1,ATP2C1,NA,Activation,TF regulation,Protein,Gene
P25490,CCR5,YY1,CCR5,NA,Repression,TF regulation,Protein,Gene
P25490,CFTR,YY1,CFTR,NA,Activation,TF regulation,Protein,Gene
P25490,COX7C,YY1,COX7C,NA,Activation,TF regulation,Protein,Gene
P25490,CREBBP,YY1,CREBBP,NA,Repression,TF regulation,Protein,Gene
P25490,CTCF,YY1,CTCF,NA,Activation,TF regulation,Protein,Gene
P25490,CXCR4,YY1,CXCR4,NA,Repression,TF regulation,Protein,Gene
P25490,DBH,YY1,DBH,NA,Activation,TF regulation,Protein,Gene
P25490,DNAJB4,YY1,DNAJB4,NA,Activation,TF regulation,Protein,Gene
P25490,EGFR,YY1,EGFR,NA,Activation,TF regulation,Protein,Gene
P25490,EPAS1,YY1,EPAS1,NA,Repression,TF regulation,Protein,Gene
P25490,ERBB2,YY1,ERBB2,NA,Activation,TF regulation,Protein,Gene
P25490,ERCC5,YY1,ERCC5,NA,Activation,TF regulation,Protein,Gene
P25490,FAS,YY1,FAS,NA,Repression,TF regulation,Protein,Gene
P25490,FCER1A,YY1,FCER1A,NA,Activation,TF regulation,Protein,Gene
P25490,GDAP1,YY1,GDAP1,NA,Activation,TF regulation,Protein,Gene
P25490,HAS2,YY1,HAS2,NA,Repression,TF regulation,Protein,Gene
P25490,HOXB13,YY1,HOXB13,NA,Repression,TF regulation,Protein,Gene
P25490,HSD3B2,YY1,HSD3B2,NA,Activation,TF regulation,Protein,Gene
P25490,HSPA5,YY1,HSPA5,NA,Activation,TF regulation,Protein,Gene
P25490,IFNG,YY1,IFNG,NA,Activation,TF regulation,Protein,Gene
P25490,IL4,YY1,IL4,NA,Activation,TF regulation,Protein,Gene
P25490,IL5,YY1,IL5,NA,Activation,TF regulation,Protein,Gene
P25490,MUC4,YY1,MUC4,NA,Repression,TF regulation,Protein,Gene
P25490,MYC,YY1,MYC,NA,Activation,TF regulation,Protein,Gene
P25490,NF1,YY1,NF1,NA,Activation,TF regulation,Protein,Gene
P25490,PCNA,YY1,PCNA,NA,Activation,TF regulation,Protein,Gene
P25490,PDIA6,YY1,PDIA6,NA,Repression,TF regulation,Protein,Gene
P25490,POSTN,YY1,POSTN,NA,Repression,TF regulation,Protein,Gene
P25490,PRDM2,YY1,PRDM2,NA,Activation,TF regulation,Protein,Gene
P25490,SURF1,YY1,SURF1,NA,Activation,TF regulation,Protein,Gene
P25490,SURF2,YY1,SURF2,NA,Activation,TF regulation,Protein,Gene
P25490,TFAP2A,YY1,TFAP2A,NA,Activation,TF regulation,Protein,Gene
P25490,TNFRSF10B,YY1,TNFRSF10B,NA,Activation,TF regulation,Protein,Gene
P25490,TOP3A,YY1,TOP3A,NA,Activation,TF regulation,Protein,Gene
P25490,TP53,YY1,TP53,NA,Activation,TF regulation,Protein,Gene
P25490,TP73,YY1,TP73,NA,Activation,TF regulation,Protein,Gene
P25490,VEGFB,YY1,VEGFB,NA,Activation,TF regulation,Protein,Gene
P25490,ZNF175,YY1,ZNF175,NA,Activation,TF regulation,Protein,Gene
O43829,FHL2,ZBTB14,FHL2,NA,Activation,TF regulation,Protein,Gene
Q05516,BCL2,ZBTB16,BCL2,NA,Repression,TF regulation,Protein,Gene
Q05516,BID,ZBTB16,BID,NA,Repression,TF regulation,Protein,Gene
Q05516,CCNA2,ZBTB16,CCNA2,NA,Repression,TF regulation,Protein,Gene
Q05516,CRABP1,ZBTB16,CRABP1,NA,Activation,TF regulation,Protein,Gene
Q05516,CXCR4,ZBTB16,CXCR4,NA,Activation,TF regulation,Protein,Gene
Q05516,SOX9,ZBTB16,SOX9,NA,Activation,TF regulation,Protein,Gene
Q13105,CDKN1A,ZBTB17,CDKN1A,NA,Repression,TF regulation,Protein,Gene
Q8N680,ARF1,ZBTB2,ARF1,NA,Repression,TF regulation,Protein,Gene
Q8N680,CDKN1A,ZBTB2,CDKN1A,NA,Repression,TF regulation,Protein,Gene
Q8N680,MDM2,ZBTB2,MDM2,NA,Activation,TF regulation,Protein,Gene
Q8N680,TP53,ZBTB2,TP53,NA,Repression,TF regulation,Protein,Gene
O15062,CDKN1A,ZBTB5,CDKN1A,NA,Repression,TF regulation,Protein,Gene
O95365,CDKN2A,ZBTB7A,CDKN2A,NA,Repression,TF regulation,Protein,Gene
O95365,FOS,ZBTB7A,FOS,NA,Repression,TF regulation,Protein,Gene
O95365,MYC,ZBTB7A,MYC,NA,Repression,TF regulation,Protein,Gene
O95365,PFKP,ZBTB7A,PFKP,NA,Repression,TF regulation,Protein,Gene
O95365,PKM,ZBTB7A,PKM,NA,Repression,TF regulation,Protein,Gene
O95365,SLC2A3,ZBTB7A,SLC2A3,NA,Repression,TF regulation,Protein,Gene
P37275,BCL6,ZEB1,BCL6,NA,Repression,TF regulation,Protein,Gene
P37275,CDH1,ZEB1,CDH1,NA,Activation,TF regulation,Protein,Gene
P37275,CXADR,ZEB1,CXADR,NA,Repression,TF regulation,Protein,Gene
P37275,EPCAM,ZEB1,EPCAM,NA,Repression,TF regulation,Protein,Gene
P37275,GRHL2,ZEB1,GRHL2,NA,Repression,TF regulation,Protein,Gene
P37275,MUC1,ZEB1,MUC1,NA,Repression,TF regulation,Protein,Gene
P37275,PKP3,ZEB1,PKP3,NA,Repression,TF regulation,Protein,Gene
P37275,POU5F1,ZEB1,POU5F1,NA,Activation,TF regulation,Protein,Gene
P37275,SPRR1B,ZEB1,SPRR1B,NA,Activation,TF regulation,Protein,Gene
O60315,CDH1,ZEB2,CDH1,NA,Repression,TF regulation,Protein,Gene
O60315,CXADR,ZEB2,CXADR,NA,Repression,TF regulation,Protein,Gene
O60315,ITGA5,ZEB2,ITGA5,NA,Activation,TF regulation,Protein,Gene
O60315,MEOX2,ZEB2,MEOX2,NA,Repression,TF regulation,Protein,Gene
O60315,POU5F1,ZEB2,POU5F1,NA,Activation,TF regulation,Protein,Gene
O60315,VIM,ZEB2,VIM,NA,Activation,TF regulation,Protein,Gene
Q15911,AFP,ZFHX3,AFP,NA,Repression,TF regulation,Protein,Gene
Q15911,CDKN1A,ZFHX3,CDKN1A,NA,Activation,TF regulation,Protein,Gene
Q15911,MUC5AC,ZFHX3,MUC5AC,NA,Repression,TF regulation,Protein,Gene
Q15911,MYB,ZFHX3,MYB,NA,Repression,TF regulation,Protein,Gene
P26651,CXCL8,ZFP36,CXCL8,NA,Repression,TF regulation,Protein,Gene
P26651,ELAVL1,ZFP36,ELAVL1,NA,Activation,TF regulation,Protein,Gene
P26651,HIF1A,ZFP36,HIF1A,NA,Activation,TF regulation,Protein,Gene
P26651,IL2,ZFP36,IL2,NA,Repression,TF regulation,Protein,Gene
P26651,IL6,ZFP36,IL6,NA,Repression,TF regulation,Protein,Gene
P26651,LATS2,ZFP36,LATS2,NA,Repression,TF regulation,Protein,Gene
P26651,VEGFA,ZFP36,VEGFA,NA,Repression,TF regulation,Protein,Gene
Q07352,VEGFA,ZFP36L1,VEGFA,NA,Repression,TF regulation,Protein,Gene
Q9Y6X8,AFP,ZHX2,AFP,NA,Repression,TF regulation,Protein,Gene
Q9Y6X8,CCNA2,ZHX2,CCNA2,NA,Repression,TF regulation,Protein,Gene
Q9Y6X8,CCNE1,ZHX2,CCNE1,NA,Repression,TF regulation,Protein,Gene
Q15915,BCL2L13,ZIC1,BCL2L13,NA,Activation,TF regulation,Protein,Gene
Q15915,EIF3M,ZIC1,EIF3M,NA,Activation,TF regulation,Protein,Gene
Q15915,FAM57A,ZIC1,FAM57A,NA,Activation,TF regulation,Protein,Gene
Q15915,JUND,ZIC1,JUND,NA,Activation,TF regulation,Protein,Gene
O95409,TCF4,ZIC2,TCF4,NA,Repression,TF regulation,Protein,Gene
Q15326,IL6,ZMYND11,IL6,NA,Activation,TF regulation,Protein,Gene
P52747,BUB1B,ZNF143,BUB1B,NA,Activation,TF regulation,Protein,Gene
P52747,PCYT1A,ZNF143,PCYT1A,NA,Activation,TF regulation,Protein,Gene
Q9UQR1,GAST,ZNF148,GAST,NA,Activation,TF regulation,Protein,Gene
Q9UQR1,MMP3,ZNF148,MMP3,NA,Activation,TF regulation,Protein,Gene
Q9UQR1,SOX18,ZNF148,SOX18,NA,Repression,TF regulation,Protein,Gene
Q9UQR1,VIM,ZNF148,VIM,NA,Repression,TF regulation,Protein,Gene
Q9HCG1,TLR4,ZNF160,TLR4,NA,Repression,TF regulation,Protein,Gene
Q9Y473,NTF3,ZNF175,NTF3,NA,Activation,TF regulation,Protein,Gene
O95125,ABCA1,ZNF202,ABCA1,NA,Repression,TF regulation,Protein,Gene
O95125,POMGNT1,ZNF202,POMGNT1,NA,Repression,TF regulation,Protein,Gene
O75362,CDH1,ZNF217,CDH1,NA,Repression,TF regulation,Protein,Gene
Q9NZL3,ALDOA,ZNF224,ALDOA,NA,Repression,TF regulation,Protein,Gene
Q9NZL3,VDR,ZNF224,VDR,NA,Activation,TF regulation,Protein,Gene
Q16600,RBP3,ZNF239,RBP3,NA,Repression,TF regulation,Protein,Gene
P17028,CCND1,ZNF24,CCND1,NA,Activation,TF regulation,Protein,Gene
P17028,CTNNB1,ZNF24,CTNNB1,NA,Activation,TF regulation,Protein,Gene
P17028,PDGFRB,ZNF24,PDGFRB,NA,Repression,TF regulation,Protein,Gene
P17028,VEGFA,ZNF24,VEGFA,NA,Repression,TF regulation,Protein,Gene
Q14586,MMP10,ZNF267,MMP10,NA,Repression,TF regulation,Protein,Gene
Q96RE9,CDKN1A,ZNF300,CDKN1A,NA,Repression,TF regulation,Protein,Gene
Q96RE9,CDKN1B,ZNF300,CDKN1B,NA,Repression,TF regulation,Protein,Gene
Q96RE9,CXCL8,ZNF300,CXCL8,NA,Activation,TF regulation,Protein,Gene
Q96RE9,IL6,ZNF300,IL6,NA,Activation,TF regulation,Protein,Gene
Q96RE9,MYC,ZNF300,MYC,NA,Activation,TF regulation,Protein,Gene
Q9GZX5,ATXN2,ZNF350,ATXN2,NA,Activation,TF regulation,Protein,Gene
Q9GZX5,HMGA2,ZNF350,HMGA2,NA,Repression,TF regulation,Protein,Gene
Q96SR6,CDK6,ZNF382,CDK6,NA,Repression,TF regulation,Protein,Gene
Q96SR6,HMGA2,ZNF382,HMGA2,NA,Repression,TF regulation,Protein,Gene
Q96SR6,ID1,ZNF382,ID1,NA,Repression,TF regulation,Protein,Gene
Q96SR6,IKBKE,ZNF382,IKBKE,NA,Repression,TF regulation,Protein,Gene
Q96SR6,JUN,ZNF382,JUN,NA,Repression,TF regulation,Protein,Gene
Q96SR6,MITF,ZNF382,MITF,NA,Repression,TF regulation,Protein,Gene
Q96SR6,MYC,ZNF382,MYC,NA,Repression,TF regulation,Protein,Gene
Q96SR6,NFKB1,ZNF382,NFKB1,NA,Repression,TF regulation,Protein,Gene
Q96SR6,STAT3,ZNF382,STAT3,NA,Repression,TF regulation,Protein,Gene
Q96SR6,STAT5B,ZNF382,STAT5B,NA,Repression,TF regulation,Protein,Gene
Q8NA42,JUN,ZNF383,JUN,NA,Repression,TF regulation,Protein,Gene
Q8N0Y2,SCARF1,ZNF444,SCARF1,NA,Activation,TF regulation,Protein,Gene
P36508,CDKN1A,ZNF76,CDKN1A,NA,Repression,TF regulation,Protein,Gene
P36508,PCYT1A,ZNF76,PCYT1A,NA,Activation,TF regulation,Protein,Gene
Q9P1U0,ABCB1,ZNRD1,ABCB1,NA,Activation,TF regulation,Protein,Gene
Q9P1U0,BCL2,ZNRD1,BCL2,NA,Activation,TF regulation,Protein,Gene
